linear,angular,rpm_1,rpm_2,rpm_3,rpm_4,timestamp
0,0,0,0,0,0,1708828562.84
0,0,0,0,0,0,1708828562.99
0,0,0,0,0,0,1708828562.99
0,0,0,0,0,0,1708828563.15
0,0,0,0,0,0,1708828563.31
0,0,0,0,0,0,1708828563.31
0,0,0,0,0,0,1708828563.48
0,0,0,0,0,0,1708828563.64
0,0,0,0,0,0,1708828563.64
0,0,0,0,0,0,1708828563.8
0,0,0,0,0,0,1708828563.95
0,0,0,0,0,0,1708828564.11
0,0,0,0,0,0,1708828564.11
0,0,0,0,0,0,1708828564.28
0,0,0,0,0,0,1708828564.28
0,0,0,0,0,0,1708828564.47
0,0,0,0,0,0,1708828564.47
0,0,0,0,0,0,1708828564.63
0,0,0,0,0,0,1708828564.63
0,0,0,0,0,0,1708828564.8
0,0,0,0,0,0,1708828564.8
0,0,0,0,0,0,1708828564.95
0,0,0,0,0,0,1708828565.13
0,0,0,0,0,0,1708828565.13
0,0,0,0,0,0,1708828565.28
0,0,0,0,0,0,1708828565.45
0,0,0,0,0,0,1708828565.45
0,0,0,0,0,0,1708828565.6
0,0,0,0,0,0,1708828565.6
0,0,0,0,0,0,1708828565.77
0,0,0,0,0,0,1708828565.91
0,0,0,0,0,0,1708828565.91
0,0,0,0,0,0,1708828566.09
0,0,0,0,0,0,1708828566.24
0,0,0,0,0,0,1708828566.24
0,0,0,0,0,0,1708828566.41
0,0,0,0,0,0,1708828566.57
0,0,0,0,0,0,1708828566.57
0,0,0,0,0,0,1708828566.73
0,0,0,0,0,0,1708828566.89
0,0,0,0,0,0,1708828566.89
0,0,0,0,0,0,1708828567.05
0,0,0,0,0,0,1708828567.05
0,0,0,0,0,0,1708828567.2
0,0,0,0,0,0,1708828567.35
0.29,0,0,0,0,0,1708828567.35
0.7,0,0,0,0,0,1708828567.53
0.7,0,2,1,0,1,1708828567.7
0.7,0,2,1,0,1,1708828567.7
0.7,0,16,27,18,15,1708828567.85
0.7,0,16,27,18,15,1708828567.85
0.7,0,16,27,18,15,1708828568.02
0.7,0,16,27,18,15,1708828568.18
0.7,0,16,27,18,15,1708828568.18
0.7,0,16,27,18,15,1708828568.33
0.7,0,38,43,38,40,1708828568.48
0.7,0,38,43,38,40,1708828568.48
0.7,0,44,49,50,44,1708828568.64
0.7,0,61,66,60,63,1708828568.8
0.7,0,61,66,60,63,1708828568.8
0.7,0,61,66,60,63,1708828568.98
0.7,0,61,66,60,63,1708828569.15
0.7,0,61,66,60,63,1708828569.31
0.7,0,61,66,60,63,1708828569.31
0.7,0,61,66,60,63,1708828569.69
0.7,0,61,66,60,63,1708828569.69
0.7,0,61,66,60,63,1708828569.69
0.7,0,61,66,60,63,1708828569.69
0.7,0,88,87,87,77,1708828570.04
0.7,0,88,87,87,77,1708828570.04
0.7,0,88,87,87,77,1708828570.04
0.7,0.35,88,87,87,77,1708828570.2
0.7,0.35,88,87,87,77,1708828570.2
0.7,0.35,75,94,76,95,1708828570.37
0.7,0.35,75,94,76,95,1708828570.37
0.7,0.35,85,93,86,87,1708828570.52
0.7,0.35,85,93,86,87,1708828570.68
0.7,0.35,85,93,86,87,1708828570.68
0,0.7,85,93,86,87,1708828570.86
0,0.7,85,93,86,87,1708828571.02
0,0.7,85,93,86,87,1708828571.02
0,0.7,85,93,86,87,1708828571.19
0,0.7,85,93,86,87,1708828571.19
0,0.7,85,93,86,87,1708828571.36
0,0.7,85,93,86,87,1708828571.52
0,0.7,85,93,86,87,1708828571.52
0,0.7,85,93,86,87,1708828571.69
0,0.7,85,93,86,87,1708828571.69
0,0.7,85,93,86,87,1708828571.85
0,0,85,93,86,87,1708828572.02
0,0,85,93,86,87,1708828572.02
0,0,85,93,86,87,1708828572.19
0,0,85,93,86,87,1708828572.35
0.7,0,85,93,86,87,1708828572.35
0.7,0,-5,13,-9,6,1708828572.51
0.7,0,-5,13,-9,6,1708828572.51
0.7,0,-5,13,-9,6,1708828572.67
0.7,0,-5,13,-9,6,1708828572.82
0.7,0,-5,13,-9,6,1708828572.82
0.7,0,-5,13,-9,6,1708828572.99
0.7,0,-5,13,-9,6,1708828573.15
0,0,-5,13,-9,6,1708828573.15
0,0,0,0,0,0,1708828573.31
0,0,21,13,20,13,1708828573.46
0,0,21,13,20,13,1708828573.46
0,0,21,13,20,13,1708828573.63
0,0,21,13,20,13,1708828573.63
0,0,21,13,20,13,1708828573.81
0,0,21,13,20,13,1708828573.98
0,0,21,13,20,13,1708828573.98
0.7,0,21,13,20,13,1708828574.17
0.7,0,21,13,20,13,1708828574.17
0.7,0,0,0,0,0,1708828574.32
0.7,0,0,0,0,0,1708828574.49
0.7,0,0,0,0,0,1708828574.49
0.7,0,0,0,0,0,1708828574.69
0.7,0,0,0,0,0,1708828574.69
0.7,0,0,0,0,0,1708828574.86
0.7,0,0,0,0,0,1708828574.86
0.7,0,0,0,0,0,1708828575.02
0.7,0,41,40,38,40,1708828575.19
0.7,0,41,40,38,40,1708828575.19
0.7,0,41,40,38,40,1708828575.36
0.7,0,41,40,38,40,1708828575.36
0.7,0.35,41,40,38,40,1708828575.53
0.7,0.35,41,40,38,40,1708828575.67
0.7,0.35,41,40,38,40,1708828575.67
0.7,0.35,85,84,84,86,1708828575.84
0.7,0.35,76,101,70,100,1708828576.01
0.7,0,76,101,70,100,1708828576.01
0.7,0,69,107,66,100,1708828576.38
0.7,0,69,107,66,100,1708828576.38
0.7,0,69,107,66,100,1708828576.38
0.7,0,69,107,66,100,1708828576.38
0.7,0,113,112,110,113,1708828576.58
0.7,0,113,112,110,113,1708828576.58
0.7,0,106,104,102,105,1708828576.74
0.7,0,106,104,102,105,1708828576.74
0.7,0,106,104,102,105,1708828576.9
0.7,0,106,104,102,105,1708828577.06
0.7,0,106,104,102,105,1708828577.22
0.7,0,106,104,102,105,1708828577.22
0.7,0,106,104,102,105,1708828577.38
0.7,0,106,104,102,105,1708828577.38
0.7,0,106,104,102,105,1708828577.54
0.7,0,106,104,102,105,1708828577.7
0.7,0,106,104,102,105,1708828577.7
0.7,0,95,95,92,95,1708828577.88
0.7,0,95,95,92,95,1708828578.05
0.7,0,95,95,92,95,1708828578.05
0.7,0,95,95,92,95,1708828578.2
0.7,0,95,95,92,95,1708828578.2
0.7,0,93,93,92,95,1708828578.4
0.7,0,94,93,92,95,1708828578.57
0.7,0,94,93,92,95,1708828578.57
0.7,0,95,93,92,95,1708828578.72
0.7,0,95,93,92,95,1708828578.72
0.7,0,94,93,92,95,1708828578.88
0.7,0,94,93,92,95,1708828579.06
0.7,0,94,93,92,95,1708828579.06
0.7,0,94,93,92,95,1708828579.22
0.7,0,94,93,92,95,1708828579.22
0.7,0,94,93,92,95,1708828579.38
0.7,0,94,93,92,95,1708828579.55
0.7,0,94,93,92,95,1708828579.55
0.7,0,92,93,92,93,1708828579.7
0.7,0,92,93,92,93,1708828579.7
0.7,0,92,93,92,93,1708828579.87
0.7,0,92,93,92,93,1708828580.02
0.7,0,92,93,92,93,1708828580.02
0.7,0.35,92,93,92,93,1708828580.18
0.7,0.35,92,93,92,93,1708828580.35
0.7,0,92,93,92,93,1708828580.35
0.7,0,91,95,89,97,1708828580.54
0.7,0,110,104,107,105,1708828580.7
0.7,0,110,104,107,105,1708828580.7
0.7,0,110,104,107,105,1708828580.88
0.7,0,110,104,107,105,1708828580.88
0.7,0,110,104,107,105,1708828581.05
0.7,0,110,104,107,105,1708828581.2
0.7,0,110,104,107,105,1708828581.2
0.7,0,110,104,107,105,1708828581.36
0.7,0,110,104,107,105,1708828581.36
0.7,0,110,104,107,105,1708828581.53
0.7,0,110,104,107,105,1708828581.68
0.7,0,110,104,107,105,1708828581.68
0.7,0,110,104,107,105,1708828581.85
0.7,0,110,104,107,105,1708828582.03
0.7,0,110,104,107,105,1708828582.03
0.7,0,110,104,107,105,1708828582.19
0.7,0,110,104,107,105,1708828582.19
0.7,0,110,104,107,105,1708828582.35
0.7,0,110,104,107,105,1708828582.53
0.7,0,110,104,107,105,1708828582.53
0.7,0,110,104,107,105,1708828582.68
0.7,0,110,104,107,105,1708828582.68
0.7,0,110,104,107,105,1708828582.85
0.7,0,97,96,95,98,1708828583.01
0.7,0,97,96,95,98,1708828583.01
0.7,0,90,89,87,90,1708828583.17
0.7,0,90,89,87,90,1708828583.17
0.7,0,90,89,87,90,1708828583.32
0.7,0,90,89,87,90,1708828583.48
0.7,0,90,89,87,90,1708828583.48
0.7,0,90,89,87,90,1708828583.64
0.7,0,36,35,29,32,1708828583.79
0.7,0,39,37,36,36,1708828583.97
0.7,0,39,37,36,36,1708828584.13
0.7,0,39,37,36,36,1708828584.13
0.7,0,39,37,36,36,1708828584.13
0.7,0,39,37,36,36,1708828584.29
0.7,0,39,37,36,36,1708828584.29
0.7,0,76,75,73,75,1708828584.46
0.7,0,76,75,73,75,1708828584.65
0.7,0,76,75,73,75,1708828584.65
0.7,-0.35,89,90,87,90,1708828584.84
0.7,-0.35,89,90,87,90,1708828584.84
0.7,0,89,90,87,90,1708828585.01
0.7,0,89,90,87,90,1708828585.01
0.7,0,89,90,87,90,1708828585.17
0.7,0,89,90,87,90,1708828585.33
0.7,0,89,90,87,90,1708828585.33
0.7,0,89,90,87,90,1708828585.49
0.7,0,89,90,87,90,1708828585.65
0.7,0,89,90,87,90,1708828585.65
0.7,-0.35,89,90,87,90,1708828585.82
0.7,-0.35,89,90,87,90,1708828585.82
0.7,-0.35,45,44,39,42,1708828585.99
0.7,-0.35,92,57,80,55,1708828586.14
0.7,-0.35,92,57,80,55,1708828586.15
0.7,0,92,57,80,55,1708828586.31
0.7,0,92,57,80,55,1708828586.31
0.7,0,110,72,116,70,1708828586.45
0.7,0,110,72,116,70,1708828586.63
0.7,0,110,72,116,70,1708828586.63
0.7,0,110,72,116,70,1708828586.78
0.85,0,110,72,116,70,1708828586.94
0.85,-0.34,110,72,116,70,1708828586.94
0.85,0,110,72,116,70,1708828587.11
0.85,0,110,72,116,70,1708828587.28
0.85,0,110,72,116,70,1708828587.28
0.85,0,110,72,116,70,1708828587.46
0.85,0,110,72,116,70,1708828587.46
0.85,0,110,72,116,70,1708828587.63
0.85,0,110,72,116,70,1708828587.78
0.85,0,110,72,116,70,1708828587.78
0.85,0,112,111,111,113,1708828587.96
0.85,0,112,111,111,113,1708828587.96
0.85,0,112,111,111,113,1708828588.13
0.85,0,112,111,111,113,1708828588.28
0.85,0,112,111,111,113,1708828588.28
0.85,0,112,111,111,113,1708828588.44
0.85,0,116,115,115,118,1708828588.6
0.85,0,116,115,115,118,1708828588.6
0.85,0,116,115,114,116,1708828588.78
0.85,0,116,115,114,116,1708828588.78
0.85,0,116,115,114,116,1708828588.95
0.85,0,116,115,114,116,1708828589.12
0.85,0,116,115,114,116,1708828589.12
0.85,0,116,115,114,116,1708828589.31
0.85,0,116,115,114,116,1708828589.31
0.85,0,114,115,113,116,1708828589.48
0.85,0,114,114,113,115,1708828589.63
0.85,0,114,114,113,115,1708828589.63
0.85,0,118,116,115,117,1708828589.79
0.85,0,118,116,115,117,1708828589.79
0.85,0,118,116,115,117,1708828589.96
0.85,-0.34,118,116,115,117,1708828590.34
0.85,-0.34,118,116,115,117,1708828590.34
0.85,0,118,116,115,117,1708828590.34
0.85,0,118,116,115,117,1708828590.34
0.85,0,118,116,115,117,1708828590.51
0.85,0,118,116,115,117,1708828590.51
0.85,0,121,112,119,113,1708828590.7
0.85,0,121,112,119,113,1708828590.7
0.85,0,121,120,121,121,1708828590.85
0.85,0,121,120,121,121,1708828591.01
0.85,0,121,120,121,121,1708828591.01
0.85,0,121,120,121,121,1708828591.17
0.85,0,121,120,121,121,1708828591.33
0.85,-0.34,121,120,121,121,1708828591.33
0.85,-0.34,117,116,114,116,1708828591.49
0.85,0,115,115,114,116,1708828591.66
0.85,0,115,115,114,116,1708828591.66
0.85,0,115,115,114,116,1708828591.83
0.85,0,115,115,114,116,1708828591.83
0.85,0,115,115,114,116,1708828591.99
0.85,0,115,115,114,116,1708828592.14
0.85,0,115,115,114,116,1708828592.14
0.85,0,120,118,116,120,1708828592.3
0.85,0,120,118,116,120,1708828592.47
0.85,0,120,118,116,120,1708828592.47
0.85,0,115,115,114,117,1708828592.63
0.85,0,115,115,114,117,1708828592.78
0.85,0,115,115,114,117,1708828592.78
0.85,0,116,116,115,116,1708828592.93
0.85,0,116,116,115,116,1708828592.93
0.85,0,116,116,115,118,1708828593.09
0.85,0,116,116,115,118,1708828593.26
0.85,0,116,116,115,118,1708828593.26
0.85,-0.15,116,116,115,118,1708828593.42
0.85,-0.34,116,116,115,118,1708828593.59
0.85,-0.34,116,116,115,118,1708828593.59
0.85,0,120,111,118,113,1708828593.76
0.85,0,120,111,118,113,1708828593.76
0.85,0,120,111,118,113,1708828593.92
0.85,0,122,124,123,125,1708828594.07
0.85,0,122,124,123,125,1708828594.07
0.85,0,122,124,123,125,1708828594.25
0.85,0,122,124,123,125,1708828594.41
0.85,0,122,124,123,125,1708828594.41
0.85,0,115,115,114,116,1708828594.57
0.85,0,115,115,114,116,1708828594.57
1,0,116,115,114,117,1708828594.74
1,0,115,115,114,115,1708828594.91
1,0,115,115,114,115,1708828594.91
1,0,115,115,114,115,1708828595.07
1,0,115,115,114,115,1708828595.07
1,0,118,119,118,120,1708828595.23
1,0,118,119,118,120,1708828595.41
1,0,118,119,118,120,1708828595.41
1,0,118,119,118,120,1708828595.56
1,0,118,119,118,120,1708828595.56
1,0,-134,133,-132,135,1708828595.73
1,0,-134,133,-132,135,1708828595.89
1,0,-134,133,-132,135,1708828595.89
1,0,-134,133,-132,135,1708828596.08
1,0,136,134,133,136,1708828596.23
1,0,136,134,133,136,1708828596.23
1,0,135,133,133,135,1708828596.39
1,0,135,133,133,135,1708828596.39
1,-0.4,135,133,133,135,1708828596.57
1,-0.4,135,133,133,135,1708828596.72
1,0,135,133,133,135,1708828596.72
1,0.01,128,113,130,114,1708828596.89
1,0.01,126,106,126,110,1708828597.05
1,0.01,126,106,126,110,1708828597.05
1,-0.39,133,135,132,136,1708828597.44
1,-0.39,133,135,132,136,1708828597.44
1,-0.39,133,135,132,136,1708828597.44
1,-0.39,133,135,132,136,1708828597.44
1,0.01,140,129,137,131,1708828597.64
1,0.01,140,129,137,131,1708828597.64
1,0.01,140,129,137,131,1708828597.8
1,0.01,140,129,137,131,1708828597.8
1,0.01,124,127,123,128,1708828597.96
1,0.01,132,133,132,135,1708828598.12
1,0.01,132,133,132,135,1708828598.12
1,0.01,136,138,136,139,1708828598.27
1,0.01,136,138,136,139,1708828598.43
1,0.01,136,138,136,139,1708828598.43
1,0.01,140,138,136,140,1708828598.58
1,0.01,140,138,136,140,1708828598.72
1,0.01,140,138,136,140,1708828598.73
1,0.01,140,138,136,140,1708828598.88
1,0.01,140,138,136,140,1708828599.04
1,0.01,138,138,136,139,1708828599.2
1,0.01,138,138,136,139,1708828599.2
1,0.01,138,138,136,139,1708828599.36
1,0.01,138,138,136,139,1708828599.36
1,0.01,138,137,136,138,1708828599.51
1,0.01,138,137,136,138,1708828599.67
1,0.01,138,137,136,138,1708828599.67
1,0.01,138,137,136,138,1708828599.83
1,-0.39,138,137,136,138,1708828599.83
1,-0.39,137,138,137,140,1708828599.98
1,-0.39,137,132,136,134,1708828600.14
1,0.01,137,132,136,134,1708828600.31
1,0.01,137,132,136,134,1708828600.31
1,0.01,137,132,136,134,1708828600.48
1,0.01,137,132,136,134,1708828600.48
1,0.01,137,132,136,134,1708828600.64
1,0.01,138,137,136,139,1708828600.8
1,0.01,138,137,136,139,1708828600.8
1,0.01,138,137,136,139,1708828600.97
1,0.01,138,137,136,139,1708828600.97
1,0.01,138,137,136,139,1708828601.14
1,0.01,138,137,136,139,1708828601.31
1,0.01,138,137,136,139,1708828601.31
1,0.01,138,137,136,139,1708828601.48
1,0.01,140,138,136,140,1708828601.63
1,0.01,136,136,137,138,1708828601.8
1,0.01,136,136,137,138,1708828601.8
1,0.01,136,136,137,138,1708828601.96
1,0.01,136,136,137,138,1708828602.11
1,0.01,136,136,137,138,1708828602.11
1,0.01,138,138,137,140,1708828602.28
1,0,138,138,137,140,1708828602.67
1,0,138,138,137,140,1708828602.67
1,0,138,138,137,140,1708828602.67
1,0,138,138,137,140,1708828602.67
1,0,138,138,137,140,1708828602.84
1,0,138,138,137,140,1708828602.84
1,0,138,138,137,140,1708828603.03
1,0,138,138,137,140,1708828603.03
1,0,138,138,137,140,1708828603.18
1,0,140,137,136,140,1708828603.33
1,0,140,137,136,140,1708828603.33
1,0,138,136,136,139,1708828603.49
1,0,138,136,136,139,1708828603.65
1,0,135,139,136,136,1708828603.8
1,0,135,139,136,136,1708828603.8
1,0,135,139,137,139,1708828603.96
1,0,135,139,137,139,1708828603.97
1,0,136,138,135,137,1708828604.12
1,0,136,138,135,137,1708828604.27
1,0,136,138,135,137,1708828604.42
1,0,136,138,135,137,1708828604.42
1,0,134,135,135,136,1708828604.58
1,0,134,135,135,136,1708828604.58
1,0,136,136,135,137,1708828604.73
1,0,135,135,134,136,1708828604.88
1,0,136,135,133,137,1708828605.22
1,0,136,135,133,137,1708828605.22
1,0,136,135,133,137,1708828605.22
1,0,136,135,133,137,1708828605.39
1,0,136,135,133,137,1708828605.39
1,0,136,135,133,137,1708828605.39
1,0,136,135,133,137,1708828605.55
1,0,136,135,133,137,1708828605.71
1,0,136,135,133,137,1708828605.71
1,0,136,135,133,137,1708828605.88
1,0,136,135,133,137,1708828606.03
1,0,136,135,133,137,1708828606.03
1,0,135,135,134,136,1708828606.18
1,0,134,135,133,136,1708828606.34
1,0,134,135,133,136,1708828606.34
1,0,134,135,133,136,1708828606.5
1,0,134,135,133,136,1708828606.67
1,0,134,135,133,136,1708828606.67
1,0,135,135,133,136,1708828606.83
1,0,135,135,133,136,1708828606.98
1,0,135,135,133,136,1708828606.98
1,0,133,134,133,136,1708828607.14
1,0,133,134,133,136,1708828607.31
1,0,133,134,133,136,1708828607.31
1,0,133,134,133,136,1708828607.48
1,0,133,134,133,136,1708828607.62
1,0,133,134,133,136,1708828607.62
1,0,137,135,134,137,1708828607.77
1,-0.4,136,134,133,135,1708828607.93
1,-0.4,136,134,133,135,1708828607.93
1,0,136,135,134,136,1708828608.09
1,0,137,121,135,123,1708828608.24
1,0,137,121,135,123,1708828608.24
1,0,137,121,135,123,1708828608.41
1,0,137,121,135,123,1708828608.57
1,0,137,121,135,123,1708828608.57
1,0,140,137,136,138,1708828608.72
1,0,140,137,136,138,1708828608.89
1,0,140,137,136,138,1708828608.89
1,0,139,138,137,141,1708828609.06
1,0,140,138,138,140,1708828609.23
1,0,140,138,138,140,1708828609.23
1,0,140,138,138,140,1708828609.4
1,0,140,138,138,140,1708828609.4
1,0,140,139,139,141,1708828609.56
1,0,140,139,139,141,1708828609.73
1,0,140,139,139,141,1708828609.73
1,0,140,139,139,141,1708828609.91
1,0,140,139,139,141,1708828610.07
1,0,140,139,139,141,1708828610.07
1,0,140,139,139,141,1708828610.23
1,0,140,139,139,141,1708828610.23
0.22,0,140,139,139,141,1708828610.4
0,0,140,139,139,141,1708828610.55
0,0,140,139,139,141,1708828610.55
0,0,140,139,139,141,1708828610.7
0,0,140,139,139,141,1708828610.87
0,0,140,139,139,141,1708828610.87
0,0,56,55,53,55,1708828611.02
0,0,40,41,39,41,1708828611.17
0,0,40,41,39,41,1708828611.51
0,0,40,41,39,41,1708828611.68
0,0,40,41,39,41,1708828611.84
0,0,40,41,39,41,1708828611.84
0,0,40,41,39,41,1708828611.99
0,0,40,41,39,41,1708828612.14
0,0,0,0,0,0,1708828612.31
0,0,0,0,0,0,1708828612.31
0,0,0,0,0,0,1708828612.47
0,0,0,0,0,0,1708828612.63
0,0,0,0,0,0,1708828612.63
0,0,0,0,0,0,1708828612.78
0,0,0,0,0,0,1708828612.95
0,0,0,0,0,0,1708828612.95
0,0,0,0,0,0,1708828613.11
0,0,0,0,0,0,1708828613.26
0,0,0,0,0,0,1708828613.26
1,0,0,0,0,0,1708828613.43
1,0,0,0,0,0,1708828613.43
1,0,0,0,0,0,1708828613.59
1,0,39,41,38,39,1708828613.75
1,0,39,41,38,39,1708828613.75
1,0,75,75,74,75,1708828613.91
1,-0.4,80,79,78,80,1708828614.07
1,-0.4,80,79,78,80,1708828614.07
1,-0.4,106,106,106,106,1708828614.23
1,0,106,106,106,106,1708828614.38
1,0,106,106,106,106,1708828614.38
1,0,122,95,124,96,1708828614.55
1,0,122,95,124,96,1708828614.55
1,0,122,95,124,96,1708828614.7
1,0,122,95,124,96,1708828614.86
1,0,122,95,124,96,1708828614.86
1,0,136,135,133,136,1708828615.01
1,-0.4,136,135,133,136,1708828615.17
1,0,136,135,133,136,1708828615.17
1,0,135,135,135,138,1708828615.33
1,0,135,135,135,138,1708828615.49
1,0,135,135,135,138,1708828615.49
1,0,137,137,136,139,1708828615.65
1,0,138,138,138,140,1708828615.81
1,0,138,138,138,140,1708828615.81
1,0,138,138,138,140,1708828615.98
1,0,138,138,138,140,1708828615.98
1,0,137,137,137,139,1708828616.14
1,0,138,137,136,140,1708828616.31
1,-0.4,138,137,136,140,1708828616.31
1,-0.4,138,137,136,140,1708828616.47
1,-0.4,138,137,136,140,1708828616.47
1,-0.4,138,137,136,140,1708828616.62
1,0,138,137,136,140,1708828616.78
1,0,138,137,136,140,1708828616.78
1,0,121,95,122,96,1708828616.94
1,0,121,95,122,96,1708828617.12
1,0,121,95,122,96,1708828617.12
1,0,121,95,122,96,1708828617.29
1,0,121,95,122,96,1708828617.29
1,0,121,95,122,96,1708828617.45
1,0,138,138,137,140,1708828617.61
1,0,138,138,137,140,1708828617.61
1,0,139,138,136,140,1708828617.76
1,0,139,138,136,140,1708828617.92
1,0,139,138,136,140,1708828617.92
1,0,139,138,136,140,1708828618.08
1,0,139,138,136,139,1708828618.47
1,0,139,138,136,139,1708828618.47
1,0,139,138,136,139,1708828618.47
1,0,139,138,136,139,1708828618.47
1,0,138,138,136,140,1708828618.66
1,0,138,138,136,140,1708828618.66
1,0,138,138,136,139,1708828618.83
1,0,138,138,136,139,1708828618.83
1,0,138,138,136,139,1708828618.99
1,0,138,138,136,139,1708828619.14
1,0,138,138,136,139,1708828619.14
1,0,135,135,135,138,1708828619.31
1,0,136,134,133,136,1708828619.48
1,0,136,134,133,136,1708828619.48
1,0,136,134,133,136,1708828619.64
1,0,136,134,133,136,1708828619.64
1,0,136,134,133,136,1708828619.81
1,0,136,134,133,136,1708828619.97
1,0,136,134,133,136,1708828619.97
1,0,134,135,134,136,1708828620.13
1,0,134,135,134,136,1708828620.13
1,0,135,134,134,136,1708828620.28
1,0,135,134,134,136,1708828620.44
1,0,135,134,134,136,1708828620.44
1,0,135,134,134,136,1708828620.63
1,0,-136,135,-134,137,1708828620.79
1,0,-136,135,-134,137,1708828620.79
1,0,-136,135,-134,137,1708828620.95
1,0,-136,135,-134,137,1708828620.95
1,0,-136,135,-134,137,1708828621.11
1,0,-136,135,-134,137,1708828621.29
1,0,-136,135,-134,137,1708828621.29
1,0,-136,135,-134,137,1708828621.46
1,0,-136,135,-134,137,1708828621.63
1,0,-136,135,-134,137,1708828621.63
1,0,-136,135,-134,137,1708828621.8
1,0,-136,135,-134,137,1708828621.8
1,0,-136,135,-134,137,1708828621.96
1,-0.4,-136,135,-134,137,1708828621.96
1,-0.4,136,135,134,136,1708828622.13
1,-0.4,136,135,134,136,1708828622.3
1,-0.4,136,135,134,136,1708828622.3
1,-0.4,-137,131,-136,132,1708828622.45
1,-0.4,-137,131,-136,132,1708828622.62
1,0,-137,131,-136,132,1708828622.62
1,0,119,93,124,92,1708828622.78
1,0,119,93,124,92,1708828622.78
1,0,119,93,124,92,1708828622.95
1,0,119,93,124,92,1708828623.11
1,0,119,93,124,92,1708828623.11
1,0,119,93,124,92,1708828623.26
1,0,139,138,138,140,1708828623.43
1,0,139,138,138,140,1708828623.43
1,0,139,138,137,140,1708828623.59
1,0,139,138,137,140,1708828623.73
1,0,139,138,137,140,1708828623.73
1,0,138,138,138,139,1708828623.89
1,0,138,138,138,139,1708828623.89
1,0,138,138,138,139,1708828624.06
1,0.11,138,138,138,139,1708828624.23
1,0.28,138,138,138,139,1708828624.23
1,0,139,137,137,140,1708828624.39
1,0,132,139,130,140,1708828624.56
1,0,132,139,130,140,1708828624.56
1,0,132,139,130,140,1708828624.73
1,0,132,139,130,140,1708828624.73
1,0,140,139,138,140,1708828624.88
1,0,138,139,137,140,1708828625.05
1,0,138,139,137,140,1708828625.05
1,0,140,138,138,141,1708828625.21
1,0,140,138,138,141,1708828625.38
1,0,140,138,138,141,1708828625.38
1,0,139,138,137,140,1708828625.52
1,0,139,138,137,140,1708828625.52
1,0,139,138,137,140,1708828625.68
1,0,139,138,137,140,1708828625.87
1,0,139,138,137,140,1708828625.87
1,0,139,138,137,140,1708828626.02
1,0,140,138,137,141,1708828626.17
1,0,140,138,137,141,1708828626.17
1,0.11,140,138,137,141,1708828626.35
1,0.25,140,138,137,141,1708828626.53
1,0,140,138,137,141,1708828626.53
1,0,133,135,132,136,1708828626.68
1,0,133,135,132,136,1708828626.68
1,0,129,137,128,138,1708828626.84
1,0,129,137,128,138,1708828626.84
1,0,138,133,136,136,1708828627.01
1,0,138,133,136,136,1708828627.16
1,0,138,133,136,136,1708828627.16
1,0,138,133,136,136,1708828627.33
1,0,138,136,136,138,1708828627.5
1,0,138,136,136,138,1708828627.5
1,0,138,136,136,138,1708828627.66
1,0,138,136,136,138,1708828627.83
1,0,138,136,136,138,1708828627.83
1,0,140,141,140,141,1708828627.98
1,0,140,141,140,141,1708828627.98
1,0,138,138,140,140,1708828628.15
1,0,140,138,138,140,1708828628.32
1,0,140,138,138,140,1708828628.32
1,0,140,138,138,140,1708828628.49
1,0,140,138,138,140,1708828628.49
1,0,140,138,138,140,1708828628.65
1,0,140,138,138,140,1708828628.81
1,0.28,140,138,138,140,1708828628.81
1,0.37,135,136,135,136,1708828628.97
1,0.13,135,133,134,136,1708828629.12
1,0,135,133,134,136,1708828629.12
1,0,109,129,106,127,1708828629.29
1,0,113,126,110,127,1708828629.67
1,0,113,126,110,127,1708828629.67
1,0,113,126,110,127,1708828629.67
1,0,113,126,110,127,1708828629.67
1,0,113,126,110,127,1708828629.9
1,0,113,126,110,127,1708828629.9
1,0,113,126,110,127,1708828629.9
1,0,113,126,110,127,1708828630.07
1,0,113,126,110,127,1708828630.23
1,0,113,126,110,127,1708828630.23
1,0,140,138,138,141,1708828630.38
1,0,141,139,138,142,1708828630.53
1,0,141,139,138,142,1708828630.53
1,0,141,139,138,142,1708828630.68
1,0,140,138,138,142,1708828630.85
1,0,140,138,138,142,1708828630.85
1,0,140,138,138,142,1708828631.03
1,0.4,140,138,138,142,1708828631.03
1,0.4,140,138,138,142,1708828631.19
1,0.4,132,139,129,141,1708828631.35
1,0.4,132,139,129,141,1708828631.35
1,0.4,132,139,129,141,1708828631.52
1,0.4,132,139,129,141,1708828631.67
1,0.4,132,139,129,141,1708828631.67
1,0.4,132,139,129,141,1708828631.83
1,0.4,132,139,129,141,1708828631.83
1,0.4,132,139,129,141,1708828631.99
1,0,132,139,129,141,1708828632.14
1,0,132,139,129,141,1708828632.14
1,0,92,121,89,122,1708828632.32
1,0,127,126,124,124,1708828632.7
1,0,127,126,124,124,1708828632.7
1,0,127,126,124,124,1708828632.7
1,0,127,126,124,124,1708828632.7
1,0,140,140,139,141,1708828632.91
1,0,140,140,139,141,1708828632.91
1,0,140,140,138,140,1708828633.06
1,0,140,140,138,140,1708828633.06
1,0,140,140,138,140,1708828633.22
1,-0.4,140,140,138,140,1708828633.41
1,0,140,140,138,140,1708828633.41
1,0,140,140,139,142,1708828633.57
1,0,140,140,139,142,1708828633.57
1,0,139,133,138,135,1708828633.74
1,0,139,133,138,135,1708828633.91
1,0,139,133,138,135,1708828633.91
1,0,139,133,138,135,1708828634.07
1,0,139,133,138,135,1708828634.07
1,0,140,140,140,141,1708828634.23
1,0,138,138,138,141,1708828634.38
1,0.07,138,138,138,141,1708828634.38
1,0.4,138,138,138,141,1708828634.55
1,0.4,-136,139,-136,141,1708828634.72
1,0,-136,139,-136,141,1708828634.72
1,0,122,136,119,139,1708828634.88
1,0,122,136,119,139,1708828634.88
1,0,138,134,135,135,1708828635.05
1,0,138,134,135,135,1708828635.2
1,0,138,134,135,135,1708828635.2
1,0,140,138,138,142,1708828635.37
1,0,140,138,138,142,1708828635.37
1,0.14,140,139,138,141,1708828635.53
1,0.26,140,139,138,141,1708828635.69
1,0,140,139,138,141,1708828635.69
1,0,140,139,138,141,1708828635.86
1,0,140,139,138,141,1708828636.03
1,0,140,139,138,141,1708828636.03
1,0,140,139,138,141,1708828636.21
1,0.4,140,139,138,141,1708828636.36
1,0.4,140,139,138,141,1708828636.36
1,0.4,138,139,137,141,1708828636.53
1,0.4,138,139,137,141,1708828636.53
1,0.4,131,138,130,141,1708828636.68
1,0.4,131,138,130,141,1708828636.84
1,0.4,131,138,130,141,1708828636.84
1,0.4,131,138,130,141,1708828637.01
1,0.4,131,138,130,141,1708828637.17
1,0.4,131,138,130,141,1708828637.17
1,0.4,95,127,84,122,1708828637.34
1,0.4,95,127,84,122,1708828637.34
1,0.4,93,121,90,122,1708828637.5
1,0.4,93,121,90,122,1708828637.65
1,0.09,93,121,90,122,1708828637.65
1,0,92,121,86,124,1708828637.83
1,0,92,121,86,124,1708828637.99
1,0,92,121,86,124,1708828637.99
1,0,110,120,109,121,1708828638.15
1,0,110,120,109,121,1708828638.15
1,0,136,136,135,138,1708828638.32
1,0,138,137,136,140,1708828638.48
1,0,138,137,136,140,1708828638.48
1,0,138,137,136,140,1708828638.64
1,0,138,137,136,140,1708828638.64
1,0,139,140,138,141,1708828638.79
1,0,139,137,137,141,1708828638.96
1,0,139,137,137,141,1708828638.96
1,0,139,137,137,141,1708828639.15
1,0,138,138,137,141,1708828639.32
1,0,138,138,137,141,1708828639.32
1,0,140,139,137,140,1708828639.47
1,0.4,140,139,137,140,1708828639.47
1,0.4,138,138,136,140,1708828639.63
1,0.4,135,136,134,140,1708828639.78
1,0.4,135,136,134,140,1708828639.78
1,0.4,135,136,134,140,1708828639.93
1,0.4,135,136,134,140,1708828640.09
1,0.4,135,136,134,140,1708828640.09
1,0.4,92,122,87,121,1708828640.25
1,0.4,92,123,87,120,1708828640.4
1,0.4,92,123,87,120,1708828640.4
1,0.4,92,123,87,120,1708828640.56
1,0.4,93,121,87,123,1708828640.75
1,0.4,93,121,87,123,1708828640.75
1,0,93,121,87,123,1708828640.92
1,0,93,121,87,123,1708828640.92
1,0,93,121,87,123,1708828641.09
1,0,124,125,119,124,1708828641.28
1,0,124,125,119,124,1708828641.28
1,0,136,136,135,137,1708828641.45
1,0,136,136,135,137,1708828641.45
1,0,136,136,135,137,1708828641.61
1,-0.01,136,136,135,137,1708828641.77
1,-0.01,136,136,135,137,1708828641.77
1,-0.01,136,136,135,137,1708828641.93
1,-0.41,136,136,135,137,1708828641.93
1,-0.41,136,136,135,137,1708828642.11
1,-0.01,135,116,134,119,1708828642.28
1,-0.01,135,116,134,119,1708828642.28
1,-0.01,135,116,134,119,1708828642.44
1,-0.01,135,116,134,119,1708828642.44
1,-0.01,123,114,120,116,1708828642.6
1,-0.01,134,135,135,136,1708828642.77
1,-0.01,134,135,135,136,1708828642.77
1,-0.01,133,138,136,138,1708828642.92
1,-0.01,140,138,138,140,1708828643.1
1,-0.01,140,138,138,140,1708828643.1
0.26,-0.01,140,138,138,140,1708828643.26
0.15,-0.01,140,138,138,140,1708828643.26
0.14,-0.01,140,138,138,140,1708828643.42
0,0,140,138,138,140,1708828643.59
0,0,140,138,138,140,1708828643.59
0,0,140,138,138,140,1708828643.75
0,0,140,138,138,140,1708828643.92
0,0,140,138,138,140,1708828643.92
0,0,140,138,138,140,1708828644.09
0.48,-0.01,140,138,138,140,1708828644.09
0.54,-0.01,140,138,138,140,1708828644.24
0.62,-0.01,140,138,138,140,1708828644.4
0.62,-0.01,140,138,138,140,1708828644.4
0.85,-0.01,140,138,138,140,1708828644.56
0.85,-0.01,140,138,138,140,1708828644.71
0.85,-0.01,140,138,138,140,1708828644.71
0.85,-0.01,140,138,138,140,1708828644.86
0.85,-0.01,140,138,138,140,1708828644.86
0.85,-0.01,140,138,138,140,1708828645.03
0.85,-0.01,140,138,138,140,1708828645.2
0.85,-0.01,140,138,138,140,1708828645.2
0.85,-0.01,140,138,138,140,1708828645.36
0.85,-0.01,140,138,138,140,1708828645.53
0.85,-0.01,140,138,138,140,1708828645.53
0.85,-0.01,140,138,138,140,1708828645.7
0.85,-0.01,140,138,138,140,1708828645.7
0.85,-0.01,111,112,110,114,1708828645.87
0.85,-0.01,111,112,110,114,1708828645.87
0.85,-0.01,116,114,115,116,1708828646.04
0.85,-0.01,115,116,114,116,1708828646.19
0.77,-0.01,113,113,114,115,1708828646.35
0.76,-0.01,113,113,114,115,1708828646.35
0.66,-0.01,113,113,114,115,1708828646.51
0.31,-0.01,113,113,114,115,1708828646.68
0.19,-0.01,113,113,114,115,1708828646.68
0,0,113,113,114,115,1708828646.83
0,0,113,113,114,115,1708828646.83
0,0,113,113,114,115,1708828646.99
0,0,113,113,114,115,1708828647.15
0,0,113,113,114,115,1708828647.15
0,0,49,49,47,50,1708828647.31
0,0,20,20,20,20,1708828647.47
0,0,20,20,20,20,1708828647.48
0,0,20,20,20,20,1708828647.64
0,0,20,20,20,20,1708828647.64
0,0,20,20,20,20,1708828647.81
0,0,20,20,20,20,1708828647.97
0,0,20,20,20,20,1708828647.97
0,0.85,0,0,0,0,1708828648.13
0,0.85,0,0,0,0,1708828648.3
0,0.85,0,0,0,0,1708828648.3
0.8,0.31,0,0,0,0,1708828648.46
0.85,0.33,0,0,0,0,1708828648.63
0.85,0.33,0,0,0,0,1708828648.63
0.85,0.33,0,0,0,0,1708828648.8
0.85,0.33,0,0,0,0,1708828648.8
0.85,0.33,0,0,0,0,1708828648.96
0.85,0.33,0,0,0,0,1708828649.13
0.85,0.33,0,0,0,0,1708828649.13
0.85,0.33,0,0,0,0,1708828649.29
0.85,0.33,0,0,0,0,1708828649.29
0.85,-0.01,0,0,0,0,1708828649.46
0.85,-0.01,0,0,0,0,1708828649.63
0.85,-0.01,0,0,0,0,1708828649.81
0.85,-0.01,0,0,0,0,1708828649.81
0.85,-0.01,0,0,0,0,1708828649.81
0.85,-0.01,104,104,104,105,1708828649.96
0.85,-0.01,104,104,104,105,1708828650.12
0.85,-0.01,104,104,104,105,1708828650.12
0.85,-0.35,104,104,104,105,1708828650.29
0.85,-0.35,104,104,104,105,1708828650.45
0.85,-0.01,104,104,104,105,1708828650.45
0.85,-0.01,110,106,110,107,1708828650.65
0.85,-0.01,110,106,110,107,1708828650.65
0.85,-0.01,110,106,110,107,1708828650.81
0.85,-0.01,110,106,110,107,1708828650.98
0.85,-0.01,110,106,110,107,1708828650.98
0.85,-0.01,110,106,110,107,1708828651.14
0.85,-0.01,110,106,110,107,1708828651.14
0.85,-0.08,110,106,110,107,1708828651.3
0.85,-0.35,110,106,110,107,1708828651.46
0.85,-0.01,110,106,110,107,1708828651.46
0.85,-0.01,116,112,117,113,1708828651.63
0.85,-0.01,120,108,118,110,1708828651.79
0.85,-0.01,120,108,118,110,1708828651.79
0.85,-0.01,120,108,118,110,1708828651.94
0.85,-0.01,120,108,118,110,1708828651.94
0.85,-0.01,120,108,118,110,1708828652.13
0.85,-0.01,119,117,117,119,1708828652.29
0.85,-0.01,119,117,117,119,1708828652.29
0.85,-0.01,118,118,116,117,1708828652.45
0.85,-0.01,117,118,116,119,1708828652.61
0.85,-0.01,117,118,116,119,1708828652.61
0.85,0.29,117,118,116,119,1708828652.79
0.85,0.33,117,118,116,119,1708828652.79
0.85,0.33,117,118,116,119,1708828652.96
0.85,0.33,117,118,116,119,1708828652.96
0.85,0.33,117,118,116,119,1708828653.12
0.85,-0.01,117,118,116,119,1708828653.43
0.85,-0.01,87,122,83,121,1708828653.59
0.85,-0.01,87,122,83,121,1708828653.59
0.85,-0.01,87,122,83,121,1708828653.75
0.85,-0.01,87,122,83,121,1708828653.75
0.85,-0.01,87,122,83,121,1708828653.75
0.85,-0.01,124,124,123,124,1708828653.92
0.85,-0.01,124,124,123,124,1708828653.92
0.85,-0.01,120,120,118,120,1708828654.08
0.85,-0.01,120,120,118,120,1708828654.08
0.85,-0.01,120,120,118,120,1708828654.26
0.85,-0.01,120,120,118,120,1708828654.42
0.85,-0.35,120,120,118,120,1708828654.42
0.85,-0.35,120,120,118,120,1708828654.58
0.85,-0.01,120,120,118,120,1708828654.58
0.85,-0.01,120,120,118,120,1708828654.74
0.85,-0.01,120,120,118,120,1708828654.89
0.85,-0.01,120,120,118,120,1708828654.89
0.85,-0.01,120,120,118,120,1708828655.05
0.85,-0.01,120,120,118,120,1708828655.21
0.85,-0.01,120,120,118,120,1708828655.21
0.85,-0.01,115,116,118,118,1708828655.36
0.85,-0.01,118,117,116,119,1708828655.51
0.85,-0.01,118,117,116,119,1708828655.52
0.85,-0.01,118,117,116,119,1708828655.68
0.85,-0.01,118,117,116,119,1708828655.85
0.85,-0.01,118,117,116,119,1708828655.85
0.85,-0.35,118,117,116,119,1708828656.03
0.85,-0.35,118,117,116,119,1708828656.03
0.85,-0.35,118,117,116,119,1708828656.19
0.85,-0.35,118,117,116,119,1708828656.36
0.85,-0.35,118,117,116,119,1708828656.36
0.85,-0.01,123,98,124,100,1708828656.52
0.85,-0.01,118,83,117,83,1708828656.68
0.85,-0.01,118,83,117,83,1708828656.68
0.85,-0.01,118,83,117,83,1708828656.84
0.85,-0.01,118,83,117,83,1708828656.84
0.85,-0.01,118,83,117,83,1708828657.03
0.85,-0.01,118,83,117,83,1708828657.19
0.85,-0.01,118,83,117,83,1708828657.19
0.85,-0.01,118,83,117,83,1708828657.35
0.85,-0.01,118,83,117,83,1708828657.35
0.85,-0.01,118,83,117,83,1708828657.52
0.85,-0.01,118,83,117,83,1708828657.68
0.85,-0.01,118,83,117,83,1708828657.68
0.85,-0.01,116,116,116,118,1708828657.84
0.85,-0.01,116,116,116,118,1708828657.84
0.85,-0.01,116,116,116,118,1708828658
0.85,-0.01,116,116,116,118,1708828658.31
0.85,-0.01,116,116,116,118,1708828658.31
0.85,-0.01,116,116,116,118,1708828658.31
0.85,-0.01,118,116,116,120,1708828658.48
0.85,-0.01,118,116,116,120,1708828658.48
0.85,-0.01,118,118,116,118,1708828658.63
0.85,-0.35,118,118,116,118,1708828658.63
0.85,-0.35,115,116,115,117,1708828658.82
0.85,-0.01,115,116,115,117,1708828658.98
0.85,-0.01,115,116,115,117,1708828658.98
0.85,-0.01,124,99,124,101,1708828659.14
0.85,-0.01,124,99,124,101,1708828659.14
0.85,-0.01,124,99,124,101,1708828659.3
0.85,-0.01,124,99,124,101,1708828659.46
0.85,-0.01,124,99,124,101,1708828659.46
0.85,-0.01,124,99,124,101,1708828659.62
0.85,-0.01,124,99,124,101,1708828659.78
0.85,-0.01,118,116,116,120,1708828659.94
0.85,-0.01,118,116,116,120,1708828659.94
0.85,-0.01,118,116,116,117,1708828660.1
0.85,-0.01,118,116,116,117,1708828660.1
0.85,-0.01,118,116,116,117,1708828660.27
0.85,-0.01,118,116,116,117,1708828660.27
0.85,-0.01,118,116,116,117,1708828660.43
0.85,-0.01,118,116,116,117,1708828660.59
0.85,-0.01,118,116,116,117,1708828660.6
0.85,-0.01,118,116,116,117,1708828660.76
0.85,-0.01,118,116,116,117,1708828660.92
0.85,-0.01,118,116,116,117,1708828660.92
0.85,0.33,117,116,115,118,1708828661.08
0.85,0.33,117,116,115,118,1708828661.08
0.85,-0.01,117,116,116,117,1708828661.23
0.85,-0.01,98,125,94,123,1708828661.46
0.85,-0.01,98,125,94,123,1708828661.46
0.85,-0.01,98,125,94,123,1708828661.64
0.85,-0.01,98,125,94,123,1708828661.64
0.85,-0.01,98,125,94,123,1708828661.79
0.85,-0.01,98,125,94,123,1708828661.79
0.85,-0.01,120,120,119,122,1708828661.94
0.85,-0.01,120,120,119,122,1708828662.1
0.85,-0.01,120,120,119,122,1708828662.1
0.85,-0.01,118,117,116,120,1708828662.26
0.85,-0.07,118,117,116,120,1708828662.41
0.85,-0.35,118,117,116,120,1708828662.41
0.85,-0.35,118,117,116,120,1708828662.58
0.85,-0.01,118,117,116,120,1708828662.95
0.85,-0.01,118,117,116,120,1708828662.95
0.85,-0.01,118,117,116,120,1708828662.95
0.85,-0.01,118,117,116,120,1708828662.95
0.85,-0.01,118,90,118,92,1708828663.12
0.85,-0.01,118,90,118,92,1708828663.12
0.85,-0.01,118,90,118,92,1708828663.32
0.85,-0.01,118,90,118,92,1708828663.32
0.85,-0.01,118,90,118,92,1708828663.48
0.85,-0.01,118,90,118,92,1708828663.65
0.85,-0.01,118,90,118,92,1708828663.65
0.85,-0.01,116,117,116,118,1708828663.8
0.85,-0.01,116,117,116,118,1708828664.35
0.85,-0.01,116,117,116,118,1708828664.35
0.85,-0.01,116,117,116,118,1708828664.35
0.85,0.33,116,117,116,118,1708828664.35
0.85,0.33,116,117,116,118,1708828664.35
0.85,-0.01,116,117,116,118,1708828664.35
0.85,-0.01,-117,116,-116,119,1708828664.52
0.85,-0.01,-117,116,-116,119,1708828664.52
0.85,-0.01,-117,116,-116,119,1708828664.69
0.85,-0.01,109,121,108,123,1708828664.83
0.85,-0.01,109,121,108,123,1708828664.83
0.85,-0.01,97,127,96,123,1708828665.01
0.85,-0.01,97,127,96,123,1708828665.16
0.85,-0.01,97,127,96,123,1708828665.16
0.85,-0.01,123,121,121,123,1708828665.33
0.85,-0.01,117,118,118,119,1708828665.48
0.85,-0.01,117,118,118,119,1708828665.48
0.85,-0.01,118,117,116,119,1708828665.65
0.85,-0.01,118,117,116,119,1708828665.65
0.85,-0.01,117,118,116,118,1708828665.81
0.85,-0.01,117,118,116,118,1708828665.97
0.85,-0.01,117,118,116,118,1708828665.97
0.85,-0.01,117,116,116,118,1708828666.14
0.85,-0.01,117,117,116,118,1708828666.31
0.85,-0.01,117,117,116,118,1708828666.31
0.85,0.33,117,117,116,118,1708828666.47
0.85,0.33,117,117,116,118,1708828666.47
0.85,-0.01,117,117,116,118,1708828666.63
0.85,-0.01,117,117,116,118,1708828666.8
0.85,-0.01,117,117,116,118,1708828666.8
0.85,-0.01,117,117,116,118,1708828666.95
0.85,-0.01,117,117,116,118,1708828666.95
0.85,-0.01,117,117,116,118,1708828667.12
0.85,-0.01,117,117,116,118,1708828667.29
0.85,-0.01,117,117,116,118,1708828667.29
0.85,-0.01,117,117,117,118,1708828667.43
0.85,-0.01,116,116,116,118,1708828667.6
0.85,-0.01,116,116,116,118,1708828667.6
0.85,-0.01,118,116,116,118,1708828667.77
0.85,-0.01,-116,117,-116,118,1708828667.93
0.85,-0.01,-116,117,-116,118,1708828667.93
0.85,-0.01,-116,117,-116,118,1708828668.1
0.85,-0.01,-116,117,-116,118,1708828668.1
0.85,-0.01,118,117,116,118,1708828668.26
0.85,-0.01,118,117,116,118,1708828668.42
0.85,-0.01,118,117,116,118,1708828668.42
0.85,-0.01,118,117,116,120,1708828668.59
0.85,-0.01,118,117,116,120,1708828668.59
0.85,-0.01,119,116,116,119,1708828668.74
0.85,-0.01,115,115,115,116,1708828668.89
0.85,-0.01,115,115,115,116,1708828668.89
0.85,-0.01,115,115,114,116,1708828669.06
0.85,-0.01,115,115,114,116,1708828669.45
0.85,-0.01,115,115,114,116,1708828669.45
0.85,-0.01,115,115,114,116,1708828669.45
0.85,-0.01,115,115,114,116,1708828669.45
0.85,-0.01,115,113,114,116,1708828669.65
0.85,-0.01,115,113,114,116,1708828669.81
0.85,-0.01,115,113,114,116,1708828669.97
0.85,-0.01,115,113,114,116,1708828669.97
0.85,-0.01,115,113,114,116,1708828669.97
0.85,-0.01,115,113,114,116,1708828670.16
0.85,-0.01,115,113,114,116,1708828670.16
0.85,-0.01,115,113,113,115,1708828670.31
0.85,-0.01,115,113,113,115,1708828670.32
0.85,-0.01,113,114,113,116,1708828670.66
0.85,-0.01,113,114,113,116,1708828670.66
0.85,-0.01,115,114,113,116,1708828671.16
0.85,-0.01,115,114,113,116,1708828671.16
0.85,-0.01,115,114,113,116,1708828671.16
0.85,-0.01,115,114,113,116,1708828671.16
0.85,-0.01,115,114,113,116,1708828671.16
0.85,-0.01,115,114,113,115,1708828671.36
0.85,-0.01,115,114,113,115,1708828671.36
0.85,-0.01,115,114,113,115,1708828671.52
0.85,-0.01,115,114,113,115,1708828671.52
0.85,-0.01,115,114,113,115,1708828671.73
0.85,-0.01,115,114,113,115,1708828671.88
0.85,-0.01,115,114,113,115,1708828671.88
0.85,-0.35,115,114,113,115,1708828672.06
0.85,-0.25,115,114,113,115,1708828672.07
0.85,-0.01,115,114,113,115,1708828672.23
0.85,-0.01,115,114,113,115,1708828672.39
0.85,-0.01,115,114,113,115,1708828672.39
0.85,-0.01,120,109,120,110,1708828672.54
0.85,-0.01,120,109,120,110,1708828672.54
0.74,-0.01,118,124,120,126,1708828672.7
0.74,-0.01,118,124,120,126,1708828672.87
0.74,-0.01,118,124,120,126,1708828672.87
0.73,-0.01,113,113,112,113,1708828673.02
0.73,-0.01,112,111,111,113,1708828673.18
0.72,-0.01,112,111,111,113,1708828673.18
0.72,-0.01,106,104,104,106,1708828673.36
0.72,-0.01,103,101,101,103,1708828673.52
0.72,-0.01,103,101,101,103,1708828673.52
0.71,-0.01,103,101,101,103,1708828673.68
0.71,-0.01,103,101,101,103,1708828673.68
0.71,-0.01,103,101,101,103,1708828673.85
0.71,-0.01,103,101,101,103,1708828674.01
0.71,-0.01,103,101,101,103,1708828674.01
0.71,-0.01,103,101,101,103,1708828674.16
0.71,-0.01,103,101,101,103,1708828674.16
0.71,-0.01,103,101,101,103,1708828674.33
0.71,-0.01,103,101,101,103,1708828674.51
0.71,-0.01,103,101,101,103,1708828674.51
0.71,-0.01,103,101,101,103,1708828674.67
0.85,-0.01,103,101,101,103,1708828674.85
0.85,-0.01,103,101,101,103,1708828674.85
0.85,-0.01,103,101,101,103,1708828675.03
0.85,-0.01,103,101,101,103,1708828675.03
0.85,-0.01,103,101,101,103,1708828675.19
0.85,-0.01,103,101,101,103,1708828675.19
0.85,-0.01,109,108,108,110,1708828675.34
0.85,-0.01,109,108,108,110,1708828675.49
0.85,-0.01,109,108,108,110,1708828675.49
0.85,-0.35,113,113,112,114,1708828675.64
0.85,-0.35,113,113,112,114,1708828675.81
0.85,-0.01,113,113,112,114,1708828675.81
0.85,-0.01,121,103,122,103,1708828675.96
0.85,-0.01,119,100,118,102,1708828676.13
0.85,-0.01,119,100,118,102,1708828676.13
0.85,-0.01,119,100,118,102,1708828676.31
0.85,-0.01,119,100,118,102,1708828676.31
0.85,-0.01,119,100,118,102,1708828676.48
0.85,-0.01,119,100,118,102,1708828676.63
0.85,-0.01,119,100,118,102,1708828676.63
0.85,-0.01,117,116,116,118,1708828676.8
0.85,-0.01,115,115,113,115,1708828676.96
0.85,-0.01,115,115,113,115,1708828676.96
0.85,-0.01,115,115,113,115,1708828677.12
0.85,-0.01,115,115,113,115,1708828677.12
0.85,-0.01,115,115,113,115,1708828677.55
0.85,-0.01,115,115,113,115,1708828677.55
0.85,-0.01,115,115,113,115,1708828677.55
0.85,-0.01,115,115,113,115,1708828677.55
0.85,-0.01,115,114,113,115,1708828677.71
0.85,-0.01,115,114,113,115,1708828677.86
0.85,-0.01,115,114,113,115,1708828677.86
0.85,-0.01,114,114,113,115,1708828678.01
0.85,-0.01,115,115,114,118,1708828678.17
0.85,-0.01,115,115,114,118,1708828678.17
0.85,-0.01,115,115,114,118,1708828678.45
0.85,-0.01,115,115,114,118,1708828678.45
0.85,-0.01,115,115,114,118,1708828678.45
0.85,-0.01,115,116,115,116,1708828678.6
0.85,-0.01,115,116,115,116,1708828678.77
0.85,-0.01,115,116,115,116,1708828678.77
0.85,-0.01,115,114,114,116,1708828678.93
0.85,-0.01,115,114,114,116,1708828679.1
0.85,-0.01,115,114,114,116,1708828679.1
0.85,-0.01,115,114,114,116,1708828679.26
0.85,-0.01,115,114,114,116,1708828679.26
0.85,0.05,115,114,114,116,1708828679.42
0.85,0.33,115,114,114,116,1708828679.6
0.85,-0.01,115,114,114,116,1708828679.6
0.85,-0.01,115,115,115,118,1708828679.96
0.85,-0.01,115,115,115,118,1708828679.96
0.85,-0.01,115,115,115,118,1708828679.96
0.85,-0.01,115,115,115,118,1708828679.96
0.85,-0.01,127,127,126,129,1708828680.14
0.85,-0.01,127,127,126,129,1708828680.35
0.85,-0.01,127,127,126,129,1708828680.35
0.85,-0.01,127,127,126,129,1708828680.52
0.85,-0.01,127,127,126,129,1708828680.68
0.85,-0.01,127,127,126,129,1708828680.68
0.85,-0.01,117,116,116,118,1708828680.85
0.85,-0.01,117,116,116,118,1708828680.85
0.85,-0.01,116,116,116,117,1708828681.01
0.85,-0.01,116,116,116,117,1708828681.01
0.85,-0.01,116,116,116,117,1708828681.18
0.85,-0.01,116,116,116,117,1708828681.33
0.85,-0.01,116,116,116,117,1708828681.33
0.85,-0.01,120,118,117,120,1708828681.49
0.85,-0.01,120,118,117,120,1708828681.65
0.85,-0.01,120,118,117,120,1708828681.65
0.85,-0.01,116,116,114,117,1708828681.81
0.85,-0.01,117,115,115,116,1708828681.96
0.85,-0.01,117,115,115,116,1708828681.96
0.85,-0.01,117,115,115,116,1708828682.13
0.85,-0.01,117,115,115,116,1708828682.3
0.85,-0.01,117,115,115,116,1708828682.3
0.85,-0.01,117,115,115,116,1708828682.44
0.85,-0.01,117,115,115,116,1708828682.45
0.85,-0.01,113,113,113,116,1708828682.61
0.85,-0.01,115,115,113,116,1708828682.77
0.85,-0.01,115,115,113,116,1708828682.77
0.85,-0.01,115,115,113,116,1708828682.95
0.85,-0.01,115,114,115,116,1708828683.11
0.85,-0.01,115,114,115,116,1708828683.11
0.85,-0.01,116,116,115,117,1708828683.28
0.85,-0.01,116,116,115,117,1708828683.28
0.85,-0.01,115,115,114,116,1708828683.44
0.85,-0.01,115,115,114,116,1708828683.6
0.85,-0.01,115,115,114,116,1708828683.6
0.85,-0.01,115,115,114,116,1708828683.77
0.85,-0.01,115,115,114,116,1708828683.92
0.85,-0.01,115,115,114,116,1708828683.92
0.85,-0.01,115,115,114,116,1708828684.09
0.85,-0.01,115,115,114,116,1708828684.09
0.85,-0.01,115,115,114,116,1708828684.25
0.85,-0.01,115,115,114,116,1708828684.41
0.85,-0.01,115,115,114,116,1708828684.41
0.85,-0.01,117,115,115,118,1708828684.58
0.85,-0.01,114,113,114,115,1708828684.73
0.85,-0.35,114,113,114,115,1708828684.73
0.85,-0.01,114,113,114,115,1708828684.89
0.85,-0.01,114,113,114,115,1708828684.89
0.85,-0.01,116,115,115,116,1708828685.34
0.85,-0.01,116,115,115,116,1708828685.34
0.85,-0.01,116,115,115,116,1708828685.34
0.85,-0.01,116,115,115,116,1708828685.34
0.85,-0.01,116,115,115,116,1708828685.49
0.85,-0.01,122,121,120,123,1708828685.63
0.85,-0.01,122,121,120,123,1708828685.79
0.85,-0.01,122,121,120,123,1708828685.79
0.85,-0.01,117,117,116,118,1708828685.94
0.85,-0.01,117,117,116,118,1708828685.94
0.85,-0.01,118,117,116,118,1708828686.11
0.85,-0.01,116,116,116,118,1708828686.26
0.85,-0.01,116,116,116,118,1708828686.26
0.85,-0.01,116,118,117,117,1708828686.43
0.85,-0.01,116,118,117,117,1708828686.43
0.85,-0.01,116,118,117,117,1708828686.62
0.85,-0.19,116,118,117,117,1708828686.79
0.85,-0.35,116,118,117,117,1708828686.79
0.85,-0.35,117,117,116,118,1708828686.95
0.85,-0.01,117,117,116,118,1708828686.95
0.85,-0.01,121,112,120,113,1708828687.12
0.85,-0.01,121,112,120,113,1708828687.29
0.85,-0.01,121,112,120,113,1708828687.29
0.85,-0.01,121,124,121,124,1708828687.45
0.85,-0.01,121,124,121,124,1708828687.45
0.85,-0.01,121,124,121,124,1708828687.62
0.85,-0.01,121,124,121,124,1708828687.79
0.85,-0.01,121,124,121,124,1708828687.79
0.85,-0.01,118,117,118,120,1708828687.94
0.85,-0.01,118,117,118,120,1708828687.94
0.85,-0.01,118,117,118,120,1708828688.11
0.85,-0.01,118,117,118,120,1708828688.28
0.85,-0.01,118,117,118,120,1708828688.28
0.85,-0.01,118,118,118,121,1708828688.45
0,0,119,118,117,118,1708828688.85
0.85,-0.01,119,118,117,118,1708828688.85
0.85,-0.01,119,118,117,118,1708828688.85
0.85,-0.01,119,118,117,118,1708828688.85
0.85,-0.01,119,118,117,118,1708828688.85
0.85,-0.01,116,117,116,117,1708828689.04
0.85,-0.01,116,117,116,117,1708828689.04
0.85,-0.01,116,117,116,117,1708828689.19
0.85,-0.01,116,117,116,117,1708828689.19
0,0,92,103,100,93,1708828689.34
0.85,-0.01,92,103,100,93,1708828689.34
0.85,-0.01,100,110,99,102,1708828689.49
0.85,-0.01,100,110,99,102,1708828689.49
0.85,-0.01,101,113,100,101,1708828689.64
0.85,-0.01,112,105,103,106,1708828689.8
0.85,-0.01,112,105,103,106,1708828689.96
0.85,-0.01,112,105,103,106,1708828689.96
0.85,-0.35,112,105,103,106,1708828690.12
0.85,-0.11,112,105,103,106,1708828690.12
0.85,-0.01,109,108,107,106,1708828690.3
0.85,-0.01,109,108,107,106,1708828690.46
0.85,-0.01,109,108,107,106,1708828690.46
0.85,-0.01,116,96,127,103,1708828690.63
0.85,-0.01,116,96,127,103,1708828690.63
0.85,-0.01,115,114,114,116,1708828690.97
0.85,-0.01,115,115,115,117,1708828691.13
0.85,-0.01,115,115,115,117,1708828691.31
0.85,-0.01,115,115,115,117,1708828691.31
0.85,-0.35,115,115,115,117,1708828691.46
0.85,-0.35,115,115,115,117,1708828691.46
0.85,-0.35,115,115,115,117,1708828691.62
0.85,-0.01,118,112,117,113,1708828692.01
0.85,-0.01,118,112,117,113,1708828692.01
0.85,-0.01,118,112,117,113,1708828692.01
0.85,-0.01,117,108,118,110,1708828692.21
0.85,-0.35,120,125,120,125,1708828692.36
0.85,-0.35,120,125,120,125,1708828692.36
0.85,-0.01,120,125,120,125,1708828692.52
0.85,-0.01,120,125,120,125,1708828693.25
0.85,-0.01,120,125,120,125,1708828693.25
0.85,-0.01,120,125,120,125,1708828693.25
0.85,-0.01,120,125,120,125,1708828693.25
0.85,-0.01,120,125,120,125,1708828693.25
0.85,-0.01,120,125,120,125,1708828693.25
0.85,-0.01,120,125,120,125,1708828693.25
0.85,-0.01,44,43,34,39,1708828693.45
0.85,-0.01,44,43,34,39,1708828693.45
0.85,-0.01,103,104,95,95,1708828693.6
0.85,-0.01,103,104,95,95,1708828693.77
0.85,-0.01,103,104,95,95,1708828693.77
0.85,-0.01,103,104,95,95,1708828693.94
0.85,-0.01,103,104,95,95,1708828693.94
0.85,-0.01,103,104,95,95,1708828694.1
0.85,0.33,103,104,95,95,1708828694.26
0.85,0.1,103,104,95,95,1708828694.26
0.85,-0.01,103,104,95,95,1708828694.42
0.85,-0.01,105,126,104,125,1708828694.59
0.85,-0.01,105,126,104,125,1708828694.59
0.85,-0.01,121,117,121,119,1708828694.76
0.85,-0.01,121,117,121,119,1708828694.76
0.85,-0.01,121,117,121,119,1708828694.9
0.85,-0.01,121,117,121,119,1708828695.07
0.85,-0.01,121,117,121,119,1708828695.07
0.85,-0.01,117,117,116,118,1708828695.22
0.85,-0.01,117,117,116,118,1708828695.38
0.85,-0.01,118,117,116,118,1708828695.55
0.85,-0.01,118,117,116,118,1708828695.71
0.85,-0.01,118,117,116,118,1708828695.71
0.85,-0.01,118,117,116,118,1708828695.86
0.85,-0.01,118,117,116,118,1708828696.02
0.85,-0.01,118,117,116,118,1708828696.02
0.85,-0.01,116,116,116,118,1708828696.42
0.85,-0.01,116,116,116,118,1708828696.42
0.85,-0.01,116,116,116,118,1708828696.42
0.85,-0.01,116,116,116,118,1708828696.42
0.85,-0.01,117,116,117,118,1708828696.62
0.85,-0.01,117,116,117,118,1708828696.62
0.85,-0.01,114,115,114,117,1708828696.78
0.85,-0.01,114,115,114,117,1708828696.94
0.85,-0.01,114,115,114,117,1708828697.11
0.85,-0.35,114,115,114,117,1708828697.11
0.85,-0.32,114,115,114,117,1708828697.27
0.85,-0.01,114,115,114,117,1708828697.27
0.85,-0.01,114,115,114,117,1708828697.43
0.85,-0.01,114,115,114,117,1708828697.62
0.85,-0.01,114,115,114,117,1708828697.62
0.85,-0.01,116,124,116,124,1708828697.78
0.85,-0.01,116,124,116,124,1708828697.78
0.85,-0.01,116,124,116,124,1708828697.95
0.85,-0.01,116,124,116,124,1708828698.12
0.85,-0.01,116,124,116,124,1708828698.12
0.85,-0.01,116,124,116,124,1708828698.29
0.85,-0.01,116,124,116,124,1708828698.29
0.85,-0.01,116,124,116,124,1708828698.44
0.85,-0.01,116,124,116,124,1708828698.61
0.85,-0.01,116,124,116,124,1708828698.61
0.85,-0.01,116,124,116,124,1708828698.76
0.85,-0.01,116,124,116,124,1708828698.92
0.85,-0.01,116,124,116,124,1708828698.92
0.85,-0.01,116,124,116,124,1708828699.1
0.85,-0.01,116,124,116,124,1708828699.26
0.85,-0.01,116,124,116,124,1708828699.26
0.85,-0.01,117,118,116,119,1708828699.4
0.85,-0.01,117,118,116,119,1708828699.4
0.85,-0.01,117,117,116,117,1708828699.57
0.85,-0.01,117,117,116,117,1708828699.96
0.85,-0.01,117,117,116,117,1708828699.96
0.85,-0.01,117,117,116,117,1708828699.96
0.85,-0.01,117,117,116,117,1708828699.96
0.85,-0.01,115,115,113,116,1708828700.16
0.85,-0.01,115,115,113,116,1708828700.16
0.85,-0.01,114,114,113,115,1708828700.32
0.85,-0.01,114,114,113,115,1708828700.48
0.85,-0.01,114,114,113,115,1708828700.48
0.85,-0.01,114,114,113,115,1708828700.63
0.85,-0.01,114,114,113,115,1708828700.79
0.85,-0.01,114,114,113,115,1708828700.79
0.85,-0.01,115,115,115,118,1708828700.96
0.85,0.07,115,115,115,118,1708828701.12
0.85,0.33,115,115,115,118,1708828701.12
0.85,-0.01,115,115,114,115,1708828701.29
0.85,-0.01,112,116,111,119,1708828701.45
0.85,-0.01,112,116,111,119,1708828701.45
0.85,-0.01,105,124,104,124,1708828701.61
0.85,-0.01,121,119,119,121,1708828701.77
0.85,-0.01,121,119,119,121,1708828701.77
0.85,-0.01,117,117,116,120,1708828701.92
0.85,-0.01,117,117,116,120,1708828702.09
0.85,-0.01,117,117,116,120,1708828702.09
0.85,-0.01,118,117,116,118,1708828702.25
0.85,-0.01,118,117,116,118,1708828702.41
0.85,-0.01,118,117,116,118,1708828702.41
0.85,-0.35,118,117,116,118,1708828702.57
0.85,-0.35,118,117,116,118,1708828702.73
0.85,-0.01,118,117,116,118,1708828702.73
0.85,-0.01,118,117,116,118,1708828702.91
0.85,-0.01,118,117,116,118,1708828702.91
0.85,-0.01,118,117,116,118,1708828703.07
0.85,-0.01,118,117,116,118,1708828703.24
0.85,-0.01,120,120,119,121,1708828703.4
0.85,-0.01,120,120,119,121,1708828703.4
0.85,-0.01,120,120,119,121,1708828703.56
0.85,-0.01,120,120,119,121,1708828703.57
0.85,-0.01,120,120,119,121,1708828703.72
0.85,-0.01,116,116,116,117,1708828703.88
0.85,-0.01,116,116,116,117,1708828703.88
0.85,-0.01,116,117,116,118,1708828704.04
0.85,-0.01,118,118,117,118,1708828704.22
0.85,-0.01,118,118,117,118,1708828704.22
0.85,-0.35,116,116,116,118,1708828704.38
0.85,-0.01,116,116,116,118,1708828704.38
0.85,-0.01,116,116,116,118,1708828704.53
0.85,-0.01,116,116,116,118,1708828704.68
0.85,-0.01,116,116,116,118,1708828704.68
0.85,-0.01,119,121,119,123,1708828704.85
0.85,-0.01,119,121,119,123,1708828705.02
0.85,-0.01,119,121,119,123,1708828705.02
0.85,-0.01,119,118,117,118,1708828705.19
0.85,-0.01,119,118,117,118,1708828705.35
0.85,-0.01,119,118,117,118,1708828705.35
0.85,-0.01,116,118,117,119,1708828705.52
0.85,-0.01,119,119,118,119,1708828705.68
0.85,-0.35,119,119,118,119,1708828705.68
0.85,-0.35,120,119,117,120,1708828705.84
0.85,-0.01,120,119,117,120,1708828705.84
0.85,-0.01,120,116,120,118,1708828706.2
0.85,-0.01,120,116,120,118,1708828706.2
0.85,-0.01,120,116,120,118,1708828706.2
0.85,-0.01,133,133,133,136,1708828706.38
0.85,-0.01,133,133,133,136,1708828706.38
0.85,-0.01,128,128,127,131,1708828706.59
0.85,-0.01,128,128,127,131,1708828706.59
0.85,-0.01,120,120,118,120,1708828706.76
0.85,-0.01,117,116,117,119,1708828706.92
0.85,-0.01,117,116,117,119,1708828706.92
0.85,-0.01,117,116,117,119,1708828707.08
0.85,-0.35,117,116,117,119,1708828707.08
0.85,-0.35,117,116,117,119,1708828707.24
0.85,-0.35,117,116,117,119,1708828707.41
0.85,-0.35,117,116,117,119,1708828707.41
0.85,-0.35,126,99,126,102,1708828707.57
0.85,-0.35,120,92,126,90,1708828707.73
0.85,-0.01,120,92,126,90,1708828707.73
0.85,-0.01,120,92,126,90,1708828707.9
0.85,-0.01,120,92,126,90,1708828707.9
0.85,-0.01,120,92,126,90,1708828708.07
0.85,-0.01,122,123,121,125,1708828708.25
0.85,-0.01,122,123,121,125,1708828708.25
0.85,-0.01,116,118,117,118,1708828708.41
0.85,-0.01,117,117,116,120,1708828708.57
0.85,-0.01,117,117,116,120,1708828708.57
0.85,-0.01,117,117,116,120,1708828708.81
0.85,-0.01,117,117,116,120,1708828709
0.85,-0.01,117,117,116,120,1708828709
0.85,-0.01,117,117,116,120,1708828709
0.85,0.33,117,117,116,120,1708828709.15
0.85,0.33,118,118,116,119,1708828709.3
0.85,-0.01,118,118,116,119,1708828709.3
0.85,-0.01,118,118,116,119,1708828709.46
0.85,-0.01,118,118,116,119,1708828709.62
0.85,-0.01,118,118,116,119,1708828709.62
0.85,-0.01,115,122,112,121,1708828709.77
0.85,-0.01,115,122,112,121,1708828709.92
0.85,-0.01,115,122,112,121,1708828709.92
0.85,-0.01,115,122,112,121,1708828710.08
0.85,-0.01,115,122,112,121,1708828710.24
0.85,-0.01,115,122,112,121,1708828710.24
0.85,-0.01,115,122,112,121,1708828710.41
0.85,-0.01,115,122,112,121,1708828710.41
0.85,-0.01,115,122,112,121,1708828710.56
0.85,-0.01,115,122,112,121,1708828710.72
0.85,-0.01,115,122,112,121,1708828710.72
0.85,-0.01,118,118,116,118,1708828710.88
0.85,-0.01,118,118,118,120,1708828711.04
0.85,-0.01,118,118,118,120,1708828711.04
0.85,-0.01,118,118,118,120,1708828711.21
0.85,-0.01,118,118,118,120,1708828711.36
0.85,-0.01,118,118,118,120,1708828711.36
0.85,-0.01,116,116,116,119,1708828711.51
0.85,-0.01,117,115,115,118,1708828711.67
0.85,-0.01,117,115,115,118,1708828711.67
0.85,-0.01,117,115,115,118,1708828711.84
0.85,0.33,117,115,115,118,1708828712
0.85,0.33,117,115,115,118,1708828712
0.85,-0.01,117,115,115,118,1708828712.16
0.85,-0.01,117,115,115,118,1708828712.32
0.85,-0.01,117,115,115,118,1708828712.32
0.85,-0.01,117,115,115,118,1708828712.64
0.85,-0.01,117,115,115,118,1708828712.81
0.85,-0.01,117,115,115,118,1708828712.81
0.85,-0.01,120,120,119,120,1708828712.97
0.85,-0.01,120,120,119,120,1708828712.97
0.85,-0.01,118,117,117,120,1708828713.13
0.85,-0.01,118,118,117,119,1708828713.28
0.85,-0.01,118,118,117,119,1708828713.28
0.85,-0.12,117,117,116,119,1708828713.44
0.85,-0.35,117,118,117,120,1708828713.62
0.85,-0.01,117,118,117,120,1708828713.62
0.85,-0.01,117,118,117,120,1708828713.77
0.85,-0.01,117,118,117,120,1708828713.94
0.85,-0.01,117,118,117,120,1708828713.94
0.85,-0.01,117,118,117,120,1708828714.31
0.85,-0.01,117,118,117,120,1708828714.31
0.85,-0.01,117,118,117,120,1708828714.31
0.85,-0.01,116,116,116,120,1708828714.68
0.85,-0.01,117,118,117,119,1708828714.85
0.85,-0.01,117,118,117,119,1708828715.02
0.85,-0.01,117,118,117,119,1708828715.19
0.85,-0.01,117,118,117,119,1708828715.19
0.85,-0.01,117,118,117,119,1708828715.71
0.85,-0.01,117,118,117,119,1708828715.71
0.85,-0.01,117,118,117,119,1708828715.71
0.85,-0.01,117,118,117,119,1708828715.71
0.85,-0.01,117,118,117,119,1708828715.71
0.85,-0.01,117,118,117,119,1708828715.71
0.85,-0.01,117,118,117,119,1708828715.91
0.85,-0.01,117,118,117,119,1708828715.91
0.85,-0.01,108,114,109,112,1708828716.07
0.85,-0.01,113,116,112,113,1708828716.4
0.85,-0.01,113,116,112,113,1708828716.4
0.85,-0.01,113,116,112,113,1708828716.4
0.85,-0.01,113,116,112,113,1708828716.56
0.85,-0.01,113,116,112,113,1708828716.56
0.85,-0.01,113,116,112,113,1708828716.71
0.85,-0.01,113,116,112,113,1708828716.71
0.85,-0.01,116,115,114,116,1708828716.86
0.85,-0.01,116,115,114,116,1708828717.03
0.85,-0.01,116,115,114,116,1708828717.03
0.85,-0.01,114,115,114,116,1708828717.18
0.85,-0.01,114,115,114,116,1708828717.34
0.85,-0.01,114,115,114,116,1708828717.34
0.85,-0.01,114,115,113,115,1708828717.51
0.85,-0.35,114,115,113,115,1708828717.66
0.85,-0.35,114,115,113,115,1708828717.66
0.85,-0.35,114,115,113,115,1708828717.83
0.85,-0.01,114,115,113,115,1708828718.24
0.85,-0.01,114,115,113,115,1708828718.24
0.85,-0.01,114,115,113,115,1708828718.24
0.85,-0.01,114,115,113,115,1708828718.24
0.85,-0.01,114,115,113,115,1708828718.24
0.85,-0.01,120,84,120,87,1708828718.44
0.85,-0.01,120,84,120,87,1708828718.44
0.85,-0.01,120,84,120,87,1708828718.6
0.85,-0.01,120,84,120,87,1708828718.75
0.85,-0.01,120,84,120,87,1708828718.75
0.85,-0.01,120,84,120,87,1708828718.9
0.85,-0.01,120,84,120,87,1708828719.05
0.85,-0.01,120,84,120,87,1708828719.21
0.85,-0.01,120,84,120,87,1708828719.21
0.85,-0.01,119,118,117,119,1708828719.37
0.85,-0.01,119,118,117,119,1708828719.37
0.85,0.33,119,118,117,119,1708828719.53
0.85,0.33,119,118,117,119,1708828719.68
0.85,-0.01,119,118,117,119,1708828719.68
0.85,-0.01,110,123,109,125,1708828719.85
0.85,-0.01,100,127,98,127,1708828720.03
0.85,-0.01,100,127,98,127,1708828720.03
0.85,-0.01,100,127,98,127,1708828720.21
0.85,-0.01,100,127,98,127,1708828720.21
0.85,-0.01,100,127,98,127,1708828720.38
0.85,-0.01,100,127,98,127,1708828720.55
0.85,-0.01,100,127,98,127,1708828720.55
0.85,-0.01,117,119,118,120,1708828720.72
0.85,-0.01,117,119,118,120,1708828720.72
0.85,-0.01,117,117,117,120,1708828720.88
0.85,-0.01,117,116,117,118,1708828721.05
0.85,-0.01,117,116,117,118,1708828721.05
0.85,-0.01,116,118,116,118,1708828721.21
0.85,-0.01,116,118,116,118,1708828721.21
0.85,-0.01,116,117,116,120,1708828721.36
0.85,-0.01,116,117,116,120,1708828721.52
0.85,0.33,116,117,116,120,1708828721.52
0.85,-0.01,117,118,116,119,1708828721.69
0.85,-0.01,117,118,116,119,1708828721.84
0.85,-0.01,117,118,116,119,1708828721.84
0.85,-0.01,111,125,109,126,1708828722
0.85,-0.01,111,125,109,126,1708828722
0.85,-0.01,121,120,120,122,1708828722.16
0.85,-0.01,-118,119,-118,120,1708828722.32
0.85,-0.01,-118,119,-118,120,1708828722.32
0.85,-0.01,-119,117,-117,119,1708828722.48
0.85,-0.01,117,118,117,119,1708828722.64
0.85,-0.01,117,118,117,119,1708828722.64
0.85,-0.01,117,118,118,120,1708828722.81
0.85,-0.01,120,118,118,120,1708828723
0.85,-0.01,120,118,118,120,1708828723.16
0.85,-0.01,120,118,118,120,1708828723.16
0.85,-0.01,120,118,118,120,1708828723.16
0.85,-0.01,120,118,118,120,1708828723.33
0.85,-0.01,120,118,118,120,1708828723.33
0.85,-0.01,118,118,116,120,1708828723.5
0.85,-0.01,118,118,116,120,1708828723.67
0.85,-0.01,118,118,116,120,1708828723.67
0.85,-0.01,118,118,116,120,1708828723.84
0.85,-0.01,118,118,116,120,1708828723.84
0.85,-0.01,118,118,116,120,1708828724.01
0.85,-0.01,118,118,116,120,1708828724.16
0.85,-0.01,118,118,116,120,1708828724.16
0.85,-0.01,115,116,114,117,1708828724.33
0.85,-0.01,115,116,114,117,1708828724.5
0.85,-0.01,115,116,114,117,1708828724.5
0.85,-0.01,115,115,114,116,1708828724.66
0.85,-0.01,115,115,114,116,1708828724.66
0.85,-0.01,115,115,114,116,1708828724.83
0.85,-0.01,115,115,114,116,1708828725.01
0.85,-0.01,115,115,114,116,1708828725.01
0.85,-0.01,115,115,114,116,1708828725.16
0.85,-0.01,115,115,114,116,1708828725.16
0.85,-0.01,115,115,114,116,1708828725.33
0.85,-0.01,115,115,114,116,1708828725.49
0.85,-0.01,115,115,114,116,1708828725.49
0.85,-0.01,117,116,115,116,1708828725.65
0.85,-0.01,117,116,115,116,1708828725.65
0.85,-0.01,115,115,115,116,1708828725.81
0.85,-0.01,115,115,115,116,1708828725.97
0.85,-0.01,115,115,115,116,1708828725.97
0.85,-0.01,115,115,115,116,1708828726.13
0.85,-0.01,115,115,115,116,1708828726.29
0.85,-0.01,115,115,115,116,1708828726.29
0.85,-0.01,115,115,115,116,1708828726.45
0.85,-0.01,115,115,115,116,1708828726.61
0.85,-0.01,115,115,115,116,1708828726.61
0.85,-0.01,115,115,115,116,1708828726.77
0.85,-0.01,115,115,115,116,1708828726.77
0.85,-0.01,115,115,115,116,1708828726.93
0.85,-0.01,115,115,115,116,1708828727.11
0.85,-0.01,115,115,115,116,1708828727.11
0.85,-0.01,114,115,113,116,1708828727.26
0.85,-0.01,114,115,113,116,1708828727.41
0.85,-0.01,114,115,113,116,1708828727.41
0.85,-0.01,114,115,113,116,1708828727.57
0.85,-0.01,114,115,113,116,1708828727.57
0.85,-0.01,114,115,113,116,1708828727.74
0.85,-0.01,114,115,113,116,1708828727.9
0.85,-0.01,114,115,113,116,1708828727.9
0.85,-0.01,115,115,114,116,1708828728.06
0.85,-0.01,115,115,114,116,1708828728.22
0.85,-0.01,115,115,114,116,1708828728.22
0.85,-0.01,115,115,114,116,1708828728.39
0.85,-0.01,115,115,114,116,1708828728.39
0.85,-0.01,115,115,114,116,1708828728.56
0.85,-0.01,115,115,114,116,1708828728.73
0.85,-0.01,115,115,114,116,1708828728.73
0.85,-0.01,115,116,115,118,1708828728.9
0.85,-0.01,115,116,115,118,1708828728.9
0.85,-0.01,114,115,114,116,1708828729.06
0.85,-0.01,114,115,114,116,1708828729.23
0.85,-0.01,114,115,114,116,1708828729.23
0.85,-0.01,115,115,113,116,1708828729.39
0.85,-0.01,115,115,114,116,1708828729.58
0.85,-0.01,115,115,114,116,1708828729.58
0.85,-0.01,115,115,114,116,1708828729.75
0.85,-0.01,115,115,114,116,1708828729.75
0.85,-0.01,115,115,114,116,1708828729.91
0.85,-0.01,115,115,114,116,1708828730.06
0.85,-0.01,115,115,114,116,1708828730.06
0.85,-0.01,117,115,115,117,1708828730.24
0.85,-0.01,117,115,115,117,1708828730.24
0.85,-0.01,117,115,115,117,1708828730.4
0.85,-0.01,117,115,115,117,1708828730.56
0.85,-0.01,117,115,115,117,1708828730.56
0.85,-0.01,116,115,114,116,1708828730.73
0.85,-0.01,114,114,114,116,1708828730.89
0.85,-0.01,114,114,114,116,1708828730.89
0.85,-0.01,115,116,115,117,1708828731.05
0.85,-0.01,115,116,115,117,1708828731.05
0.85,-0.01,115,116,115,117,1708828731.2
0.85,-0.35,115,116,115,117,1708828731.36
0.85,-0.35,115,116,115,117,1708828731.36
0.85,-0.35,116,116,114,117,1708828731.52
0.85,-0.01,124,103,124,105,1708828731.69
0.85,-0.01,124,103,124,105,1708828731.69
0.85,-0.01,124,103,124,105,1708828731.84
0.85,-0.01,124,103,124,105,1708828731.84
0.85,-0.01,124,103,124,105,1708828732
0.85,-0.01,124,103,124,105,1708828732.16
0.85,-0.01,124,103,124,105,1708828732.16
0.85,-0.01,123,121,121,123,1708828732.35
0.85,-0.01,123,121,121,123,1708828732.35
0.85,-0.01,116,117,116,119,1708828732.51
0.85,-0.01,116,117,116,119,1708828732.68
0.85,-0.01,116,117,116,119,1708828732.68
0.85,-0.01,116,117,116,119,1708828732.84
0.85,-0.01,116,117,116,119,1708828733
0.85,0.16,116,117,116,119,1708828733
0.85,0.33,116,117,116,119,1708828733.15
0.85,0.33,116,117,116,119,1708828733.15
0.85,-0.01,116,117,116,119,1708828733.32
0.85,-0.01,116,117,116,119,1708828733.48
0.85,-0.01,116,117,116,119,1708828733.48
0.85,-0.01,116,117,116,119,1708828733.64
0.85,-0.01,116,117,116,119,1708828733.81
0.85,-0.01,116,117,116,119,1708828733.81
0.85,-0.01,118,119,117,120,1708828733.98
0.85,-0.01,118,119,117,120,1708828733.98
0.85,-0.01,117,118,117,120,1708828734.13
0.85,-0.01,117,118,117,120,1708828734.31
0.85,-0.01,117,116,117,118,1708828734.46
0.85,-0.01,117,116,117,118,1708828734.46
0.85,-0.01,117,116,117,118,1708828734.62
0.85,-0.01,117,116,117,118,1708828734.62
0.85,0.15,117,116,117,118,1708828734.79
0.85,0.2,117,116,117,118,1708828734.79
0.85,-0.01,117,116,117,118,1708828734.96
0.85,-0.01,117,116,117,118,1708828735.13
0.85,-0.01,117,116,117,118,1708828735.13
0.85,-0.01,109,122,107,121,1708828735.28
0.85,-0.01,109,122,107,121,1708828735.45
0.85,-0.01,109,122,107,121,1708828735.45
0.85,-0.01,109,122,107,121,1708828735.61
0.85,-0.01,109,122,107,121,1708828735.61
0.85,-0.01,109,122,107,121,1708828735.77
0.85,0.23,109,122,107,121,1708828735.93
0.85,0.33,109,122,107,121,1708828735.93
0.85,-0.01,117,118,117,120,1708828736.09
0.85,-0.01,115,120,114,121,1708828736.24
0.85,-0.01,115,120,114,121,1708828736.24
0.85,-0.01,115,120,114,121,1708828736.41
0.85,-0.01,115,120,114,121,1708828736.57
0.85,0.08,115,120,114,121,1708828736.57
0.85,0.33,115,120,114,121,1708828736.72
0.85,0.33,115,120,114,121,1708828736.72
0.85,0.33,115,120,114,121,1708828736.88
0.85,0.33,115,120,114,121,1708828737.04
0.85,0.31,115,120,114,121,1708828737.04
0.85,-0.01,87,126,84,118,1708828737.22
0.85,-0.01,86,129,83,118,1708828737.39
0.85,-0.01,86,129,83,118,1708828737.39
0.85,0.15,121,129,118,115,1708828737.55
0.85,0.33,121,129,118,115,1708828737.55
0.85,0.33,126,127,126,127,1708828737.72
0.85,-0.01,126,127,126,127,1708828737.9
0.85,-0.01,126,127,126,127,1708828737.9
0.85,-0.01,126,127,126,127,1708828738.1
0.85,-0.01,126,127,126,127,1708828738.1
0.85,-0.01,125,122,126,123,1708828738.27
0.85,-0.01,124,124,123,126,1708828738.44
0.85,-0.01,124,124,123,126,1708828738.44
0.85,-0.01,124,124,123,126,1708828738.6
0.85,-0.01,124,124,123,126,1708828738.6
0.85,-0.01,124,124,123,126,1708828738.78
0.85,-0.01,124,124,123,126,1708828738.78
0.85,-0.01,124,124,123,126,1708828738.94
0.85,-0.01,124,124,123,126,1708828739.1
0.85,-0.01,124,124,123,126,1708828739.1
0.85,-0.01,118,118,118,120,1708828739.27
0.85,-0.01,118,118,118,120,1708828739.27
0.85,-0.01,119,119,117,120,1708828739.44
0.85,-0.01,119,119,117,120,1708828739.84
0.85,-0.01,119,119,117,120,1708828739.84
0.85,-0.01,119,119,117,120,1708828739.84
0.85,-0.01,119,119,117,120,1708828739.84
0.85,-0.01,-119,118,-117,120,1708828740.05
0.85,0.33,-119,118,-117,120,1708828740.05
0.85,0.33,118,118,118,119,1708828740.2
0.85,0.33,118,118,118,119,1708828740.2
0.85,0.33,115,116,116,117,1708828740.36
0.85,0.33,115,116,116,117,1708828740.53
0.85,0.33,115,116,116,117,1708828740.53
0.85,0.33,115,116,116,117,1708828740.68
0.85,0.33,115,116,116,117,1708828740.85
0.85,-0.01,115,116,116,117,1708828740.85
0.85,-0.01,87,124,83,122,1708828741.01
0.85,-0.01,87,124,83,122,1708828741.01
0.85,-0.01,83,127,81,118,1708828741.18
0.85,-0.01,115,123,113,122,1708828741.36
0.85,0.32,115,123,113,122,1708828741.36
0.85,-0.01,121,120,118,120,1708828741.51
0.85,-0.01,121,120,118,120,1708828741.51
0.85,-0.01,118,118,116,119,1708828741.66
0.85,-0.01,118,118,116,119,1708828741.83
0.85,-0.01,118,118,116,119,1708828741.83
0.85,-0.01,121,121,121,122,1708828741.98
0.85,-0.01,121,121,121,122,1708828742.13
0.85,-0.01,121,121,121,122,1708828742.13
0.85,-0.01,121,121,121,122,1708828742.31
0.85,-0.01,121,121,121,122,1708828742.47
0.85,-0.01,121,121,121,122,1708828742.47
0.85,-0.01,121,121,121,122,1708828742.62
0.85,-0.01,121,121,121,122,1708828742.62
0.85,-0.01,121,121,121,122,1708828743.01
0.85,-0.01,121,121,121,122,1708828743.01
0.85,-0.01,121,121,121,122,1708828743.01
0.85,-0.01,121,121,121,122,1708828743.01
0.85,-0.01,119,117,117,118,1708828743.22
0.85,-0.01,119,117,117,118,1708828743.22
0.85,-0.01,118,118,118,120,1708828743.37
0.85,-0.01,116,118,116,120,1708828743.52
0.85,-0.01,116,116,116,116,1708828743.67
0.85,0.18,116,116,116,116,1708828743.84
0.85,0.32,116,116,116,116,1708828743.84
0.85,0.33,114,115,113,116,1708828744.03
0.85,0.33,114,115,113,116,1708828744.03
0.85,0.33,112,118,110,118,1708828744.2
0.85,-0.01,112,118,110,118,1708828744.2
0.85,-0.01,96,129,87,121,1708828744.38
0.85,-0.01,96,129,87,121,1708828744.55
0.85,-0.01,96,129,87,121,1708828744.55
0.85,-0.01,126,124,125,126,1708828744.72
0.85,-0.01,126,124,125,126,1708828744.72
0.85,-0.01,126,124,125,126,1708828744.87
0.85,-0.01,126,124,125,126,1708828745.03
0.85,-0.01,126,124,125,126,1708828745.03
0.85,-0.01,117,120,120,119,1708828745.18
0.85,-0.01,117,120,120,119,1708828745.18
0.85,-0.01,118,119,117,119,1708828745.33
0.85,-0.01,118,119,117,119,1708828745.49
0.85,-0.01,118,119,117,119,1708828745.49
0.85,-0.01,118,119,117,119,1708828745.66
0.85,-0.01,118,119,117,119,1708828745.82
0.85,-0.01,118,119,117,119,1708828745.82
0.85,-0.01,118,119,117,119,1708828745.98
0.85,-0.01,118,119,117,119,1708828746.13
0.85,0.33,118,119,117,119,1708828746.13
0.85,0.33,115,116,114,116,1708828746.28
0.85,-0.01,119,118,116,120,1708828746.44
0.85,-0.01,119,118,116,120,1708828746.44
0.85,-0.01,119,118,116,120,1708828746.85
0.85,-0.01,119,118,116,120,1708828746.85
0.85,-0.01,119,118,116,120,1708828746.85
0.85,-0.01,119,118,116,120,1708828746.85
0.85,-0.01,-124,124,-123,122,1708828747.04
0.85,0.17,-124,124,-123,122,1708828747.04
0.85,0.18,-121,120,-121,123,1708828747.2
0.85,0.1,-121,120,-121,123,1708828747.36
0.85,-0.01,-121,120,-121,123,1708828747.36
0.85,-0.01,-121,120,-121,123,1708828747.53
0.85,-0.01,-121,120,-121,123,1708828747.69
0.85,-0.01,-121,120,-121,123,1708828747.69
0.85,-0.01,116,118,113,119,1708828747.85
0.85,-0.01,116,118,113,119,1708828747.85
0.85,-0.01,-123,119,-121,120,1708828748.02
0.85,-0.01,115,118,117,118,1708828748.18
0.85,-0.01,115,118,117,118,1708828748.18
0.85,-0.01,115,118,117,118,1708828748.34
0.85,-0.01,115,118,117,118,1708828748.34
0.85,-0.01,120,118,117,120,1708828748.52
0.85,-0.01,120,118,117,120,1708828748.67
0.85,0.33,120,118,117,120,1708828748.67
0.85,0.15,120,118,117,120,1708828748.83
0.85,-0.01,120,118,117,120,1708828749
0.85,-0.01,120,118,117,120,1708828749
0.85,-0.01,120,118,117,120,1708828749.15
0.85,-0.01,120,118,117,120,1708828749.31
0.85,-0.01,120,118,117,120,1708828749.31
0.85,-0.01,121,120,118,121,1708828749.47
0.85,-0.01,121,120,118,121,1708828749.47
0.85,-0.01,121,120,118,121,1708828749.64
0.85,-0.01,121,120,118,121,1708828749.8
0.85,-0.01,121,120,118,121,1708828749.8
0.85,-0.01,121,120,118,121,1708828749.98
0.85,-0.01,121,120,118,121,1708828750.13
0.85,-0.01,121,120,118,121,1708828750.13
0.85,-0.01,117,117,116,120,1708828750.3
0.85,-0.01,117,117,116,120,1708828750.3
0.85,-0.01,120,119,117,121,1708828750.46
0.85,-0.01,120,119,117,121,1708828750.62
0.85,0.19,120,119,117,121,1708828750.62
0.85,0.33,116,116,116,120,1708828750.77
0.85,0.33,116,116,116,120,1708828750.93
0.85,-0.01,116,116,116,120,1708828750.93
0.85,-0.01,96,123,96,127,1708828751.11
0.85,-0.01,96,123,96,127,1708828751.11
0.85,-0.01,93,123,92,121,1708828751.28
0.85,-0.01,93,123,92,121,1708828751.44
0.85,-0.01,93,123,92,121,1708828751.44
0.85,-0.01,124,122,121,124,1708828751.6
0.85,-0.01,124,122,121,124,1708828751.76
0.85,-0.01,124,122,121,124,1708828751.76
0.85,-0.01,124,122,121,124,1708828751.92
0.85,-0.01,124,122,121,124,1708828751.92
0.85,-0.01,120,119,117,119,1708828752.09
0.85,-0.01,120,119,117,119,1708828752.27
0.85,-0.01,120,119,117,119,1708828752.27
0.85,-0.35,120,119,117,119,1708828752.43
0.85,-0.01,120,119,117,119,1708828752.59
0.85,-0.01,120,119,117,119,1708828752.59
0.85,-0.01,124,107,123,109,1708828752.74
0.85,-0.01,124,107,123,109,1708828752.74
0.85,-0.01,121,124,120,126,1708828752.89
0.85,-0.01,121,124,120,126,1708828753.05
0.85,-0.01,121,124,120,126,1708828753.05
0.85,-0.01,121,124,120,126,1708828753.21
0.85,-0.01,121,124,120,126,1708828753.37
0.85,-0.12,121,124,120,126,1708828753.37
0.85,-0.35,121,124,120,126,1708828753.53
0.85,-0.01,121,124,120,126,1708828753.69
0.85,-0.01,121,124,120,126,1708828753.69
0.85,-0.01,121,124,120,126,1708828753.85
0.85,-0.01,121,124,120,126,1708828754.02
0.85,-0.01,121,124,120,126,1708828754.03
0.85,-0.01,119,118,117,119,1708828754.17
0.85,-0.01,119,118,117,119,1708828754.17
0.85,-0.01,116,116,117,118,1708828754.34
0.85,-0.01,116,116,117,118,1708828754.51
0.85,-0.01,116,116,117,118,1708828754.51
0.85,-0.01,117,116,116,117,1708828754.67
0.85,-0.11,117,116,116,117,1708828754.82
0.85,-0.01,117,116,116,117,1708828754.82
0.85,-0.01,117,116,116,117,1708828754.98
0.85,-0.01,117,116,116,117,1708828755.15
0.85,-0.01,117,116,116,117,1708828755.15
0.85,-0.01,118,120,118,120,1708828755.31
0.85,-0.01,118,120,118,120,1708828755.48
0.85,-0.01,118,120,118,120,1708828755.48
0.85,-0.01,118,120,118,120,1708828755.64
0.85,-0.01,118,120,118,120,1708828755.64
0.85,-0.01,118,120,118,120,1708828755.79
0.85,-0.01,118,120,118,120,1708828755.96
0.85,-0.01,118,120,118,120,1708828755.96
0.85,-0.01,117,117,116,118,1708828756.13
0.85,-0.01,116,116,116,118,1708828756.29
0.85,-0.01,116,116,116,118,1708828756.29
0.85,-0.01,116,116,116,119,1708828756.44
0.85,-0.01,116,116,116,119,1708828756.44
0.85,-0.01,116,116,116,116,1708828756.6
0.85,-0.01,116,116,116,116,1708828756.77
0.85,-0.01,116,116,116,116,1708828756.93
0.85,-0.01,116,116,116,116,1708828756.93
0.85,-0.01,118,118,116,118,1708828757.09
0.85,-0.01,118,118,116,118,1708828757.09
0.85,-0.01,118,116,115,120,1708828757.26
0.85,-0.01,118,116,115,120,1708828757.43
0.85,-0.01,118,116,115,120,1708828757.43
0.85,-0.01,115,114,114,116,1708828757.68
0.85,-0.01,115,115,113,113,1708828757.87
0.85,-0.01,115,115,113,113,1708828757.87
1,-0.01,115,115,113,113,1708828757.87
1,-0.01,114,114,113,116,1708828758.02
1,-0.01,114,114,113,116,1708828758.02
1,-0.01,113,114,113,114,1708828758.17
1,-0.01,113,114,113,114,1708828758.33
1,-0.01,113,114,113,114,1708828758.49
1,-0.01,113,114,113,114,1708828758.49
1,-0.01,130,130,129,130,1708828758.64
1,-0.01,130,130,129,130,1708828758.81
1,-0.01,130,130,129,130,1708828758.81
1,-0.01,130,130,129,130,1708828758.97
1,-0.01,130,130,129,130,1708828758.97
1,-0.01,130,130,129,130,1708828759.12
1,-0.01,130,130,129,130,1708828759.29
1,-0.01,130,130,129,130,1708828759.29
1,-0.01,130,130,129,130,1708828759.44
1,-0.01,130,130,129,130,1708828759.61
1,-0.01,130,130,129,130,1708828759.61
1,-0.01,135,135,134,137,1708828759.77
1,-0.01,135,135,134,137,1708828759.77
1,-0.01,134,136,133,136,1708828759.93
1,-0.01,135,135,135,136,1708828760.08
1,-0.01,135,135,135,136,1708828760.08
1,-0.01,138,139,139,141,1708828760.27
1,-0.01,137,140,135,137,1708828760.42
1,-0.01,137,140,135,137,1708828760.42
1,-0.01,137,140,135,137,1708828760.58
1,-0.01,137,140,135,137,1708828760.58
1,-0.01,137,140,135,137,1708828760.76
1,-0.01,138,138,136,138,1708828760.92
1,0.39,138,138,136,138,1708828760.92
1,0.39,133,135,135,136,1708828761.08
1,-0.01,133,135,135,136,1708828761.24
1,-0.01,133,135,135,136,1708828761.24
1,-0.01,133,135,135,136,1708828761.42
1,-0.01,133,135,135,136,1708828761.42
1,-0.01,126,129,124,125,1708828761.57
1,-0.01,133,134,133,134,1708828761.73
1,-0.01,133,134,133,134,1708828761.73
1,-0.01,135,135,135,136,1708828761.89
1,-0.01,135,135,135,136,1708828762.05
1,-0.01,135,135,135,136,1708828762.05
1,-0.01,135,135,135,136,1708828762.21
1,-0.01,135,135,135,136,1708828762.21
1,-0.01,135,135,135,136,1708828762.37
1,-0.01,135,135,135,136,1708828762.53
1,-0.01,135,135,135,136,1708828762.54
1,-0.01,135,135,135,136,1708828762.69
1,-0.01,136,138,138,140,1708828762.85
1,-0.01,136,138,138,140,1708828762.85
1,0.39,136,138,138,140,1708828763.01
1,-0.01,136,138,138,140,1708828763.01
1,-0.01,136,138,138,140,1708828763.17
1,-0.01,125,136,123,136,1708828763.33
1,-0.01,125,136,123,136,1708828763.33
1,-0.01,125,136,123,136,1708828763.48
1,-0.01,125,136,123,136,1708828763.65
1,-0.01,125,136,123,136,1708828763.65
1,-0.01,138,138,138,140,1708828763.83
1,-0.01,138,137,136,139,1708828763.97
1,-0.01,138,137,136,139,1708828763.97
1,-0.01,138,137,136,139,1708828764.13
1,-0.01,138,137,136,139,1708828764.13
1,-0.01,138,137,136,139,1708828764.31
1,-0.01,138,137,136,139,1708828764.48
1,-0.01,138,137,136,139,1708828764.48
1,-0.01,138,137,136,139,1708828764.64
1,-0.01,138,137,136,139,1708828764.64
1,-0.01,138,137,136,139,1708828764.81
1,-0.01,138,137,136,139,1708828764.97
1,-0.01,138,137,136,139,1708828764.97
1,-0.01,137,137,137,140,1708828765.13
1,-0.01,137,136,135,138,1708828765.29
1,-0.01,137,136,135,138,1708828765.29
1,-0.01,136,136,136,140,1708828765.44
1,-0.41,136,136,136,140,1708828765.44
1,-0.41,136,138,136,138,1708828765.62
1,-0.01,136,125,136,126,1708828765.79
1,-0.01,136,125,136,126,1708828765.96
1,-0.01,136,125,136,126,1708828765.96
1,-0.01,126,131,125,130,1708828766.11
1,-0.01,126,131,125,130,1708828766.28
1,-0.01,126,131,125,130,1708828766.28
1,-0.01,136,136,138,140,1708828766.44
1,-0.01,136,136,138,140,1708828766.67
1,-0.01,133,137,134,135,1708828766.86
1,-0.01,133,137,134,135,1708828766.86
1,-0.01,133,137,134,135,1708828766.86
1,-0.01,133,137,134,135,1708828767.02
1,-0.01,133,137,134,135,1708828767.02
1,-0.01,133,137,134,135,1708828767.19
1,-0.01,133,137,134,135,1708828767.19
1,-0.01,133,137,134,135,1708828767.36
1,-0.01,133,137,134,135,1708828767.52
1,-0.01,133,137,134,135,1708828767.52
1,-0.01,133,137,134,135,1708828767.68
1,-0.01,133,137,134,135,1708828767.68
1,-0.01,133,137,134,135,1708828767.84
1,-0.01,133,137,134,135,1708828768
1,-0.01,133,137,134,135,1708828768
1,-0.01,134,135,135,138,1708828768.16
1,-0.01,137,136,136,139,1708828768.32
1,-0.01,137,136,136,139,1708828768.32
1,-0.01,136,136,136,139,1708828768.48
1,-0.01,136,136,136,139,1708828768.48
1,-0.01,136,136,136,139,1708828768.64
1,-0.01,136,136,136,139,1708828768.82
1,-0.01,136,136,136,139,1708828768.82
1,-0.01,135,135,136,138,1708828768.97
1,-0.01,135,135,136,138,1708828768.98
1,-0.01,135,135,136,138,1708828769.12
1,-0.01,136,137,136,138,1708828769.27
1,-0.01,136,137,136,138,1708828769.27
1,-0.01,136,137,136,138,1708828769.43
1,-0.21,137,137,136,138,1708828769.6
1,-0.41,137,137,136,138,1708828769.6
1,-0.41,139,138,136,139,1708828769.76
1,-0.01,136,132,137,133,1708828769.93
1,-0.01,136,132,137,133,1708828769.93
1,-0.01,120,96,121,97,1708828770.08
1,-0.01,120,96,121,97,1708828770.09
1,-0.01,120,96,121,97,1708828770.23
1,-0.01,120,96,121,97,1708828770.39
1,-0.01,120,96,121,97,1708828770.39
1,-0.01,120,96,121,97,1708828770.55
1,-0.01,137,137,136,136,1708828770.72
1,-0.01,137,137,136,136,1708828770.72
1,-0.01,137,137,136,136,1708828770.89
1,-0.01,137,137,136,136,1708828771.04
1,-0.01,137,137,136,136,1708828771.04
1,-0.01,137,137,137,140,1708828771.2
1,-0.01,137,137,137,140,1708828771.2
1,-0.01,138,137,137,141,1708828771.38
1,-0.01,136,136,136,138,1708828771.54
1,-0.01,136,136,136,138,1708828771.54
1,-0.01,135,135,135,138,1708828771.71
1,-0.01,135,135,135,138,1708828771.88
1,-0.41,135,135,135,138,1708828771.88
1,-0.41,135,136,135,137,1708828772.04
1,-0.01,135,136,135,137,1708828772.04
1,-0.01,135,136,135,137,1708828772.2
1,-0.01,135,136,135,137,1708828772.58
1,-0.01,135,136,135,137,1708828772.58
1,-0.01,135,136,135,137,1708828772.58
1,-0.01,135,136,135,137,1708828772.58
1,-0.01,138,138,136,138,1708828772.75
1,-0.01,138,138,136,138,1708828772.75
1,-0.01,135,135,134,137,1708828772.97
1,-0.01,135,135,134,137,1708828772.97
1,-0.01,136,136,137,139,1708828773.12
1,-0.01,138,137,137,138,1708828773.27
1,-0.01,138,137,137,138,1708828773.27
1,-0.01,138,137,137,138,1708828773.44
1,-0.01,138,137,137,138,1708828773.44
1,-0.41,138,137,137,138,1708828773.6
1,-0.41,138,137,137,138,1708828773.77
1,-0.41,138,137,137,138,1708828773.77
1,-0.41,136,134,136,135,1708828773.92
1,-0.41,126,103,126,105,1708828774.08
1,-0.01,126,103,126,105,1708828774.08
1,-0.01,118,90,122,93,1708828774.24
1,-0.01,118,90,122,93,1708828774.24
1,-0.01,115,102,118,106,1708828774.4
1,-0.01,115,102,118,106,1708828774.57
1,-0.01,115,102,118,106,1708828774.57
1,-0.01,115,102,118,106,1708828774.73
1,-0.01,115,102,118,106,1708828774.89
1,-0.01,115,102,118,106,1708828774.89
1,-0.01,138,137,136,139,1708828775.05
1,-0.01,138,137,136,139,1708828775.05
1,-0.01,135,136,136,138,1708828775.21
1,-0.01,135,136,136,138,1708828775.38
1,-0.01,135,136,136,138,1708828775.38
1,-0.01,138,137,137,141,1708828775.55
1,-0.01,138,137,137,141,1708828775.71
1,-0.01,138,137,137,141,1708828775.71
1,-0.01,136,135,135,138,1708828775.88
1,-0.01,136,135,135,138,1708828775.88
1,-0.01,137,136,135,137,1708828776.04
1,-0.01,134,135,135,137,1708828776.21
1,-0.01,134,135,135,137,1708828776.21
1,-0.01,136,136,135,138,1708828776.37
1,-0.01,136,136,135,138,1708828776.37
1,-0.01,136,136,135,138,1708828776.53
1,-0.01,134,136,136,138,1708828776.68
1,-0.01,134,136,136,138,1708828776.68
1,-0.01,137,136,135,138,1708828776.84
1,-0.01,137,136,135,138,1708828777.01
1,-0.01,137,136,135,138,1708828777.01
1,-0.01,136,136,136,139,1708828777.17
1,-0.01,136,136,136,139,1708828777.17
1,-0.01,139,136,136,140,1708828777.34
1,-0.01,135,137,136,140,1708828777.5
1,-0.01,135,137,136,140,1708828777.5
1,-0.01,135,137,136,140,1708828777.67
1,-0.01,135,137,136,140,1708828777.83
1,-0.01,135,137,136,140,1708828777.83
1,-0.01,136,136,136,138,1708828777.98
1,-0.01,136,136,136,138,1708828777.99
1,-0.01,136,136,136,138,1708828778.17
1,-0.01,136,136,136,138,1708828778.33
1,-0.01,136,136,136,138,1708828778.33
1,-0.01,138,138,138,141,1708828778.49
1,-0.01,138,138,138,141,1708828778.64
1,-0.01,138,138,138,141,1708828778.64
1,-0.01,135,135,135,138,1708828778.79
1,-0.01,135,135,135,138,1708828778.79
1,-0.01,135,135,135,138,1708828779.09
1,-0.01,136,137,137,139,1708828779.31
1,-0.01,136,137,137,139,1708828779.31
1,-0.01,136,137,137,139,1708828779.31
1,-0.01,136,137,137,139,1708828779.31
1,-0.01,136,137,137,139,1708828779.46
1,-0.01,133,135,134,136,1708828779.64
1,-0.01,133,135,134,136,1708828779.64
1,-0.01,133,135,134,136,1708828779.8
1,-0.01,133,135,134,136,1708828779.8
1,-0.01,138,136,136,138,1708828779.98
1,-0.01,138,136,136,138,1708828780.15
1,-0.01,138,136,136,138,1708828780.15
1,-0.01,138,136,136,138,1708828780.32
1,-0.01,138,136,136,138,1708828780.32
1,-0.01,135,136,136,137,1708828780.47
1,-0.01,137,137,137,140,1708828780.62
1,-0.01,137,137,137,140,1708828780.62
1,-0.01,137,137,137,140,1708828780.8
1,-0.01,137,137,137,140,1708828780.97
1,-0.01,137,137,137,140,1708828780.97
1,-0.41,136,136,137,138,1708828781.13
1,-0.41,136,136,137,138,1708828781.13
1,-0.41,138,138,137,139,1708828781.28
1,-0.01,138,138,137,139,1708828781.44
1,-0.01,138,138,137,139,1708828781.44
1,-0.01,120,92,120,96,1708828781.62
1,-0.01,120,92,120,96,1708828781.8
1,-0.01,120,92,120,96,1708828781.8
1,-0.01,120,92,120,96,1708828781.97
1,-0.01,120,92,120,96,1708828781.97
1,-0.01,136,136,136,140,1708828782.13
1,-0.01,136,136,136,140,1708828782.29
1,-0.01,136,136,136,140,1708828782.29
1,-0.01,136,136,136,140,1708828782.46
1,-0.01,136,136,136,140,1708828782.61
1,-0.01,136,136,136,140,1708828782.61
1,-0.01,135,136,135,137,1708828782.8
1,-0.01,135,136,135,137,1708828782.8
1,-0.01,136,136,135,137,1708828782.96
1,-0.01,134,136,135,138,1708828783.31
1,-0.01,134,136,135,138,1708828783.31
1,-0.01,134,136,135,138,1708828783.48
1,-0.01,134,136,135,138,1708828783.48
1,-0.01,134,136,135,138,1708828783.63
1,-0.01,135,136,136,138,1708828783.8
1,-0.01,135,136,136,138,1708828783.8
1,-0.01,140,138,138,140,1708828784.19
1,-0.01,140,138,138,140,1708828784.19
1,-0.11,140,138,138,140,1708828784.19
1,-0.41,140,138,138,140,1708828784.19
1,-0.41,140,138,138,140,1708828784.39
1,-0.01,140,138,138,140,1708828784.39
1,-0.01,135,135,136,137,1708828784.55
1,-0.01,131,119,131,118,1708828784.71
1,-0.01,131,119,131,118,1708828784.87
1,-0.01,131,119,131,118,1708828784.87
1,-0.01,136,138,136,138,1708828785.02
1,-0.01,136,138,136,138,1708828785.02
1,-0.01,136,138,136,138,1708828785.17
1,-0.01,136,138,136,138,1708828785.37
1,-0.01,136,138,136,138,1708828785.53
1,-0.01,136,138,136,138,1708828785.53
1,-0.01,136,138,136,138,1708828785.68
1,-0.01,136,138,136,138,1708828785.68
1,-0.01,136,138,136,138,1708828785.84
1,-0.01,136,138,136,138,1708828785.84
1,-0.01,135,136,135,138,1708828786
1,-0.01,135,136,135,138,1708828786.16
1,-0.01,135,136,135,138,1708828786.16
1,-0.01,135,136,135,138,1708828786.33
1,-0.01,135,136,135,138,1708828786.33
1,-0.01,138,139,138,140,1708828786.49
1,-0.01,138,139,138,140,1708828786.65
1,-0.01,138,139,138,140,1708828786.65
1,-0.01,135,137,135,139,1708828786.81
1,-0.01,133,134,133,136,1708828786.96
1,-0.01,133,134,133,136,1708828786.96
1,-0.01,133,134,133,136,1708828787.13
1,-0.01,135,136,135,138,1708828787.3
1,-0.01,135,136,135,138,1708828787.3
0.85,-0.01,139,136,136,139,1708828787.47
0.85,-0.01,139,136,136,139,1708828787.47
0.85,-0.01,139,136,136,139,1708828787.64
0.85,-0.01,139,136,136,139,1708828787.8
0.85,-0.01,139,136,136,139,1708828787.8
0.85,-0.01,127,127,127,129,1708828787.96
0.85,-0.01,127,127,127,129,1708828788.13
0.85,-0.01,127,127,127,129,1708828788.13
0.85,-0.01,127,127,127,129,1708828788.35
0,0,127,127,127,129,1708828788.35
0,0,121,120,121,123,1708828788.52
0,0,121,120,121,123,1708828788.52
0,0,121,120,121,123,1708828788.68
0,0,121,120,121,123,1708828788.84
0,0,121,120,121,123,1708828788.84
0.85,-0.01,121,120,121,123,1708828789.01
0.85,-0.01,121,120,121,123,1708828789.01
0.85,0.33,121,120,121,123,1708828789.17
0.85,0.33,121,120,121,123,1708828789.34
0.85,0.33,121,120,121,123,1708828789.34
0.85,0.33,121,120,121,123,1708828789.51
0.85,0.33,24,33,23,32,1708828789.68
0.85,0.33,24,33,23,32,1708828789.68
0.85,0.33,24,33,23,32,1708828789.83
0.85,0.33,24,33,23,32,1708828789.83
0.85,0.33,24,33,23,32,1708828789.98
0.85,0.33,24,33,23,32,1708828790.15
0.85,0.33,24,33,23,32,1708828790.15
0.85,0.33,72,112,77,130,1708828790.32
0.85,0.33,72,112,77,130,1708828790.32
0.85,-0.01,72,108,80,140,1708828790.68
0.85,-0.01,72,108,80,140,1708828790.68
0.85,-0.01,72,108,80,140,1708828790.68
0.85,-0.01,83,140,75,115,1708828790.86
0.85,-0.01,83,140,75,115,1708828790.86
0.85,-0.01,123,130,121,122,1708828791.07
0.85,-0.01,123,130,121,122,1708828791.07
0.85,-0.01,118,118,118,120,1708828791.22
0.85,-0.01,118,118,118,120,1708828791.37
0.85,-0.01,118,118,118,120,1708828791.37
1,-0.01,118,118,118,120,1708828791.52
1,-0.01,115,114,112,119,1708828791.68
1,-0.01,115,114,112,119,1708828791.68
1,-0.01,115,114,112,119,1708828791.88
1,-0.01,115,114,112,119,1708828791.88
1,-0.01,115,114,112,119,1708828792.04
1,-0.01,115,114,112,119,1708828792.04
1,-0.01,115,114,112,119,1708828792.2
1,-0.01,115,114,112,119,1708828792.41
1,-0.01,115,114,112,119,1708828792.41
1,-0.01,115,114,112,119,1708828792.57
1,-0.01,115,114,112,119,1708828792.58
1,-0.01,115,114,112,119,1708828792.73
1,-0.01,115,114,112,119,1708828792.89
1,-0.01,115,114,112,119,1708828792.89
1,-0.01,115,114,112,119,1708828793.04
1,-0.01,134,123,123,141,1708828793.2
1,-0.01,134,123,123,141,1708828793.2
0,0,130,136,116,111,1708828793.36
0,0,130,136,116,111,1708828793.52
0,0,130,136,116,111,1708828793.52
0,0,109,131,115,115,1708828793.69
0,0,109,131,115,115,1708828793.86
0,0,109,131,115,115,1708828793.86
0,0,109,131,115,115,1708828794.02
0,0,109,131,115,115,1708828794.18
0,0,109,131,115,115,1708828794.18
0,0,109,131,115,115,1708828794.34
0,0,109,131,115,115,1708828794.34
0,0,109,131,115,115,1708828794.5
0,0,109,131,115,115,1708828794.66
0,0,109,131,115,115,1708828794.82
0,0,109,131,115,115,1708828794.82
0,0,0,0,0,0,1708828794.99
0,0,0,0,0,0,1708828794.99
1,-0.01,0,0,0,0,1708828795.15
1,-0.01,0,0,0,0,1708828795.15
1,-0.01,0,0,0,0,1708828795.31
1,-0.01,0,0,0,0,1708828795.48
1,-0.01,0,0,0,0,1708828795.48
1,-0.01,0,0,0,0,1708828795.63
1,-0.01,0,0,0,0,1708828795.81
1,-0.01,0,0,0,0,1708828795.81
1,-0.01,29,30,27,24,1708828795.97
1,-0.01,9,9,9,9,1708828796.14
1,-0.01,9,9,9,9,1708828796.14
1,-0.01,87,81,72,74,1708828796.3
0.54,-0.01,87,81,72,74,1708828796.3
0,0,93,83,74,92,1708828796.47
0,0,93,83,74,92,1708828796.64
0,0,93,83,74,92,1708828796.64
0,0,104,110,111,108,1708828796.8
0,0,104,110,111,108,1708828796.8
0,0,104,110,111,108,1708828796.96
0,0,104,110,111,108,1708828797.12
0.38,-0.01,104,110,111,108,1708828797.12
1,-0.01,104,110,111,108,1708828797.28
1,-0.01,104,110,111,108,1708828797.44
1,-0.01,104,110,111,108,1708828797.44
1,0.39,104,110,111,108,1708828797.76
1,0.39,104,110,111,108,1708828797.76
1,0.39,104,110,111,108,1708828797.92
1,0.39,104,110,111,108,1708828798.09
1,0.39,104,110,111,108,1708828798.09
1,0.39,80,136,78,126,1708828798.25
1,0.39,80,136,78,126,1708828798.25
1,-0.01,76,140,76,124,1708828798.48
1,-0.01,76,140,76,124,1708828798.65
1,-0.01,76,140,76,124,1708828798.65
1,-0.01,76,140,76,124,1708828798.65
1,-0.01,76,140,76,124,1708828798.81
1,-0.01,76,140,76,124,1708828798.99
1,-0.01,76,140,76,124,1708828798.99
1,-0.01,127,140,137,130,1708828799.15
1,-0.01,130,137,127,128,1708828799.32
1,-0.01,130,137,127,128,1708828799.32
1,-0.01,135,130,126,133,1708828799.49
1,-0.01,135,130,126,133,1708828799.49
1,-0.01,133,136,115,124,1708828799.64
1,-0.01,133,132,135,130,1708828799.79
1,-0.01,133,132,135,130,1708828799.79
1,-0.01,135,132,135,138,1708828799.95
1,-0.01,135,132,135,138,1708828800.1
1,-0.01,135,132,135,138,1708828800.1
1,-0.01,128,136,137,132,1708828800.27
1,-0.01,128,136,137,132,1708828800.43
1,-0.01,128,136,137,132,1708828800.43
1,-0.01,135,132,130,135,1708828800.59
1,-0.01,133,135,126,124,1708828800.74
1,-0.01,133,135,126,124,1708828800.74
1,-0.01,133,135,126,124,1708828800.9
1,-0.01,136,137,137,139,1708828801.06
1,-0.01,136,137,137,139,1708828801.06
1,-0.15,136,137,137,139,1708828801.21
1,-0.41,136,132,134,136,1708828801.38
1,-0.41,136,132,134,136,1708828801.38
1,-0.41,135,129,136,133,1708828801.54
1,-0.41,132,118,137,116,1708828801.7
1,-0.41,132,118,137,116,1708828801.7
1,-0.01,132,118,137,116,1708828802.08
1,-0.01,132,118,137,116,1708828802.08
0.45,-0.01,132,118,137,116,1708828802.08
0,0,132,118,137,116,1708828802.08
0,0,127,86,126,83,1708828802.24
0,0,127,86,126,83,1708828802.45
0,0,127,86,126,83,1708828802.45
0,0,93,98,89,92,1708828802.61
0,0,51,52,53,52,1708828802.76
0.83,-0.01,51,52,53,52,1708828802.76
1,-0.01,24,25,25,23,1708828802.92
1,-0.01,24,25,25,23,1708828802.92
1,-0.01,23,23,24,23,1708828803.09
1,-0.01,47,47,47,43,1708828803.26
1,-0.01,47,47,47,43,1708828803.26
1,-0.01,47,47,47,43,1708828803.43
1,-0.01,47,47,47,43,1708828803.59
1,-0.01,47,47,47,43,1708828803.59
1,-0.01,47,47,47,43,1708828803.74
1,-0.01,47,47,47,43,1708828803.74
1,-0.01,47,47,47,43,1708828803.91
1,-0.01,47,47,47,43,1708828804.1
1,-0.01,47,47,47,43,1708828804.1
1,-0.01,125,127,125,129,1708828804.26
1,-0.01,125,127,125,129,1708828804.26
1,-0.01,130,135,131,135,1708828804.43
1,-0.01,129,135,129,127,1708828804.58
1,-0.01,129,135,129,127,1708828804.58
1,-0.01,129,135,129,127,1708828804.77
1,-0.01,129,135,129,127,1708828804.92
1,-0.01,133,128,124,133,1708828805.09
1,-0.01,133,128,124,133,1708828805.25
1,-0.01,133,128,124,133,1708828805.41
1,0.39,133,128,124,133,1708828805.41
1,0.39,143,141,140,141,1708828805.56
1,0.39,143,141,140,141,1708828805.56
1,0.39,136,138,133,135,1708828805.72
1,0.39,99,132,96,133,1708828806.11
1,-0.01,99,132,96,133,1708828806.11
1,-0.01,99,132,96,133,1708828806.11
1,-0.01,99,132,96,133,1708828806.11
1,-0.01,84,130,83,124,1708828806.3
1,-0.01,84,130,83,124,1708828806.3
1,-0.01,84,130,83,124,1708828806.47
1,-0.01,84,130,83,124,1708828806.47
1,-0.01,133,135,128,132,1708828806.63
1,-0.01,133,135,128,132,1708828806.79
1,-0.01,133,135,128,132,1708828806.95
1,-0.01,133,135,128,132,1708828806.95
1,-0.01,126,135,135,135,1708828807.11
1,-0.01,131,136,136,136,1708828807.28
1,-0.01,131,136,136,136,1708828807.43
1,-0.01,131,136,136,136,1708828807.43
1,-0.01,135,136,135,139,1708828807.58
1,-0.01,135,136,135,139,1708828808.01
1,-0.01,135,136,135,139,1708828808.01
1,-0.01,135,136,135,139,1708828808.2
1,-0.01,135,136,135,139,1708828808.2
1,-0.01,135,136,135,139,1708828808.21
1,-0.01,135,136,135,139,1708828808.21
1,-0.01,135,136,135,139,1708828808.21
1,-0.41,135,136,135,139,1708828808.35
1,-0.41,135,136,135,139,1708828808.51
1,-0.41,135,136,135,139,1708828808.51
0.91,-0.38,136,130,135,139,1708828808.8
0,-1,136,130,135,139,1708828808.8
0,0,131,95,130,96,1708828808.95
0,0,131,95,130,96,1708828808.95
0,0,121,82,122,83,1708828809.11
0,0,121,82,122,83,1708828809.27
0,0,121,82,122,83,1708828809.27
0,0,121,82,122,83,1708828809.44
0,0,121,82,122,83,1708828809.44
0,0,121,82,122,83,1708828809.6
0,0,121,82,122,83,1708828809.76
0,0,121,82,122,83,1708828809.76
0,0,121,82,122,83,1708828809.92
0,0,121,82,122,83,1708828809.93
0,0,0,0,1,0,1708828810.08
0,0,0,0,1,0,1708828810.24
0,0,0,1,0,0,1708828810.39
1,-0.01,0,1,0,0,1708828810.39
1,-0.01,0,0,0,0,1708828810.55
1,-0.01,0,0,0,0,1708828810.55
1,-0.01,9,15,11,15,1708828810.73
1,-0.01,9,15,11,15,1708828810.88
1,-0.01,9,15,11,15,1708828810.88
1,-0.01,9,15,11,15,1708828811.04
1,-0.01,53,60,56,55,1708828811.21
1,-0.01,53,60,56,55,1708828811.21
1,-0.01,53,60,56,55,1708828811.37
1,-0.01,53,60,56,55,1708828811.37
1,-0.01,53,60,56,55,1708828811.53
1,-0.01,53,60,56,55,1708828811.69
1,-0.01,53,60,56,55,1708828811.69
1,-0.01,53,60,56,55,1708828811.85
1,0.39,53,60,56,55,1708828812
0.4,0.78,53,60,56,55,1708828812.15
0,1,53,60,56,55,1708828812.15
0,0,53,60,56,55,1708828812.33
0,0,53,60,56,55,1708828812.33
0,0,53,60,56,55,1708828812.49
1,-0.01,53,60,56,55,1708828812.65
1,-0.01,53,60,56,55,1708828812.65
1,-0.01,53,60,56,55,1708828812.81
1,-0.01,53,60,56,55,1708828812.81
1,-0.01,53,60,56,55,1708828812.96
1,-0.01,53,60,56,55,1708828813.12
1,-0.01,53,60,56,55,1708828813.12
1,-0.01,53,60,56,55,1708828813.3
1,-0.01,113,109,111,109,1708828813.45
1,-0.01,113,109,111,109,1708828813.45
1,-0.01,119,116,120,120,1708828813.62
1,-0.01,119,116,120,120,1708828813.62
1,-0.01,128,130,121,129,1708828813.79
1,-0.01,127,127,125,130,1708828813.96
1,-0.01,127,127,125,130,1708828813.96
1,-0.01,127,127,125,130,1708828814.14
1,-0.41,127,127,125,130,1708828814.14
1,-0.01,127,127,125,130,1708828814.3
1,-0.01,127,127,125,130,1708828814.45
1,-0.01,127,127,125,130,1708828814.45
1,-0.01,127,127,125,130,1708828814.61
1,-0.01,127,127,125,130,1708828814.61
1,-0.01,127,127,125,130,1708828814.79
1,-0.01,133,134,133,139,1708828814.94
1,-0.01,133,134,133,139,1708828814.94
1,-0.01,138,139,138,141,1708828815.1
1,-0.01,133,140,137,137,1708828815.26
1,-0.01,133,140,137,137,1708828815.26
1,-0.01,133,140,137,137,1708828815.45
1,-0.01,133,140,137,137,1708828815.45
1,-0.01,133,140,137,137,1708828815.61
1,-0.41,133,140,137,137,1708828815.76
1,-0.41,133,140,137,137,1708828815.76
1,-0.41,133,140,137,137,1708828815.92
0,-1,133,140,137,137,1708828815.92
0,-1,129,104,135,104,1708828816.1
0,-1,129,104,135,104,1708828816.24
0,-1,129,104,135,104,1708828816.24
0,-1,100,54,107,56,1708828816.4
0,-1,53,-47,66,-53,1708828816.56
0,0,53,-47,66,-53,1708828816.56
0,0,21,-17,31,-21,1708828816.73
-1,-0.01,15,-16,15,-11,1708828816.88
-1,-0.01,15,-16,15,-11,1708828816.88
-1,-0.01,15,-16,15,-11,1708828817.05
-1,-0.01,15,-16,15,-11,1708828817.2
-1,-0.01,15,-16,15,-11,1708828817.2
-1,-0.01,15,-16,15,-11,1708828817.37
0,0,15,-16,15,-11,1708828817.54
0,0,15,-16,15,-11,1708828817.54
0,0,15,-16,15,-11,1708828817.69
0,0,15,-16,15,-11,1708828817.69
0,0,15,-16,15,-11,1708828817.87
0,0,15,-16,15,-11,1708828818.02
0,0,15,-16,15,-11,1708828818.02
0,0,15,-16,15,-11,1708828818.17
0,0,15,-16,15,-11,1708828818.17
0,0,15,-16,15,-11,1708828818.34
0,-1,15,-16,15,-11,1708828818.5
0,-1,15,-16,15,-11,1708828818.5
0,-1,-6,-4,-4,-4,1708828818.66
0,-1,-6,-4,-4,-4,1708828818.81
0,-1,-6,-4,-4,-4,1708828818.81
0,-1,-6,-4,-4,-4,1708828818.98
0.32,-0.65,-6,-4,-4,-4,1708828819.15
0.55,-0.56,-6,-4,-4,-4,1708828819.15
0.96,-0.39,-6,-4,-4,-4,1708828819.32
0.94,-0.38,-6,-4,-4,-4,1708828819.32
0.93,-0.38,-6,-4,-4,-4,1708828819.48
0.93,-0.38,-6,-4,-4,-4,1708828819.63
1,-0.41,-6,-4,-4,-4,1708828819.63
1,-0.41,-6,-4,-4,-4,1708828819.8
1,-0.41,-6,-4,-4,-4,1708828819.8
1,-0.41,-6,-4,-4,-4,1708828819.98
1,-0.41,-6,-4,-4,-4,1708828820.13
1,-0.01,-6,-4,-4,-4,1708828820.13
1,-0.01,129,71,129,70,1708828820.29
1,-0.01,129,71,129,70,1708828820.46
1,-0.01,129,71,129,70,1708828820.46
1,-0.01,129,71,129,70,1708828820.65
1,-0.01,129,71,129,70,1708828820.65
1,-0.01,129,71,129,70,1708828820.81
1,-0.01,133,138,135,138,1708828820.96
1,-0.01,133,138,135,138,1708828820.96
1,-0.01,133,138,135,138,1708828821.13
1,0.39,135,138,137,138,1708828821.3
1,0.39,135,138,137,138,1708828821.3
1,0.39,133,139,132,132,1708828821.47
1,-0.01,133,139,132,132,1708828821.47
1,-0.01,124,138,121,131,1708828821.64
1,-0.01,124,138,121,131,1708828821.79
1,-0.01,124,138,121,131,1708828821.79
1,-0.01,124,138,121,131,1708828821.96
1,-0.01,124,138,121,131,1708828821.96
1,-0.01,124,138,121,131,1708828822.12
1,-0.01,133,136,132,136,1708828822.29
1,-0.01,133,136,132,136,1708828822.29
1,-0.01,133,136,132,136,1708828822.45
1,-0.01,133,136,132,136,1708828822.45
1,-0.01,133,135,134,135,1708828822.61
0,0,133,135,134,135,1708828822.77
0,0,133,135,134,135,1708828822.77
0,0,133,135,134,135,1708828822.95
0,0,121,124,123,122,1708828823.11
0.62,-0.01,121,124,123,122,1708828823.11
1,-0.01,121,124,123,122,1708828823.27
1,-0.01,121,124,123,122,1708828823.43
1,-0.01,121,124,123,122,1708828823.43
1,-0.01,121,124,123,122,1708828823.6
1,-0.01,121,124,123,122,1708828823.6
1,0.39,121,124,123,122,1708828823.75
1,0.39,121,124,123,122,1708828823.91
1,0.39,121,124,123,122,1708828823.91
1,0.39,121,124,123,122,1708828824.07
1,-0.01,121,124,123,122,1708828824.22
1,-0.01,121,124,123,122,1708828824.22
1,-0.01,121,124,123,122,1708828824.38
1,-0.01,119,133,120,120,1708828824.55
1,-0.01,119,133,120,120,1708828824.55
1,-0.01,119,133,120,120,1708828824.71
1,-0.01,119,133,120,120,1708828824.87
1,-0.01,119,133,120,120,1708828824.87
1,-0.01,134,135,133,134,1708828825.05
1,-0.01,134,135,133,134,1708828825.05
0.67,-0.01,136,138,135,140,1708828825.22
0.64,-0.01,136,138,135,140,1708828825.38
0.62,-0.01,136,138,135,140,1708828825.38
0.62,-0.01,125,126,124,129,1708828825.53
0.61,-0.01,113,114,112,119,1708828825.69
0.86,-0.01,113,114,112,119,1708828825.69
1,-0.01,109,107,107,109,1708828825.84
1,-0.01,109,107,107,109,1708828825.99
1,-0.01,109,107,107,109,1708828825.99
1,-0.01,109,107,107,109,1708828826.15
1,-0.01,109,107,107,109,1708828826.3
1,0.39,109,107,107,109,1708828826.3
1,0.39,52,53,52,52,1708828826.46
1,0.39,52,53,52,52,1708828826.64
0.63,-0.01,52,53,52,52,1708828826.64
0,0,52,53,52,52,1708828827.05
0,0,52,53,52,52,1708828827.05
0,0,52,53,52,52,1708828827.05
0,0,52,53,52,52,1708828827.05
1,-0.01,52,53,52,52,1708828827.2
1,-0.01,-131,134,-113,119,1708828827.39
1,-0.01,-131,134,-113,119,1708828827.39
0.9,-0.01,-131,134,-113,119,1708828827.55
0.15,-0.01,-131,134,-113,119,1708828827.55
0.15,-0.01,-131,134,-113,119,1708828827.72
0.15,-0.01,78,88,78,80,1708828827.89
0.15,-0.01,78,88,78,80,1708828827.89
0.15,-0.01,85,86,86,86,1708828828.05
0.87,-0.01,85,86,86,86,1708828828.05
1,-0.01,56,55,53,56,1708828828.23
1,-0.01,56,55,53,56,1708828828.41
1,-0.01,56,55,53,56,1708828828.41
1,-0.01,56,55,53,56,1708828828.59
1,-0.01,56,55,53,56,1708828828.76
1,-0.01,56,55,53,56,1708828828.76
1,-0.01,94,95,87,93,1708828829.15
1,-0.01,94,95,87,93,1708828829.15
1,-0.01,94,95,87,93,1708828829.15
1,-0.01,94,95,87,93,1708828829.15
1,-0.01,116,118,109,118,1708828829.3
1,-0.01,116,118,109,118,1708828829.3
1,-0.01,116,118,109,118,1708828829.51
1,-0.01,116,118,109,118,1708828829.51
1,-0.01,-127,127,-126,130,1708828829.67
1,-0.01,-127,127,-126,130,1708828829.82
1,-0.01,-127,127,-126,130,1708828830.38
1,-0.01,-127,127,-126,130,1708828830.38
1,-0.01,-127,127,-126,130,1708828830.38
1,-0.01,-127,127,-126,130,1708828830.38
1,-0.01,-127,127,-126,130,1708828830.38
0.18,-0.01,-127,127,-126,130,1708828830.38
0.18,-0.01,132,138,137,135,1708828830.57
0.72,-0.01,132,138,137,135,1708828830.57
1,-0.01,132,138,137,135,1708828830.72
1,-0.01,122,123,117,126,1708828830.88
1,-0.01,112,112,111,111,1708828831.04
1,-0.01,112,112,111,111,1708828831.04
1,-0.01,120,120,120,120,1708828831.19
1,-0.01,120,120,120,120,1708828831.35
0.89,-0.01,120,120,120,120,1708828831.35
0.88,-0.01,120,120,120,120,1708828831.52
1,-0.01,120,120,120,120,1708828831.7
1,-0.01,120,120,120,120,1708828831.7
1,-0.01,120,120,120,120,1708828831.86
1,-0.01,120,120,120,120,1708828831.86
0,0,-124,124,-129,127,1708828832.05
0,0,-124,124,-129,127,1708828832.22
0,0,-124,124,-129,127,1708828832.22
0,0,101,104,102,102,1708828832.39
0,0,101,104,102,102,1708828832.39
0,0,89,89,86,89,1708828832.55
0,0,38,40,38,40,1708828832.71
0,0,38,40,38,40,1708828832.71
0,0,38,40,38,40,1708828832.89
0,0,38,40,38,40,1708828833.04
0,0,38,40,38,40,1708828833.04
0.24,-0.01,38,40,38,40,1708828833.2
1,-0.01,38,40,38,40,1708828833.38
1,-0.01,38,40,38,40,1708828833.38
1,-0.01,0,0,0,0,1708828833.54
1,-0.01,0,0,0,0,1708828833.72
1,-0.01,0,0,0,0,1708828833.72
1,-0.01,61,69,65,60,1708828833.89
1,-0.01,88,96,92,89,1708828834.09
1,-0.01,88,96,92,89,1708828834.24
1,-0.01,113,110,113,111,1708828834.4
1,-0.01,113,110,113,111,1708828834.4
1,-0.01,113,110,113,111,1708828834.56
1,-0.01,113,110,113,111,1708828834.72
0,0,113,110,113,111,1708828834.72
1,-0.01,124,129,124,124,1708828834.88
1,-0.01,124,129,124,124,1708828834.88
1,-0.01,123,127,124,124,1708828835.05
1,-0.01,123,127,124,124,1708828835.21
0,0,123,127,124,124,1708828835.21
0,0,113,115,113,113,1708828835.38
0.94,-0.01,113,115,113,113,1708828835.55
1,-0.01,113,115,113,113,1708828835.55
1,-0.01,98,98,97,100,1708828835.7
1,-0.01,81,84,84,83,1708828835.87
1,-0.01,81,84,84,83,1708828835.87
1,-0.01,102,100,100,101,1708828836.03
1,-0.01,102,100,100,101,1708828836.2
1,-0.01,102,100,100,101,1708828836.2
1,-0.01,116,121,117,116,1708828836.35
1,-0.01,120,123,124,122,1708828836.52
1,-0.01,120,123,124,122,1708828836.52
1,-0.01,124,130,126,123,1708828836.69
1,-0.01,131,132,130,133,1708828836.86
0,0,131,132,130,133,1708828836.86
0,0,131,132,130,133,1708828837.01
1,-0.01,131,132,130,133,1708828837.17
0.23,-0.01,131,132,130,133,1708828837.17
0.21,-0.01,131,132,130,133,1708828837.33
0,0,79,83,78,78,1708828837.48
0,0,79,83,78,78,1708828837.48
0,0,64,70,63,68,1708828837.64
1,-0.01,60,59,59,60,1708828837.83
1,-0.01,60,59,59,60,1708828837.83
1,-0.01,60,59,59,60,1708828837.99
1,-0.01,60,59,59,60,1708828838.15
1,-0.01,60,59,59,60,1708828838.15
1,-0.01,20,23,21,21,1708828838.31
1,-0.01,27,34,29,28,1708828838.49
1,-0.01,27,34,29,28,1708828838.49
1,-0.01,27,34,29,28,1708828838.65
1,-0.01,27,34,29,28,1708828838.81
1,-0.01,27,34,29,28,1708828838.81
1,-0.01,27,34,29,28,1708828838.97
1,-0.01,27,34,29,28,1708828838.97
1,-0.01,27,34,29,28,1708828839.12
1,-0.01,27,34,29,28,1708828839.29
1,-0.01,27,34,29,28,1708828839.29
1,-0.01,127,130,127,127,1708828839.45
1,-0.01,127,130,127,127,1708828839.62
1,-0.01,127,130,127,127,1708828839.62
1,0.39,127,130,127,127,1708828839.78
1,0.39,127,130,127,127,1708828839.94
1,0.17,127,130,127,127,1708828839.94
1,-0.01,110,133,109,134,1708828840.1
1,-0.01,104,132,105,132,1708828840.26
1,-0.01,128,130,127,131,1708828840.41
1,-0.01,128,130,127,131,1708828840.41
1,-0.01,128,130,127,131,1708828840.6
1,-0.01,136,136,136,138,1708828840.76
1,-0.01,136,136,136,138,1708828840.76
1,-0.01,136,136,136,138,1708828840.92
1,-0.01,136,136,136,138,1708828840.92
1,-0.01,137,138,136,138,1708828841.09
1,-0.01,130,140,132,133,1708828841.26
1,-0.01,130,140,132,133,1708828841.26
1,-0.01,136,136,136,138,1708828841.42
1,-0.01,136,136,136,138,1708828841.6
1,-0.01,136,136,136,138,1708828841.6
1,-0.01,132,133,130,135,1708828841.75
1,-0.01,132,133,130,135,1708828841.75
1,-0.01,133,138,136,135,1708828841.92
1,-0.01,127,138,126,127,1708828842.1
1,-0.01,127,138,126,127,1708828842.1
1,-0.01,133,135,132,133,1708828842.26
1,-0.01,133,135,132,133,1708828842.41
1,-0.01,133,135,132,133,1708828842.41
1,-0.01,128,138,137,129,1708828842.58
1,-0.01,132,134,125,133,1708828842.74
1,-0.01,132,134,125,133,1708828842.74
1,-0.01,132,134,125,133,1708828842.9
1,-0.01,132,134,125,133,1708828843.07
1,-0.01,132,134,125,133,1708828843.07
1,-0.01,135,134,134,138,1708828843.22
1,-0.01,135,134,134,138,1708828843.38
1,-0.01,135,134,134,138,1708828843.38
1,-0.01,135,134,134,138,1708828843.55
0.66,-0.01,133,137,135,134,1708828843.71
0,0,133,137,135,134,1708828843.71
0,0,133,137,135,134,1708828843.88
1,-0.01,133,137,135,134,1708828844.04
1,-0.01,133,137,135,134,1708828844.04
1,-0.01,73,72,70,71,1708828844.2
1,-0.01,75,77,69,75,1708828844.37
1,-0.01,75,77,69,75,1708828844.37
1,-0.01,92,90,86,92,1708828844.54
1,-0.01,92,90,86,92,1708828844.69
0,0,92,90,86,92,1708828844.69
0,0,92,90,86,92,1708828844.86
0,0,92,90,86,92,1708828845.03
1,-0.01,92,90,86,92,1708828845.03
1,-0.01,92,90,86,92,1708828845.19
1,-0.01,92,90,86,92,1708828845.36
1,-0.01,92,90,86,92,1708828845.36
1,-0.01,66,67,66,66,1708828845.52
1,-0.01,66,67,66,66,1708828845.68
1,-0.01,66,67,66,66,1708828845.68
1,-0.01,83,90,84,85,1708828845.84
1,-0.01,83,90,84,85,1708828846.01
1,-0.01,83,90,84,85,1708828846.01
1,-0.01,83,90,84,85,1708828846.17
1,-0.01,83,90,84,85,1708828846.33
1,-0.01,83,90,84,85,1708828846.33
1,-0.01,83,90,84,85,1708828846.48
1,-0.01,83,90,84,85,1708828846.65
1,0.39,83,90,84,85,1708828846.65
1,0.39,83,90,84,85,1708828846.81
1,-0.01,83,90,84,85,1708828846.97
1,-0.01,83,90,84,85,1708828846.97
1,-0.01,83,90,84,85,1708828847.13
1,-0.01,121,127,120,133,1708828847.29
1,-0.01,121,127,120,133,1708828847.29
1,-0.01,121,127,120,133,1708828847.46
1,-0.01,132,136,136,130,1708828847.63
1,-0.01,132,136,136,130,1708828847.63
1,-0.01,132,136,136,130,1708828847.8
1,-0.01,132,136,136,130,1708828847.99
1,-0.01,132,136,136,130,1708828847.99
1,-0.01,132,136,136,130,1708828848.16
0.85,-0.01,136,133,130,140,1708828848.32
0.8,-0.01,136,133,130,140,1708828848.32
0.79,-0.01,129,132,130,132,1708828848.49
0.79,-0.01,129,132,130,132,1708828848.49
1,-0.01,133,135,130,132,1708828848.66
1,-0.01,133,135,130,132,1708828848.84
1,-0.01,133,135,130,132,1708828848.84
1,-0.01,133,135,130,132,1708828849.21
1,-0.01,133,135,130,132,1708828849.21
1,0.39,133,135,130,132,1708828849.21
1,0.39,-125,131,-127,124,1708828849.38
1,0.39,-125,131,-127,124,1708828849.38
1,0.39,-127,130,-127,130,1708828849.59
1,0.39,-127,130,-127,130,1708828849.59
1,-0.01,-127,130,-127,130,1708828849.74
0,0,110,133,109,133,1708828849.91
0,0,110,133,109,133,1708828850.08
0,0,112,120,116,110,1708828850.25
1,-0.01,112,120,116,110,1708828850.25
1,-0.01,85,83,83,84,1708828850.43
1,-0.01,85,83,83,84,1708828850.59
1,-0.01,85,83,83,84,1708828850.59
0.24,-0.01,85,83,83,84,1708828850.76
0,0,85,83,83,84,1708828850.76
0.14,-0.01,90,90,82,94,1708828850.95
0.15,-0.01,90,90,82,94,1708828851.12
1,-0.01,90,90,82,94,1708828851.12
1,-0.01,90,90,82,94,1708828851.29
1,-0.01,90,90,82,94,1708828851.45
1,-0.01,90,90,82,94,1708828851.45
1,-0.01,80,86,80,80,1708828851.63
1,-0.01,89,91,90,90,1708828851.79
1,-0.01,89,91,90,90,1708828851.79
1,-0.01,89,91,90,90,1708828852.19
1,-0.01,89,91,90,90,1708828852.19
1,-0.01,89,91,90,90,1708828852.19
1,0.39,89,91,90,90,1708828852.19
1,0.39,-124,124,-125,126,1708828852.4
1,0.39,-127,125,-124,130,1708828852.56
1,0.39,-127,125,-124,130,1708828852.56
1,-0.01,110,130,108,135,1708828852.72
1,-0.01,94,126,96,139,1708828852.88
0.27,-0.01,94,126,96,139,1708828852.88
0,0,89,122,90,138,1708828853.03
0,0,122,126,118,128,1708828853.19
0,0,122,126,118,128,1708828853.35
0,0,122,126,118,128,1708828853.35
0,0,122,126,118,128,1708828853.5
0,0,122,126,118,128,1708828853.66
0,0,22,20,19,24,1708828853.84
0,0,22,20,19,24,1708828853.84
0,0,22,20,19,24,1708828854
0,0,22,20,19,24,1708828854
0,0,22,20,19,24,1708828854.16
0,0,22,20,19,24,1708828854.32
0,0,0,0,0,1,1708828854.48
0,0,0,0,0,1,1708828854.49
0,0,0,0,0,1,1708828854.64
0,0,0,0,0,1,1708828854.81
0,0,0,0,0,1,1708828854.81
0,0,0,0,0,0,1708828854.97
0,0,0,0,0,0,1708828855.14
0,0,0,0,0,0,1708828855.14
0.15,-0.01,0,0,0,0,1708828855.31
0.33,-0.01,0,0,0,0,1708828855.47
0.22,-0.01,0,0,0,0,1708828855.47
0,0,0,0,0,0,1708828855.63
0,0,0,0,0,0,1708828855.79
-1,-0.01,0,0,0,0,1708828855.79
-1,-0.01,0,0,0,0,1708828855.95
-1,-0.01,6,4,4,10,1708828856.13
-1,-0.01,-49,-50,-50,-60,1708828856.3
-1,-0.01,-49,-50,-50,-60,1708828856.3
-1,-0.01,-49,-50,-50,-60,1708828856.46
-1,-0.01,-49,-50,-50,-60,1708828856.46
-1,-0.01,-49,-50,-50,-60,1708828856.63
-1,-0.01,-113,-113,-112,-113,1708828856.8
0,0,-113,-113,-112,-113,1708828856.8
0,0,-116,-116,-115,-119,1708828856.95
0,0,-116,-116,-115,-119,1708828857.11
0,0,-116,-116,-115,-119,1708828857.11
0,0,-116,-116,-115,-119,1708828857.27
0,0,-116,-116,-115,-119,1708828857.43
0,0,-116,-116,-115,-119,1708828857.6
0,0,-116,-116,-115,-119,1708828857.6
0,0,-116,-116,-115,-119,1708828857.76
0,0,-116,-116,-115,-119,1708828857.76
0,0,-116,-116,-115,-119,1708828857.92
0,0,-4,-4,-4,-4,1708828858.08
0,0,-4,-4,-4,-4,1708828858.08
0,0,0,0,0,0,1708828858.25
0,0,0,0,0,0,1708828858.4
0,0,0,0,0,0,1708828858.4
0,0,0,0,0,0,1708828858.56
0,0,0,0,0,0,1708828858.72
0,0,0,0,0,0,1708828858.89
0,0,0,0,0,0,1708828858.89
0,0,0,0,0,0,1708828859.04
0,0,0,0,0,0,1708828859.21
0,0,0,0,0,0,1708828859.21
0,0,0,0,0,0,1708828859.37
0,0,0,0,0,0,1708828859.53
0,0,0,0,0,0,1708828859.53
0,0,0,0,0,0,1708828859.7
0,0,0,0,0,0,1708828859.85
0,0,0,0,0,0,1708828859.85
0,0,0,0,0,0,1708828860.17
0,0,0,0,0,0,1708828860.17
0,0,0,0,0,0,1708828860.33
0,0,0,0,0,0,1708828860.5
