frame_id,timestamp
0,1708828563.263
1,1708828563.313
2,1708828563.363
3,1708828563.413
4,1708828563.463
5,1708828563.513
6,1708828563.563
7,1708828563.613
8,1708828563.663
9,1708828563.713
10,1708828563.763
11,1708828563.813
12,1708828563.863
13,1708828563.913
14,1708828563.963
15,1708828564.013
16,1708828564.063
17,1708828564.113
18,1708828564.163
19,1708828564.213
20,1708828564.263
21,1708828564.313
22,1708828564.363
23,1708828564.413
24,1708828564.463
25,1708828564.513
26,1708828564.563
27,1708828564.613
28,1708828564.663
29,1708828564.713
30,1708828564.763
31,1708828564.813
32,1708828564.863
33,1708828564.913
34,1708828564.963
35,1708828565.013
36,1708828565.063
37,1708828565.113
38,1708828565.163
39,1708828565.213
40,1708828565.263
41,1708828565.313
42,1708828565.363
43,1708828565.413
44,1708828565.463
45,1708828565.513
46,1708828565.563
47,1708828565.613
48,1708828565.663
49,1708828565.713
50,1708828565.763
51,1708828565.813
52,1708828565.863
53,1708828565.913
54,1708828565.963
55,1708828566.013
56,1708828566.063
57,1708828566.113
58,1708828566.163
59,1708828566.213
60,1708828566.263
61,1708828566.313
62,1708828566.363
63,1708828566.413
64,1708828566.463
65,1708828566.513
66,1708828566.563
67,1708828566.613
68,1708828566.663
69,1708828566.713
70,1708828566.763
71,1708828566.813
72,1708828566.863
73,1708828566.913
74,1708828566.963
75,1708828567.013
76,1708828567.063
77,1708828567.113
78,1708828567.163
79,1708828567.213
80,1708828567.263
81,1708828567.313
82,1708828567.363
83,1708828567.413
84,1708828567.463
85,1708828567.513
86,1708828567.563
87,1708828567.613
88,1708828567.663
89,1708828567.713
90,1708828567.763
91,1708828567.813
92,1708828567.863
93,1708828567.913
94,1708828567.963
95,1708828568.013
96,1708828568.063
97,1708828568.113
98,1708828568.163
99,1708828568.213
100,1708828568.263
101,1708828568.313
102,1708828568.363
103,1708828568.413
104,1708828568.463
105,1708828568.513
106,1708828568.563
107,1708828568.613
108,1708828568.663
109,1708828568.713
110,1708828568.763
111,1708828568.813
112,1708828568.863
113,1708828568.913
114,1708828568.963
115,1708828569.013
116,1708828569.063
117,1708828569.113
118,1708828569.163
119,1708828569.213
120,1708828569.263
121,1708828569.313
122,1708828569.363
123,1708828569.413
124,1708828569.463
125,1708828569.513
126,1708828569.563
127,1708828569.613
128,1708828569.663
129,1708828569.713
130,1708828569.763
131,1708828569.813
132,1708828569.863
133,1708828569.913
134,1708828569.963
135,1708828570.013
136,1708828570.063
137,1708828570.113
138,1708828570.163
139,1708828570.213
140,1708828570.263
141,1708828570.313
142,1708828570.363
143,1708828570.413
144,1708828570.463
145,1708828570.513
146,1708828570.563
147,1708828570.613
148,1708828570.663
149,1708828570.713
150,1708828570.763
151,1708828570.813
152,1708828570.863
153,1708828570.913
154,1708828570.963
155,1708828571.013
156,1708828571.063
157,1708828571.113
158,1708828571.163
159,1708828571.213
160,1708828571.263
161,1708828571.313
162,1708828571.363
163,1708828571.413
164,1708828571.463
165,1708828571.513
166,1708828571.563
167,1708828571.613
168,1708828571.663
169,1708828571.713
170,1708828571.763
171,1708828571.813
172,1708828571.863
173,1708828571.913
174,1708828571.963
175,1708828572.013
176,1708828572.063
177,1708828572.113
178,1708828572.163
179,1708828572.213
180,1708828572.263
181,1708828572.313
182,1708828572.363
183,1708828572.413
184,1708828572.463
185,1708828572.513
186,1708828572.563
187,1708828572.613
188,1708828572.663
189,1708828572.713
190,1708828572.763
191,1708828572.813
192,1708828572.863
193,1708828572.913
194,1708828572.963
195,1708828573.013
196,1708828573.063
197,1708828573.113
198,1708828573.163
199,1708828573.213
200,1708828573.263
201,1708828573.313
202,1708828573.363
203,1708828573.413
204,1708828573.463
205,1708828573.513
206,1708828573.563
207,1708828573.613
208,1708828573.663
209,1708828573.713
210,1708828573.763
211,1708828573.813
212,1708828573.863
213,1708828573.913
214,1708828573.963
215,1708828574.013
216,1708828574.063
217,1708828574.113
218,1708828574.163
219,1708828574.213
220,1708828574.263
221,1708828574.313
222,1708828574.363
223,1708828574.413
224,1708828574.463
225,1708828574.513
226,1708828574.563
227,1708828574.613
228,1708828574.663
229,1708828574.713
230,1708828574.763
231,1708828574.813
232,1708828574.863
233,1708828574.913
234,1708828574.963
235,1708828575.013
236,1708828575.063
237,1708828575.113
238,1708828575.163
239,1708828575.213
240,1708828575.263
241,1708828575.313
242,1708828575.363
243,1708828575.413
244,1708828575.463
245,1708828575.513
246,1708828575.563
247,1708828575.613
248,1708828575.663
249,1708828575.713
250,1708828575.763
251,1708828575.813
252,1708828575.863
253,1708828575.913
254,1708828575.963
255,1708828576.013
256,1708828576.063
257,1708828576.113
258,1708828576.163
259,1708828576.213
260,1708828576.263
261,1708828576.313
262,1708828576.363
263,1708828576.413
264,1708828576.463
265,1708828576.513
266,1708828576.563
267,1708828576.613
268,1708828576.663
269,1708828576.713
270,1708828576.763
271,1708828576.813
272,1708828576.863
273,1708828576.913
274,1708828576.963
275,1708828577.013
276,1708828577.063
277,1708828577.113
278,1708828577.163
279,1708828577.213
280,1708828577.263
281,1708828577.313
282,1708828577.363
283,1708828577.413
284,1708828577.463
285,1708828577.513
286,1708828577.563
287,1708828577.613
288,1708828577.663
289,1708828577.713
290,1708828577.763
291,1708828577.813
292,1708828577.863
293,1708828577.913
294,1708828577.963
295,1708828578.013
296,1708828578.063
297,1708828578.113
298,1708828578.163
299,1708828578.213
300,1708828578.263
301,1708828578.313
302,1708828578.363
303,1708828578.413
304,1708828578.463
305,1708828578.513
306,1708828578.563
307,1708828578.613
308,1708828578.663
309,1708828578.713
310,1708828578.763
311,1708828578.813
312,1708828578.863
313,1708828578.913
314,1708828578.963
315,1708828579.013
316,1708828579.063
317,1708828579.113
318,1708828579.163
319,1708828579.213
320,1708828579.263
321,1708828579.313
322,1708828579.363
323,1708828579.413
324,1708828579.463
325,1708828579.513
326,1708828579.563
327,1708828579.613
328,1708828579.663
329,1708828579.713
330,1708828579.763
331,1708828579.813
332,1708828579.863
333,1708828579.913
334,1708828579.963
335,1708828580.013
336,1708828580.063
337,1708828580.113
338,1708828580.163
339,1708828580.213
340,1708828580.263
341,1708828580.313
342,1708828580.363
343,1708828580.413
344,1708828580.463
345,1708828580.513
346,1708828580.563
347,1708828580.613
348,1708828580.663
349,1708828580.713
350,1708828580.763
351,1708828580.813
352,1708828580.863
353,1708828580.913
354,1708828580.963
355,1708828581.013
356,1708828581.063
357,1708828581.113
358,1708828581.163
359,1708828581.213
360,1708828581.263
361,1708828581.313
362,1708828581.363
363,1708828581.413
364,1708828581.463
365,1708828581.513
366,1708828581.563
367,1708828581.613
368,1708828581.663
369,1708828581.713
370,1708828581.763
371,1708828581.813
372,1708828581.863
373,1708828581.913
374,1708828581.963
375,1708828582.013
376,1708828582.063
377,1708828582.113
378,1708828582.163
379,1708828582.213
380,1708828582.263
381,1708828582.313
382,1708828582.363
383,1708828582.413
384,1708828582.463
385,1708828582.513
386,1708828582.563
387,1708828582.613
388,1708828582.663
389,1708828582.713
390,1708828582.763
391,1708828582.813
392,1708828582.863
393,1708828582.913
394,1708828582.963
395,1708828583.013
396,1708828583.063
397,1708828583.113
398,1708828583.163
399,1708828583.213
400,1708828583.263
401,1708828583.313
402,1708828583.363
403,1708828583.413
404,1708828583.463
405,1708828583.513
406,1708828583.563
407,1708828583.613
408,1708828583.663
409,1708828583.713
410,1708828583.763
411,1708828583.813
412,1708828583.863
413,1708828583.913
414,1708828583.963
415,1708828584.013
416,1708828584.063
417,1708828584.113
418,1708828584.163
419,1708828584.213
420,1708828584.263
421,1708828584.313
422,1708828584.363
423,1708828584.413
424,1708828584.463
425,1708828584.513
426,1708828584.563
427,1708828584.613
428,1708828584.663
429,1708828584.713
430,1708828584.763
431,1708828584.813
432,1708828584.863
433,1708828584.913
434,1708828584.963
435,1708828585.013
436,1708828585.063
437,1708828585.113
438,1708828585.163
439,1708828585.213
440,1708828585.263
441,1708828585.313
442,1708828585.363
443,1708828585.413
444,1708828585.463
445,1708828585.513
446,1708828585.563
447,1708828585.613
448,1708828585.663
449,1708828585.713
450,1708828585.763
451,1708828585.813
452,1708828585.863
453,1708828585.913
454,1708828585.963
455,1708828586.013
456,1708828586.063
457,1708828586.113
458,1708828586.163
459,1708828586.213
460,1708828586.263
461,1708828586.313
462,1708828586.363
463,1708828586.413
464,1708828586.463
465,1708828586.513
466,1708828586.563
467,1708828586.613
468,1708828586.663
469,1708828586.713
470,1708828586.763
471,1708828586.813
472,1708828586.863
473,1708828586.913
474,1708828586.963
475,1708828587.013
476,1708828587.063
477,1708828587.113
478,1708828587.163
479,1708828587.213
480,1708828587.263
481,1708828587.313
482,1708828587.363
483,1708828587.413
484,1708828587.463
485,1708828587.513
486,1708828587.563
487,1708828587.613
488,1708828587.663
489,1708828587.713
490,1708828587.763
491,1708828587.813
492,1708828587.863
493,1708828587.913
494,1708828587.963
495,1708828588.013
496,1708828588.063
497,1708828588.113
498,1708828588.163
499,1708828588.213
500,1708828588.263
501,1708828588.313
502,1708828588.363
503,1708828588.413
504,1708828588.463
505,1708828588.513
506,1708828588.563
507,1708828588.613
508,1708828588.663
509,1708828588.713
510,1708828588.763
511,1708828588.813
512,1708828588.863
513,1708828588.913
514,1708828588.963
515,1708828589.013
516,1708828589.063
517,1708828589.113
518,1708828589.163
519,1708828589.213
520,1708828589.263
521,1708828589.313
522,1708828589.363
523,1708828589.413
524,1708828589.463
525,1708828589.513
526,1708828589.563
527,1708828589.613
528,1708828589.663
529,1708828589.713
530,1708828589.763
531,1708828589.813
532,1708828589.863
533,1708828589.913
534,1708828589.963
535,1708828590.013
536,1708828590.063
537,1708828590.113
538,1708828590.163
539,1708828590.213
540,1708828590.263
541,1708828590.313
542,1708828590.363
543,1708828590.413
544,1708828590.463
545,1708828590.513
546,1708828590.563
547,1708828590.613
548,1708828590.663
549,1708828590.713
550,1708828590.763
551,1708828590.813
552,1708828590.863
553,1708828590.913
554,1708828590.963
555,1708828591.013
556,1708828591.063
557,1708828591.113
558,1708828591.163
559,1708828591.213
560,1708828591.263
561,1708828591.313
562,1708828591.363
563,1708828591.413
564,1708828591.463
565,1708828591.513
566,1708828591.563
567,1708828591.613
568,1708828591.663
569,1708828591.713
570,1708828591.763
571,1708828591.813
572,1708828591.863
573,1708828591.913
574,1708828591.963
575,1708828592.013
576,1708828592.063
577,1708828592.113
578,1708828592.163
579,1708828592.213
580,1708828592.263
581,1708828592.313
582,1708828592.363
583,1708828592.413
584,1708828592.463
585,1708828592.513
586,1708828592.563
587,1708828592.613
588,1708828592.663
589,1708828592.713
590,1708828592.763
591,1708828592.813
592,1708828592.863
593,1708828592.913
594,1708828592.963
595,1708828593.013
596,1708828593.063
597,1708828593.113
598,1708828593.163
599,1708828593.213
600,1708828593.263
601,1708828593.313
602,1708828593.363
603,1708828593.413
604,1708828593.463
605,1708828593.513
606,1708828593.563
607,1708828593.613
608,1708828593.663
609,1708828593.713
610,1708828593.763
611,1708828593.813
612,1708828593.863
613,1708828593.913
614,1708828593.963
615,1708828594.013
616,1708828594.063
617,1708828594.113
618,1708828594.163
619,1708828594.213
620,1708828594.263
621,1708828594.313
622,1708828594.363
623,1708828594.413
624,1708828594.463
625,1708828594.513
626,1708828594.563
627,1708828594.613
628,1708828594.663
629,1708828594.713
630,1708828594.763
631,1708828594.813
632,1708828594.863
633,1708828594.913
634,1708828594.963
635,1708828595.013
636,1708828595.063
637,1708828595.113
638,1708828595.163
639,1708828595.213
640,1708828595.263
641,1708828595.313
642,1708828595.363
643,1708828595.413
644,1708828595.463
645,1708828595.513
646,1708828595.563
647,1708828595.613
648,1708828595.663
649,1708828595.713
650,1708828595.763
651,1708828595.813
652,1708828595.863
653,1708828595.913
654,1708828595.963
655,1708828596.013
656,1708828596.063
657,1708828596.113
658,1708828596.163
659,1708828596.213
660,1708828596.263
661,1708828596.313
662,1708828596.363
663,1708828596.413
664,1708828596.463
665,1708828596.513
666,1708828596.563
667,1708828596.613
668,1708828596.663
669,1708828596.713
670,1708828596.763
671,1708828596.813
672,1708828596.863
673,1708828596.913
674,1708828596.963
675,1708828597.013
676,1708828597.063
677,1708828597.113
678,1708828597.163
679,1708828597.213
680,1708828597.263
681,1708828597.313
682,1708828597.363
683,1708828597.413
684,1708828597.463
685,1708828597.513
686,1708828597.563
687,1708828597.613
688,1708828597.663
689,1708828597.713
690,1708828597.763
691,1708828597.813
692,1708828597.863
693,1708828597.913
694,1708828597.963
695,1708828598.013
696,1708828598.063
697,1708828598.113
698,1708828598.163
699,1708828598.213
700,1708828598.263
701,1708828598.313
702,1708828598.363
703,1708828598.413
704,1708828598.463
705,1708828598.513
706,1708828598.563
707,1708828598.613
708,1708828598.663
709,1708828598.713
710,1708828598.763
711,1708828598.813
712,1708828598.863
713,1708828598.913
714,1708828598.963
715,1708828599.013
716,1708828599.063
717,1708828599.113
718,1708828599.163
719,1708828599.213
720,1708828599.263
721,1708828599.313
722,1708828599.363
723,1708828599.413
724,1708828599.463
725,1708828599.513
726,1708828599.563
727,1708828599.613
728,1708828599.663
729,1708828599.713
730,1708828599.763
731,1708828599.813
732,1708828599.863
733,1708828599.913
734,1708828599.963
735,1708828600.013
736,1708828600.063
737,1708828600.113
738,1708828600.163
739,1708828600.213
740,1708828600.263
741,1708828600.313
742,1708828600.363
743,1708828600.413
744,1708828600.463
745,1708828600.513
746,1708828600.563
747,1708828600.613
748,1708828600.663
749,1708828600.713
750,1708828600.763
751,1708828600.813
752,1708828600.863
753,1708828600.913
754,1708828600.963
755,1708828601.013
756,1708828601.063
757,1708828601.113
758,1708828601.163
759,1708828601.213
760,1708828601.263
761,1708828601.313
762,1708828601.363
763,1708828601.413
764,1708828601.463
765,1708828601.513
766,1708828601.563
767,1708828601.613
768,1708828601.663
769,1708828601.713
770,1708828601.763
771,1708828601.813
772,1708828601.863
773,1708828601.913
774,1708828601.963
775,1708828602.013
776,1708828602.063
777,1708828602.113
778,1708828602.163
779,1708828602.213
780,1708828602.263
781,1708828602.313
782,1708828602.363
783,1708828602.413
784,1708828602.463
785,1708828602.513
786,1708828602.563
787,1708828602.613
788,1708828602.663
789,1708828602.713
790,1708828602.763
791,1708828602.813
792,1708828602.863
793,1708828602.913
794,1708828602.963
795,1708828603.013
796,1708828603.063
797,1708828603.113
798,1708828603.163
799,1708828603.213
800,1708828603.263
801,1708828603.313
802,1708828603.363
803,1708828603.413
804,1708828603.463
805,1708828603.513
806,1708828603.563
807,1708828603.613
808,1708828603.663
809,1708828603.713
810,1708828603.763
811,1708828603.813
812,1708828603.863
813,1708828603.913
814,1708828603.963
815,1708828604.013
816,1708828604.063
817,1708828604.113
818,1708828604.163
819,1708828604.213
820,1708828604.263
821,1708828604.313
822,1708828604.363
823,1708828604.413
824,1708828604.463
825,1708828604.513
826,1708828604.563
827,1708828604.613
828,1708828604.663
829,1708828604.713
830,1708828604.763
831,1708828604.813
832,1708828604.863
833,1708828604.913
834,1708828604.963
835,1708828605.013
836,1708828605.063
837,1708828605.113
838,1708828605.163
839,1708828605.213
840,1708828605.263
841,1708828605.313
842,1708828605.363
843,1708828605.413
844,1708828605.463
845,1708828605.513
846,1708828605.563
847,1708828605.613
848,1708828605.663
849,1708828605.713
850,1708828605.763
851,1708828605.813
852,1708828605.863
853,1708828605.913
854,1708828605.963
855,1708828606.013
856,1708828606.063
857,1708828606.113
858,1708828606.163
859,1708828606.213
860,1708828606.263
861,1708828606.313
862,1708828606.363
863,1708828606.413
864,1708828606.463
865,1708828606.513
866,1708828606.563
867,1708828606.613
868,1708828606.663
869,1708828606.713
870,1708828606.763
871,1708828606.813
872,1708828606.863
873,1708828606.913
874,1708828606.963
875,1708828607.013
876,1708828607.063
877,1708828607.113
878,1708828607.163
879,1708828607.213
880,1708828607.263
881,1708828607.313
882,1708828607.363
883,1708828607.413
884,1708828607.463
885,1708828607.513
886,1708828607.563
887,1708828607.613
888,1708828607.663
889,1708828607.713
890,1708828607.763
891,1708828607.813
892,1708828607.863
893,1708828607.913
894,1708828607.963
895,1708828608.013
896,1708828608.063
897,1708828608.113
898,1708828608.163
899,1708828608.213
900,1708828608.263
901,1708828608.313
902,1708828608.363
903,1708828608.413
904,1708828608.463
905,1708828608.513
906,1708828608.563
907,1708828608.613
908,1708828608.663
909,1708828608.713
910,1708828608.763
911,1708828608.813
912,1708828608.863
913,1708828608.913
914,1708828608.963
915,1708828609.013
916,1708828609.063
917,1708828609.113
918,1708828609.163
919,1708828609.213
920,1708828609.263
921,1708828609.313
922,1708828609.363
923,1708828609.413
924,1708828609.463
925,1708828609.513
926,1708828609.563
927,1708828609.613
928,1708828609.663
929,1708828609.713
930,1708828609.763
931,1708828609.813
932,1708828609.863
933,1708828609.913
934,1708828609.963
935,1708828610.013
936,1708828610.063
937,1708828610.113
938,1708828610.163
939,1708828610.213
940,1708828610.263
941,1708828610.313
942,1708828610.363
943,1708828610.413
944,1708828610.463
945,1708828610.513
946,1708828610.563
947,1708828610.613
948,1708828610.663
949,1708828610.713
950,1708828610.763
951,1708828610.813
952,1708828610.863
953,1708828610.913
954,1708828610.963
955,1708828611.013
956,1708828611.063
957,1708828611.113
958,1708828611.163
959,1708828611.213
960,1708828611.263
961,1708828611.313
962,1708828611.363
963,1708828611.413
964,1708828611.463
965,1708828611.513
966,1708828611.563
967,1708828611.613
968,1708828611.663
969,1708828611.713
970,1708828611.763
971,1708828611.813
972,1708828611.863
973,1708828611.913
974,1708828611.963
975,1708828612.013
976,1708828612.063
977,1708828612.113
978,1708828612.163
979,1708828612.213
980,1708828612.263
981,1708828612.313
982,1708828612.363
983,1708828612.413
984,1708828612.463
985,1708828612.513
986,1708828612.563
987,1708828612.613
988,1708828612.663
989,1708828612.713
990,1708828612.763
991,1708828612.813
992,1708828612.863
993,1708828612.913
994,1708828612.963
995,1708828613.013
996,1708828613.063
997,1708828613.113
998,1708828613.163
999,1708828613.213
1000,1708828613.263
1001,1708828613.313
1002,1708828613.363
1003,1708828613.413
1004,1708828613.463
1005,1708828613.513
1006,1708828613.563
1007,1708828613.613
1008,1708828613.663
1009,1708828613.713
1010,1708828613.763
1011,1708828613.813
1012,1708828613.863
1013,1708828613.913
1014,1708828613.963
1015,1708828614.013
1016,1708828614.063
1017,1708828614.113
1018,1708828614.163
1019,1708828614.213
1020,1708828614.263
1021,1708828614.313
1022,1708828614.363
1023,1708828614.413
1024,1708828614.463
1025,1708828614.513
1026,1708828614.563
1027,1708828614.613
1028,1708828614.663
1029,1708828614.713
1030,1708828614.763
1031,1708828614.813
1032,1708828614.863
1033,1708828614.913
1034,1708828614.963
1035,1708828615.013
1036,1708828615.063
1037,1708828615.113
1038,1708828615.163
1039,1708828615.213
1040,1708828615.263
1041,1708828615.313
1042,1708828615.363
1043,1708828615.413
1044,1708828615.463
1045,1708828615.513
1046,1708828615.563
1047,1708828615.613
1048,1708828615.663
1049,1708828615.713
1050,1708828615.763
1051,1708828615.813
1052,1708828615.863
1053,1708828615.913
1054,1708828615.963
1055,1708828616.013
1056,1708828616.063
1057,1708828616.113
1058,1708828616.163
1059,1708828616.213
1060,1708828616.263
1061,1708828616.313
1062,1708828616.363
1063,1708828616.413
1064,1708828616.463
1065,1708828616.513
1066,1708828616.563
1067,1708828616.613
1068,1708828616.663
1069,1708828616.713
1070,1708828616.763
1071,1708828616.813
1072,1708828616.863
1073,1708828616.913
1074,1708828616.963
1075,1708828617.013
1076,1708828617.063
1077,1708828617.113
1078,1708828617.163
1079,1708828617.213
1080,1708828617.263
1081,1708828617.313
1082,1708828617.363
1083,1708828617.413
1084,1708828617.463
1085,1708828617.513
1086,1708828617.563
1087,1708828617.613
1088,1708828617.663
1089,1708828617.713
1090,1708828617.763
1091,1708828617.813
1092,1708828617.863
1093,1708828617.913
1094,1708828617.963
1095,1708828618.013
1096,1708828618.063
1097,1708828618.113
1098,1708828618.163
1099,1708828618.213
1100,1708828618.263
1101,1708828618.313
1102,1708828618.363
1103,1708828618.413
1104,1708828618.463
1105,1708828618.513
1106,1708828618.563
1107,1708828618.613
1108,1708828618.663
1109,1708828618.713
1110,1708828618.763
1111,1708828618.813
1112,1708828618.863
1113,1708828618.913
1114,1708828618.963
1115,1708828619.013
1116,1708828619.063
1117,1708828619.113
1118,1708828619.163
1119,1708828619.213
1120,1708828619.263
1121,1708828619.313
1122,1708828619.363
1123,1708828619.413
1124,1708828619.463
1125,1708828619.513
1126,1708828619.563
1127,1708828619.613
1128,1708828619.663
1129,1708828619.713
1130,1708828619.763
1131,1708828619.813
1132,1708828619.863
1133,1708828619.913
1134,1708828619.963
1135,1708828620.013
1136,1708828620.063
1137,1708828620.113
1138,1708828620.163
1139,1708828620.213
1140,1708828620.263
1141,1708828620.313
1142,1708828620.363
1143,1708828620.413
1144,1708828620.463
1145,1708828620.513
1146,1708828620.563
1147,1708828620.613
1148,1708828620.663
1149,1708828620.713
1150,1708828620.763
1151,1708828620.813
1152,1708828620.863
1153,1708828620.913
1154,1708828620.963
1155,1708828621.013
1156,1708828621.063
1157,1708828621.113
1158,1708828621.163
1159,1708828621.213
1160,1708828621.263
1161,1708828621.313
1162,1708828621.363
1163,1708828621.413
1164,1708828621.463
1165,1708828621.513
1166,1708828621.563
1167,1708828621.613
1168,1708828621.663
1169,1708828621.713
1170,1708828621.763
1171,1708828621.813
1172,1708828621.863
1173,1708828621.913
1174,1708828621.963
1175,1708828622.013
1176,1708828622.063
1177,1708828622.113
1178,1708828622.163
1179,1708828622.213
1180,1708828622.263
1181,1708828622.313
1182,1708828622.363
1183,1708828622.413
1184,1708828622.463
1185,1708828622.513
1186,1708828622.563
1187,1708828622.613
1188,1708828622.663
1189,1708828622.713
1190,1708828622.763
1191,1708828622.813
1192,1708828622.863
1193,1708828622.913
1194,1708828622.963
1195,1708828623.013
1196,1708828623.063
1197,1708828623.113
1198,1708828623.163
1199,1708828623.213
1200,1708828623.263
1201,1708828623.313
1202,1708828623.363
1203,1708828623.413
1204,1708828623.463
1205,1708828623.513
1206,1708828623.563
1207,1708828623.613
1208,1708828623.663
1209,1708828623.713
1210,1708828623.763
1211,1708828623.813
1212,1708828623.863
1213,1708828623.913
1214,1708828623.963
1215,1708828624.013
1216,1708828624.063
1217,1708828624.113
1218,1708828624.163
1219,1708828624.213
1220,1708828624.263
1221,1708828624.313
1222,1708828624.363
1223,1708828624.413
1224,1708828624.463
1225,1708828624.513
1226,1708828624.563
1227,1708828624.613
1228,1708828624.663
1229,1708828624.713
1230,1708828624.763
1231,1708828624.813
1232,1708828624.863
1233,1708828624.913
1234,1708828624.963
1235,1708828625.013
1236,1708828625.063
1237,1708828625.113
1238,1708828625.163
1239,1708828625.213
1240,1708828625.263
1241,1708828625.313
1242,1708828625.363
1243,1708828625.413
1244,1708828625.463
1245,1708828625.513
1246,1708828625.563
1247,1708828625.613
1248,1708828625.663
1249,1708828625.713
1250,1708828625.763
1251,1708828625.813
1252,1708828625.863
1253,1708828625.913
1254,1708828625.963
1255,1708828626.013
1256,1708828626.063
1257,1708828626.113
1258,1708828626.163
1259,1708828626.213
1260,1708828626.263
1261,1708828626.313
1262,1708828626.363
1263,1708828626.413
1264,1708828626.463
1265,1708828626.513
1266,1708828626.563
1267,1708828626.613
1268,1708828626.663
1269,1708828626.713
1270,1708828626.763
1271,1708828626.813
1272,1708828626.863
1273,1708828626.913
1274,1708828626.963
1275,1708828627.013
1276,1708828627.063
1277,1708828627.113
1278,1708828627.163
1279,1708828627.213
1280,1708828627.263
1281,1708828627.313
1282,1708828627.363
1283,1708828627.413
1284,1708828627.463
1285,1708828627.513
1286,1708828627.563
1287,1708828627.613
1288,1708828627.663
1289,1708828627.713
1290,1708828627.763
1291,1708828627.813
1292,1708828627.863
1293,1708828627.913
1294,1708828627.963
1295,1708828628.013
1296,1708828628.063
1297,1708828628.113
1298,1708828628.163
1299,1708828628.213
1300,1708828628.263
1301,1708828628.313
1302,1708828628.363
1303,1708828628.413
1304,1708828628.463
1305,1708828628.513
1306,1708828628.563
1307,1708828628.613
1308,1708828628.663
1309,1708828628.713
1310,1708828628.763
1311,1708828628.813
1312,1708828628.863
1313,1708828628.913
1314,1708828628.963
1315,1708828629.013
1316,1708828629.063
1317,1708828629.113
1318,1708828629.163
1319,1708828629.213
1320,1708828629.263
1321,1708828629.313
1322,1708828629.363
1323,1708828629.413
1324,1708828629.463
1325,1708828629.513
1326,1708828629.563
1327,1708828629.613
1328,1708828629.663
1329,1708828629.713
1330,1708828629.763
1331,1708828629.813
1332,1708828629.863
1333,1708828629.913
1334,1708828629.963
1335,1708828630.013
1336,1708828630.063
1337,1708828630.113
1338,1708828630.163
1339,1708828630.213
1340,1708828630.263
1341,1708828630.313
1342,1708828630.363
1343,1708828630.413
1344,1708828630.463
1345,1708828630.513
1346,1708828630.563
1347,1708828630.613
1348,1708828630.663
1349,1708828630.713
1350,1708828630.763
1351,1708828630.813
1352,1708828630.863
1353,1708828630.913
1354,1708828630.963
1355,1708828631.013
1356,1708828631.063
1357,1708828631.113
1358,1708828631.163
1359,1708828631.213
1360,1708828631.263
1361,1708828631.313
1362,1708828631.363
1363,1708828631.413
1364,1708828631.463
1365,1708828631.513
1366,1708828631.563
1367,1708828631.613
1368,1708828631.663
1369,1708828631.713
1370,1708828631.763
1371,1708828631.813
1372,1708828631.863
1373,1708828631.913
1374,1708828631.963
1375,1708828632.013
1376,1708828632.063
1377,1708828632.113
1378,1708828632.163
1379,1708828632.213
1380,1708828632.263
1381,1708828632.313
1382,1708828632.363
1383,1708828632.413
1384,1708828632.463
1385,1708828632.513
1386,1708828632.563
1387,1708828632.613
1388,1708828632.663
1389,1708828632.713
1390,1708828632.763
1391,1708828632.813
1392,1708828632.863
1393,1708828632.913
1394,1708828632.963
1395,1708828633.013
1396,1708828633.063
1397,1708828633.113
1398,1708828633.163
1399,1708828633.213
1400,1708828633.263
1401,1708828633.313
1402,1708828633.363
1403,1708828633.413
1404,1708828633.463
1405,1708828633.513
1406,1708828633.563
1407,1708828633.613
1408,1708828633.663
1409,1708828633.713
1410,1708828633.763
1411,1708828633.813
1412,1708828633.863
1413,1708828633.913
1414,1708828633.963
1415,1708828634.013
1416,1708828634.063
1417,1708828634.113
1418,1708828634.163
1419,1708828634.213
1420,1708828634.263
1421,1708828634.313
1422,1708828634.363
1423,1708828634.413
1424,1708828634.463
1425,1708828634.513
1426,1708828634.563
1427,1708828634.613
1428,1708828634.663
1429,1708828634.713
1430,1708828634.763
1431,1708828634.813
1432,1708828634.863
1433,1708828634.913
1434,1708828634.963
1435,1708828635.013
1436,1708828635.063
1437,1708828635.113
1438,1708828635.163
1439,1708828635.213
1440,1708828635.263
1441,1708828635.313
1442,1708828635.363
1443,1708828635.413
1444,1708828635.463
1445,1708828635.513
1446,1708828635.563
1447,1708828635.613
1448,1708828635.663
1449,1708828635.713
1450,1708828635.763
1451,1708828635.813
1452,1708828635.863
1453,1708828635.913
1454,1708828635.963
1455,1708828636.013
1456,1708828636.063
1457,1708828636.113
1458,1708828636.163
1459,1708828636.213
1460,1708828636.263
1461,1708828636.313
1462,1708828636.363
1463,1708828636.413
1464,1708828636.463
1465,1708828636.513
1466,1708828636.563
1467,1708828636.613
1468,1708828636.663
1469,1708828636.713
1470,1708828636.763
1471,1708828636.813
1472,1708828636.863
1473,1708828636.913
1474,1708828636.963
1475,1708828637.013
1476,1708828637.063
1477,1708828637.113
1478,1708828637.163
1479,1708828637.213
1480,1708828637.263
1481,1708828637.313
1482,1708828637.363
1483,1708828637.413
1484,1708828637.463
1485,1708828637.513
1486,1708828637.563
1487,1708828637.613
1488,1708828637.663
1489,1708828637.713
1490,1708828637.763
1491,1708828637.813
1492,1708828637.863
1493,1708828637.913
1494,1708828637.963
1495,1708828638.013
1496,1708828638.063
1497,1708828638.113
1498,1708828638.163
1499,1708828638.213
1500,1708828638.263
1501,1708828638.313
1502,1708828638.363
1503,1708828638.413
1504,1708828638.463
1505,1708828638.513
1506,1708828638.563
1507,1708828638.613
1508,1708828638.663
1509,1708828638.713
1510,1708828638.763
1511,1708828638.813
1512,1708828638.863
1513,1708828638.913
1514,1708828638.963
1515,1708828639.013
1516,1708828639.063
1517,1708828639.113
1518,1708828639.163
1519,1708828639.213
1520,1708828639.263
1521,1708828639.313
1522,1708828639.363
1523,1708828639.413
1524,1708828639.463
1525,1708828639.513
1526,1708828639.563
1527,1708828639.613
1528,1708828639.663
1529,1708828639.713
1530,1708828639.763
1531,1708828639.813
1532,1708828639.863
1533,1708828639.913
1534,1708828639.963
1535,1708828640.013
1536,1708828640.063
1537,1708828640.113
1538,1708828640.163
1539,1708828640.213
1540,1708828640.263
1541,1708828640.313
1542,1708828640.363
1543,1708828640.413
1544,1708828640.463
1545,1708828640.513
1546,1708828640.563
1547,1708828640.613
1548,1708828640.663
1549,1708828640.713
1550,1708828640.763
1551,1708828640.813
1552,1708828640.863
1553,1708828640.913
1554,1708828640.963
1555,1708828641.013
1556,1708828641.063
1557,1708828641.113
1558,1708828641.163
1559,1708828641.213
1560,1708828641.263
1561,1708828641.313
1562,1708828641.363
1563,1708828641.413
1564,1708828641.463
1565,1708828641.513
1566,1708828641.563
1567,1708828641.613
1568,1708828641.663
1569,1708828641.713
1570,1708828641.763
1571,1708828641.813
1572,1708828641.863
1573,1708828641.913
1574,1708828641.963
1575,1708828642.013
1576,1708828642.063
1577,1708828642.113
1578,1708828642.163
1579,1708828642.213
1580,1708828642.263
1581,1708828642.313
1582,1708828642.363
1583,1708828642.413
1584,1708828642.463
1585,1708828642.513
1586,1708828642.563
1587,1708828642.613
1588,1708828642.663
1589,1708828642.713
1590,1708828642.763
1591,1708828642.813
1592,1708828642.863
1593,1708828642.913
1594,1708828642.963
1595,1708828643.013
1596,1708828643.063
1597,1708828643.113
1598,1708828643.163
1599,1708828643.213
1600,1708828643.263
1601,1708828643.313
1602,1708828643.363
1603,1708828643.413
1604,1708828643.463
1605,1708828643.513
1606,1708828643.563
1607,1708828643.613
1608,1708828643.663
1609,1708828643.713
1610,1708828643.763
1611,1708828643.813
1612,1708828643.863
1613,1708828643.913
1614,1708828643.963
1615,1708828644.013
1616,1708828644.063
1617,1708828644.113
1618,1708828644.163
1619,1708828644.213
1620,1708828644.263
1621,1708828644.313
1622,1708828644.363
1623,1708828644.413
1624,1708828644.463
1625,1708828644.513
1626,1708828644.563
1627,1708828644.613
1628,1708828644.663
1629,1708828644.713
1630,1708828644.763
1631,1708828644.813
1632,1708828644.863
1633,1708828644.913
1634,1708828644.963
1635,1708828645.013
1636,1708828645.063
1637,1708828645.113
1638,1708828645.163
1639,1708828645.213
1640,1708828645.263
1641,1708828645.313
1642,1708828645.363
1643,1708828645.413
1644,1708828645.463
1645,1708828645.513
1646,1708828645.563
1647,1708828645.613
1648,1708828645.663
1649,1708828645.713
1650,1708828645.763
1651,1708828645.813
1652,1708828645.863
1653,1708828645.913
1654,1708828645.963
1655,1708828646.013
1656,1708828646.063
1657,1708828646.113
1658,1708828646.163
1659,1708828646.213
1660,1708828646.263
1661,1708828646.313
1662,1708828646.363
1663,1708828646.413
1664,1708828646.463
1665,1708828646.513
1666,1708828646.563
1667,1708828646.613
1668,1708828646.663
1669,1708828646.713
1670,1708828646.763
1671,1708828646.813
1672,1708828646.863
1673,1708828646.913
1674,1708828646.963
1675,1708828647.013
1676,1708828647.063
1677,1708828647.113
1678,1708828647.163
1679,1708828647.213
1680,1708828647.263
1681,1708828647.313
1682,1708828647.363
1683,1708828647.413
1684,1708828647.463
1685,1708828647.513
1686,1708828647.563
1687,1708828647.613
1688,1708828647.663
1689,1708828647.713
1690,1708828647.763
1691,1708828647.813
1692,1708828647.863
1693,1708828647.913
1694,1708828647.963
1695,1708828648.013
1696,1708828648.063
1697,1708828648.113
1698,1708828648.163
1699,1708828648.213
1700,1708828648.263
1701,1708828648.313
1702,1708828648.363
1703,1708828648.413
1704,1708828648.463
1705,1708828648.513
1706,1708828648.563
1707,1708828648.613
1708,1708828648.663
1709,1708828648.713
1710,1708828648.763
1711,1708828648.813
1712,1708828648.863
1713,1708828648.913
1714,1708828648.963
1715,1708828649.013
1716,1708828649.063
1717,1708828649.113
1718,1708828649.163
1719,1708828649.213
1720,1708828649.263
1721,1708828649.313
1722,1708828649.363
1723,1708828649.413
1724,1708828649.463
1725,1708828649.513
1726,1708828649.563
1727,1708828649.613
1728,1708828649.663
1729,1708828649.713
1730,1708828649.763
1731,1708828649.813
1732,1708828649.863
1733,1708828649.913
1734,1708828649.963
1735,1708828650.013
1736,1708828650.063
1737,1708828650.113
1738,1708828650.163
1739,1708828650.213
1740,1708828650.263
1741,1708828650.313
1742,1708828650.363
1743,1708828650.413
1744,1708828650.463
1745,1708828650.513
1746,1708828650.563
1747,1708828650.613
1748,1708828650.663
1749,1708828650.713
1750,1708828650.763
1751,1708828650.813
1752,1708828650.863
1753,1708828650.913
1754,1708828650.963
1755,1708828651.013
1756,1708828651.063
1757,1708828651.113
1758,1708828651.163
1759,1708828651.213
1760,1708828651.263
1761,1708828651.313
1762,1708828651.363
1763,1708828651.413
1764,1708828651.463
1765,1708828651.513
1766,1708828651.563
1767,1708828651.613
1768,1708828651.663
1769,1708828651.713
1770,1708828651.763
1771,1708828651.813
1772,1708828651.863
1773,1708828651.913
1774,1708828651.963
1775,1708828652.013
1776,1708828652.063
1777,1708828652.113
1778,1708828652.163
1779,1708828652.213
1780,1708828652.263
1781,1708828652.313
1782,1708828652.363
1783,1708828652.413
1784,1708828652.463
1785,1708828652.513
1786,1708828652.563
1787,1708828652.613
1788,1708828652.663
1789,1708828652.713
1790,1708828652.763
1791,1708828652.813
1792,1708828652.863
1793,1708828652.913
1794,1708828652.963
1795,1708828653.013
1796,1708828653.063
1797,1708828653.113
1798,1708828653.163
1799,1708828653.213
1800,1708828653.263
1801,1708828653.313
1802,1708828653.363
1803,1708828653.413
1804,1708828653.463
1805,1708828653.513
1806,1708828653.563
1807,1708828653.613
1808,1708828653.663
1809,1708828653.713
1810,1708828653.763
1811,1708828653.813
1812,1708828653.863
1813,1708828653.913
1814,1708828653.963
1815,1708828654.013
1816,1708828654.063
1817,1708828654.113
1818,1708828654.163
1819,1708828654.213
1820,1708828654.263
1821,1708828654.313
1822,1708828654.363
1823,1708828654.413
1824,1708828654.463
1825,1708828654.513
1826,1708828654.563
1827,1708828654.613
1828,1708828654.663
1829,1708828654.713
1830,1708828654.763
1831,1708828654.813
1832,1708828654.863
1833,1708828654.913
1834,1708828654.963
1835,1708828655.013
1836,1708828655.063
1837,1708828655.113
1838,1708828655.163
1839,1708828655.213
1840,1708828655.263
1841,1708828655.313
1842,1708828655.363
1843,1708828655.413
1844,1708828655.463
1845,1708828655.513
1846,1708828655.563
1847,1708828655.613
1848,1708828655.663
1849,1708828655.713
1850,1708828655.763
1851,1708828655.813
1852,1708828655.863
1853,1708828655.913
1854,1708828655.963
1855,1708828656.013
1856,1708828656.063
1857,1708828656.113
1858,1708828656.163
1859,1708828656.213
1860,1708828656.263
1861,1708828656.313
1862,1708828656.363
1863,1708828656.413
1864,1708828656.463
1865,1708828656.513
1866,1708828656.563
1867,1708828656.613
1868,1708828656.663
1869,1708828656.713
1870,1708828656.763
1871,1708828656.813
1872,1708828656.863
1873,1708828656.913
1874,1708828656.963
1875,1708828657.013
1876,1708828657.063
1877,1708828657.113
1878,1708828657.163
1879,1708828657.213
1880,1708828657.263
1881,1708828657.313
1882,1708828657.363
1883,1708828657.413
1884,1708828657.463
1885,1708828657.513
1886,1708828657.563
1887,1708828657.613
1888,1708828657.663
1889,1708828657.713
1890,1708828657.763
1891,1708828657.813
1892,1708828657.863
1893,1708828657.913
1894,1708828657.963
1895,1708828658.013
1896,1708828658.063
1897,1708828658.113
1898,1708828658.163
1899,1708828658.213
1900,1708828658.263
1901,1708828658.313
1902,1708828658.363
1903,1708828658.413
1904,1708828658.463
1905,1708828658.513
1906,1708828658.563
1907,1708828658.613
1908,1708828658.663
1909,1708828658.713
1910,1708828658.763
1911,1708828658.813
1912,1708828658.863
1913,1708828658.913
1914,1708828658.963
1915,1708828659.013
1916,1708828659.063
1917,1708828659.113
1918,1708828659.163
1919,1708828659.213
1920,1708828659.263
1921,1708828659.313
1922,1708828659.363
1923,1708828659.413
1924,1708828659.463
1925,1708828659.513
1926,1708828659.563
1927,1708828659.613
1928,1708828659.663
1929,1708828659.713
1930,1708828659.763
1931,1708828659.813
1932,1708828659.863
1933,1708828659.913
1934,1708828659.963
1935,1708828660.013
1936,1708828660.063
1937,1708828660.113
1938,1708828660.163
1939,1708828660.213
1940,1708828660.263
1941,1708828660.313
1942,1708828660.363
1943,1708828660.413
1944,1708828660.463
1945,1708828660.513
1946,1708828660.563
1947,1708828660.613
1948,1708828660.663
1949,1708828660.713
1950,1708828660.763
1951,1708828660.813
1952,1708828660.863
1953,1708828660.913
1954,1708828660.963
1955,1708828661.013
1956,1708828661.063
1957,1708828661.113
1958,1708828661.163
1959,1708828661.213
1960,1708828661.263
1961,1708828661.313
1962,1708828661.363
1963,1708828661.413
1964,1708828661.463
1965,1708828661.513
1966,1708828661.563
1967,1708828661.613
1968,1708828661.663
1969,1708828661.713
1970,1708828661.763
1971,1708828661.813
1972,1708828661.863
1973,1708828661.913
1974,1708828661.963
1975,1708828662.013
1976,1708828662.063
1977,1708828662.113
1978,1708828662.163
1979,1708828662.213
1980,1708828662.263
1981,1708828662.313
1982,1708828662.363
1983,1708828662.413
1984,1708828662.463
1985,1708828662.513
1986,1708828662.563
1987,1708828662.613
1988,1708828662.663
1989,1708828662.713
1990,1708828662.763
1991,1708828662.813
1992,1708828662.863
1993,1708828662.913
1994,1708828662.963
1995,1708828663.013
1996,1708828663.063
1997,1708828663.113
1998,1708828663.163
1999,1708828663.213
2000,1708828663.263
2001,1708828663.313
2002,1708828663.363
2003,1708828663.413
2004,1708828663.463
2005,1708828663.513
2006,1708828663.563
2007,1708828663.613
2008,1708828663.663
2009,1708828663.713
2010,1708828663.763
2011,1708828663.813
2012,1708828663.863
2013,1708828663.913
2014,1708828663.963
2015,1708828664.013
2016,1708828664.063
2017,1708828664.113
2018,1708828664.163
2019,1708828664.213
2020,1708828664.263
2021,1708828664.313
2022,1708828664.363
2023,1708828664.413
2024,1708828664.463
2025,1708828664.513
2026,1708828664.563
2027,1708828664.613
2028,1708828664.663
2029,1708828664.713
2030,1708828664.763
2031,1708828664.813
2032,1708828664.863
2033,1708828664.913
2034,1708828664.963
2035,1708828665.013
2036,1708828665.063
2037,1708828665.113
2038,1708828665.163
2039,1708828665.213
2040,1708828665.263
2041,1708828665.313
2042,1708828665.363
2043,1708828665.413
2044,1708828665.463
2045,1708828665.513
2046,1708828665.563
2047,1708828665.613
2048,1708828665.663
2049,1708828665.713
2050,1708828665.763
2051,1708828665.813
2052,1708828665.863
2053,1708828665.913
2054,1708828665.963
2055,1708828666.013
2056,1708828666.063
2057,1708828666.113
2058,1708828666.163
2059,1708828666.213
2060,1708828666.263
2061,1708828666.313
2062,1708828666.363
2063,1708828666.413
2064,1708828666.463
2065,1708828666.513
2066,1708828666.563
2067,1708828666.613
2068,1708828666.663
2069,1708828666.713
2070,1708828666.763
2071,1708828666.813
2072,1708828666.863
2073,1708828666.913
2074,1708828666.963
2075,1708828667.013
2076,1708828667.063
2077,1708828667.113
2078,1708828667.163
2079,1708828667.213
2080,1708828667.263
2081,1708828667.313
2082,1708828667.363
2083,1708828667.413
2084,1708828667.463
2085,1708828667.513
2086,1708828667.563
2087,1708828667.613
2088,1708828667.663
2089,1708828667.713
2090,1708828667.763
2091,1708828667.813
2092,1708828667.863
2093,1708828667.913
2094,1708828667.963
2095,1708828668.013
2096,1708828668.063
2097,1708828668.113
2098,1708828668.163
2099,1708828668.213
2100,1708828668.263
2101,1708828668.313
2102,1708828668.363
2103,1708828668.413
2104,1708828668.463
2105,1708828668.513
2106,1708828668.563
2107,1708828668.613
2108,1708828668.663
2109,1708828668.713
2110,1708828668.763
2111,1708828668.813
2112,1708828668.863
2113,1708828668.913
2114,1708828668.963
2115,1708828669.013
2116,1708828669.063
2117,1708828669.113
2118,1708828669.163
2119,1708828669.213
2120,1708828669.263
2121,1708828669.313
2122,1708828669.363
2123,1708828669.413
2124,1708828669.463
2125,1708828669.513
2126,1708828669.563
2127,1708828669.613
2128,1708828669.663
2129,1708828669.713
2130,1708828669.763
2131,1708828669.813
2132,1708828669.863
2133,1708828669.913
2134,1708828669.963
2135,1708828670.013
2136,1708828670.063
2137,1708828670.113
2138,1708828670.163
2139,1708828670.213
2140,1708828670.263
2141,1708828670.313
2142,1708828670.363
2143,1708828670.413
2144,1708828670.463
2145,1708828670.513
2146,1708828670.563
2147,1708828670.613
2148,1708828670.663
2149,1708828670.713
2150,1708828670.763
2151,1708828670.813
2152,1708828670.863
2153,1708828670.913
2154,1708828670.963
2155,1708828671.013
2156,1708828671.063
2157,1708828671.113
2158,1708828671.163
2159,1708828671.213
2160,1708828671.263
2161,1708828671.313
2162,1708828671.363
2163,1708828671.413
2164,1708828671.463
2165,1708828671.513
2166,1708828671.563
2167,1708828671.613
2168,1708828671.663
2169,1708828671.713
2170,1708828671.763
2171,1708828671.813
2172,1708828671.863
2173,1708828671.913
2174,1708828671.963
2175,1708828672.013
2176,1708828672.063
2177,1708828672.113
2178,1708828672.163
2179,1708828672.213
2180,1708828672.263
2181,1708828672.313
2182,1708828672.363
2183,1708828672.413
2184,1708828672.463
2185,1708828672.513
2186,1708828672.563
2187,1708828672.613
2188,1708828672.663
2189,1708828672.713
2190,1708828672.763
2191,1708828672.813
2192,1708828672.863
2193,1708828672.913
2194,1708828672.963
2195,1708828673.013
2196,1708828673.063
2197,1708828673.113
2198,1708828673.163
2199,1708828673.213
2200,1708828673.263
2201,1708828673.313
2202,1708828673.363
2203,1708828673.413
2204,1708828673.463
2205,1708828673.513
2206,1708828673.563
2207,1708828673.613
2208,1708828673.663
2209,1708828673.713
2210,1708828673.763
2211,1708828673.813
2212,1708828673.863
2213,1708828673.913
2214,1708828673.963
2215,1708828674.013
2216,1708828674.063
2217,1708828674.113
2218,1708828674.163
2219,1708828674.213
2220,1708828674.263
2221,1708828674.313
2222,1708828674.363
2223,1708828674.413
2224,1708828674.463
2225,1708828674.513
2226,1708828674.563
2227,1708828674.613
2228,1708828674.663
2229,1708828674.713
2230,1708828674.763
2231,1708828674.813
2232,1708828674.863
2233,1708828674.913
2234,1708828674.963
2235,1708828675.013
2236,1708828675.063
2237,1708828675.113
2238,1708828675.163
2239,1708828675.213
2240,1708828675.263
2241,1708828675.313
2242,1708828675.363
2243,1708828675.413
2244,1708828675.463
2245,1708828675.513
2246,1708828675.563
2247,1708828675.613
2248,1708828675.663
2249,1708828675.713
2250,1708828675.763
2251,1708828675.813
2252,1708828675.863
2253,1708828675.913
2254,1708828675.963
2255,1708828676.013
2256,1708828676.063
2257,1708828676.113
2258,1708828676.163
2259,1708828676.213
2260,1708828676.263
2261,1708828676.313
2262,1708828676.363
2263,1708828676.413
2264,1708828676.463
2265,1708828676.513
2266,1708828676.563
2267,1708828676.613
2268,1708828676.663
2269,1708828676.713
2270,1708828676.763
2271,1708828676.813
2272,1708828676.863
2273,1708828676.913
2274,1708828676.963
2275,1708828677.013
2276,1708828677.063
2277,1708828677.113
2278,1708828677.163
2279,1708828677.213
2280,1708828677.263
2281,1708828677.313
2282,1708828677.363
2283,1708828677.413
2284,1708828677.463
2285,1708828677.513
2286,1708828677.563
2287,1708828677.613
2288,1708828677.663
2289,1708828677.713
2290,1708828677.763
2291,1708828677.813
2292,1708828677.863
2293,1708828677.913
2294,1708828677.963
2295,1708828678.013
2296,1708828678.063
2297,1708828678.113
2298,1708828678.163
2299,1708828678.213
2300,1708828678.263
2301,1708828678.313
2302,1708828678.363
2303,1708828678.413
2304,1708828678.463
2305,1708828678.513
2306,1708828678.563
2307,1708828678.613
2308,1708828678.663
2309,1708828678.713
2310,1708828678.763
2311,1708828678.813
2312,1708828678.863
2313,1708828678.913
2314,1708828678.963
2315,1708828679.013
2316,1708828679.063
2317,1708828679.113
2318,1708828679.163
2319,1708828679.213
2320,1708828679.263
2321,1708828679.313
2322,1708828679.363
2323,1708828679.413
2324,1708828679.463
2325,1708828679.513
2326,1708828679.563
2327,1708828679.613
2328,1708828679.663
2329,1708828679.713
2330,1708828679.763
2331,1708828679.813
2332,1708828679.863
2333,1708828679.913
2334,1708828679.963
2335,1708828680.013
2336,1708828680.063
2337,1708828680.113
2338,1708828680.163
2339,1708828680.213
2340,1708828680.263
2341,1708828680.313
2342,1708828680.363
2343,1708828680.413
2344,1708828680.463
2345,1708828680.513
2346,1708828680.563
2347,1708828680.613
2348,1708828680.663
2349,1708828680.713
2350,1708828680.763
2351,1708828680.813
2352,1708828680.863
2353,1708828680.913
2354,1708828680.963
2355,1708828681.013
2356,1708828681.063
2357,1708828681.113
2358,1708828681.163
2359,1708828681.213
2360,1708828681.263
2361,1708828681.313
2362,1708828681.363
2363,1708828681.413
2364,1708828681.463
2365,1708828681.513
2366,1708828681.563
2367,1708828681.613
2368,1708828681.663
2369,1708828681.713
2370,1708828681.763
2371,1708828681.813
2372,1708828681.863
2373,1708828681.913
2374,1708828681.963
2375,1708828682.013
2376,1708828682.063
2377,1708828682.113
2378,1708828682.163
2379,1708828682.213
2380,1708828682.263
2381,1708828682.313
2382,1708828682.363
2383,1708828682.413
2384,1708828682.463
2385,1708828682.513
2386,1708828682.563
2387,1708828682.613
2388,1708828682.663
2389,1708828682.713
2390,1708828682.763
2391,1708828682.813
2392,1708828682.863
2393,1708828682.913
2394,1708828682.963
2395,1708828683.013
2396,1708828683.063
2397,1708828683.113
2398,1708828683.163
2399,1708828683.213
2400,1708828683.263
2401,1708828683.313
2402,1708828683.363
2403,1708828683.413
2404,1708828683.463
2405,1708828683.513
2406,1708828683.563
2407,1708828683.613
2408,1708828683.663
2409,1708828683.713
2410,1708828683.763
2411,1708828683.813
2412,1708828683.863
2413,1708828683.913
2414,1708828683.963
2415,1708828684.013
2416,1708828684.063
2417,1708828684.113
2418,1708828684.163
2419,1708828684.213
2420,1708828684.263
2421,1708828684.313
2422,1708828684.363
2423,1708828684.413
2424,1708828684.463
2425,1708828684.513
2426,1708828684.563
2427,1708828684.613
2428,1708828684.663
2429,1708828684.713
2430,1708828684.763
2431,1708828684.813
2432,1708828684.863
2433,1708828684.913
2434,1708828684.963
2435,1708828685.013
2436,1708828685.063
2437,1708828685.113
2438,1708828685.163
2439,1708828685.213
2440,1708828685.263
2441,1708828685.313
2442,1708828685.363
2443,1708828685.413
2444,1708828685.463
2445,1708828685.513
2446,1708828685.563
2447,1708828685.613
2448,1708828685.663
2449,1708828685.713
2450,1708828685.763
2451,1708828685.813
2452,1708828685.863
2453,1708828685.913
2454,1708828685.963
2455,1708828686.013
2456,1708828686.063
2457,1708828686.113
2458,1708828686.163
2459,1708828686.213
2460,1708828686.263
2461,1708828686.313
2462,1708828686.363
2463,1708828686.413
2464,1708828686.463
2465,1708828686.513
2466,1708828686.563
2467,1708828686.613
2468,1708828686.663
2469,1708828686.713
2470,1708828686.763
2471,1708828686.813
2472,1708828686.863
2473,1708828686.913
2474,1708828686.963
2475,1708828687.013
2476,1708828687.063
2477,1708828687.113
2478,1708828687.163
2479,1708828687.213
2480,1708828687.263
2481,1708828687.313
2482,1708828687.363
2483,1708828687.413
2484,1708828687.463
2485,1708828687.513
2486,1708828687.563
2487,1708828687.613
2488,1708828687.663
2489,1708828687.713
2490,1708828687.763
2491,1708828687.813
2492,1708828687.863
2493,1708828687.913
2494,1708828687.963
2495,1708828688.013
2496,1708828688.063
2497,1708828688.113
2498,1708828688.163
2499,1708828688.213
2500,1708828688.263
2501,1708828688.313
2502,1708828688.363
2503,1708828688.413
2504,1708828688.463
2505,1708828688.513
2506,1708828688.563
2507,1708828688.613
2508,1708828688.663
2509,1708828688.713
2510,1708828688.763
2511,1708828688.813
2512,1708828688.863
2513,1708828688.913
2514,1708828688.963
2515,1708828689.013
2516,1708828689.063
2517,1708828689.113
2518,1708828689.163
2519,1708828689.213
2520,1708828689.263
2521,1708828689.313
2522,1708828689.363
2523,1708828689.413
2524,1708828689.463
2525,1708828689.513
2526,1708828689.563
2527,1708828689.613
2528,1708828689.663
2529,1708828689.713
2530,1708828689.763
2531,1708828689.813
2532,1708828689.863
2533,1708828689.913
2534,1708828689.963
2535,1708828690.013
2536,1708828690.063
2537,1708828690.113
2538,1708828690.163
2539,1708828690.213
2540,1708828690.263
2541,1708828690.313
2542,1708828690.363
2543,1708828690.413
2544,1708828690.463
2545,1708828690.513
2546,1708828690.563
2547,1708828690.613
2548,1708828690.663
2549,1708828690.713
2550,1708828690.763
2551,1708828690.813
2552,1708828690.863
2553,1708828690.913
2554,1708828690.963
2555,1708828691.013
2556,1708828691.063
2557,1708828691.113
2558,1708828691.163
2559,1708828691.213
2560,1708828691.263
2561,1708828691.313
2562,1708828691.363
2563,1708828691.413
2564,1708828691.463
2565,1708828691.513
2566,1708828691.563
2567,1708828691.613
2568,1708828691.663
2569,1708828691.713
2570,1708828691.763
2571,1708828691.813
2572,1708828691.863
2573,1708828691.913
2574,1708828691.963
2575,1708828692.013
2576,1708828692.063
2577,1708828692.113
2578,1708828692.163
2579,1708828692.213
2580,1708828692.263
2581,1708828692.313
2582,1708828692.363
2583,1708828692.413
2584,1708828692.463
2585,1708828692.513
2586,1708828692.563
2587,1708828692.613
2588,1708828692.663
2589,1708828692.713
2590,1708828692.763
2591,1708828692.813
2592,1708828692.863
2593,1708828692.913
2594,1708828692.963
2595,1708828693.013
2596,1708828693.063
2597,1708828693.113
2598,1708828693.163
2599,1708828693.213
2600,1708828693.263
2601,1708828693.313
2602,1708828693.363
2603,1708828693.413
2604,1708828693.463
2605,1708828693.513
2606,1708828693.563
2607,1708828693.613
2608,1708828693.663
2609,1708828693.713
2610,1708828693.763
2611,1708828693.813
2612,1708828693.863
2613,1708828693.913
2614,1708828693.963
2615,1708828694.013
2616,1708828694.063
2617,1708828694.113
2618,1708828694.163
2619,1708828694.213
2620,1708828694.263
2621,1708828694.313
2622,1708828694.363
2623,1708828694.413
2624,1708828694.463
2625,1708828694.513
2626,1708828694.563
2627,1708828694.613
2628,1708828694.663
2629,1708828694.713
2630,1708828694.763
2631,1708828694.813
2632,1708828694.863
2633,1708828694.913
2634,1708828694.963
2635,1708828695.013
2636,1708828695.063
2637,1708828695.113
2638,1708828695.163
2639,1708828695.213
2640,1708828695.263
2641,1708828695.313
2642,1708828695.363
2643,1708828695.413
2644,1708828695.463
2645,1708828695.513
2646,1708828695.563
2647,1708828695.613
2648,1708828695.663
2649,1708828695.713
2650,1708828695.763
2651,1708828695.813
2652,1708828695.863
2653,1708828695.913
2654,1708828695.963
2655,1708828696.013
2656,1708828696.063
2657,1708828696.113
2658,1708828696.163
2659,1708828696.213
2660,1708828696.263
2661,1708828696.313
2662,1708828696.363
2663,1708828696.413
2664,1708828696.463
2665,1708828696.513
2666,1708828696.563
2667,1708828696.613
2668,1708828696.663
2669,1708828696.713
2670,1708828696.763
2671,1708828696.813
2672,1708828696.863
2673,1708828696.913
2674,1708828696.963
2675,1708828697.013
2676,1708828697.063
2677,1708828697.113
2678,1708828697.163
2679,1708828697.213
2680,1708828697.263
2681,1708828697.313
2682,1708828697.363
2683,1708828697.413
2684,1708828697.463
2685,1708828697.513
2686,1708828697.563
2687,1708828697.613
2688,1708828697.663
2689,1708828697.713
2690,1708828697.763
2691,1708828697.813
2692,1708828697.863
2693,1708828697.913
2694,1708828697.963
2695,1708828698.013
2696,1708828698.063
2697,1708828698.113
2698,1708828698.163
2699,1708828698.213
2700,1708828698.263
2701,1708828698.313
2702,1708828698.363
2703,1708828698.413
2704,1708828698.463
2705,1708828698.513
2706,1708828698.563
2707,1708828698.613
2708,1708828698.663
2709,1708828698.713
2710,1708828698.763
2711,1708828698.813
2712,1708828698.863
2713,1708828698.913
2714,1708828698.963
2715,1708828699.013
2716,1708828699.063
2717,1708828699.113
2718,1708828699.163
2719,1708828699.213
2720,1708828699.263
2721,1708828699.313
2722,1708828699.363
2723,1708828699.413
2724,1708828699.463
2725,1708828699.513
2726,1708828699.563
2727,1708828699.613
2728,1708828699.663
2729,1708828699.713
2730,1708828699.763
2731,1708828699.813
2732,1708828699.863
2733,1708828699.913
2734,1708828699.963
2735,1708828700.013
2736,1708828700.063
2737,1708828700.113
2738,1708828700.163
2739,1708828700.213
2740,1708828700.263
2741,1708828700.313
2742,1708828700.363
2743,1708828700.413
2744,1708828700.463
2745,1708828700.513
2746,1708828700.563
2747,1708828700.613
2748,1708828700.663
2749,1708828700.713
2750,1708828700.763
2751,1708828700.813
2752,1708828700.863
2753,1708828700.913
2754,1708828700.963
2755,1708828701.013
2756,1708828701.063
2757,1708828701.113
2758,1708828701.163
2759,1708828701.213
2760,1708828701.263
2761,1708828701.313
2762,1708828701.363
2763,1708828701.413
2764,1708828701.463
2765,1708828701.513
2766,1708828701.563
2767,1708828701.613
2768,1708828701.663
2769,1708828701.713
2770,1708828701.763
2771,1708828701.813
2772,1708828701.863
2773,1708828701.913
2774,1708828701.963
2775,1708828702.013
2776,1708828702.063
2777,1708828702.113
2778,1708828702.163
2779,1708828702.213
2780,1708828702.263
2781,1708828702.313
2782,1708828702.363
2783,1708828702.413
2784,1708828702.463
2785,1708828702.513
2786,1708828702.563
2787,1708828702.613
2788,1708828702.663
2789,1708828702.713
2790,1708828702.763
2791,1708828702.813
2792,1708828702.863
2793,1708828702.913
2794,1708828702.963
2795,1708828703.013
2796,1708828703.063
2797,1708828703.113
2798,1708828703.163
2799,1708828703.213
2800,1708828703.263
2801,1708828703.313
2802,1708828703.363
2803,1708828703.413
2804,1708828703.463
2805,1708828703.513
2806,1708828703.563
2807,1708828703.613
2808,1708828703.663
2809,1708828703.713
2810,1708828703.763
2811,1708828703.813
2812,1708828703.863
2813,1708828703.913
2814,1708828703.963
2815,1708828704.013
2816,1708828704.063
2817,1708828704.113
2818,1708828704.163
2819,1708828704.213
2820,1708828704.263
2821,1708828704.313
2822,1708828704.363
2823,1708828704.413
2824,1708828704.463
2825,1708828704.513
2826,1708828704.563
2827,1708828704.613
2828,1708828704.663
2829,1708828704.713
2830,1708828704.763
2831,1708828704.813
2832,1708828704.863
2833,1708828704.913
2834,1708828704.963
2835,1708828705.013
2836,1708828705.063
2837,1708828705.113
2838,1708828705.163
2839,1708828705.213
2840,1708828705.263
2841,1708828705.313
2842,1708828705.363
2843,1708828705.413
2844,1708828705.463
2845,1708828705.513
2846,1708828705.563
2847,1708828705.613
2848,1708828705.663
2849,1708828705.713
2850,1708828705.763
2851,1708828705.813
2852,1708828705.863
2853,1708828705.913
2854,1708828705.963
2855,1708828706.013
2856,1708828706.063
2857,1708828706.113
2858,1708828706.163
2859,1708828706.213
2860,1708828706.263
2861,1708828706.313
2862,1708828706.363
2863,1708828706.413
2864,1708828706.463
2865,1708828706.513
2866,1708828706.563
2867,1708828706.613
2868,1708828706.663
2869,1708828706.713
2870,1708828706.763
2871,1708828706.813
2872,1708828706.863
2873,1708828706.913
2874,1708828706.963
2875,1708828707.013
2876,1708828707.063
2877,1708828707.113
2878,1708828707.163
2879,1708828707.213
2880,1708828707.263
2881,1708828707.313
2882,1708828707.363
2883,1708828707.413
2884,1708828707.463
2885,1708828707.513
2886,1708828707.563
2887,1708828707.613
2888,1708828707.663
2889,1708828707.713
2890,1708828707.763
2891,1708828707.813
2892,1708828707.863
2893,1708828707.913
2894,1708828707.963
2895,1708828708.013
2896,1708828708.063
2897,1708828708.113
2898,1708828708.163
2899,1708828708.213
2900,1708828708.263
2901,1708828708.313
2902,1708828708.363
2903,1708828708.413
2904,1708828708.463
2905,1708828708.513
2906,1708828708.563
2907,1708828708.613
2908,1708828708.663
2909,1708828708.713
2910,1708828708.763
2911,1708828708.813
2912,1708828708.863
2913,1708828708.913
2914,1708828708.963
2915,1708828709.013
2916,1708828709.063
2917,1708828709.113
2918,1708828709.163
2919,1708828709.213
2920,1708828709.263
2921,1708828709.313
2922,1708828709.363
2923,1708828709.413
2924,1708828709.463
2925,1708828709.513
2926,1708828709.563
2927,1708828709.613
2928,1708828709.663
2929,1708828709.713
2930,1708828709.763
2931,1708828709.813
2932,1708828709.863
2933,1708828709.913
2934,1708828709.963
2935,1708828710.013
2936,1708828710.063
2937,1708828710.113
2938,1708828710.163
2939,1708828710.213
2940,1708828710.263
2941,1708828710.313
2942,1708828710.363
2943,1708828710.413
2944,1708828710.463
2945,1708828710.513
2946,1708828710.563
2947,1708828710.613
2948,1708828710.663
2949,1708828710.713
2950,1708828710.763
2951,1708828710.813
2952,1708828710.863
2953,1708828710.913
2954,1708828710.963
2955,1708828711.013
2956,1708828711.063
2957,1708828711.113
2958,1708828711.163
2959,1708828711.213
2960,1708828711.263
2961,1708828711.313
2962,1708828711.363
2963,1708828711.413
2964,1708828711.463
2965,1708828711.513
2966,1708828711.563
2967,1708828711.613
2968,1708828711.663
2969,1708828711.713
2970,1708828711.763
2971,1708828711.813
2972,1708828711.863
2973,1708828711.913
2974,1708828711.963
2975,1708828712.013
2976,1708828712.063
2977,1708828712.113
2978,1708828712.163
2979,1708828712.213
2980,1708828712.263
2981,1708828712.313
2982,1708828712.363
2983,1708828712.413
2984,1708828712.463
2985,1708828712.513
2986,1708828712.563
2987,1708828712.613
2988,1708828712.663
2989,1708828712.713
2990,1708828712.763
2991,1708828712.813
2992,1708828712.863
2993,1708828712.913
2994,1708828712.963
2995,1708828713.013
2996,1708828713.063
2997,1708828713.113
2998,1708828713.163
2999,1708828713.213
3000,1708828713.263
3001,1708828713.313
3002,1708828713.363
3003,1708828713.413
3004,1708828713.463
3005,1708828713.513
3006,1708828713.563
3007,1708828713.613
3008,1708828713.663
3009,1708828713.713
3010,1708828713.763
3011,1708828713.813
3012,1708828713.863
3013,1708828713.913
3014,1708828713.963
3015,1708828714.013
3016,1708828714.063
3017,1708828714.113
3018,1708828714.163
3019,1708828714.213
3020,1708828714.263
3021,1708828714.313
3022,1708828714.363
3023,1708828714.413
3024,1708828714.463
3025,1708828714.513
3026,1708828714.563
3027,1708828714.613
3028,1708828714.663
3029,1708828714.713
3030,1708828714.763
3031,1708828714.813
3032,1708828714.863
3033,1708828714.913
3034,1708828714.963
3035,1708828715.013
3036,1708828715.063
3037,1708828715.113
3038,1708828715.163
3039,1708828715.213
3040,1708828715.263
3041,1708828715.313
3042,1708828715.363
3043,1708828715.413
3044,1708828715.463
3045,1708828715.513
3046,1708828715.563
3047,1708828715.613
3048,1708828715.663
3049,1708828715.713
3050,1708828715.763
3051,1708828715.813
3052,1708828715.863
3053,1708828715.913
3054,1708828715.963
3055,1708828716.013
3056,1708828716.063
3057,1708828716.113
3058,1708828716.163
3059,1708828716.213
3060,1708828716.263
3061,1708828716.313
3062,1708828716.363
3063,1708828716.413
3064,1708828716.463
3065,1708828716.513
3066,1708828716.563
3067,1708828716.613
3068,1708828716.663
3069,1708828716.713
3070,1708828716.763
3071,1708828716.813
3072,1708828716.863
3073,1708828716.913
3074,1708828716.963
3075,1708828717.013
3076,1708828717.063
3077,1708828717.113
3078,1708828717.163
3079,1708828717.213
3080,1708828717.263
3081,1708828717.313
3082,1708828717.363
3083,1708828717.413
3084,1708828717.463
3085,1708828717.513
3086,1708828717.563
3087,1708828717.613
3088,1708828717.663
3089,1708828717.713
3090,1708828717.763
3091,1708828717.813
3092,1708828717.863
3093,1708828717.913
3094,1708828717.963
3095,1708828718.013
3096,1708828718.063
3097,1708828718.113
3098,1708828718.163
3099,1708828718.213
3100,1708828718.263
3101,1708828718.313
3102,1708828718.363
3103,1708828718.413
3104,1708828718.463
3105,1708828718.513
3106,1708828718.563
3107,1708828718.613
3108,1708828718.663
3109,1708828718.713
3110,1708828718.763
3111,1708828718.813
3112,1708828718.863
3113,1708828718.913
3114,1708828718.963
3115,1708828719.013
3116,1708828719.063
3117,1708828719.113
3118,1708828719.163
3119,1708828719.213
3120,1708828719.263
3121,1708828719.313
3122,1708828719.363
3123,1708828719.413
3124,1708828719.463
3125,1708828719.513
3126,1708828719.563
3127,1708828719.613
3128,1708828719.663
3129,1708828719.713
3130,1708828719.763
3131,1708828719.813
3132,1708828719.863
3133,1708828719.913
3134,1708828719.963
3135,1708828720.013
3136,1708828720.063
3137,1708828720.113
3138,1708828720.163
3139,1708828720.213
3140,1708828720.263
3141,1708828720.313
3142,1708828720.363
3143,1708828720.413
3144,1708828720.463
3145,1708828720.513
3146,1708828720.563
3147,1708828720.613
3148,1708828720.663
3149,1708828720.713
3150,1708828720.763
3151,1708828720.813
3152,1708828720.863
3153,1708828720.913
3154,1708828720.963
3155,1708828721.013
3156,1708828721.063
3157,1708828721.113
3158,1708828721.163
3159,1708828721.213
3160,1708828721.263
3161,1708828721.313
3162,1708828721.363
3163,1708828721.413
3164,1708828721.463
3165,1708828721.513
3166,1708828721.563
3167,1708828721.613
3168,1708828721.663
3169,1708828721.713
3170,1708828721.763
3171,1708828721.813
3172,1708828721.863
3173,1708828721.913
3174,1708828721.963
3175,1708828722.013
3176,1708828722.063
3177,1708828722.113
3178,1708828722.163
3179,1708828722.213
3180,1708828722.263
3181,1708828722.313
3182,1708828722.363
3183,1708828722.413
3184,1708828722.463
3185,1708828722.513
3186,1708828722.563
3187,1708828722.613
3188,1708828722.663
3189,1708828722.713
3190,1708828722.763
3191,1708828722.813
3192,1708828722.863
3193,1708828722.913
3194,1708828722.963
3195,1708828723.013
3196,1708828723.063
3197,1708828723.113
3198,1708828723.163
3199,1708828723.213
3200,1708828723.263
3201,1708828723.313
3202,1708828723.363
3203,1708828723.413
3204,1708828723.463
3205,1708828723.513
3206,1708828723.563
3207,1708828723.613
3208,1708828723.663
3209,1708828723.713
3210,1708828723.763
3211,1708828723.813
3212,1708828723.863
3213,1708828723.913
3214,1708828723.963
3215,1708828724.013
3216,1708828724.063
3217,1708828724.113
3218,1708828724.163
3219,1708828724.213
3220,1708828724.263
3221,1708828724.313
3222,1708828724.363
3223,1708828724.413
3224,1708828724.463
3225,1708828724.513
3226,1708828724.563
3227,1708828724.613
3228,1708828724.663
3229,1708828724.713
3230,1708828724.763
3231,1708828724.813
3232,1708828724.863
3233,1708828724.913
3234,1708828724.963
3235,1708828725.013
3236,1708828725.063
3237,1708828725.113
3238,1708828725.163
3239,1708828725.213
3240,1708828725.263
3241,1708828725.313
3242,1708828725.363
3243,1708828725.413
3244,1708828725.463
3245,1708828725.513
3246,1708828725.563
3247,1708828725.613
3248,1708828725.663
3249,1708828725.713
3250,1708828725.763
3251,1708828725.813
3252,1708828725.863
3253,1708828725.913
3254,1708828725.963
3255,1708828726.013
3256,1708828726.063
3257,1708828726.113
3258,1708828726.163
3259,1708828726.213
3260,1708828726.263
3261,1708828726.313
3262,1708828726.363
3263,1708828726.413
3264,1708828726.463
3265,1708828726.513
3266,1708828726.563
3267,1708828726.613
3268,1708828726.663
3269,1708828726.713
3270,1708828726.763
3271,1708828726.813
3272,1708828726.863
3273,1708828726.913
3274,1708828726.963
3275,1708828727.013
3276,1708828727.063
3277,1708828727.113
3278,1708828727.163
3279,1708828727.213
3280,1708828727.263
3281,1708828727.313
3282,1708828727.363
3283,1708828727.413
3284,1708828727.463
3285,1708828727.513
3286,1708828727.563
3287,1708828727.613
3288,1708828727.663
3289,1708828727.713
3290,1708828727.763
3291,1708828727.813
3292,1708828727.863
3293,1708828727.913
3294,1708828727.963
3295,1708828728.013
3296,1708828728.063
3297,1708828728.113
3298,1708828728.163
3299,1708828728.213
3300,1708828728.263
3301,1708828728.313
3302,1708828728.363
3303,1708828728.413
3304,1708828728.463
3305,1708828728.513
3306,1708828728.563
3307,1708828728.613
3308,1708828728.663
3309,1708828728.713
3310,1708828728.763
3311,1708828728.813
3312,1708828728.863
3313,1708828728.913
3314,1708828728.963
3315,1708828729.013
3316,1708828729.063
3317,1708828729.113
3318,1708828729.163
3319,1708828729.213
3320,1708828729.263
3321,1708828729.313
3322,1708828729.363
3323,1708828729.413
3324,1708828729.463
3325,1708828729.513
3326,1708828729.563
3327,1708828729.613
3328,1708828729.663
3329,1708828729.713
3330,1708828729.763
3331,1708828729.813
3332,1708828729.863
3333,1708828729.913
3334,1708828729.963
3335,1708828730.013
3336,1708828730.063
3337,1708828730.113
3338,1708828730.163
3339,1708828730.213
3340,1708828730.263
3341,1708828730.313
3342,1708828730.363
3343,1708828730.413
3344,1708828730.463
3345,1708828730.513
3346,1708828730.563
3347,1708828730.613
3348,1708828730.663
3349,1708828730.713
3350,1708828730.763
3351,1708828730.813
3352,1708828730.863
3353,1708828730.913
3354,1708828730.963
3355,1708828731.013
3356,1708828731.063
3357,1708828731.113
3358,1708828731.163
3359,1708828731.213
3360,1708828731.263
3361,1708828731.313
3362,1708828731.363
3363,1708828731.413
3364,1708828731.463
3365,1708828731.513
3366,1708828731.563
3367,1708828731.613
3368,1708828731.663
3369,1708828731.713
3370,1708828731.763
3371,1708828731.813
3372,1708828731.863
3373,1708828731.913
3374,1708828731.963
3375,1708828732.013
3376,1708828732.063
3377,1708828732.113
3378,1708828732.163
3379,1708828732.213
3380,1708828732.263
3381,1708828732.313
3382,1708828732.363
3383,1708828732.413
3384,1708828732.463
3385,1708828732.513
3386,1708828732.563
3387,1708828732.613
3388,1708828732.663
3389,1708828732.713
3390,1708828732.763
3391,1708828732.813
3392,1708828732.863
3393,1708828732.913
3394,1708828732.963
3395,1708828733.013
3396,1708828733.063
3397,1708828733.113
3398,1708828733.163
3399,1708828733.213
3400,1708828733.263
3401,1708828733.313
3402,1708828733.363
3403,1708828733.413
3404,1708828733.463
3405,1708828733.513
3406,1708828733.563
3407,1708828733.613
3408,1708828733.663
3409,1708828733.713
3410,1708828733.763
3411,1708828733.813
3412,1708828733.863
3413,1708828733.913
3414,1708828733.963
3415,1708828734.013
3416,1708828734.063
3417,1708828734.113
3418,1708828734.163
3419,1708828734.213
3420,1708828734.263
3421,1708828734.313
3422,1708828734.363
3423,1708828734.413
3424,1708828734.463
3425,1708828734.513
3426,1708828734.563
3427,1708828734.613
3428,1708828734.663
3429,1708828734.713
3430,1708828734.763
3431,1708828734.813
3432,1708828734.863
3433,1708828734.913
3434,1708828734.963
3435,1708828735.013
3436,1708828735.063
3437,1708828735.113
3438,1708828735.163
3439,1708828735.213
3440,1708828735.263
3441,1708828735.313
3442,1708828735.363
3443,1708828735.413
3444,1708828735.463
3445,1708828735.513
3446,1708828735.563
3447,1708828735.613
3448,1708828735.663
3449,1708828735.713
3450,1708828735.763
3451,1708828735.813
3452,1708828735.863
3453,1708828735.913
3454,1708828735.963
3455,1708828736.013
3456,1708828736.063
3457,1708828736.113
3458,1708828736.163
3459,1708828736.213
3460,1708828736.263
3461,1708828736.313
3462,1708828736.363
3463,1708828736.413
3464,1708828736.463
3465,1708828736.513
3466,1708828736.563
3467,1708828736.613
3468,1708828736.663
3469,1708828736.713
3470,1708828736.763
3471,1708828736.813
3472,1708828736.863
3473,1708828736.913
3474,1708828736.963
3475,1708828737.013
3476,1708828737.063
3477,1708828737.113
3478,1708828737.163
3479,1708828737.213
3480,1708828737.263
3481,1708828737.313
3482,1708828737.363
3483,1708828737.413
3484,1708828737.463
3485,1708828737.513
3486,1708828737.563
3487,1708828737.613
3488,1708828737.663
3489,1708828737.713
3490,1708828737.763
3491,1708828737.813
3492,1708828737.863
3493,1708828737.913
3494,1708828737.963
3495,1708828738.013
3496,1708828738.063
3497,1708828738.113
3498,1708828738.163
3499,1708828738.213
3500,1708828738.263
3501,1708828738.313
3502,1708828738.363
3503,1708828738.413
3504,1708828738.463
3505,1708828738.513
3506,1708828738.563
3507,1708828738.613
3508,1708828738.663
3509,1708828738.713
3510,1708828738.763
3511,1708828738.813
3512,1708828738.863
3513,1708828738.913
3514,1708828738.963
3515,1708828739.013
3516,1708828739.063
3517,1708828739.113
3518,1708828739.163
3519,1708828739.213
3520,1708828739.263
3521,1708828739.313
3522,1708828739.363
3523,1708828739.413
3524,1708828739.463
3525,1708828739.513
3526,1708828739.563
3527,1708828739.613
3528,1708828739.663
3529,1708828739.713
3530,1708828739.763
3531,1708828739.813
3532,1708828739.863
3533,1708828739.913
3534,1708828739.963
3535,1708828740.013
3536,1708828740.063
3537,1708828740.113
3538,1708828740.163
3539,1708828740.213
3540,1708828740.263
3541,1708828740.313
3542,1708828740.363
3543,1708828740.413
3544,1708828740.463
3545,1708828740.513
3546,1708828740.563
3547,1708828740.613
3548,1708828740.663
3549,1708828740.713
3550,1708828740.763
3551,1708828740.813
3552,1708828740.863
3553,1708828740.913
3554,1708828740.963
3555,1708828741.013
3556,1708828741.063
3557,1708828741.113
3558,1708828741.163
3559,1708828741.213
3560,1708828741.263
3561,1708828741.313
3562,1708828741.363
3563,1708828741.413
3564,1708828741.463
3565,1708828741.513
3566,1708828741.563
3567,1708828741.613
3568,1708828741.663
3569,1708828741.713
3570,1708828741.763
3571,1708828741.813
3572,1708828741.863
3573,1708828741.913
3574,1708828741.963
3575,1708828742.013
3576,1708828742.063
3577,1708828742.113
3578,1708828742.163
3579,1708828742.213
3580,1708828742.263
3581,1708828742.313
3582,1708828742.363
3583,1708828742.413
3584,1708828742.463
3585,1708828742.513
3586,1708828742.563
3587,1708828742.613
3588,1708828742.663
3589,1708828742.713
3590,1708828742.763
3591,1708828742.813
3592,1708828742.863
3593,1708828742.913
3594,1708828742.963
3595,1708828743.013
3596,1708828743.063
3597,1708828743.113
3598,1708828743.163
3599,1708828743.213
3600,1708828743.263
3601,1708828743.313
3602,1708828743.363
3603,1708828743.413
3604,1708828743.463
3605,1708828743.513
3606,1708828743.563
3607,1708828743.613
3608,1708828743.663
3609,1708828743.713
3610,1708828743.763
3611,1708828743.813
3612,1708828743.863
3613,1708828743.913
3614,1708828743.963
3615,1708828744.013
3616,1708828744.063
3617,1708828744.113
3618,1708828744.163
3619,1708828744.213
3620,1708828744.263
3621,1708828744.313
3622,1708828744.363
3623,1708828744.413
3624,1708828744.463
3625,1708828744.513
3626,1708828744.563
3627,1708828744.613
3628,1708828744.663
3629,1708828744.713
3630,1708828744.763
3631,1708828744.813
3632,1708828744.863
3633,1708828744.913
3634,1708828744.963
3635,1708828745.013
3636,1708828745.063
3637,1708828745.113
3638,1708828745.163
3639,1708828745.213
3640,1708828745.263
3641,1708828745.313
3642,1708828745.363
3643,1708828745.413
3644,1708828745.463
3645,1708828745.513
3646,1708828745.563
3647,1708828745.613
3648,1708828745.663
3649,1708828745.713
3650,1708828745.763
3651,1708828745.813
3652,1708828745.863
3653,1708828745.913
3654,1708828745.963
3655,1708828746.013
3656,1708828746.063
3657,1708828746.113
3658,1708828746.163
3659,1708828746.213
3660,1708828746.263
3661,1708828746.313
3662,1708828746.363
3663,1708828746.413
3664,1708828746.463
3665,1708828746.513
3666,1708828746.563
3667,1708828746.613
3668,1708828746.663
3669,1708828746.713
3670,1708828746.763
3671,1708828746.813
3672,1708828746.863
3673,1708828746.913
3674,1708828746.963
3675,1708828747.013
3676,1708828747.063
3677,1708828747.113
3678,1708828747.163
3679,1708828747.213
3680,1708828747.263
3681,1708828747.313
3682,1708828747.363
3683,1708828747.413
3684,1708828747.463
3685,1708828747.513
3686,1708828747.563
3687,1708828747.613
3688,1708828747.663
3689,1708828747.713
3690,1708828747.763
3691,1708828747.813
3692,1708828747.863
3693,1708828747.913
3694,1708828747.963
3695,1708828748.013
3696,1708828748.063
3697,1708828748.113
3698,1708828748.163
3699,1708828748.213
3700,1708828748.263
3701,1708828748.313
3702,1708828748.363
3703,1708828748.413
3704,1708828748.463
3705,1708828748.513
3706,1708828748.563
3707,1708828748.613
3708,1708828748.663
3709,1708828748.713
3710,1708828748.763
3711,1708828748.813
3712,1708828748.863
3713,1708828748.913
3714,1708828748.963
3715,1708828749.013
3716,1708828749.063
3717,1708828749.113
3718,1708828749.163
3719,1708828749.213
3720,1708828749.263
3721,1708828749.313
3722,1708828749.363
3723,1708828749.413
3724,1708828749.463
3725,1708828749.513
3726,1708828749.563
3727,1708828749.613
3728,1708828749.663
3729,1708828749.713
3730,1708828749.763
3731,1708828749.813
3732,1708828749.863
3733,1708828749.913
3734,1708828749.963
3735,1708828750.013
3736,1708828750.063
3737,1708828750.113
3738,1708828750.163
3739,1708828750.213
3740,1708828750.263
3741,1708828750.313
3742,1708828750.363
3743,1708828750.413
3744,1708828750.463
3745,1708828750.513
3746,1708828750.563
3747,1708828750.613
3748,1708828750.663
3749,1708828750.713
3750,1708828750.763
3751,1708828750.813
3752,1708828750.863
3753,1708828750.913
3754,1708828750.963
3755,1708828751.013
3756,1708828751.063
3757,1708828751.113
3758,1708828751.163
3759,1708828751.213
3760,1708828751.263
3761,1708828751.313
3762,1708828751.363
3763,1708828751.413
3764,1708828751.463
3765,1708828751.513
3766,1708828751.563
3767,1708828751.613
3768,1708828751.663
3769,1708828751.713
3770,1708828751.763
3771,1708828751.813
3772,1708828751.863
3773,1708828751.913
3774,1708828751.963
3775,1708828752.013
3776,1708828752.063
3777,1708828752.113
3778,1708828752.163
3779,1708828752.213
3780,1708828752.263
3781,1708828752.313
3782,1708828752.363
3783,1708828752.413
3784,1708828752.463
3785,1708828752.513
3786,1708828752.563
3787,1708828752.613
3788,1708828752.663
3789,1708828752.713
3790,1708828752.763
3791,1708828752.813
3792,1708828752.863
3793,1708828752.913
3794,1708828752.963
3795,1708828753.013
3796,1708828753.063
3797,1708828753.113
3798,1708828753.163
3799,1708828753.213
3800,1708828753.263
3801,1708828753.313
3802,1708828753.363
3803,1708828753.413
3804,1708828753.463
3805,1708828753.513
3806,1708828753.563
3807,1708828753.613
3808,1708828753.663
3809,1708828753.713
3810,1708828753.763
3811,1708828753.813
3812,1708828753.863
3813,1708828753.913
3814,1708828753.963
3815,1708828754.013
3816,1708828754.063
3817,1708828754.113
3818,1708828754.163
3819,1708828754.213
3820,1708828754.263
3821,1708828754.313
3822,1708828754.363
3823,1708828754.413
3824,1708828754.463
3825,1708828754.513
3826,1708828754.563
3827,1708828754.613
3828,1708828754.663
3829,1708828754.713
3830,1708828754.763
3831,1708828754.813
3832,1708828754.863
3833,1708828754.913
3834,1708828754.963
3835,1708828755.013
3836,1708828755.063
3837,1708828755.113
3838,1708828755.163
3839,1708828755.213
3840,1708828755.263
3841,1708828755.313
3842,1708828755.363
3843,1708828755.413
3844,1708828755.463
3845,1708828755.513
3846,1708828755.563
3847,1708828755.613
3848,1708828755.663
3849,1708828755.713
3850,1708828755.763
3851,1708828755.813
3852,1708828755.863
3853,1708828755.913
3854,1708828755.963
3855,1708828756.013
3856,1708828756.063
3857,1708828756.113
3858,1708828756.163
3859,1708828756.213
3860,1708828756.263
3861,1708828756.313
3862,1708828756.363
3863,1708828756.413
3864,1708828756.463
3865,1708828756.513
3866,1708828756.563
3867,1708828756.613
3868,1708828756.663
3869,1708828756.713
3870,1708828756.763
3871,1708828756.813
3872,1708828756.863
3873,1708828756.913
3874,1708828756.963
3875,1708828757.013
3876,1708828757.063
3877,1708828757.113
3878,1708828757.163
3879,1708828757.213
3880,1708828757.263
3881,1708828757.313
3882,1708828757.363
3883,1708828757.413
3884,1708828757.463
3885,1708828757.513
3886,1708828757.563
3887,1708828757.613
3888,1708828757.663
3889,1708828757.713
3890,1708828757.763
3891,1708828757.813
3892,1708828757.863
3893,1708828757.913
3894,1708828757.963
3895,1708828758.013
3896,1708828758.063
3897,1708828758.113
3898,1708828758.163
3899,1708828758.213
3900,1708828758.263
3901,1708828758.313
3902,1708828758.363
3903,1708828758.413
3904,1708828758.463
3905,1708828758.513
3906,1708828758.563
3907,1708828758.613
3908,1708828758.663
3909,1708828758.713
3910,1708828758.763
3911,1708828758.813
3912,1708828758.863
3913,1708828758.913
3914,1708828758.963
3915,1708828759.013
3916,1708828759.063
3917,1708828759.113
3918,1708828759.163
3919,1708828759.213
3920,1708828759.263
3921,1708828759.313
3922,1708828759.363
3923,1708828759.413
3924,1708828759.463
3925,1708828759.513
3926,1708828759.563
3927,1708828759.613
3928,1708828759.663
3929,1708828759.713
3930,1708828759.763
3931,1708828759.813
3932,1708828759.863
3933,1708828759.913
3934,1708828759.963
3935,1708828760.013
3936,1708828760.063
3937,1708828760.113
3938,1708828760.163
3939,1708828760.213
3940,1708828760.263
3941,1708828760.313
3942,1708828760.363
3943,1708828760.413
3944,1708828760.463
3945,1708828760.513
3946,1708828760.563
3947,1708828760.613
3948,1708828760.663
3949,1708828760.713
3950,1708828760.763
3951,1708828760.813
3952,1708828760.863
3953,1708828760.913
3954,1708828760.963
3955,1708828761.013
3956,1708828761.063
3957,1708828761.113
3958,1708828761.163
3959,1708828761.213
3960,1708828761.263
3961,1708828761.313
3962,1708828761.363
3963,1708828761.413
3964,1708828761.463
3965,1708828761.513
3966,1708828761.563
3967,1708828761.613
3968,1708828761.663
3969,1708828761.713
3970,1708828761.763
3971,1708828761.813
3972,1708828761.863
3973,1708828761.913
3974,1708828761.963
3975,1708828762.013
3976,1708828762.063
3977,1708828762.113
3978,1708828762.163
3979,1708828762.213
3980,1708828762.263
3981,1708828762.313
3982,1708828762.363
3983,1708828762.413
3984,1708828762.463
3985,1708828762.513
3986,1708828762.563
3987,1708828762.613
3988,1708828762.663
3989,1708828762.713
3990,1708828762.763
3991,1708828762.813
3992,1708828762.863
3993,1708828762.913
3994,1708828762.963
3995,1708828763.013
3996,1708828763.063
3997,1708828763.113
3998,1708828763.163
3999,1708828763.213
4000,1708828763.263
4001,1708828763.313
4002,1708828763.363
4003,1708828763.413
4004,1708828763.463
4005,1708828763.513
4006,1708828763.563
4007,1708828763.613
4008,1708828763.663
4009,1708828763.713
4010,1708828763.763
4011,1708828763.813
4012,1708828763.863
4013,1708828763.913
4014,1708828763.963
4015,1708828764.013
4016,1708828764.063
4017,1708828764.113
4018,1708828764.163
4019,1708828764.213
4020,1708828764.263
4021,1708828764.313
4022,1708828764.363
4023,1708828764.413
4024,1708828764.463
4025,1708828764.513
4026,1708828764.563
4027,1708828764.613
4028,1708828764.663
4029,1708828764.713
4030,1708828764.763
4031,1708828764.813
4032,1708828764.863
4033,1708828764.913
4034,1708828764.963
4035,1708828765.013
4036,1708828765.063
4037,1708828765.113
4038,1708828765.163
4039,1708828765.213
4040,1708828765.263
4041,1708828765.313
4042,1708828765.363
4043,1708828765.413
4044,1708828765.463
4045,1708828765.513
4046,1708828765.563
4047,1708828765.613
4048,1708828765.663
4049,1708828765.713
4050,1708828765.763
4051,1708828765.813
4052,1708828765.863
4053,1708828765.913
4054,1708828765.963
4055,1708828766.013
4056,1708828766.063
4057,1708828766.113
4058,1708828766.163
4059,1708828766.213
4060,1708828766.263
4061,1708828766.313
4062,1708828766.363
4063,1708828766.413
4064,1708828766.463
4065,1708828766.513
4066,1708828766.563
4067,1708828766.613
4068,1708828766.663
4069,1708828766.713
4070,1708828766.763
4071,1708828766.813
4072,1708828766.863
4073,1708828766.913
4074,1708828766.963
4075,1708828767.013
4076,1708828767.063
4077,1708828767.113
4078,1708828767.163
4079,1708828767.213
4080,1708828767.263
4081,1708828767.313
4082,1708828767.363
4083,1708828767.413
4084,1708828767.463
4085,1708828767.513
4086,1708828767.563
4087,1708828767.613
4088,1708828767.663
4089,1708828767.713
4090,1708828767.763
4091,1708828767.813
4092,1708828767.863
4093,1708828767.913
4094,1708828767.963
4095,1708828768.013
4096,1708828768.063
4097,1708828768.113
4098,1708828768.163
4099,1708828768.213
4100,1708828768.263
4101,1708828768.313
4102,1708828768.363
4103,1708828768.413
4104,1708828768.463
4105,1708828768.513
4106,1708828768.563
4107,1708828768.613
4108,1708828768.663
4109,1708828768.713
4110,1708828768.763
4111,1708828768.813
4112,1708828768.863
4113,1708828768.913
4114,1708828768.963
4115,1708828769.013
4116,1708828769.063
4117,1708828769.113
4118,1708828769.163
4119,1708828769.213
4120,1708828769.263
4121,1708828769.313
4122,1708828769.363
4123,1708828769.413
4124,1708828769.463
4125,1708828769.513
4126,1708828769.563
4127,1708828769.613
4128,1708828769.663
4129,1708828769.713
4130,1708828769.763
4131,1708828769.813
4132,1708828769.863
4133,1708828769.913
4134,1708828769.963
4135,1708828770.013
4136,1708828770.063
4137,1708828770.113
4138,1708828770.163
4139,1708828770.213
4140,1708828770.263
4141,1708828770.313
4142,1708828770.363
4143,1708828770.413
4144,1708828770.463
4145,1708828770.513
4146,1708828770.563
4147,1708828770.613
4148,1708828770.663
4149,1708828770.713
4150,1708828770.763
4151,1708828770.813
4152,1708828770.863
4153,1708828770.913
4154,1708828770.963
4155,1708828771.013
4156,1708828771.063
4157,1708828771.113
4158,1708828771.163
4159,1708828771.213
4160,1708828771.263
4161,1708828771.313
4162,1708828771.363
4163,1708828771.413
4164,1708828771.463
4165,1708828771.513
4166,1708828771.563
4167,1708828771.613
4168,1708828771.663
4169,1708828771.713
4170,1708828771.763
4171,1708828771.813
4172,1708828771.863
4173,1708828771.913
4174,1708828771.963
4175,1708828772.013
4176,1708828772.063
4177,1708828772.113
4178,1708828772.163
4179,1708828772.213
4180,1708828772.263
4181,1708828772.313
4182,1708828772.363
4183,1708828772.413
4184,1708828772.463
4185,1708828772.513
4186,1708828772.563
4187,1708828772.613
4188,1708828772.663
4189,1708828772.713
4190,1708828772.763
4191,1708828772.813
4192,1708828772.863
4193,1708828772.913
4194,1708828772.963
4195,1708828773.013
4196,1708828773.063
4197,1708828773.113
4198,1708828773.163
4199,1708828773.213
4200,1708828773.263
4201,1708828773.313
4202,1708828773.363
4203,1708828773.413
4204,1708828773.463
4205,1708828773.513
4206,1708828773.563
4207,1708828773.613
4208,1708828773.663
4209,1708828773.713
4210,1708828773.763
4211,1708828773.813
4212,1708828773.863
4213,1708828773.913
4214,1708828773.963
4215,1708828774.013
4216,1708828774.063
4217,1708828774.113
4218,1708828774.163
4219,1708828774.213
4220,1708828774.263
4221,1708828774.313
4222,1708828774.363
4223,1708828774.413
4224,1708828774.463
4225,1708828774.513
4226,1708828774.563
4227,1708828774.613
4228,1708828774.663
4229,1708828774.713
4230,1708828774.763
4231,1708828774.813
4232,1708828774.863
4233,1708828774.913
4234,1708828774.963
4235,1708828775.013
4236,1708828775.063
4237,1708828775.113
4238,1708828775.163
4239,1708828775.213
4240,1708828775.263
4241,1708828775.313
4242,1708828775.363
4243,1708828775.413
4244,1708828775.463
4245,1708828775.513
4246,1708828775.563
4247,1708828775.613
4248,1708828775.663
4249,1708828775.713
4250,1708828775.763
4251,1708828775.813
4252,1708828775.863
4253,1708828775.913
4254,1708828775.963
4255,1708828776.013
4256,1708828776.063
4257,1708828776.113
4258,1708828776.163
4259,1708828776.213
4260,1708828776.263
4261,1708828776.313
4262,1708828776.363
4263,1708828776.413
4264,1708828776.463
4265,1708828776.513
4266,1708828776.563
4267,1708828776.613
4268,1708828776.663
4269,1708828776.713
4270,1708828776.763
4271,1708828776.813
4272,1708828776.863
4273,1708828776.913
4274,1708828776.963
4275,1708828777.013
4276,1708828777.063
4277,1708828777.113
4278,1708828777.163
4279,1708828777.213
4280,1708828777.263
4281,1708828777.313
4282,1708828777.363
4283,1708828777.413
4284,1708828777.463
4285,1708828777.513
4286,1708828777.563
4287,1708828777.613
4288,1708828777.663
4289,1708828777.713
4290,1708828777.763
4291,1708828777.813
4292,1708828777.863
4293,1708828777.913
4294,1708828777.963
4295,1708828778.013
4296,1708828778.063
4297,1708828778.113
4298,1708828778.163
4299,1708828778.213
4300,1708828778.263
4301,1708828778.313
4302,1708828778.363
4303,1708828778.413
4304,1708828778.463
4305,1708828778.513
4306,1708828778.563
4307,1708828778.613
4308,1708828778.663
4309,1708828778.713
4310,1708828778.763
4311,1708828778.813
4312,1708828778.863
4313,1708828778.913
4314,1708828778.963
4315,1708828779.013
4316,1708828779.063
4317,1708828779.113
4318,1708828779.163
4319,1708828779.213
4320,1708828779.263
4321,1708828779.313
4322,1708828779.363
4323,1708828779.413
4324,1708828779.463
4325,1708828779.513
4326,1708828779.563
4327,1708828779.613
4328,1708828779.663
4329,1708828779.713
4330,1708828779.763
4331,1708828779.813
4332,1708828779.863
4333,1708828779.913
4334,1708828779.963
4335,1708828780.013
4336,1708828780.063
4337,1708828780.113
4338,1708828780.163
4339,1708828780.213
4340,1708828780.263
4341,1708828780.313
4342,1708828780.363
4343,1708828780.413
4344,1708828780.463
4345,1708828780.513
4346,1708828780.563
4347,1708828780.613
4348,1708828780.663
4349,1708828780.713
4350,1708828780.763
4351,1708828780.813
4352,1708828780.863
4353,1708828780.913
4354,1708828780.963
4355,1708828781.013
4356,1708828781.063
4357,1708828781.113
4358,1708828781.163
4359,1708828781.213
4360,1708828781.263
4361,1708828781.313
4362,1708828781.363
4363,1708828781.413
4364,1708828781.463
4365,1708828781.513
4366,1708828781.563
4367,1708828781.613
4368,1708828781.663
4369,1708828781.713
4370,1708828781.763
4371,1708828781.813
4372,1708828781.863
4373,1708828781.913
4374,1708828781.963
4375,1708828782.013
4376,1708828782.063
4377,1708828782.113
4378,1708828782.163
4379,1708828782.213
4380,1708828782.263
4381,1708828782.313
4382,1708828782.363
4383,1708828782.413
4384,1708828782.463
4385,1708828782.513
4386,1708828782.563
4387,1708828782.613
4388,1708828782.663
4389,1708828782.713
4390,1708828782.763
4391,1708828782.813
4392,1708828782.863
4393,1708828782.913
4394,1708828782.963
4395,1708828783.013
4396,1708828783.063
4397,1708828783.113
4398,1708828783.163
4399,1708828783.213
4400,1708828783.263
4401,1708828783.313
4402,1708828783.363
4403,1708828783.413
4404,1708828783.463
4405,1708828783.513
4406,1708828783.563
4407,1708828783.613
4408,1708828783.663
4409,1708828783.713
4410,1708828783.763
4411,1708828783.813
4412,1708828783.863
4413,1708828783.913
4414,1708828783.963
4415,1708828784.013
4416,1708828784.063
4417,1708828784.113
4418,1708828784.163
4419,1708828784.213
4420,1708828784.263
4421,1708828784.313
4422,1708828784.363
4423,1708828784.413
4424,1708828784.463
4425,1708828784.513
4426,1708828784.563
4427,1708828784.613
4428,1708828784.663
4429,1708828784.713
4430,1708828784.763
4431,1708828784.813
4432,1708828784.863
4433,1708828784.913
4434,1708828784.963
4435,1708828785.013
4436,1708828785.063
4437,1708828785.113
4438,1708828785.163
4439,1708828785.213
4440,1708828785.263
4441,1708828785.313
4442,1708828785.363
4443,1708828785.413
4444,1708828785.463
4445,1708828785.513
4446,1708828785.563
4447,1708828785.613
4448,1708828785.663
4449,1708828785.713
4450,1708828785.763
4451,1708828785.813
4452,1708828785.863
4453,1708828785.913
4454,1708828785.963
4455,1708828786.013
4456,1708828786.063
4457,1708828786.113
4458,1708828786.163
4459,1708828786.213
4460,1708828786.263
4461,1708828786.313
4462,1708828786.363
4463,1708828786.413
4464,1708828786.463
4465,1708828786.513
4466,1708828786.563
4467,1708828786.613
4468,1708828786.663
4469,1708828786.713
4470,1708828786.763
4471,1708828786.813
4472,1708828786.863
4473,1708828786.913
4474,1708828786.963
4475,1708828787.013
4476,1708828787.063
4477,1708828787.113
4478,1708828787.163
4479,1708828787.213
4480,1708828787.263
4481,1708828787.313
4482,1708828787.363
4483,1708828787.413
4484,1708828787.463
4485,1708828787.513
4486,1708828787.563
4487,1708828787.613
4488,1708828787.663
4489,1708828787.713
4490,1708828787.763
4491,1708828787.813
4492,1708828787.863
4493,1708828787.913
4494,1708828787.963
4495,1708828788.013
4496,1708828788.063
4497,1708828788.113
4498,1708828788.163
4499,1708828788.213
4500,1708828788.263
4501,1708828788.313
4502,1708828788.363
4503,1708828788.413
4504,1708828788.463
4505,1708828788.513
4506,1708828788.563
4507,1708828788.613
4508,1708828788.663
4509,1708828788.713
4510,1708828788.763
4511,1708828788.813
4512,1708828788.863
4513,1708828788.913
4514,1708828788.963
4515,1708828789.013
4516,1708828789.063
4517,1708828789.113
4518,1708828789.163
4519,1708828789.213
4520,1708828789.263
4521,1708828789.313
4522,1708828789.363
4523,1708828789.413
4524,1708828789.463
4525,1708828789.513
4526,1708828789.563
4527,1708828789.613
4528,1708828789.663
4529,1708828789.713
4530,1708828789.763
4531,1708828789.813
4532,1708828789.863
4533,1708828789.913
4534,1708828789.963
4535,1708828790.013
4536,1708828790.063
4537,1708828790.113
4538,1708828790.163
4539,1708828790.213
4540,1708828790.263
4541,1708828790.313
4542,1708828790.363
4543,1708828790.413
4544,1708828790.463
4545,1708828790.513
4546,1708828790.563
4547,1708828790.613
4548,1708828790.663
4549,1708828790.713
4550,1708828790.763
4551,1708828790.813
4552,1708828790.863
4553,1708828790.913
4554,1708828790.963
4555,1708828791.013
4556,1708828791.063
4557,1708828791.113
4558,1708828791.163
4559,1708828791.213
4560,1708828791.263
4561,1708828791.313
4562,1708828791.363
4563,1708828791.413
4564,1708828791.463
4565,1708828791.513
4566,1708828791.563
4567,1708828791.613
4568,1708828791.663
4569,1708828791.713
4570,1708828791.763
4571,1708828791.813
4572,1708828791.863
4573,1708828791.913
4574,1708828791.963
4575,1708828792.013
4576,1708828792.063
4577,1708828792.113
4578,1708828792.163
4579,1708828792.213
4580,1708828792.263
4581,1708828792.313
4582,1708828792.363
4583,1708828792.413
4584,1708828792.463
4585,1708828792.513
4586,1708828792.563
4587,1708828792.613
4588,1708828792.663
4589,1708828792.713
4590,1708828792.763
4591,1708828792.813
4592,1708828792.863
4593,1708828792.913
4594,1708828792.963
4595,1708828793.013
4596,1708828793.063
4597,1708828793.113
4598,1708828793.163
4599,1708828793.213
4600,1708828793.263
4601,1708828793.313
4602,1708828793.363
4603,1708828793.413
4604,1708828793.463
4605,1708828793.513
4606,1708828793.563
4607,1708828793.613
4608,1708828793.663
4609,1708828793.713
4610,1708828793.763
4611,1708828793.813
4612,1708828793.863
4613,1708828793.913
4614,1708828793.963
4615,1708828794.013
4616,1708828794.063
4617,1708828794.113
4618,1708828794.163
4619,1708828794.213
4620,1708828794.263
4621,1708828794.313
4622,1708828794.363
4623,1708828794.413
4624,1708828794.463
4625,1708828794.513
4626,1708828794.563
4627,1708828794.613
4628,1708828794.663
4629,1708828794.713
4630,1708828794.763
4631,1708828794.813
4632,1708828794.863
4633,1708828794.913
4634,1708828794.963
4635,1708828795.013
4636,1708828795.063
4637,1708828795.113
4638,1708828795.163
4639,1708828795.213
4640,1708828795.263
4641,1708828795.313
4642,1708828795.363
4643,1708828795.413
4644,1708828795.463
4645,1708828795.513
4646,1708828795.563
4647,1708828795.613
4648,1708828795.663
4649,1708828795.713
4650,1708828795.763
4651,1708828795.813
4652,1708828795.863
4653,1708828795.913
4654,1708828795.963
4655,1708828796.013
4656,1708828796.063
4657,1708828796.113
4658,1708828796.163
4659,1708828796.213
4660,1708828796.263
4661,1708828796.313
4662,1708828796.363
4663,1708828796.413
4664,1708828796.463
4665,1708828796.513
4666,1708828796.563
4667,1708828796.613
4668,1708828796.663
4669,1708828796.713
4670,1708828796.763
4671,1708828796.813
4672,1708828796.863
4673,1708828796.913
4674,1708828796.963
4675,1708828797.013
4676,1708828797.063
4677,1708828797.113
4678,1708828797.163
4679,1708828797.213
4680,1708828797.263
4681,1708828797.313
4682,1708828797.363
4683,1708828797.413
4684,1708828797.463
4685,1708828797.513
4686,1708828797.563
4687,1708828797.613
4688,1708828797.663
4689,1708828797.713
4690,1708828797.763
4691,1708828797.813
4692,1708828797.863
4693,1708828797.913
4694,1708828797.963
4695,1708828798.013
4696,1708828798.063
4697,1708828798.113
4698,1708828798.163
4699,1708828798.213
4700,1708828798.263
4701,1708828798.313
4702,1708828798.363
4703,1708828798.413
4704,1708828798.463
4705,1708828798.513
4706,1708828798.563
4707,1708828798.613
4708,1708828798.663
4709,1708828798.713
4710,1708828798.763
4711,1708828798.813
4712,1708828798.863
4713,1708828798.913
4714,1708828798.963
4715,1708828799.013
4716,1708828799.063
4717,1708828799.113
4718,1708828799.163
4719,1708828799.213
4720,1708828799.263
4721,1708828799.313
4722,1708828799.363
4723,1708828799.413
4724,1708828799.463
4725,1708828799.513
4726,1708828799.563
4727,1708828799.613
4728,1708828799.663
4729,1708828799.713
4730,1708828799.763
4731,1708828799.813
4732,1708828799.863
4733,1708828799.913
4734,1708828799.963
4735,1708828800.013
4736,1708828800.063
4737,1708828800.113
4738,1708828800.163
4739,1708828800.213
4740,1708828800.263
4741,1708828800.313
4742,1708828800.363
4743,1708828800.413
4744,1708828800.463
4745,1708828800.513
4746,1708828800.563
4747,1708828800.613
4748,1708828800.663
4749,1708828800.713
4750,1708828800.763
4751,1708828800.813
4752,1708828800.863
4753,1708828800.913
4754,1708828800.963
4755,1708828801.013
4756,1708828801.063
4757,1708828801.113
4758,1708828801.163
4759,1708828801.213
4760,1708828801.263
4761,1708828801.313
4762,1708828801.363
4763,1708828801.413
4764,1708828801.463
4765,1708828801.513
4766,1708828801.563
4767,1708828801.613
4768,1708828801.663
4769,1708828801.713
4770,1708828801.763
4771,1708828801.813
4772,1708828801.863
4773,1708828801.913
4774,1708828801.963
4775,1708828802.013
4776,1708828802.063
4777,1708828802.113
4778,1708828802.163
4779,1708828802.213
4780,1708828802.263
4781,1708828802.313
4782,1708828802.363
4783,1708828802.413
4784,1708828802.463
4785,1708828802.513
4786,1708828802.563
4787,1708828802.613
4788,1708828802.663
4789,1708828802.713
4790,1708828802.763
4791,1708828802.813
4792,1708828802.863
4793,1708828802.913
4794,1708828802.963
4795,1708828803.013
4796,1708828803.063
4797,1708828803.113
4798,1708828803.163
4799,1708828803.213
4800,1708828803.263
4801,1708828803.313
4802,1708828803.363
4803,1708828803.413
4804,1708828803.463
4805,1708828803.513
4806,1708828803.563
4807,1708828803.613
4808,1708828803.663
4809,1708828803.713
4810,1708828803.763
4811,1708828803.813
4812,1708828803.863
4813,1708828803.913
4814,1708828803.963
4815,1708828804.013
4816,1708828804.063
4817,1708828804.113
4818,1708828804.163
4819,1708828804.213
4820,1708828804.263
4821,1708828804.313
4822,1708828804.363
4823,1708828804.413
4824,1708828804.463
4825,1708828804.513
4826,1708828804.563
4827,1708828804.613
4828,1708828804.663
4829,1708828804.713
4830,1708828804.763
4831,1708828804.813
4832,1708828804.863
4833,1708828804.913
4834,1708828804.963
4835,1708828805.013
4836,1708828805.063
4837,1708828805.113
4838,1708828805.163
4839,1708828805.213
4840,1708828805.263
4841,1708828805.313
4842,1708828805.363
4843,1708828805.413
4844,1708828805.463
4845,1708828805.513
4846,1708828805.563
4847,1708828805.613
4848,1708828805.663
4849,1708828805.713
4850,1708828805.763
4851,1708828805.813
4852,1708828805.863
4853,1708828805.913
4854,1708828805.963
4855,1708828806.013
4856,1708828806.063
4857,1708828806.113
4858,1708828806.163
4859,1708828806.213
4860,1708828806.263
4861,1708828806.313
4862,1708828806.363
4863,1708828806.413
4864,1708828806.463
4865,1708828806.513
4866,1708828806.563
4867,1708828806.613
4868,1708828806.663
4869,1708828806.713
4870,1708828806.763
4871,1708828806.813
4872,1708828806.863
4873,1708828806.913
4874,1708828806.963
4875,1708828807.013
4876,1708828807.063
4877,1708828807.113
4878,1708828807.163
4879,1708828807.213
4880,1708828807.263
4881,1708828807.313
4882,1708828807.363
4883,1708828807.413
4884,1708828807.463
4885,1708828807.513
4886,1708828807.563
4887,1708828807.613
4888,1708828807.663
4889,1708828807.713
4890,1708828807.763
4891,1708828807.813
4892,1708828807.863
4893,1708828807.913
4894,1708828807.963
4895,1708828808.013
4896,1708828808.063
4897,1708828808.113
4898,1708828808.163
4899,1708828808.213
4900,1708828808.263
4901,1708828808.313
4902,1708828808.363
4903,1708828808.413
4904,1708828808.463
4905,1708828808.513
4906,1708828808.563
4907,1708828808.613
4908,1708828808.663
4909,1708828808.713
4910,1708828808.763
4911,1708828808.813
4912,1708828808.863
4913,1708828808.913
4914,1708828808.963
4915,1708828809.013
4916,1708828809.063
4917,1708828809.113
4918,1708828809.163
4919,1708828809.213
4920,1708828809.263
4921,1708828809.313
4922,1708828809.363
4923,1708828809.413
4924,1708828809.463
4925,1708828809.513
4926,1708828809.563
4927,1708828809.613
4928,1708828809.663
4929,1708828809.713
4930,1708828809.763
4931,1708828809.813
4932,1708828809.863
4933,1708828809.913
4934,1708828809.963
4935,1708828810.013
4936,1708828810.063
4937,1708828810.113
4938,1708828810.163
4939,1708828810.213
4940,1708828810.263
4941,1708828810.313
4942,1708828810.363
4943,1708828810.413
4944,1708828810.463
4945,1708828810.513
4946,1708828810.563
4947,1708828810.613
4948,1708828810.663
4949,1708828810.713
4950,1708828810.763
4951,1708828810.813
4952,1708828810.863
4953,1708828810.913
4954,1708828810.963
4955,1708828811.013
4956,1708828811.063
4957,1708828811.113
4958,1708828811.163
4959,1708828811.213
4960,1708828811.263
4961,1708828811.313
4962,1708828811.363
4963,1708828811.413
4964,1708828811.463
4965,1708828811.513
4966,1708828811.563
4967,1708828811.613
4968,1708828811.663
4969,1708828811.713
4970,1708828811.763
4971,1708828811.813
4972,1708828811.863
4973,1708828811.913
4974,1708828811.963
4975,1708828812.013
4976,1708828812.063
4977,1708828812.113
4978,1708828812.163
4979,1708828812.213
4980,1708828812.263
4981,1708828812.313
4982,1708828812.363
4983,1708828812.413
4984,1708828812.463
4985,1708828812.513
4986,1708828812.563
4987,1708828812.613
4988,1708828812.663
4989,1708828812.713
4990,1708828812.763
4991,1708828812.813
4992,1708828812.863
4993,1708828812.913
4994,1708828812.963
4995,1708828813.013
4996,1708828813.063
4997,1708828813.113
4998,1708828813.163
4999,1708828813.213
5000,1708828813.263
5001,1708828813.313
5002,1708828813.363
5003,1708828813.413
5004,1708828813.463
5005,1708828813.513
5006,1708828813.563
5007,1708828813.613
5008,1708828813.663
5009,1708828813.713
5010,1708828813.763
5011,1708828813.813
5012,1708828813.863
5013,1708828813.913
5014,1708828813.963
5015,1708828814.013
5016,1708828814.063
5017,1708828814.113
5018,1708828814.163
5019,1708828814.213
5020,1708828814.263
5021,1708828814.313
5022,1708828814.363
5023,1708828814.413
5024,1708828814.463
5025,1708828814.513
5026,1708828814.563
5027,1708828814.613
5028,1708828814.663
5029,1708828814.713
5030,1708828814.763
5031,1708828814.813
5032,1708828814.863
5033,1708828814.913
5034,1708828814.963
5035,1708828815.013
5036,1708828815.063
5037,1708828815.113
5038,1708828815.163
5039,1708828815.213
5040,1708828815.263
5041,1708828815.313
5042,1708828815.363
5043,1708828815.413
5044,1708828815.463
5045,1708828815.513
5046,1708828815.563
5047,1708828815.613
5048,1708828815.663
5049,1708828815.713
5050,1708828815.763
5051,1708828815.813
5052,1708828815.863
5053,1708828815.913
5054,1708828815.963
5055,1708828816.013
5056,1708828816.063
5057,1708828816.113
5058,1708828816.163
5059,1708828816.213
5060,1708828816.263
5061,1708828816.313
5062,1708828816.363
5063,1708828816.413
5064,1708828816.463
5065,1708828816.513
5066,1708828816.563
5067,1708828816.613
5068,1708828816.663
5069,1708828816.713
5070,1708828816.763
5071,1708828816.813
5072,1708828816.863
5073,1708828816.913
5074,1708828816.963
5075,1708828817.013
5076,1708828817.063
5077,1708828817.113
5078,1708828817.163
5079,1708828817.213
5080,1708828817.263
5081,1708828817.313
5082,1708828817.363
5083,1708828817.413
5084,1708828817.463
5085,1708828817.513
5086,1708828817.563
5087,1708828817.613
5088,1708828817.663
5089,1708828817.713
5090,1708828817.763
5091,1708828817.813
5092,1708828817.863
5093,1708828817.913
5094,1708828817.963
5095,1708828818.013
5096,1708828818.063
5097,1708828818.113
5098,1708828818.163
5099,1708828818.213
5100,1708828818.263
5101,1708828818.313
5102,1708828818.363
5103,1708828818.413
5104,1708828818.463
5105,1708828818.513
5106,1708828818.563
5107,1708828818.613
5108,1708828818.663
5109,1708828818.713
5110,1708828818.763
5111,1708828818.813
5112,1708828818.863
5113,1708828818.913
5114,1708828818.963
5115,1708828819.013
5116,1708828819.063
5117,1708828819.113
5118,1708828819.163
5119,1708828819.213
5120,1708828819.263
5121,1708828819.313
5122,1708828819.363
5123,1708828819.413
5124,1708828819.463
5125,1708828819.513
5126,1708828819.563
5127,1708828819.613
5128,1708828819.663
5129,1708828819.713
5130,1708828819.763
5131,1708828819.813
5132,1708828819.863
5133,1708828819.913
5134,1708828819.963
5135,1708828820.013
5136,1708828820.063
5137,1708828820.113
5138,1708828820.163
5139,1708828820.213
5140,1708828820.263
5141,1708828820.313
5142,1708828820.363
5143,1708828820.413
5144,1708828820.463
5145,1708828820.513
5146,1708828820.563
5147,1708828820.613
5148,1708828820.663
5149,1708828820.713
5150,1708828820.763
5151,1708828820.813
5152,1708828820.863
5153,1708828820.913
5154,1708828820.963
5155,1708828821.013
5156,1708828821.063
5157,1708828821.113
5158,1708828821.163
5159,1708828821.213
5160,1708828821.263
5161,1708828821.313
5162,1708828821.363
5163,1708828821.413
5164,1708828821.463
5165,1708828821.513
5166,1708828821.563
5167,1708828821.613
5168,1708828821.663
5169,1708828821.713
5170,1708828821.763
5171,1708828821.813
5172,1708828821.863
5173,1708828821.913
5174,1708828821.963
5175,1708828822.013
5176,1708828822.063
5177,1708828822.113
5178,1708828822.163
5179,1708828822.213
5180,1708828822.263
5181,1708828822.313
5182,1708828822.363
5183,1708828822.413
5184,1708828822.463
5185,1708828822.513
5186,1708828822.563
5187,1708828822.613
5188,1708828822.663
5189,1708828822.713
5190,1708828822.763
5191,1708828822.813
5192,1708828822.863
5193,1708828822.913
5194,1708828822.963
5195,1708828823.013
5196,1708828823.063
5197,1708828823.113
5198,1708828823.163
5199,1708828823.213
5200,1708828823.263
5201,1708828823.313
5202,1708828823.363
5203,1708828823.413
5204,1708828823.463
5205,1708828823.513
5206,1708828823.563
5207,1708828823.613
5208,1708828823.663
5209,1708828823.713
5210,1708828823.763
5211,1708828823.813
5212,1708828823.863
5213,1708828823.913
5214,1708828823.963
5215,1708828824.013
5216,1708828824.063
5217,1708828824.113
5218,1708828824.163
5219,1708828824.213
5220,1708828824.263
5221,1708828824.313
5222,1708828824.363
5223,1708828824.413
5224,1708828824.463
5225,1708828824.513
5226,1708828824.563
5227,1708828824.613
5228,1708828824.663
5229,1708828824.713
5230,1708828824.763
5231,1708828824.813
5232,1708828824.863
5233,1708828824.913
5234,1708828824.963
5235,1708828825.013
5236,1708828825.063
5237,1708828825.113
5238,1708828825.163
5239,1708828825.213
5240,1708828825.263
5241,1708828825.313
5242,1708828825.363
5243,1708828825.413
5244,1708828825.463
5245,1708828825.513
5246,1708828825.563
5247,1708828825.613
5248,1708828825.663
5249,1708828825.713
5250,1708828825.763
5251,1708828825.813
5252,1708828825.863
5253,1708828825.913
5254,1708828825.963
5255,1708828826.013
5256,1708828826.063
5257,1708828826.113
5258,1708828826.163
5259,1708828826.213
5260,1708828826.263
5261,1708828826.313
5262,1708828826.363
5263,1708828826.413
5264,1708828826.463
5265,1708828826.513
5266,1708828826.563
5267,1708828826.613
5268,1708828826.663
5269,1708828826.713
5270,1708828826.763
5271,1708828826.813
5272,1708828826.863
5273,1708828826.913
5274,1708828826.963
5275,1708828827.013
5276,1708828827.063
5277,1708828827.113
5278,1708828827.163
5279,1708828827.213
5280,1708828827.263
5281,1708828827.313
5282,1708828827.363
5283,1708828827.413
5284,1708828827.463
5285,1708828827.513
5286,1708828827.563
5287,1708828827.613
5288,1708828827.663
5289,1708828827.713
5290,1708828827.763
5291,1708828827.813
5292,1708828827.863
5293,1708828827.913
5294,1708828827.963
5295,1708828828.013
5296,1708828828.063
5297,1708828828.113
5298,1708828828.163
5299,1708828828.213
5300,1708828828.263
5301,1708828828.313
5302,1708828828.363
5303,1708828828.413
5304,1708828828.463
5305,1708828828.513
5306,1708828828.563
5307,1708828828.613
5308,1708828828.663
5309,1708828828.713
5310,1708828828.763
5311,1708828828.813
5312,1708828828.863
5313,1708828828.913
5314,1708828828.963
5315,1708828829.013
5316,1708828829.063
5317,1708828829.113
5318,1708828829.163
5319,1708828829.213
5320,1708828829.263
5321,1708828829.313
5322,1708828829.363
5323,1708828829.413
5324,1708828829.463
5325,1708828829.513
5326,1708828829.563
5327,1708828829.613
5328,1708828829.663
5329,1708828829.713
5330,1708828829.763
5331,1708828829.813
5332,1708828829.863
5333,1708828829.913
5334,1708828829.963
5335,1708828830.013
5336,1708828830.063
5337,1708828830.113
5338,1708828830.163
5339,1708828830.213
5340,1708828830.263
5341,1708828830.313
5342,1708828830.363
5343,1708828830.413
5344,1708828830.463
5345,1708828830.513
5346,1708828830.563
5347,1708828830.613
5348,1708828830.663
5349,1708828830.713
5350,1708828830.763
5351,1708828830.813
5352,1708828830.863
5353,1708828830.913
5354,1708828830.963
5355,1708828831.013
5356,1708828831.063
5357,1708828831.113
5358,1708828831.163
5359,1708828831.213
5360,1708828831.263
5361,1708828831.313
5362,1708828831.363
5363,1708828831.413
5364,1708828831.463
5365,1708828831.513
5366,1708828831.563
5367,1708828831.613
5368,1708828831.663
5369,1708828831.713
5370,1708828831.763
5371,1708828831.813
5372,1708828831.863
5373,1708828831.913
5374,1708828831.963
5375,1708828832.013
5376,1708828832.063
5377,1708828832.113
5378,1708828832.163
5379,1708828832.213
5380,1708828832.263
5381,1708828832.313
5382,1708828832.363
5383,1708828832.413
5384,1708828832.463
5385,1708828832.513
5386,1708828832.563
5387,1708828832.613
5388,1708828832.663
5389,1708828832.713
5390,1708828832.763
5391,1708828832.813
5392,1708828832.863
5393,1708828832.913
5394,1708828832.963
5395,1708828833.013
5396,1708828833.063
5397,1708828833.113
5398,1708828833.163
5399,1708828833.213
5400,1708828833.263
5401,1708828833.313
5402,1708828833.363
5403,1708828833.413
5404,1708828833.463
5405,1708828833.513
5406,1708828833.563
5407,1708828833.613
5408,1708828833.663
5409,1708828833.713
5410,1708828833.763
5411,1708828833.813
5412,1708828833.863
5413,1708828833.913
5414,1708828833.963
5415,1708828834.013
5416,1708828834.063
5417,1708828834.113
5418,1708828834.163
5419,1708828834.213
5420,1708828834.263
5421,1708828834.313
5422,1708828834.363
5423,1708828834.413
5424,1708828834.463
5425,1708828834.513
5426,1708828834.563
5427,1708828834.613
5428,1708828834.663
5429,1708828834.713
5430,1708828834.763
5431,1708828834.813
5432,1708828834.863
5433,1708828834.913
5434,1708828834.963
5435,1708828835.013
5436,1708828835.063
5437,1708828835.113
5438,1708828835.163
5439,1708828835.213
5440,1708828835.263
5441,1708828835.313
5442,1708828835.363
5443,1708828835.413
5444,1708828835.463
5445,1708828835.513
5446,1708828835.563
5447,1708828835.613
5448,1708828835.663
5449,1708828835.713
5450,1708828835.763
5451,1708828835.813
5452,1708828835.863
5453,1708828835.913
5454,1708828835.963
5455,1708828836.013
5456,1708828836.063
5457,1708828836.113
5458,1708828836.163
5459,1708828836.213
5460,1708828836.263
5461,1708828836.313
5462,1708828836.363
5463,1708828836.413
5464,1708828836.463
5465,1708828836.513
5466,1708828836.563
5467,1708828836.613
5468,1708828836.663
5469,1708828836.713
5470,1708828836.763
5471,1708828836.813
5472,1708828836.863
5473,1708828836.913
5474,1708828836.963
5475,1708828837.013
5476,1708828837.063
5477,1708828837.113
5478,1708828837.163
5479,1708828837.213
5480,1708828837.263
5481,1708828837.313
5482,1708828837.363
5483,1708828837.413
5484,1708828837.463
5485,1708828837.513
5486,1708828837.563
5487,1708828837.613
5488,1708828837.663
5489,1708828837.713
5490,1708828837.763
5491,1708828837.813
5492,1708828837.863
5493,1708828837.913
5494,1708828837.963
5495,1708828838.013
5496,1708828838.063
5497,1708828838.113
5498,1708828838.163
5499,1708828838.213
5500,1708828838.263
5501,1708828838.313
5502,1708828838.363
5503,1708828838.413
5504,1708828838.463
5505,1708828838.513
5506,1708828838.563
5507,1708828838.613
5508,1708828838.663
5509,1708828838.713
5510,1708828838.763
5511,1708828838.813
5512,1708828838.863
5513,1708828838.913
5514,1708828838.963
5515,1708828839.013
5516,1708828839.063
5517,1708828839.113
5518,1708828839.163
5519,1708828839.213
5520,1708828839.263
5521,1708828839.313
5522,1708828839.363
5523,1708828839.413
5524,1708828839.463
5525,1708828839.513
5526,1708828839.563
5527,1708828839.613
5528,1708828839.663
5529,1708828839.713
5530,1708828839.763
5531,1708828839.813
5532,1708828839.863
5533,1708828839.913
5534,1708828839.963
5535,1708828840.013
5536,1708828840.063
5537,1708828840.113
5538,1708828840.163
5539,1708828840.213
5540,1708828840.263
5541,1708828840.313
5542,1708828840.363
5543,1708828840.413
5544,1708828840.463
5545,1708828840.513
5546,1708828840.563
5547,1708828840.613
5548,1708828840.663
5549,1708828840.713
5550,1708828840.763
5551,1708828840.813
5552,1708828840.863
5553,1708828840.913
5554,1708828840.963
5555,1708828841.013
5556,1708828841.063
5557,1708828841.113
5558,1708828841.163
5559,1708828841.213
5560,1708828841.263
5561,1708828841.313
5562,1708828841.363
5563,1708828841.413
5564,1708828841.463
5565,1708828841.513
5566,1708828841.563
5567,1708828841.613
5568,1708828841.663
5569,1708828841.713
5570,1708828841.763
5571,1708828841.813
5572,1708828841.863
5573,1708828841.913
5574,1708828841.963
5575,1708828842.013
5576,1708828842.063
5577,1708828842.113
5578,1708828842.163
5579,1708828842.213
5580,1708828842.263
5581,1708828842.313
5582,1708828842.363
5583,1708828842.413
5584,1708828842.463
5585,1708828842.513
5586,1708828842.563
5587,1708828842.613
5588,1708828842.663
5589,1708828842.713
5590,1708828842.763
5591,1708828842.813
5592,1708828842.863
5593,1708828842.913
5594,1708828842.963
5595,1708828843.013
5596,1708828843.063
5597,1708828843.113
5598,1708828843.163
5599,1708828843.213
5600,1708828843.263
5601,1708828843.313
5602,1708828843.363
5603,1708828843.413
5604,1708828843.463
5605,1708828843.513
5606,1708828843.563
5607,1708828843.613
5608,1708828843.663
5609,1708828843.713
5610,1708828843.763
5611,1708828843.813
5612,1708828843.863
5613,1708828843.913
5614,1708828843.963
5615,1708828844.013
5616,1708828844.063
5617,1708828844.113
5618,1708828844.163
5619,1708828844.213
5620,1708828844.263
5621,1708828844.313
5622,1708828844.363
5623,1708828844.413
5624,1708828844.463
5625,1708828844.513
5626,1708828844.563
5627,1708828844.613
5628,1708828844.663
5629,1708828844.713
5630,1708828844.763
5631,1708828844.813
5632,1708828844.863
5633,1708828844.913
5634,1708828844.963
5635,1708828845.013
5636,1708828845.063
5637,1708828845.113
5638,1708828845.163
5639,1708828845.213
5640,1708828845.263
5641,1708828845.313
5642,1708828845.363
5643,1708828845.413
5644,1708828845.463
5645,1708828845.513
5646,1708828845.563
5647,1708828845.613
5648,1708828845.663
5649,1708828845.713
5650,1708828845.763
5651,1708828845.813
5652,1708828845.863
5653,1708828845.913
5654,1708828845.963
5655,1708828846.013
5656,1708828846.063
5657,1708828846.113
5658,1708828846.163
5659,1708828846.213
5660,1708828846.263
5661,1708828846.313
5662,1708828846.363
5663,1708828846.413
5664,1708828846.463
5665,1708828846.513
5666,1708828846.563
5667,1708828846.613
5668,1708828846.663
5669,1708828846.713
5670,1708828846.763
5671,1708828846.813
5672,1708828846.863
5673,1708828846.913
5674,1708828846.963
5675,1708828847.013
5676,1708828847.063
5677,1708828847.113
5678,1708828847.163
5679,1708828847.213
5680,1708828847.263
5681,1708828847.313
5682,1708828847.363
5683,1708828847.413
5684,1708828847.463
5685,1708828847.513
5686,1708828847.563
5687,1708828847.613
5688,1708828847.663
5689,1708828847.713
5690,1708828847.763
5691,1708828847.813
5692,1708828847.863
5693,1708828847.913
5694,1708828847.963
5695,1708828848.013
5696,1708828848.063
5697,1708828848.113
5698,1708828848.163
5699,1708828848.213
5700,1708828848.263
5701,1708828848.313
5702,1708828848.363
5703,1708828848.413
5704,1708828848.463
5705,1708828848.513
5706,1708828848.563
5707,1708828848.613
5708,1708828848.663
5709,1708828848.713
5710,1708828848.763
5711,1708828848.813
5712,1708828848.863
5713,1708828848.913
5714,1708828848.963
5715,1708828849.013
5716,1708828849.063
5717,1708828849.113
5718,1708828849.163
5719,1708828849.213
5720,1708828849.263
5721,1708828849.313
5722,1708828849.363
5723,1708828849.413
5724,1708828849.463
5725,1708828849.513
5726,1708828849.563
5727,1708828849.613
5728,1708828849.663
5729,1708828849.713
5730,1708828849.763
5731,1708828849.813
5732,1708828849.863
5733,1708828849.913
5734,1708828849.963
5735,1708828850.013
5736,1708828850.063
5737,1708828850.113
5738,1708828850.163
5739,1708828850.213
5740,1708828850.263
5741,1708828850.313
5742,1708828850.363
5743,1708828850.413
5744,1708828850.463
5745,1708828850.513
5746,1708828850.563
5747,1708828850.613
5748,1708828850.663
5749,1708828850.713
5750,1708828850.763
5751,1708828850.813
5752,1708828850.863
5753,1708828850.913
5754,1708828850.963
5755,1708828851.013
5756,1708828851.063
5757,1708828851.113
5758,1708828851.163
5759,1708828851.213
5760,1708828851.263
5761,1708828851.313
5762,1708828851.363
5763,1708828851.413
5764,1708828851.463
5765,1708828851.513
5766,1708828851.563
5767,1708828851.613
5768,1708828851.663
5769,1708828851.713
5770,1708828851.763
5771,1708828851.813
5772,1708828851.863
5773,1708828851.913
5774,1708828851.963
5775,1708828852.013
5776,1708828852.063
5777,1708828852.113
5778,1708828852.163
5779,1708828852.213
5780,1708828852.263
5781,1708828852.313
5782,1708828852.363
5783,1708828852.413
5784,1708828852.463
5785,1708828852.513
5786,1708828852.563
5787,1708828852.613
5788,1708828852.663
5789,1708828852.713
5790,1708828852.763
5791,1708828852.813
5792,1708828852.863
5793,1708828852.913
5794,1708828852.963
5795,1708828853.013
5796,1708828853.063
5797,1708828853.113
5798,1708828853.163
5799,1708828853.213
5800,1708828853.263
5801,1708828853.313
5802,1708828853.363
5803,1708828853.413
5804,1708828853.463
5805,1708828853.513
5806,1708828853.563
5807,1708828853.613
5808,1708828853.663
5809,1708828853.713
5810,1708828853.763
5811,1708828853.813
5812,1708828853.863
5813,1708828853.913
5814,1708828853.963
5815,1708828854.013
5816,1708828854.063
5817,1708828854.113
5818,1708828854.163
5819,1708828854.213
5820,1708828854.263
5821,1708828854.313
5822,1708828854.363
5823,1708828854.413
5824,1708828854.463
5825,1708828854.513
5826,1708828854.563
5827,1708828854.613
5828,1708828854.663
5829,1708828854.713
5830,1708828854.763
5831,1708828854.813
5832,1708828854.863
5833,1708828854.913
5834,1708828854.963
5835,1708828855.013
5836,1708828855.063
5837,1708828855.113
5838,1708828855.163
5839,1708828855.213
5840,1708828855.263
5841,1708828855.313
5842,1708828855.363
5843,1708828855.413
5844,1708828855.463
5845,1708828855.513
5846,1708828855.563
5847,1708828855.613
5848,1708828855.663
5849,1708828855.713
5850,1708828855.763
5851,1708828855.813
5852,1708828855.863
5853,1708828855.913
5854,1708828855.963
5855,1708828856.013
5856,1708828856.063
5857,1708828856.113
5858,1708828856.163
5859,1708828856.213
5860,1708828856.263
5861,1708828856.313
5862,1708828856.363
5863,1708828856.413
5864,1708828856.463
5865,1708828856.513
5866,1708828856.563
5867,1708828856.613
5868,1708828856.663
5869,1708828856.713
5870,1708828856.763
5871,1708828856.813
5872,1708828856.863
5873,1708828856.913
5874,1708828856.963
5875,1708828857.013
5876,1708828857.063
5877,1708828857.113
5878,1708828857.163
5879,1708828857.213
5880,1708828857.263
5881,1708828857.313
5882,1708828857.363
5883,1708828857.413
5884,1708828857.463
5885,1708828857.513
5886,1708828857.563
5887,1708828857.613
5888,1708828857.663
5889,1708828857.713
5890,1708828857.763
5891,1708828857.813
5892,1708828857.863
5893,1708828857.913
5894,1708828857.963
5895,1708828858.013
5896,1708828858.063
5897,1708828858.113
5898,1708828858.163
5899,1708828858.213
5900,1708828858.263
5901,1708828858.313
5902,1708828858.363
5903,1708828858.413
5904,1708828858.463
5905,1708828858.513
5906,1708828858.563
5907,1708828858.613
5908,1708828858.663
5909,1708828858.713
5910,1708828858.763
5911,1708828858.813
5912,1708828858.863
5913,1708828858.913
5914,1708828858.963
5915,1708828859.013
5916,1708828859.063
5917,1708828859.113
5918,1708828859.163
5919,1708828859.213
5920,1708828859.263
5921,1708828859.313
5922,1708828859.363
5923,1708828859.413
5924,1708828859.463
5925,1708828859.513
5926,1708828859.563
5927,1708828859.613
5928,1708828859.663
5929,1708828859.713
5930,1708828859.763
5931,1708828859.813
5932,1708828859.863
5933,1708828859.913
5934,1708828859.963
5935,1708828860.013
5936,1708828860.063
5937,1708828860.113
5938,1708828860.163
5939,1708828860.213
5940,1708828860.263
5941,1708828860.313
5942,1708828860.363
5943,1708828860.413
5944,1708828860.463
5945,1708828860.513
5946,1708828860.563
5947,1708828860.613
5948,1708828860.663
5949,1708828860.713
5950,1708828860.763
5951,1708828860.813
5952,1708828860.863
5953,1708828860.913
5954,1708828860.963
5955,1708828861.013
5956,1708828861.063
5957,1708828861.113
5958,1708828861.163
5959,1708828861.213
5960,1708828861.263
5961,1708828861.313
5962,1708828861.363
5963,1708828861.413
5964,1708828861.463
5965,1708828861.513
5966,1708828861.563
5967,1708828861.613
5968,1708828861.663
5969,1708828861.713
5970,1708828861.763
5971,1708828861.813
5972,1708828861.863
5973,1708828861.913
5974,1708828861.963
