frame_id,timestamp
0,1708828564.627
1,1708828564.677
2,1708828564.727
3,1708828564.777
4,1708828564.827
5,1708828564.877
6,1708828564.927
7,1708828564.977
8,1708828565.027
9,1708828565.077
10,1708828565.127
11,1708828565.177
12,1708828565.227
13,1708828565.277
14,1708828565.327
15,1708828565.377
16,1708828565.427
17,1708828565.477
18,1708828565.527
19,1708828565.577
20,1708828565.627
21,1708828565.677
22,1708828565.727
23,1708828565.777
24,1708828565.827
25,1708828565.877
26,1708828565.927
27,1708828565.977
28,1708828566.027
29,1708828566.077
30,1708828566.127
31,1708828566.177
32,1708828566.227
33,1708828566.277
34,1708828566.327
35,1708828566.377
36,1708828566.427
37,1708828566.477
38,1708828566.527
39,1708828566.577
40,1708828566.627
41,1708828566.677
42,1708828566.727
43,1708828566.777
44,1708828566.827
45,1708828566.877
46,1708828566.927
47,1708828566.977
48,1708828567.027
49,1708828567.077
50,1708828567.127
51,1708828567.177
52,1708828567.227
53,1708828567.277
54,1708828567.327
55,1708828567.377
56,1708828567.427
57,1708828567.477
58,1708828567.527
59,1708828567.577
60,1708828567.627
61,1708828567.677
62,1708828567.795
63,1708828567.845
64,1708828567.895
65,1708828567.945
66,1708828567.995
67,1708828568.045
68,1708828568.095
69,1708828568.145
70,1708828568.195
71,1708828568.245
72,1708828568.295
73,1708828568.345
74,1708828568.395
75,1708828568.445
76,1708828568.495
77,1708828568.545
78,1708828568.595
79,1708828568.645
80,1708828568.695
81,1708828568.745
82,1708828568.795
83,1708828568.845
84,1708828568.895
85,1708828568.945
86,1708828568.995
87,1708828569.045
88,1708828569.095
89,1708828569.145
90,1708828569.195
91,1708828569.245
92,1708828569.295
93,1708828569.345
94,1708828569.395
95,1708828569.445
96,1708828569.495
97,1708828569.545
98,1708828569.595
99,1708828569.645
100,1708828569.695
101,1708828569.745
102,1708828569.795
103,1708828569.845
104,1708828569.895
105,1708828569.945
106,1708828569.995
107,1708828570.045
108,1708828570.095
109,1708828570.145
110,1708828570.195
111,1708828570.245
112,1708828570.295
113,1708828570.345
114,1708828570.395
115,1708828570.445
116,1708828570.495
117,1708828570.545
118,1708828570.595
119,1708828570.645
120,1708828570.695
121,1708828570.745
122,1708828570.795
123,1708828570.845
124,1708828570.895
125,1708828570.945
126,1708828570.995
127,1708828571.045
128,1708828571.095
129,1708828571.145
130,1708828571.195
131,1708828571.245
132,1708828571.295
133,1708828571.345
134,1708828571.395
135,1708828571.445
136,1708828571.495
137,1708828571.545
138,1708828571.595
139,1708828571.645
140,1708828571.695
141,1708828571.745
142,1708828571.795
143,1708828571.845
144,1708828571.895
145,1708828571.945
146,1708828571.995
147,1708828572.045
148,1708828572.095
149,1708828572.145
150,1708828572.195
151,1708828572.245
152,1708828572.295
153,1708828572.345
154,1708828572.395
155,1708828572.445
156,1708828572.495
157,1708828572.545
158,1708828572.595
159,1708828572.645
160,1708828572.695
161,1708828572.745
162,1708828572.795
163,1708828572.845
164,1708828572.895
165,1708828572.945
166,1708828572.995
167,1708828573.045
168,1708828573.095
169,1708828573.145
170,1708828573.195
171,1708828573.245
172,1708828573.295
173,1708828573.345
174,1708828573.395
175,1708828573.445
176,1708828573.495
177,1708828573.545
178,1708828573.595
179,1708828573.645
180,1708828573.695
181,1708828573.745
182,1708828573.795
183,1708828573.845
184,1708828573.895
185,1708828573.945
186,1708828573.995
187,1708828574.045
188,1708828574.095
189,1708828574.145
190,1708828574.195
191,1708828574.245
192,1708828574.295
193,1708828574.345
194,1708828574.395
195,1708828574.445
196,1708828574.495
197,1708828574.545
198,1708828574.595
199,1708828574.645
200,1708828574.695
201,1708828574.745
202,1708828574.795
203,1708828574.845
204,1708828574.895
205,1708828574.945
206,1708828574.995
207,1708828575.045
208,1708828575.095
209,1708828575.145
210,1708828575.195
211,1708828575.245
212,1708828575.295
213,1708828575.345
214,1708828575.395
215,1708828575.445
216,1708828575.495
217,1708828575.545
218,1708828575.595
219,1708828575.645
220,1708828575.695
221,1708828575.745
222,1708828575.795
223,1708828575.845
224,1708828575.895
225,1708828575.945
226,1708828575.995
227,1708828576.045
228,1708828576.095
229,1708828576.145
230,1708828576.195
231,1708828576.245
232,1708828576.295
233,1708828576.345
234,1708828576.395
235,1708828576.445
236,1708828576.495
237,1708828576.545
238,1708828576.595
239,1708828576.645
240,1708828576.695
241,1708828576.745
242,1708828576.795
243,1708828576.845
244,1708828576.895
245,1708828576.945
246,1708828576.995
247,1708828577.045
248,1708828577.095
249,1708828577.145
250,1708828577.195
251,1708828577.245
252,1708828577.295
253,1708828577.345
254,1708828577.395
255,1708828577.445
256,1708828577.495
257,1708828577.545
258,1708828577.595
259,1708828577.645
260,1708828577.695
261,1708828577.745
262,1708828577.795
263,1708828577.845
264,1708828577.895
265,1708828577.945
266,1708828577.995
267,1708828578.045
268,1708828578.095
269,1708828578.145
270,1708828578.195
271,1708828578.245
272,1708828578.295
273,1708828578.345
274,1708828578.395
275,1708828578.445
276,1708828578.495
277,1708828578.545
278,1708828578.595
279,1708828578.645
280,1708828578.695
281,1708828578.745
282,1708828578.795
283,1708828578.845
284,1708828578.895
285,1708828578.945
286,1708828578.995
287,1708828579.045
288,1708828579.095
289,1708828579.145
290,1708828579.195
291,1708828579.245
292,1708828579.295
293,1708828579.345
294,1708828579.395
295,1708828579.445
296,1708828579.495
297,1708828579.545
298,1708828579.595
299,1708828579.645
300,1708828579.695
301,1708828579.745
302,1708828579.795
303,1708828579.845
304,1708828579.895
305,1708828579.945
306,1708828579.995
307,1708828580.045
308,1708828580.095
309,1708828580.145
310,1708828580.195
311,1708828580.245
312,1708828580.295
313,1708828580.345
314,1708828580.395
315,1708828580.445
316,1708828580.495
317,1708828580.545
318,1708828580.595
319,1708828580.645
320,1708828580.695
321,1708828580.745
322,1708828580.795
323,1708828580.845
324,1708828580.895
325,1708828580.945
326,1708828580.995
327,1708828581.045
328,1708828581.095
329,1708828581.145
330,1708828581.195
331,1708828581.245
332,1708828581.295
333,1708828581.345
334,1708828581.395
335,1708828581.445
336,1708828581.495
337,1708828581.545
338,1708828581.595
339,1708828581.645
340,1708828581.695
341,1708828581.745
342,1708828581.795
343,1708828581.845
344,1708828581.895
345,1708828581.945
346,1708828581.995
347,1708828582.045
348,1708828582.095
349,1708828582.145
350,1708828582.195
351,1708828582.245
352,1708828582.295
353,1708828582.345
354,1708828582.395
355,1708828582.445
356,1708828582.495
357,1708828582.545
358,1708828582.595
359,1708828582.645
360,1708828582.695
361,1708828582.745
362,1708828582.795
363,1708828582.845
364,1708828582.895
365,1708828582.945
366,1708828582.995
367,1708828583.045
368,1708828583.095
369,1708828583.145
370,1708828583.195
371,1708828583.245
372,1708828583.295
373,1708828583.345
374,1708828583.395
375,1708828583.445
376,1708828583.495
377,1708828583.545
378,1708828583.595
379,1708828583.645
380,1708828583.695
381,1708828583.745
382,1708828583.795
383,1708828583.845
384,1708828583.895
385,1708828583.945
386,1708828583.995
387,1708828584.045
388,1708828584.095
389,1708828584.145
390,1708828584.195
391,1708828584.245
392,1708828584.295
393,1708828584.345
394,1708828584.395
395,1708828584.445
396,1708828584.495
397,1708828584.545
398,1708828584.595
399,1708828584.645
400,1708828584.695
401,1708828584.745
402,1708828584.795
403,1708828584.845
404,1708828584.895
405,1708828584.945
406,1708828584.995
407,1708828585.045
408,1708828585.095
409,1708828585.145
410,1708828585.195
411,1708828585.245
412,1708828585.295
413,1708828585.345
414,1708828585.395
415,1708828585.445
416,1708828585.495
417,1708828585.545
418,1708828585.595
419,1708828585.645
420,1708828585.695
421,1708828585.745
422,1708828585.795
423,1708828585.845
424,1708828585.895
425,1708828585.945
426,1708828585.995
427,1708828586.045
428,1708828586.095
429,1708828586.145
430,1708828586.195
431,1708828586.245
432,1708828586.295
433,1708828586.345
434,1708828586.395
435,1708828586.445
436,1708828586.495
437,1708828586.545
438,1708828586.595
439,1708828586.645
440,1708828586.695
441,1708828586.745
442,1708828586.795
443,1708828586.845
444,1708828586.895
445,1708828586.945
446,1708828586.995
447,1708828587.045
448,1708828587.095
449,1708828587.145
450,1708828587.195
451,1708828587.245
452,1708828587.295
453,1708828587.345
454,1708828587.395
455,1708828587.445
456,1708828587.495
457,1708828587.545
458,1708828587.595
459,1708828587.645
460,1708828587.695
461,1708828587.745
462,1708828587.795
463,1708828587.845
464,1708828587.895
465,1708828587.945
466,1708828587.995
467,1708828588.045
468,1708828588.095
469,1708828588.145
470,1708828588.195
471,1708828588.245
472,1708828588.295
473,1708828588.345
474,1708828588.395
475,1708828588.445
476,1708828588.495
477,1708828588.545
478,1708828588.595
479,1708828588.645
480,1708828588.695
481,1708828588.745
482,1708828588.795
483,1708828588.845
484,1708828588.895
485,1708828588.945
486,1708828588.995
487,1708828589.045
488,1708828589.095
489,1708828589.145
490,1708828589.195
491,1708828589.245
492,1708828589.295
493,1708828589.345
494,1708828589.395
495,1708828589.445
496,1708828589.495
497,1708828589.545
498,1708828589.595
499,1708828589.645
500,1708828589.695
501,1708828589.745
502,1708828589.795
503,1708828589.845
504,1708828589.895
505,1708828589.945
506,1708828589.995
507,1708828590.045
508,1708828590.095
509,1708828590.145
510,1708828590.195
511,1708828590.245
512,1708828590.295
513,1708828590.345
514,1708828590.395
515,1708828590.445
516,1708828590.495
517,1708828590.545
518,1708828590.595
519,1708828590.645
520,1708828590.695
521,1708828590.745
522,1708828590.795
523,1708828590.845
524,1708828590.895
525,1708828590.945
526,1708828590.995
527,1708828591.045
528,1708828591.095
529,1708828591.145
530,1708828591.195
531,1708828591.245
532,1708828591.295
533,1708828591.345
534,1708828591.395
535,1708828591.445
536,1708828591.495
537,1708828591.545
538,1708828591.595
539,1708828591.645
540,1708828591.695
541,1708828591.745
542,1708828591.795
543,1708828591.845
544,1708828591.895
545,1708828591.945
546,1708828591.995
547,1708828592.045
548,1708828592.095
549,1708828592.145
550,1708828592.195
551,1708828592.245
552,1708828592.295
553,1708828592.345
554,1708828592.395
555,1708828592.445
556,1708828592.495
557,1708828592.545
558,1708828592.595
559,1708828592.645
560,1708828592.695
561,1708828592.745
562,1708828592.795
563,1708828592.845
564,1708828592.895
565,1708828592.945
566,1708828592.995
567,1708828593.045
568,1708828593.095
569,1708828593.145
570,1708828593.195
571,1708828593.245
572,1708828593.295
573,1708828593.345
574,1708828593.395
575,1708828593.445
576,1708828593.495
577,1708828593.545
578,1708828593.595
579,1708828593.645
580,1708828593.695
581,1708828593.745
582,1708828593.795
583,1708828593.845
584,1708828593.895
585,1708828593.945
586,1708828593.995
587,1708828594.045
588,1708828594.095
589,1708828594.145
590,1708828594.195
591,1708828594.245
592,1708828594.295
593,1708828594.345
594,1708828594.395
595,1708828594.445
596,1708828594.495
597,1708828594.545
598,1708828594.595
599,1708828594.645
600,1708828594.695
601,1708828594.745
602,1708828594.795
603,1708828594.845
604,1708828594.895
605,1708828594.945
606,1708828594.995
607,1708828595.045
608,1708828595.095
609,1708828595.145
610,1708828595.195
611,1708828595.245
612,1708828595.295
613,1708828595.345
614,1708828595.395
615,1708828595.445
616,1708828595.495
617,1708828595.545
618,1708828595.595
619,1708828595.645
620,1708828595.695
621,1708828595.745
622,1708828595.795
623,1708828595.845
624,1708828595.895
625,1708828595.945
626,1708828595.995
627,1708828596.045
628,1708828596.095
629,1708828596.145
630,1708828596.195
631,1708828596.245
632,1708828596.295
633,1708828596.345
634,1708828596.395
635,1708828596.445
636,1708828596.495
637,1708828596.545
638,1708828596.595
639,1708828596.645
640,1708828596.695
641,1708828596.745
642,1708828596.795
643,1708828596.845
644,1708828596.895
645,1708828596.945
646,1708828596.995
647,1708828597.045
648,1708828597.095
649,1708828597.145
650,1708828597.195
651,1708828597.245
652,1708828597.295
653,1708828597.345
654,1708828597.395
655,1708828597.445
656,1708828597.495
657,1708828597.545
658,1708828597.595
659,1708828597.645
660,1708828597.695
661,1708828597.745
662,1708828597.795
663,1708828597.845
664,1708828597.895
665,1708828597.945
666,1708828597.995
667,1708828598.045
668,1708828598.095
669,1708828598.145
670,1708828598.195
671,1708828598.245
672,1708828598.295
673,1708828598.345
674,1708828598.395
675,1708828598.445
676,1708828598.495
677,1708828598.545
678,1708828598.595
679,1708828598.645
680,1708828598.695
681,1708828598.745
682,1708828598.795
683,1708828598.845
684,1708828598.895
685,1708828598.945
686,1708828598.995
687,1708828599.045
688,1708828599.095
689,1708828599.145
690,1708828599.195
691,1708828599.245
692,1708828599.295
693,1708828599.345
694,1708828599.395
695,1708828599.445
696,1708828599.495
697,1708828599.545
698,1708828599.595
699,1708828599.645
700,1708828599.695
701,1708828599.745
702,1708828599.795
703,1708828599.845
704,1708828599.895
705,1708828599.945
706,1708828599.995
707,1708828600.045
708,1708828600.095
709,1708828600.145
710,1708828600.195
711,1708828600.245
712,1708828600.295
713,1708828600.345
714,1708828600.395
715,1708828600.445
716,1708828600.495
717,1708828600.545
718,1708828600.595
719,1708828600.645
720,1708828600.695
721,1708828600.745
722,1708828600.795
723,1708828600.845
724,1708828600.895
725,1708828600.945
726,1708828600.995
727,1708828601.045
728,1708828601.095
729,1708828601.145
730,1708828601.195
731,1708828601.245
732,1708828601.295
733,1708828601.345
734,1708828601.395
735,1708828601.445
736,1708828601.495
737,1708828601.545
738,1708828601.595
739,1708828601.645
740,1708828601.695
741,1708828601.745
742,1708828601.795
743,1708828601.845
744,1708828601.895
745,1708828601.945
746,1708828601.995
747,1708828602.045
748,1708828602.095
749,1708828602.145
750,1708828602.195
751,1708828602.245
752,1708828602.295
753,1708828602.345
754,1708828602.395
755,1708828602.445
756,1708828602.495
757,1708828602.545
758,1708828602.595
759,1708828602.645
760,1708828602.695
761,1708828602.745
762,1708828602.795
763,1708828602.845
764,1708828602.895
765,1708828602.945
766,1708828602.995
767,1708828603.045
768,1708828603.095
769,1708828603.145
770,1708828603.195
771,1708828603.245
772,1708828603.295
773,1708828603.345
774,1708828603.395
775,1708828603.445
776,1708828603.495
777,1708828603.545
778,1708828603.595
779,1708828603.645
780,1708828603.695
781,1708828603.745
782,1708828603.795
783,1708828603.845
784,1708828603.895
785,1708828603.945
786,1708828603.995
787,1708828604.045
788,1708828604.095
789,1708828604.145
790,1708828604.195
791,1708828604.245
792,1708828604.295
793,1708828604.345
794,1708828604.395
795,1708828604.445
796,1708828604.495
797,1708828604.545
798,1708828604.595
799,1708828604.645
800,1708828604.695
801,1708828604.745
802,1708828604.795
803,1708828604.845
804,1708828604.895
805,1708828604.945
806,1708828604.995
807,1708828605.045
808,1708828605.095
809,1708828605.145
810,1708828605.195
811,1708828605.245
812,1708828605.295
813,1708828605.345
814,1708828605.395
815,1708828605.445
816,1708828605.495
817,1708828605.545
818,1708828605.595
819,1708828605.645
820,1708828605.695
821,1708828605.745
822,1708828605.795
823,1708828605.845
824,1708828605.895
825,1708828605.945
826,1708828605.995
827,1708828606.045
828,1708828606.095
829,1708828606.145
830,1708828606.195
831,1708828606.245
832,1708828606.295
833,1708828606.345
834,1708828606.395
835,1708828606.445
836,1708828606.495
837,1708828606.545
838,1708828606.595
839,1708828606.645
840,1708828606.695
841,1708828606.745
842,1708828606.795
843,1708828606.845
844,1708828606.895
845,1708828606.945
846,1708828606.995
847,1708828607.045
848,1708828607.095
849,1708828607.145
850,1708828607.195
851,1708828607.245
852,1708828607.295
853,1708828607.345
854,1708828607.395
855,1708828607.445
856,1708828607.495
857,1708828607.545
858,1708828607.595
859,1708828607.645
860,1708828607.695
861,1708828607.745
862,1708828607.795
863,1708828607.845
864,1708828607.895
865,1708828607.945
866,1708828607.995
867,1708828608.045
868,1708828608.095
869,1708828608.145
870,1708828608.195
871,1708828608.245
872,1708828608.295
873,1708828608.345
874,1708828608.395
875,1708828608.445
876,1708828608.495
877,1708828608.545
878,1708828608.595
879,1708828608.645
880,1708828608.695
881,1708828608.745
882,1708828608.795
883,1708828608.845
884,1708828608.895
885,1708828608.945
886,1708828608.995
887,1708828609.045
888,1708828609.095
889,1708828609.145
890,1708828609.195
891,1708828609.245
892,1708828609.295
893,1708828609.345
894,1708828609.395
895,1708828609.445
896,1708828609.495
897,1708828609.545
898,1708828609.595
899,1708828609.645
900,1708828609.695
901,1708828609.745
902,1708828609.795
903,1708828609.845
904,1708828609.895
905,1708828609.945
906,1708828609.995
907,1708828610.045
908,1708828610.095
909,1708828610.145
910,1708828610.195
911,1708828610.245
912,1708828610.295
913,1708828610.345
914,1708828610.395
915,1708828610.445
916,1708828610.495
917,1708828610.545
918,1708828610.595
919,1708828610.645
920,1708828610.695
921,1708828610.745
922,1708828610.795
923,1708828610.845
924,1708828610.895
925,1708828610.945
926,1708828610.995
927,1708828611.045
928,1708828611.095
929,1708828611.145
930,1708828611.195
931,1708828611.245
932,1708828611.295
933,1708828611.345
934,1708828611.395
935,1708828611.445
936,1708828611.495
937,1708828611.545
938,1708828611.595
939,1708828611.645
940,1708828611.695
941,1708828611.745
942,1708828611.795
943,1708828611.845
944,1708828611.895
945,1708828611.945
946,1708828611.995
947,1708828612.045
948,1708828612.095
949,1708828612.145
950,1708828612.195
951,1708828612.245
952,1708828612.295
953,1708828612.345
954,1708828612.395
955,1708828612.445
956,1708828612.495
957,1708828612.545
958,1708828612.595
959,1708828612.645
960,1708828612.695
961,1708828612.745
962,1708828612.795
963,1708828612.845
964,1708828612.895
965,1708828612.945
966,1708828612.995
967,1708828613.045
968,1708828613.095
969,1708828613.145
970,1708828613.195
971,1708828613.245
972,1708828613.295
973,1708828613.345
974,1708828613.395
975,1708828613.445
976,1708828613.495
977,1708828613.545
978,1708828613.595
979,1708828613.645
980,1708828613.695
981,1708828613.745
982,1708828613.795
983,1708828613.845
984,1708828613.895
985,1708828613.945
986,1708828613.995
987,1708828614.045
988,1708828614.095
989,1708828614.145
990,1708828614.195
991,1708828614.245
992,1708828614.295
993,1708828614.345
994,1708828614.395
995,1708828614.445
996,1708828614.495
997,1708828614.545
998,1708828614.595
999,1708828614.645
1000,1708828614.695
1001,1708828614.745
1002,1708828614.795
1003,1708828614.845
1004,1708828614.895
1005,1708828614.945
1006,1708828614.995
1007,1708828615.045
1008,1708828615.095
1009,1708828615.145
1010,1708828615.195
1011,1708828615.245
1012,1708828615.295
1013,1708828615.345
1014,1708828615.395
1015,1708828615.445
1016,1708828615.495
1017,1708828615.545
1018,1708828615.595
1019,1708828615.645
1020,1708828615.695
1021,1708828615.745
1022,1708828615.795
1023,1708828615.845
1024,1708828615.895
1025,1708828615.945
1026,1708828615.995
1027,1708828616.045
1028,1708828616.095
1029,1708828616.145
1030,1708828616.195
1031,1708828616.245
1032,1708828616.295
1033,1708828616.345
1034,1708828616.395
1035,1708828616.445
1036,1708828616.495
1037,1708828616.545
1038,1708828616.595
1039,1708828616.645
1040,1708828616.695
1041,1708828616.745
1042,1708828616.795
1043,1708828616.845
1044,1708828616.895
1045,1708828616.945
1046,1708828616.995
1047,1708828617.045
1048,1708828617.095
1049,1708828617.145
1050,1708828617.195
1051,1708828617.245
1052,1708828617.295
1053,1708828617.345
1054,1708828617.395
1055,1708828617.445
1056,1708828617.495
1057,1708828617.545
1058,1708828617.595
1059,1708828617.645
1060,1708828617.695
1061,1708828617.745
1062,1708828617.795
1063,1708828617.845
1064,1708828617.895
1065,1708828617.945
1066,1708828617.995
1067,1708828618.045
1068,1708828618.095
1069,1708828618.145
1070,1708828618.195
1071,1708828618.245
1072,1708828618.295
1073,1708828618.345
1074,1708828618.395
1075,1708828618.445
1076,1708828618.495
1077,1708828618.545
1078,1708828618.595
1079,1708828618.645
1080,1708828618.695
1081,1708828618.745
1082,1708828618.795
1083,1708828618.845
1084,1708828618.895
1085,1708828618.945
1086,1708828618.995
1087,1708828619.045
1088,1708828619.095
1089,1708828619.145
1090,1708828619.195
1091,1708828619.245
1092,1708828619.295
1093,1708828619.345
1094,1708828619.395
1095,1708828619.445
1096,1708828619.495
1097,1708828619.545
1098,1708828619.595
1099,1708828619.645
1100,1708828619.695
1101,1708828619.745
1102,1708828619.795
1103,1708828619.845
1104,1708828619.895
1105,1708828619.945
1106,1708828619.995
1107,1708828620.045
1108,1708828620.095
1109,1708828620.145
1110,1708828620.195
1111,1708828620.245
1112,1708828620.295
1113,1708828620.345
1114,1708828620.395
1115,1708828620.445
1116,1708828620.495
1117,1708828620.545
1118,1708828620.595
1119,1708828620.645
1120,1708828620.695
1121,1708828620.745
1122,1708828620.795
1123,1708828620.845
1124,1708828620.895
1125,1708828620.945
1126,1708828620.995
1127,1708828621.045
1128,1708828621.095
1129,1708828621.145
1130,1708828621.195
1131,1708828621.245
1132,1708828621.295
1133,1708828621.345
1134,1708828621.395
1135,1708828621.445
1136,1708828621.495
1137,1708828621.545
1138,1708828621.595
1139,1708828621.645
1140,1708828621.695
1141,1708828621.745
1142,1708828621.795
1143,1708828621.845
1144,1708828621.895
1145,1708828621.945
1146,1708828621.995
1147,1708828622.045
1148,1708828622.095
1149,1708828622.145
1150,1708828622.195
1151,1708828622.245
1152,1708828622.295
1153,1708828622.345
1154,1708828622.395
1155,1708828622.445
1156,1708828622.495
1157,1708828622.545
1158,1708828622.595
1159,1708828622.645
1160,1708828622.695
1161,1708828622.745
1162,1708828622.795
1163,1708828622.845
1164,1708828622.895
1165,1708828622.945
1166,1708828622.995
1167,1708828623.045
1168,1708828623.095
1169,1708828623.145
1170,1708828623.195
1171,1708828623.245
1172,1708828623.295
1173,1708828623.345
1174,1708828623.395
1175,1708828623.445
1176,1708828623.495
1177,1708828623.545
1178,1708828623.595
1179,1708828623.645
1180,1708828623.695
1181,1708828623.745
1182,1708828623.795
1183,1708828623.845
1184,1708828623.895
1185,1708828623.945
1186,1708828623.995
1187,1708828624.045
1188,1708828624.095
1189,1708828624.145
1190,1708828624.195
1191,1708828624.245
1192,1708828624.295
1193,1708828624.345
1194,1708828624.395
1195,1708828624.445
1196,1708828624.495
1197,1708828624.545
1198,1708828624.595
1199,1708828624.645
1200,1708828624.695
1201,1708828624.745
1202,1708828624.795
1203,1708828624.845
1204,1708828624.895
1205,1708828624.945
1206,1708828624.995
1207,1708828625.045
1208,1708828625.095
1209,1708828625.145
1210,1708828625.195
1211,1708828625.245
1212,1708828625.295
1213,1708828625.345
1214,1708828625.395
1215,1708828625.445
1216,1708828625.495
1217,1708828625.545
1218,1708828625.595
1219,1708828625.645
1220,1708828625.695
1221,1708828625.745
1222,1708828625.795
1223,1708828625.845
1224,1708828625.895
1225,1708828625.945
1226,1708828625.995
1227,1708828626.045
1228,1708828626.095
1229,1708828626.145
1230,1708828626.195
1231,1708828626.245
1232,1708828626.295
1233,1708828626.345
1234,1708828626.395
1235,1708828626.445
1236,1708828626.495
1237,1708828626.545
1238,1708828626.595
1239,1708828626.645
1240,1708828626.695
1241,1708828626.745
1242,1708828626.795
1243,1708828626.845
1244,1708828626.895
1245,1708828626.945
1246,1708828626.995
1247,1708828627.045
1248,1708828627.095
1249,1708828627.145
1250,1708828627.195
1251,1708828627.245
1252,1708828627.295
1253,1708828627.345
1254,1708828627.395
1255,1708828627.445
1256,1708828627.495
1257,1708828627.545
1258,1708828627.595
1259,1708828627.645
1260,1708828627.695
1261,1708828627.745
1262,1708828627.795
1263,1708828627.845
1264,1708828627.895
1265,1708828627.945
1266,1708828627.995
1267,1708828628.045
1268,1708828628.095
1269,1708828628.145
1270,1708828628.195
1271,1708828628.245
1272,1708828628.295
1273,1708828628.345
1274,1708828628.395
1275,1708828628.445
1276,1708828628.495
1277,1708828628.545
1278,1708828628.595
1279,1708828628.645
1280,1708828628.695
1281,1708828628.745
1282,1708828628.795
1283,1708828628.845
1284,1708828628.895
1285,1708828628.945
1286,1708828628.995
1287,1708828629.045
1288,1708828629.095
1289,1708828629.145
1290,1708828629.195
1291,1708828629.245
1292,1708828629.295
1293,1708828629.345
1294,1708828629.395
1295,1708828629.445
1296,1708828629.495
1297,1708828629.545
1298,1708828629.595
1299,1708828629.645
1300,1708828629.695
1301,1708828629.745
1302,1708828629.795
1303,1708828629.845
1304,1708828629.895
1305,1708828629.945
1306,1708828629.995
1307,1708828630.045
1308,1708828630.095
1309,1708828630.145
1310,1708828630.195
1311,1708828630.245
1312,1708828630.295
1313,1708828630.345
1314,1708828630.395
1315,1708828630.445
1316,1708828630.495
1317,1708828630.545
1318,1708828630.595
1319,1708828630.645
1320,1708828630.695
1321,1708828630.745
1322,1708828630.795
1323,1708828630.845
1324,1708828630.895
1325,1708828630.945
1326,1708828630.995
1327,1708828631.045
1328,1708828631.095
1329,1708828631.145
1330,1708828631.195
1331,1708828631.245
1332,1708828631.295
1333,1708828631.345
1334,1708828631.395
1335,1708828631.445
1336,1708828631.495
1337,1708828631.545
1338,1708828631.595
1339,1708828631.645
1340,1708828631.695
1341,1708828631.745
1342,1708828631.795
1343,1708828631.845
1344,1708828631.895
1345,1708828631.945
1346,1708828631.995
1347,1708828632.045
1348,1708828632.095
1349,1708828632.145
1350,1708828632.195
1351,1708828632.245
1352,1708828632.295
1353,1708828632.345
1354,1708828632.395
1355,1708828632.445
1356,1708828632.495
1357,1708828632.545
1358,1708828632.595
1359,1708828632.645
1360,1708828632.695
1361,1708828632.745
1362,1708828632.795
1363,1708828632.845
1364,1708828632.895
1365,1708828632.945
1366,1708828632.995
1367,1708828633.045
1368,1708828633.095
1369,1708828633.145
1370,1708828633.195
1371,1708828633.245
1372,1708828633.295
1373,1708828633.345
1374,1708828633.395
1375,1708828633.445
1376,1708828633.495
1377,1708828633.545
1378,1708828633.595
1379,1708828633.645
1380,1708828633.695
1381,1708828633.745
1382,1708828633.795
1383,1708828633.845
1384,1708828633.895
1385,1708828633.945
1386,1708828633.995
1387,1708828634.045
1388,1708828634.095
1389,1708828634.145
1390,1708828634.195
1391,1708828634.245
1392,1708828634.295
1393,1708828634.345
1394,1708828634.395
1395,1708828634.445
1396,1708828634.495
1397,1708828634.545
1398,1708828634.595
1399,1708828634.645
1400,1708828634.695
1401,1708828634.745
1402,1708828634.795
1403,1708828634.845
1404,1708828634.895
1405,1708828634.945
1406,1708828634.995
1407,1708828635.045
1408,1708828635.095
1409,1708828635.145
1410,1708828635.195
1411,1708828635.245
1412,1708828635.295
1413,1708828635.345
1414,1708828635.395
1415,1708828635.445
1416,1708828635.495
1417,1708828635.545
1418,1708828635.595
1419,1708828635.645
1420,1708828635.695
1421,1708828635.745
1422,1708828635.795
1423,1708828635.845
1424,1708828635.895
1425,1708828635.945
1426,1708828635.995
1427,1708828636.045
1428,1708828636.095
1429,1708828636.145
1430,1708828636.195
1431,1708828636.245
1432,1708828636.295
1433,1708828636.345
1434,1708828636.395
1435,1708828636.445
1436,1708828636.495
1437,1708828636.545
1438,1708828636.595
1439,1708828636.645
1440,1708828636.695
1441,1708828636.745
1442,1708828636.795
1443,1708828636.845
1444,1708828636.895
1445,1708828636.945
1446,1708828636.995
1447,1708828637.045
1448,1708828637.095
1449,1708828637.145
1450,1708828637.195
1451,1708828637.245
1452,1708828637.295
1453,1708828637.345
1454,1708828637.395
1455,1708828637.445
1456,1708828637.495
1457,1708828637.545
1458,1708828637.595
1459,1708828637.645
1460,1708828637.695
1461,1708828637.745
1462,1708828637.795
1463,1708828637.845
1464,1708828637.895
1465,1708828637.945
1466,1708828637.995
1467,1708828638.045
1468,1708828638.095
1469,1708828638.145
1470,1708828638.195
1471,1708828638.245
1472,1708828638.295
1473,1708828638.345
1474,1708828638.395
1475,1708828638.445
1476,1708828638.495
1477,1708828638.545
1478,1708828638.595
1479,1708828638.645
1480,1708828638.695
1481,1708828638.745
1482,1708828638.795
1483,1708828638.845
1484,1708828638.895
1485,1708828638.945
1486,1708828638.995
1487,1708828639.045
1488,1708828639.095
1489,1708828639.145
1490,1708828639.195
1491,1708828639.245
1492,1708828639.295
1493,1708828639.345
1494,1708828639.395
1495,1708828639.445
1496,1708828639.495
1497,1708828639.545
1498,1708828639.595
1499,1708828639.645
1500,1708828639.695
1501,1708828639.745
1502,1708828639.795
1503,1708828639.845
1504,1708828639.895
1505,1708828639.945
1506,1708828639.995
1507,1708828640.045
1508,1708828640.095
1509,1708828640.145
1510,1708828640.195
1511,1708828640.245
1512,1708828640.295
1513,1708828640.345
1514,1708828640.395
1515,1708828640.445
1516,1708828640.495
1517,1708828640.545
1518,1708828640.595
1519,1708828640.645
1520,1708828640.695
1521,1708828640.745
1522,1708828640.795
1523,1708828640.845
1524,1708828640.895
1525,1708828640.945
1526,1708828640.995
1527,1708828641.045
1528,1708828641.095
1529,1708828641.145
1530,1708828641.195
1531,1708828641.245
1532,1708828641.295
1533,1708828641.345
1534,1708828641.395
1535,1708828641.445
1536,1708828641.495
1537,1708828641.545
1538,1708828641.595
1539,1708828641.645
1540,1708828641.695
1541,1708828641.745
1542,1708828641.795
1543,1708828641.845
1544,1708828641.895
1545,1708828641.945
1546,1708828641.995
1547,1708828642.045
1548,1708828642.095
1549,1708828642.145
1550,1708828642.195
1551,1708828642.245
1552,1708828642.295
1553,1708828642.345
1554,1708828642.395
1555,1708828642.445
1556,1708828642.495
1557,1708828642.545
1558,1708828642.595
1559,1708828642.645
1560,1708828642.695
1561,1708828642.745
1562,1708828642.795
1563,1708828642.845
1564,1708828642.895
1565,1708828642.945
1566,1708828642.995
1567,1708828643.045
1568,1708828643.095
1569,1708828643.145
1570,1708828643.195
1571,1708828643.245
1572,1708828643.295
1573,1708828643.345
1574,1708828643.395
1575,1708828643.445
1576,1708828643.495
1577,1708828643.545
1578,1708828643.595
1579,1708828643.645
1580,1708828643.695
1581,1708828643.745
1582,1708828643.795
1583,1708828643.845
1584,1708828643.895
1585,1708828643.945
1586,1708828643.995
1587,1708828644.045
1588,1708828644.095
1589,1708828644.145
1590,1708828644.195
1591,1708828644.245
1592,1708828644.295
1593,1708828644.345
1594,1708828644.395
1595,1708828644.445
1596,1708828644.495
1597,1708828644.545
1598,1708828644.595
1599,1708828644.645
1600,1708828644.695
1601,1708828644.745
1602,1708828644.795
1603,1708828644.845
1604,1708828644.895
1605,1708828644.945
1606,1708828644.995
1607,1708828645.045
1608,1708828645.095
1609,1708828645.145
1610,1708828645.195
1611,1708828645.245
1612,1708828645.295
1613,1708828645.345
1614,1708828645.395
1615,1708828645.445
1616,1708828645.495
1617,1708828645.545
1618,1708828645.595
1619,1708828645.645
1620,1708828645.695
1621,1708828645.745
1622,1708828645.795
1623,1708828645.845
1624,1708828645.895
1625,1708828645.945
1626,1708828645.995
1627,1708828646.045
1628,1708828646.095
1629,1708828646.145
1630,1708828646.195
1631,1708828646.245
1632,1708828646.295
1633,1708828646.345
1634,1708828646.395
1635,1708828646.445
1636,1708828646.495
1637,1708828646.545
1638,1708828646.595
1639,1708828646.645
1640,1708828646.695
1641,1708828646.745
1642,1708828646.795
1643,1708828646.845
1644,1708828646.895
1645,1708828646.945
1646,1708828646.995
1647,1708828647.045
1648,1708828647.095
1649,1708828647.145
1650,1708828647.195
1651,1708828647.245
1652,1708828647.295
1653,1708828647.345
1654,1708828647.395
1655,1708828647.445
1656,1708828647.495
1657,1708828647.545
1658,1708828647.595
1659,1708828647.645
1660,1708828647.695
1661,1708828647.745
1662,1708828647.795
1663,1708828647.845
1664,1708828647.895
1665,1708828647.945
1666,1708828647.995
1667,1708828648.045
1668,1708828648.095
1669,1708828648.145
1670,1708828648.195
1671,1708828648.245
1672,1708828648.295
1673,1708828648.345
1674,1708828648.395
1675,1708828648.445
1676,1708828648.495
1677,1708828648.545
1678,1708828648.595
1679,1708828648.645
1680,1708828648.695
1681,1708828648.745
1682,1708828648.795
1683,1708828648.845
1684,1708828648.895
1685,1708828648.945
1686,1708828648.995
1687,1708828649.045
1688,1708828649.095
1689,1708828649.145
1690,1708828649.195
1691,1708828649.245
1692,1708828649.295
1693,1708828649.345
1694,1708828649.395
1695,1708828649.445
1696,1708828649.495
1697,1708828649.545
1698,1708828649.595
1699,1708828649.645
1700,1708828649.695
1701,1708828649.745
1702,1708828649.795
1703,1708828649.845
1704,1708828649.895
1705,1708828649.945
1706,1708828649.995
1707,1708828650.045
1708,1708828650.095
1709,1708828650.145
1710,1708828650.195
1711,1708828650.245
1712,1708828650.295
1713,1708828650.345
1714,1708828650.395
1715,1708828650.445
1716,1708828650.495
1717,1708828650.545
1718,1708828650.595
1719,1708828650.645
1720,1708828650.695
1721,1708828650.745
1722,1708828650.795
1723,1708828650.845
1724,1708828650.895
1725,1708828650.945
1726,1708828650.995
1727,1708828651.045
1728,1708828651.095
1729,1708828651.145
1730,1708828651.195
1731,1708828651.245
1732,1708828651.295
1733,1708828651.345
1734,1708828651.395
1735,1708828651.445
1736,1708828651.495
1737,1708828651.545
1738,1708828651.595
1739,1708828651.645
1740,1708828651.695
1741,1708828651.745
1742,1708828651.795
1743,1708828651.845
1744,1708828651.895
1745,1708828651.945
1746,1708828651.995
1747,1708828652.045
1748,1708828652.095
1749,1708828652.145
1750,1708828652.195
1751,1708828652.245
1752,1708828652.295
1753,1708828652.345
1754,1708828652.395
1755,1708828652.445
1756,1708828652.495
1757,1708828652.545
1758,1708828652.595
1759,1708828652.645
1760,1708828652.695
1761,1708828652.745
1762,1708828652.795
1763,1708828652.845
1764,1708828652.895
1765,1708828652.945
1766,1708828652.995
1767,1708828653.045
1768,1708828653.095
1769,1708828653.145
1770,1708828653.195
1771,1708828653.245
1772,1708828653.295
1773,1708828653.345
1774,1708828653.395
1775,1708828653.445
1776,1708828653.495
1777,1708828653.545
1778,1708828653.595
1779,1708828653.645
1780,1708828653.695
1781,1708828653.745
1782,1708828653.795
1783,1708828653.845
1784,1708828653.895
1785,1708828653.945
1786,1708828653.995
1787,1708828654.045
1788,1708828654.095
1789,1708828654.145
1790,1708828654.195
1791,1708828654.245
1792,1708828654.295
1793,1708828654.345
1794,1708828654.395
1795,1708828654.445
1796,1708828654.495
1797,1708828654.545
1798,1708828654.595
1799,1708828654.645
1800,1708828654.695
1801,1708828654.745
1802,1708828654.795
1803,1708828654.845
1804,1708828654.895
1805,1708828654.945
1806,1708828654.995
1807,1708828655.045
1808,1708828655.095
1809,1708828655.145
1810,1708828655.195
1811,1708828655.245
1812,1708828655.295
1813,1708828655.345
1814,1708828655.395
1815,1708828655.445
1816,1708828655.495
1817,1708828655.545
1818,1708828655.595
1819,1708828655.645
1820,1708828655.695
1821,1708828655.745
1822,1708828655.795
1823,1708828655.845
1824,1708828655.895
1825,1708828655.945
1826,1708828655.995
1827,1708828656.045
1828,1708828656.095
1829,1708828656.145
1830,1708828656.195
1831,1708828656.245
1832,1708828656.295
1833,1708828656.345
1834,1708828656.395
1835,1708828656.445
1836,1708828656.495
1837,1708828656.545
1838,1708828656.595
1839,1708828656.645
1840,1708828656.695
1841,1708828656.745
1842,1708828656.795
1843,1708828656.845
1844,1708828656.895
1845,1708828656.945
1846,1708828656.995
1847,1708828657.045
1848,1708828657.095
1849,1708828657.145
1850,1708828657.195
1851,1708828657.245
1852,1708828657.295
1853,1708828657.345
1854,1708828657.395
1855,1708828657.445
1856,1708828657.495
1857,1708828657.545
1858,1708828657.595
1859,1708828657.645
1860,1708828657.695
1861,1708828657.745
1862,1708828657.795
1863,1708828657.845
1864,1708828657.895
1865,1708828657.945
1866,1708828657.995
1867,1708828658.045
1868,1708828658.095
1869,1708828658.145
1870,1708828658.195
1871,1708828658.245
1872,1708828658.295
1873,1708828658.345
1874,1708828658.395
1875,1708828658.445
1876,1708828658.495
1877,1708828658.545
1878,1708828658.595
1879,1708828658.645
1880,1708828658.695
1881,1708828658.745
1882,1708828658.795
1883,1708828658.845
1884,1708828658.895
1885,1708828658.945
1886,1708828658.995
1887,1708828659.045
1888,1708828659.095
1889,1708828659.145
1890,1708828659.195
1891,1708828659.245
1892,1708828659.295
1893,1708828659.345
1894,1708828659.395
1895,1708828659.445
1896,1708828659.495
1897,1708828659.545
1898,1708828659.595
1899,1708828659.645
1900,1708828659.695
1901,1708828659.745
1902,1708828659.795
1903,1708828659.845
1904,1708828659.895
1905,1708828659.945
1906,1708828659.995
1907,1708828660.045
1908,1708828660.095
1909,1708828660.145
1910,1708828660.195
1911,1708828660.245
1912,1708828660.295
1913,1708828660.345
1914,1708828660.395
1915,1708828660.445
1916,1708828660.495
1917,1708828660.545
1918,1708828660.595
1919,1708828660.645
1920,1708828660.695
1921,1708828660.745
1922,1708828660.795
1923,1708828660.845
1924,1708828660.895
1925,1708828660.945
1926,1708828660.995
1927,1708828661.045
1928,1708828661.095
1929,1708828661.145
1930,1708828661.195
1931,1708828661.245
1932,1708828661.295
1933,1708828661.345
1934,1708828661.395
1935,1708828661.445
1936,1708828661.495
1937,1708828661.545
1938,1708828661.595
1939,1708828661.645
1940,1708828661.695
1941,1708828661.745
1942,1708828661.795
1943,1708828661.845
1944,1708828661.895
1945,1708828661.945
1946,1708828661.995
1947,1708828662.045
1948,1708828662.095
1949,1708828662.145
1950,1708828662.195
1951,1708828662.245
1952,1708828662.295
1953,1708828662.345
1954,1708828662.395
1955,1708828662.445
1956,1708828662.495
1957,1708828662.545
1958,1708828662.595
1959,1708828662.645
1960,1708828662.695
1961,1708828662.745
1962,1708828662.795
1963,1708828662.845
1964,1708828662.895
1965,1708828662.945
1966,1708828662.995
1967,1708828663.045
1968,1708828663.095
1969,1708828663.145
1970,1708828663.195
1971,1708828663.245
1972,1708828663.295
1973,1708828663.345
1974,1708828663.395
1975,1708828663.445
1976,1708828663.495
1977,1708828663.545
1978,1708828663.595
1979,1708828663.645
1980,1708828663.695
1981,1708828663.745
1982,1708828663.795
1983,1708828663.845
1984,1708828663.895
1985,1708828663.945
1986,1708828663.995
1987,1708828664.045
1988,1708828664.095
1989,1708828664.145
1990,1708828664.195
1991,1708828664.245
1992,1708828664.295
1993,1708828664.345
1994,1708828664.395
1995,1708828664.445
1996,1708828664.495
1997,1708828664.545
1998,1708828664.595
1999,1708828664.645
2000,1708828664.695
2001,1708828664.745
2002,1708828664.795
2003,1708828664.845
2004,1708828664.895
2005,1708828664.945
2006,1708828664.995
2007,1708828665.045
2008,1708828665.095
2009,1708828665.145
2010,1708828665.195
2011,1708828665.245
2012,1708828665.295
2013,1708828665.345
2014,1708828665.395
2015,1708828665.445
2016,1708828665.495
2017,1708828665.545
2018,1708828665.595
2019,1708828665.645
2020,1708828665.695
2021,1708828665.745
2022,1708828665.795
2023,1708828665.845
2024,1708828665.895
2025,1708828665.945
2026,1708828665.995
2027,1708828666.045
2028,1708828666.095
2029,1708828666.145
2030,1708828666.195
2031,1708828666.245
2032,1708828666.295
2033,1708828666.345
2034,1708828666.395
2035,1708828666.445
2036,1708828666.495
2037,1708828666.545
2038,1708828666.595
2039,1708828666.645
2040,1708828666.695
2041,1708828666.745
2042,1708828666.795
2043,1708828666.845
2044,1708828666.895
2045,1708828666.945
2046,1708828666.995
2047,1708828667.045
2048,1708828667.095
2049,1708828667.145
2050,1708828667.195
2051,1708828667.245
2052,1708828667.295
2053,1708828667.345
2054,1708828667.395
2055,1708828667.445
2056,1708828667.495
2057,1708828667.545
2058,1708828667.595
2059,1708828667.645
2060,1708828667.695
2061,1708828667.745
2062,1708828667.795
2063,1708828667.845
2064,1708828667.895
2065,1708828667.945
2066,1708828667.995
2067,1708828668.045
2068,1708828668.095
2069,1708828668.145
2070,1708828668.195
2071,1708828668.245
2072,1708828668.295
2073,1708828668.345
2074,1708828668.395
2075,1708828668.445
2076,1708828668.495
2077,1708828668.545
2078,1708828668.595
2079,1708828668.645
2080,1708828668.695
2081,1708828668.745
2082,1708828668.795
2083,1708828668.845
2084,1708828668.895
2085,1708828668.945
2086,1708828668.995
2087,1708828669.045
2088,1708828669.095
2089,1708828669.145
2090,1708828669.195
2091,1708828669.245
2092,1708828669.295
2093,1708828669.345
2094,1708828669.395
2095,1708828669.445
2096,1708828669.495
2097,1708828669.545
2098,1708828669.595
2099,1708828669.645
2100,1708828669.695
2101,1708828669.745
2102,1708828669.795
2103,1708828669.845
2104,1708828669.895
2105,1708828669.945
2106,1708828669.995
2107,1708828670.045
2108,1708828670.095
2109,1708828670.145
2110,1708828670.195
2111,1708828670.245
2112,1708828670.295
2113,1708828670.345
2114,1708828670.395
2115,1708828670.445
2116,1708828670.495
2117,1708828670.545
2118,1708828670.595
2119,1708828670.645
2120,1708828670.695
2121,1708828670.745
2122,1708828670.795
2123,1708828670.845
2124,1708828670.895
2125,1708828670.945
2126,1708828670.995
2127,1708828671.045
2128,1708828671.095
2129,1708828671.145
2130,1708828671.195
2131,1708828671.245
2132,1708828671.295
2133,1708828671.345
2134,1708828671.395
2135,1708828671.445
2136,1708828671.495
2137,1708828671.545
2138,1708828671.595
2139,1708828671.645
2140,1708828671.695
2141,1708828671.745
2142,1708828671.795
2143,1708828671.845
2144,1708828671.895
2145,1708828671.945
2146,1708828671.995
2147,1708828672.045
2148,1708828672.095
2149,1708828672.145
2150,1708828672.195
2151,1708828672.245
2152,1708828672.295
2153,1708828672.345
2154,1708828672.395
2155,1708828672.445
2156,1708828672.495
2157,1708828672.545
2158,1708828672.595
2159,1708828672.645
2160,1708828672.695
2161,1708828672.745
2162,1708828672.795
2163,1708828672.845
2164,1708828672.895
2165,1708828672.945
2166,1708828672.995
2167,1708828673.045
2168,1708828673.095
2169,1708828673.145
2170,1708828673.195
2171,1708828673.245
2172,1708828673.295
2173,1708828673.345
2174,1708828673.395
2175,1708828673.445
2176,1708828673.495
2177,1708828673.545
2178,1708828673.595
2179,1708828673.645
2180,1708828673.695
2181,1708828673.745
2182,1708828673.795
2183,1708828673.845
2184,1708828673.895
2185,1708828673.945
2186,1708828673.995
2187,1708828674.045
2188,1708828674.095
2189,1708828674.145
2190,1708828674.195
2191,1708828674.245
2192,1708828674.295
2193,1708828674.345
2194,1708828674.395
2195,1708828674.445
2196,1708828674.495
2197,1708828674.545
2198,1708828674.595
2199,1708828674.645
2200,1708828674.695
2201,1708828674.745
2202,1708828674.795
2203,1708828674.845
2204,1708828674.895
2205,1708828674.945
2206,1708828674.995
2207,1708828675.045
2208,1708828675.095
2209,1708828675.145
2210,1708828675.195
2211,1708828675.245
2212,1708828675.295
2213,1708828675.345
2214,1708828675.395
2215,1708828675.445
2216,1708828675.495
2217,1708828675.545
2218,1708828675.595
2219,1708828675.645
2220,1708828675.695
2221,1708828675.745
2222,1708828675.795
2223,1708828675.845
2224,1708828675.895
2225,1708828675.945
2226,1708828675.995
2227,1708828676.045
2228,1708828676.095
2229,1708828676.145
2230,1708828676.195
2231,1708828676.245
2232,1708828676.295
2233,1708828676.345
2234,1708828676.395
2235,1708828676.445
2236,1708828676.495
2237,1708828676.545
2238,1708828676.595
2239,1708828676.645
2240,1708828676.695
2241,1708828676.745
2242,1708828676.795
2243,1708828676.845
2244,1708828676.895
2245,1708828676.945
2246,1708828676.995
2247,1708828677.045
2248,1708828677.095
2249,1708828677.145
2250,1708828677.195
2251,1708828677.245
2252,1708828677.295
2253,1708828677.345
2254,1708828677.395
2255,1708828677.445
2256,1708828677.495
2257,1708828677.545
2258,1708828677.595
2259,1708828677.645
2260,1708828677.695
2261,1708828677.745
2262,1708828677.795
2263,1708828677.845
2264,1708828677.895
2265,1708828677.945
2266,1708828677.995
2267,1708828678.045
2268,1708828678.095
2269,1708828678.145
2270,1708828678.195
2271,1708828678.245
2272,1708828678.295
2273,1708828678.345
2274,1708828678.395
2275,1708828678.445
2276,1708828678.495
2277,1708828678.545
2278,1708828678.595
2279,1708828678.645
2280,1708828678.695
2281,1708828678.745
2282,1708828678.795
2283,1708828678.845
2284,1708828678.895
2285,1708828678.945
2286,1708828678.995
2287,1708828679.045
2288,1708828679.095
2289,1708828679.145
2290,1708828679.195
2291,1708828679.245
2292,1708828679.295
2293,1708828679.345
2294,1708828679.395
2295,1708828679.445
2296,1708828679.495
2297,1708828679.545
2298,1708828679.595
2299,1708828679.645
2300,1708828679.695
2301,1708828679.745
2302,1708828679.795
2303,1708828679.845
2304,1708828679.895
2305,1708828679.945
2306,1708828679.995
2307,1708828680.045
2308,1708828680.095
2309,1708828680.145
2310,1708828680.195
2311,1708828680.245
2312,1708828680.295
2313,1708828680.345
2314,1708828680.395
2315,1708828680.445
2316,1708828680.495
2317,1708828680.545
2318,1708828680.595
2319,1708828680.645
2320,1708828680.695
2321,1708828680.745
2322,1708828680.795
2323,1708828680.845
2324,1708828680.895
2325,1708828680.945
2326,1708828680.995
2327,1708828681.045
2328,1708828681.095
2329,1708828681.145
2330,1708828681.195
2331,1708828681.245
2332,1708828681.295
2333,1708828681.345
2334,1708828681.395
2335,1708828681.445
2336,1708828681.495
2337,1708828681.545
2338,1708828681.595
2339,1708828681.645
2340,1708828681.695
2341,1708828681.745
2342,1708828681.795
2343,1708828681.845
2344,1708828681.895
2345,1708828681.945
2346,1708828681.995
2347,1708828682.045
2348,1708828682.095
2349,1708828682.145
2350,1708828682.195
2351,1708828682.245
2352,1708828682.295
2353,1708828682.345
2354,1708828682.395
2355,1708828682.445
2356,1708828682.495
2357,1708828682.545
2358,1708828682.595
2359,1708828682.645
2360,1708828682.695
2361,1708828682.745
2362,1708828682.795
2363,1708828682.845
2364,1708828682.895
2365,1708828682.945
2366,1708828682.995
2367,1708828683.045
2368,1708828683.095
2369,1708828683.145
2370,1708828683.195
2371,1708828683.245
2372,1708828683.295
2373,1708828683.345
2374,1708828683.395
2375,1708828683.445
2376,1708828683.495
2377,1708828683.545
2378,1708828683.595
2379,1708828683.645
2380,1708828683.695
2381,1708828683.745
2382,1708828683.795
2383,1708828683.845
2384,1708828683.895
2385,1708828683.945
2386,1708828683.995
2387,1708828684.045
2388,1708828684.095
2389,1708828684.145
2390,1708828684.195
2391,1708828684.245
2392,1708828684.295
2393,1708828684.345
2394,1708828684.395
2395,1708828684.445
2396,1708828684.495
2397,1708828684.545
2398,1708828684.595
2399,1708828684.645
2400,1708828684.695
2401,1708828684.745
2402,1708828684.795
2403,1708828684.845
2404,1708828684.895
2405,1708828684.945
2406,1708828684.995
2407,1708828685.045
2408,1708828685.095
2409,1708828685.145
2410,1708828685.195
2411,1708828685.245
2412,1708828685.295
2413,1708828685.345
2414,1708828685.395
2415,1708828685.445
2416,1708828685.495
2417,1708828685.545
2418,1708828685.595
2419,1708828685.645
2420,1708828685.695
2421,1708828685.745
2422,1708828685.795
2423,1708828685.845
2424,1708828685.895
2425,1708828685.945
2426,1708828685.995
2427,1708828686.045
2428,1708828686.095
2429,1708828686.145
2430,1708828686.195
2431,1708828686.245
2432,1708828686.295
2433,1708828686.345
2434,1708828686.395
2435,1708828686.445
2436,1708828686.495
2437,1708828686.545
2438,1708828686.595
2439,1708828686.645
2440,1708828686.695
2441,1708828686.745
2442,1708828686.795
2443,1708828686.845
2444,1708828686.895
2445,1708828686.945
2446,1708828686.995
2447,1708828687.045
2448,1708828687.095
2449,1708828687.145
2450,1708828687.195
2451,1708828687.245
2452,1708828687.295
2453,1708828687.345
2454,1708828687.395
2455,1708828687.445
2456,1708828687.495
2457,1708828687.545
2458,1708828687.595
2459,1708828687.645
2460,1708828687.695
2461,1708828687.745
2462,1708828687.795
2463,1708828687.845
2464,1708828687.895
2465,1708828687.945
2466,1708828687.995
2467,1708828688.045
2468,1708828688.095
2469,1708828688.145
2470,1708828688.195
2471,1708828688.245
2472,1708828688.295
2473,1708828688.345
2474,1708828688.395
2475,1708828688.445
2476,1708828688.495
2477,1708828688.545
2478,1708828688.595
2479,1708828688.645
2480,1708828688.695
2481,1708828688.745
2482,1708828688.795
2483,1708828688.845
2484,1708828688.895
2485,1708828688.945
2486,1708828688.995
2487,1708828689.045
2488,1708828689.095
2489,1708828689.145
2490,1708828689.195
2491,1708828689.245
2492,1708828689.295
2493,1708828689.345
2494,1708828689.395
2495,1708828689.445
2496,1708828689.495
2497,1708828689.545
2498,1708828689.595
2499,1708828689.645
2500,1708828689.695
2501,1708828689.745
2502,1708828689.795
2503,1708828689.845
2504,1708828689.895
2505,1708828689.945
2506,1708828689.995
2507,1708828690.045
2508,1708828690.095
2509,1708828690.145
2510,1708828690.195
2511,1708828690.245
2512,1708828690.295
2513,1708828690.345
2514,1708828690.395
2515,1708828690.445
2516,1708828690.495
2517,1708828690.545
2518,1708828690.595
2519,1708828690.645
2520,1708828690.695
2521,1708828690.745
2522,1708828690.795
2523,1708828690.845
2524,1708828690.895
2525,1708828690.945
2526,1708828690.995
2527,1708828691.045
2528,1708828691.095
2529,1708828691.145
2530,1708828691.195
2531,1708828691.245
2532,1708828691.295
2533,1708828691.345
2534,1708828691.395
2535,1708828691.445
2536,1708828691.495
2537,1708828691.545
2538,1708828691.595
2539,1708828691.645
2540,1708828691.695
2541,1708828691.745
2542,1708828691.795
2543,1708828691.845
2544,1708828691.895
2545,1708828691.945
2546,1708828691.995
2547,1708828692.045
2548,1708828692.095
2549,1708828692.145
2550,1708828692.195
2551,1708828692.245
2552,1708828692.295
2553,1708828692.345
2554,1708828692.395
2555,1708828692.445
2556,1708828692.495
2557,1708828692.545
2558,1708828692.595
2559,1708828692.645
2560,1708828692.695
2561,1708828692.745
2562,1708828692.795
2563,1708828692.845
2564,1708828692.895
2565,1708828692.945
2566,1708828692.995
2567,1708828693.045
2568,1708828693.095
2569,1708828693.145
2570,1708828693.195
2571,1708828693.245
2572,1708828693.295
2573,1708828693.345
2574,1708828693.395
2575,1708828693.445
2576,1708828693.495
2577,1708828693.545
2578,1708828693.595
2579,1708828693.645
2580,1708828693.695
2581,1708828693.745
2582,1708828693.795
2583,1708828693.845
2584,1708828693.895
2585,1708828693.945
2586,1708828693.995
2587,1708828694.045
2588,1708828694.095
2589,1708828694.145
2590,1708828694.195
2591,1708828694.245
2592,1708828694.295
2593,1708828694.345
2594,1708828694.395
2595,1708828694.445
2596,1708828694.495
2597,1708828694.545
2598,1708828694.595
2599,1708828694.645
2600,1708828694.695
2601,1708828694.745
2602,1708828694.795
2603,1708828694.845
2604,1708828694.895
2605,1708828694.945
2606,1708828694.995
2607,1708828695.045
2608,1708828695.095
2609,1708828695.145
2610,1708828695.195
2611,1708828695.245
2612,1708828695.295
2613,1708828695.345
2614,1708828695.395
2615,1708828695.445
2616,1708828695.495
2617,1708828695.545
2618,1708828695.595
2619,1708828695.645
2620,1708828695.695
2621,1708828695.745
2622,1708828695.795
2623,1708828695.845
2624,1708828695.895
2625,1708828695.945
2626,1708828695.995
2627,1708828696.045
2628,1708828696.095
2629,1708828696.145
2630,1708828696.195
2631,1708828696.245
2632,1708828696.295
2633,1708828696.345
2634,1708828696.395
2635,1708828696.445
2636,1708828696.495
2637,1708828696.545
2638,1708828696.595
2639,1708828696.645
2640,1708828696.695
2641,1708828696.745
2642,1708828696.795
2643,1708828696.845
2644,1708828696.895
2645,1708828696.945
2646,1708828696.995
2647,1708828697.045
2648,1708828697.095
2649,1708828697.145
2650,1708828697.195
2651,1708828697.245
2652,1708828697.295
2653,1708828697.345
2654,1708828697.395
2655,1708828697.445
2656,1708828697.495
2657,1708828697.545
2658,1708828697.595
2659,1708828697.645
2660,1708828697.695
2661,1708828697.745
2662,1708828697.795
2663,1708828697.845
2664,1708828697.895
2665,1708828697.945
2666,1708828697.995
2667,1708828698.045
2668,1708828698.095
2669,1708828698.145
2670,1708828698.195
2671,1708828698.245
2672,1708828698.295
2673,1708828698.345
2674,1708828698.395
2675,1708828698.445
2676,1708828698.495
2677,1708828698.545
2678,1708828698.595
2679,1708828698.645
2680,1708828698.695
2681,1708828698.745
2682,1708828698.795
2683,1708828698.845
2684,1708828698.895
2685,1708828698.945
2686,1708828698.995
2687,1708828699.045
2688,1708828699.095
2689,1708828699.145
2690,1708828699.195
2691,1708828699.245
2692,1708828699.295
2693,1708828699.345
2694,1708828699.395
2695,1708828699.445
2696,1708828699.495
2697,1708828699.545
2698,1708828699.595
2699,1708828699.645
2700,1708828699.695
2701,1708828699.745
2702,1708828699.795
2703,1708828699.845
2704,1708828699.895
2705,1708828699.945
2706,1708828699.995
2707,1708828700.045
2708,1708828700.095
2709,1708828700.145
2710,1708828700.195
2711,1708828700.245
2712,1708828700.295
2713,1708828700.345
2714,1708828700.395
2715,1708828700.445
2716,1708828700.495
2717,1708828700.545
2718,1708828700.595
2719,1708828700.645
2720,1708828700.695
2721,1708828700.745
2722,1708828700.795
2723,1708828700.845
2724,1708828700.895
2725,1708828700.945
2726,1708828700.995
2727,1708828701.045
2728,1708828701.095
2729,1708828701.145
2730,1708828701.195
2731,1708828701.245
2732,1708828701.295
2733,1708828701.345
2734,1708828701.395
2735,1708828701.445
2736,1708828701.495
2737,1708828701.545
2738,1708828701.595
2739,1708828701.645
2740,1708828701.695
2741,1708828701.745
2742,1708828701.795
2743,1708828701.845
2744,1708828701.895
2745,1708828701.945
2746,1708828701.995
2747,1708828702.045
2748,1708828702.095
2749,1708828702.145
2750,1708828702.195
2751,1708828702.245
2752,1708828702.295
2753,1708828702.345
2754,1708828702.395
2755,1708828702.445
2756,1708828702.495
2757,1708828702.545
2758,1708828702.595
2759,1708828702.645
2760,1708828702.695
2761,1708828702.745
2762,1708828702.795
2763,1708828702.845
2764,1708828702.895
2765,1708828702.945
2766,1708828702.995
2767,1708828703.045
2768,1708828703.095
2769,1708828703.145
2770,1708828703.195
2771,1708828703.245
2772,1708828703.295
2773,1708828703.345
2774,1708828703.395
2775,1708828703.445
2776,1708828703.495
2777,1708828703.545
2778,1708828703.595
2779,1708828703.645
2780,1708828703.695
2781,1708828703.745
2782,1708828703.795
2783,1708828703.845
2784,1708828703.895
2785,1708828703.945
2786,1708828703.995
2787,1708828704.045
2788,1708828704.095
2789,1708828704.145
2790,1708828704.195
2791,1708828704.245
2792,1708828704.295
2793,1708828704.345
2794,1708828704.395
2795,1708828704.445
2796,1708828704.495
2797,1708828704.545
2798,1708828704.595
2799,1708828704.645
2800,1708828704.695
2801,1708828704.745
2802,1708828704.795
2803,1708828704.845
2804,1708828704.895
2805,1708828704.945
2806,1708828704.995
2807,1708828705.045
2808,1708828705.095
2809,1708828705.145
2810,1708828705.195
2811,1708828705.245
2812,1708828705.295
2813,1708828705.345
2814,1708828705.395
2815,1708828705.445
2816,1708828705.495
2817,1708828705.545
2818,1708828705.595
2819,1708828705.645
2820,1708828705.695
2821,1708828705.745
2822,1708828705.795
2823,1708828705.845
2824,1708828705.895
2825,1708828705.945
2826,1708828705.995
2827,1708828706.045
2828,1708828706.095
2829,1708828706.145
2830,1708828706.195
2831,1708828706.245
2832,1708828706.295
2833,1708828706.345
2834,1708828706.395
2835,1708828706.445
2836,1708828706.495
2837,1708828706.545
2838,1708828706.595
2839,1708828706.645
2840,1708828706.695
2841,1708828706.745
2842,1708828706.795
2843,1708828706.845
2844,1708828706.895
2845,1708828706.945
2846,1708828706.995
2847,1708828707.045
2848,1708828707.095
2849,1708828707.145
2850,1708828707.195
2851,1708828707.245
2852,1708828707.295
2853,1708828707.345
2854,1708828707.395
2855,1708828707.445
2856,1708828707.495
2857,1708828707.545
2858,1708828707.595
2859,1708828707.645
2860,1708828707.695
2861,1708828707.745
2862,1708828707.795
2863,1708828707.845
2864,1708828707.895
2865,1708828707.945
2866,1708828707.995
2867,1708828708.045
2868,1708828708.095
2869,1708828708.145
2870,1708828708.195
2871,1708828708.245
2872,1708828708.295
2873,1708828708.345
2874,1708828708.395
2875,1708828708.445
2876,1708828708.495
2877,1708828708.545
2878,1708828708.595
2879,1708828708.645
2880,1708828708.695
2881,1708828708.745
2882,1708828708.795
2883,1708828708.845
2884,1708828708.895
2885,1708828708.945
2886,1708828708.995
2887,1708828709.045
2888,1708828709.095
2889,1708828709.145
2890,1708828709.195
2891,1708828709.245
2892,1708828709.295
2893,1708828709.345
2894,1708828709.395
2895,1708828709.445
2896,1708828709.495
2897,1708828709.545
2898,1708828709.595
2899,1708828709.645
2900,1708828709.695
2901,1708828709.745
2902,1708828709.795
2903,1708828709.845
2904,1708828709.895
2905,1708828709.945
2906,1708828709.995
2907,1708828710.045
2908,1708828710.095
2909,1708828710.145
2910,1708828710.195
2911,1708828710.245
2912,1708828710.295
2913,1708828710.345
2914,1708828710.395
2915,1708828710.445
2916,1708828710.495
2917,1708828710.545
2918,1708828710.595
2919,1708828710.645
2920,1708828710.695
2921,1708828710.745
2922,1708828710.795
2923,1708828710.845
2924,1708828710.895
2925,1708828710.945
2926,1708828710.995
2927,1708828711.045
2928,1708828711.095
2929,1708828711.145
2930,1708828711.195
2931,1708828711.245
2932,1708828711.295
2933,1708828711.345
2934,1708828711.395
2935,1708828711.445
2936,1708828711.495
2937,1708828711.545
2938,1708828711.595
2939,1708828711.645
2940,1708828711.695
2941,1708828711.745
2942,1708828711.795
2943,1708828711.845
2944,1708828711.895
2945,1708828711.945
2946,1708828711.995
2947,1708828712.045
2948,1708828712.095
2949,1708828712.145
2950,1708828712.195
2951,1708828712.245
2952,1708828712.295
2953,1708828712.345
2954,1708828712.395
2955,1708828712.445
2956,1708828712.495
2957,1708828712.545
2958,1708828712.595
2959,1708828712.645
2960,1708828712.695
2961,1708828712.745
2962,1708828712.795
2963,1708828712.845
2964,1708828712.895
2965,1708828712.945
2966,1708828712.995
2967,1708828713.045
2968,1708828713.095
2969,1708828713.145
2970,1708828713.195
2971,1708828713.245
2972,1708828713.295
2973,1708828713.345
2974,1708828713.395
2975,1708828713.445
2976,1708828713.495
2977,1708828713.545
2978,1708828713.595
2979,1708828713.645
2980,1708828713.695
2981,1708828713.745
2982,1708828713.795
2983,1708828713.845
2984,1708828713.895
2985,1708828713.945
2986,1708828713.995
2987,1708828714.045
2988,1708828714.095
2989,1708828714.145
2990,1708828714.195
2991,1708828714.245
2992,1708828714.295
2993,1708828714.345
2994,1708828714.395
2995,1708828714.445
2996,1708828714.495
2997,1708828714.545
2998,1708828714.595
2999,1708828714.645
3000,1708828714.695
3001,1708828714.745
3002,1708828714.795
3003,1708828714.845
3004,1708828714.895
3005,1708828714.945
3006,1708828714.995
3007,1708828715.045
3008,1708828715.095
3009,1708828715.145
3010,1708828715.195
3011,1708828715.245
3012,1708828715.295
3013,1708828715.345
3014,1708828715.395
3015,1708828715.445
3016,1708828715.495
3017,1708828715.545
3018,1708828715.595
3019,1708828715.645
3020,1708828715.695
3021,1708828715.745
3022,1708828715.795
3023,1708828715.845
3024,1708828715.895
3025,1708828715.945
3026,1708828715.995
3027,1708828716.045
3028,1708828716.095
3029,1708828716.145
3030,1708828716.195
3031,1708828716.245
3032,1708828716.295
3033,1708828716.345
3034,1708828716.395
3035,1708828716.445
3036,1708828716.495
3037,1708828716.545
3038,1708828716.595
3039,1708828716.645
3040,1708828716.695
3041,1708828716.745
3042,1708828716.795
3043,1708828716.845
3044,1708828716.895
3045,1708828716.945
3046,1708828716.995
3047,1708828717.045
3048,1708828717.095
3049,1708828717.145
3050,1708828717.195
3051,1708828717.245
3052,1708828717.295
3053,1708828717.345
3054,1708828717.395
3055,1708828717.445
3056,1708828717.495
3057,1708828717.545
3058,1708828717.595
3059,1708828717.645
3060,1708828717.695
3061,1708828717.745
3062,1708828717.795
3063,1708828717.845
3064,1708828717.895
3065,1708828717.945
3066,1708828717.995
3067,1708828718.045
3068,1708828718.095
3069,1708828718.145
3070,1708828718.195
3071,1708828718.245
3072,1708828718.295
3073,1708828718.345
3074,1708828718.395
3075,1708828718.445
3076,1708828718.495
3077,1708828718.545
3078,1708828718.595
3079,1708828718.645
3080,1708828718.695
3081,1708828718.745
3082,1708828718.795
3083,1708828718.845
3084,1708828718.895
3085,1708828718.945
3086,1708828718.995
3087,1708828719.045
3088,1708828719.095
3089,1708828719.145
3090,1708828719.195
3091,1708828719.245
3092,1708828719.295
3093,1708828719.345
3094,1708828719.395
3095,1708828719.445
3096,1708828719.495
3097,1708828719.545
3098,1708828719.595
3099,1708828719.645
3100,1708828719.695
3101,1708828719.745
3102,1708828719.795
3103,1708828719.845
3104,1708828719.895
3105,1708828719.945
3106,1708828719.995
3107,1708828720.045
3108,1708828720.095
3109,1708828720.145
3110,1708828720.195
3111,1708828720.245
3112,1708828720.295
3113,1708828720.345
3114,1708828720.395
3115,1708828720.445
3116,1708828720.495
3117,1708828720.545
3118,1708828720.595
3119,1708828720.645
3120,1708828720.695
3121,1708828720.745
3122,1708828720.795
3123,1708828720.845
3124,1708828720.895
3125,1708828720.945
3126,1708828720.995
3127,1708828721.045
3128,1708828721.095
3129,1708828721.145
3130,1708828721.195
3131,1708828721.245
3132,1708828721.295
3133,1708828721.345
3134,1708828721.395
3135,1708828721.445
3136,1708828721.495
3137,1708828721.545
3138,1708828721.595
3139,1708828721.645
3140,1708828721.695
3141,1708828721.745
3142,1708828721.795
3143,1708828721.845
3144,1708828721.895
3145,1708828721.945
3146,1708828721.995
3147,1708828722.045
3148,1708828722.095
3149,1708828722.145
3150,1708828722.195
3151,1708828722.245
3152,1708828722.295
3153,1708828722.345
3154,1708828722.395
3155,1708828722.445
3156,1708828722.495
3157,1708828722.545
3158,1708828722.595
3159,1708828722.645
3160,1708828722.695
3161,1708828722.745
3162,1708828722.795
3163,1708828722.845
3164,1708828722.895
3165,1708828722.945
3166,1708828722.995
3167,1708828723.045
3168,1708828723.095
3169,1708828723.145
3170,1708828723.195
3171,1708828723.245
3172,1708828723.295
3173,1708828723.345
3174,1708828723.395
3175,1708828723.445
3176,1708828723.495
3177,1708828723.545
3178,1708828723.595
3179,1708828723.645
3180,1708828723.695
3181,1708828723.745
3182,1708828723.795
3183,1708828723.845
3184,1708828723.895
3185,1708828723.945
3186,1708828723.995
3187,1708828724.045
3188,1708828724.095
3189,1708828724.145
3190,1708828724.195
3191,1708828724.245
3192,1708828724.295
3193,1708828724.345
3194,1708828724.395
3195,1708828724.445
3196,1708828724.495
3197,1708828724.545
3198,1708828724.595
3199,1708828724.645
3200,1708828724.695
3201,1708828724.745
3202,1708828724.795
3203,1708828724.845
3204,1708828724.895
3205,1708828724.945
3206,1708828724.995
3207,1708828725.045
3208,1708828725.095
3209,1708828725.145
3210,1708828725.195
3211,1708828725.245
3212,1708828725.295
3213,1708828725.345
3214,1708828725.395
3215,1708828725.445
3216,1708828725.495
3217,1708828725.545
3218,1708828725.595
3219,1708828725.645
3220,1708828725.695
3221,1708828725.745
3222,1708828725.795
3223,1708828725.845
3224,1708828725.895
3225,1708828725.945
3226,1708828725.995
3227,1708828726.045
3228,1708828726.095
3229,1708828726.145
3230,1708828726.195
3231,1708828726.245
3232,1708828726.295
3233,1708828726.345
3234,1708828726.395
3235,1708828726.445
3236,1708828726.495
3237,1708828726.545
3238,1708828726.595
3239,1708828726.645
3240,1708828726.695
3241,1708828726.745
3242,1708828726.795
3243,1708828726.845
3244,1708828726.895
3245,1708828726.945
3246,1708828726.995
3247,1708828727.045
3248,1708828727.095
3249,1708828727.145
3250,1708828727.195
3251,1708828727.245
3252,1708828727.295
3253,1708828727.345
3254,1708828727.395
3255,1708828727.445
3256,1708828727.495
3257,1708828727.545
3258,1708828727.595
3259,1708828727.645
3260,1708828727.695
3261,1708828727.745
3262,1708828727.795
3263,1708828727.845
3264,1708828727.895
3265,1708828727.945
3266,1708828727.995
3267,1708828728.045
3268,1708828728.095
3269,1708828728.145
3270,1708828728.195
3271,1708828728.245
3272,1708828728.295
3273,1708828728.345
3274,1708828728.395
3275,1708828728.445
3276,1708828728.495
3277,1708828728.545
3278,1708828728.595
3279,1708828728.645
3280,1708828728.695
3281,1708828728.745
3282,1708828728.795
3283,1708828728.845
3284,1708828728.895
3285,1708828728.945
3286,1708828728.995
3287,1708828729.045
3288,1708828729.095
3289,1708828729.145
3290,1708828729.195
3291,1708828729.245
3292,1708828729.295
3293,1708828729.345
3294,1708828729.395
3295,1708828729.445
3296,1708828729.495
3297,1708828729.545
3298,1708828729.595
3299,1708828729.645
3300,1708828729.695
3301,1708828729.745
3302,1708828729.795
3303,1708828729.845
3304,1708828729.895
3305,1708828729.945
3306,1708828729.995
3307,1708828730.045
3308,1708828730.095
3309,1708828730.145
3310,1708828730.195
3311,1708828730.245
3312,1708828730.295
3313,1708828730.345
3314,1708828730.395
3315,1708828730.445
3316,1708828730.495
3317,1708828730.545
3318,1708828730.595
3319,1708828730.645
3320,1708828730.695
3321,1708828730.745
3322,1708828730.795
3323,1708828730.845
3324,1708828730.895
3325,1708828730.945
3326,1708828730.995
3327,1708828731.045
3328,1708828731.095
3329,1708828731.145
3330,1708828731.195
3331,1708828731.245
3332,1708828731.295
3333,1708828731.345
3334,1708828731.395
3335,1708828731.445
3336,1708828731.495
3337,1708828731.545
3338,1708828731.595
3339,1708828731.645
3340,1708828731.695
3341,1708828731.745
3342,1708828731.795
3343,1708828731.845
3344,1708828731.895
3345,1708828731.945
3346,1708828731.995
3347,1708828732.045
3348,1708828732.095
3349,1708828732.145
3350,1708828732.195
3351,1708828732.245
3352,1708828732.295
3353,1708828732.345
3354,1708828732.395
3355,1708828732.445
3356,1708828732.495
3357,1708828732.545
3358,1708828732.595
3359,1708828732.645
3360,1708828732.695
3361,1708828732.745
3362,1708828732.795
3363,1708828732.845
3364,1708828732.895
3365,1708828732.945
3366,1708828732.995
3367,1708828733.045
3368,1708828733.095
3369,1708828733.145
3370,1708828733.195
3371,1708828733.245
3372,1708828733.295
3373,1708828733.345
3374,1708828733.395
3375,1708828733.445
3376,1708828733.495
3377,1708828733.545
3378,1708828733.595
3379,1708828733.645
3380,1708828733.695
3381,1708828733.745
3382,1708828733.795
3383,1708828733.845
3384,1708828733.895
3385,1708828733.945
3386,1708828733.995
3387,1708828734.045
3388,1708828734.095
3389,1708828734.145
3390,1708828734.195
3391,1708828734.245
3392,1708828734.295
3393,1708828734.345
3394,1708828734.395
3395,1708828734.445
3396,1708828734.495
3397,1708828734.545
3398,1708828734.595
3399,1708828734.645
3400,1708828734.695
3401,1708828734.745
3402,1708828734.795
3403,1708828734.845
3404,1708828734.895
3405,1708828734.945
3406,1708828734.995
3407,1708828735.045
3408,1708828735.095
3409,1708828735.145
3410,1708828735.195
3411,1708828735.245
3412,1708828735.295
3413,1708828735.345
3414,1708828735.395
3415,1708828735.445
3416,1708828735.495
3417,1708828735.545
3418,1708828735.595
3419,1708828735.645
3420,1708828735.695
3421,1708828735.745
3422,1708828735.795
3423,1708828735.845
3424,1708828735.895
3425,1708828735.945
3426,1708828735.995
3427,1708828736.045
3428,1708828736.095
3429,1708828736.145
3430,1708828736.195
3431,1708828736.245
3432,1708828736.295
3433,1708828736.345
3434,1708828736.395
3435,1708828736.445
3436,1708828736.495
3437,1708828736.545
3438,1708828736.595
3439,1708828736.645
3440,1708828736.695
3441,1708828736.745
3442,1708828736.795
3443,1708828736.845
3444,1708828736.895
3445,1708828736.945
3446,1708828736.995
3447,1708828737.045
3448,1708828737.095
3449,1708828737.145
3450,1708828737.195
3451,1708828737.245
3452,1708828737.295
3453,1708828737.345
3454,1708828737.395
3455,1708828737.445
3456,1708828737.495
3457,1708828737.545
3458,1708828737.595
3459,1708828737.645
3460,1708828737.695
3461,1708828737.745
3462,1708828737.795
3463,1708828737.845
3464,1708828737.895
3465,1708828737.945
3466,1708828737.995
3467,1708828738.045
3468,1708828738.095
3469,1708828738.145
3470,1708828738.195
3471,1708828738.245
3472,1708828738.295
3473,1708828738.345
3474,1708828738.395
3475,1708828738.445
3476,1708828738.495
3477,1708828738.545
3478,1708828738.595
3479,1708828738.645
3480,1708828738.695
3481,1708828738.745
3482,1708828738.795
3483,1708828738.845
3484,1708828738.895
3485,1708828738.945
3486,1708828738.995
3487,1708828739.045
3488,1708828739.095
3489,1708828739.145
3490,1708828739.195
3491,1708828739.245
3492,1708828739.295
3493,1708828739.345
3494,1708828739.395
3495,1708828739.445
3496,1708828739.495
3497,1708828739.545
3498,1708828739.595
3499,1708828739.645
3500,1708828739.695
3501,1708828739.745
3502,1708828739.795
3503,1708828739.845
3504,1708828739.895
3505,1708828739.945
3506,1708828739.995
3507,1708828740.045
3508,1708828740.095
3509,1708828740.145
3510,1708828740.195
3511,1708828740.245
3512,1708828740.295
3513,1708828740.345
3514,1708828740.395
3515,1708828740.445
3516,1708828740.495
3517,1708828740.545
3518,1708828740.595
3519,1708828740.645
3520,1708828740.695
3521,1708828740.745
3522,1708828740.795
3523,1708828740.845
3524,1708828740.895
3525,1708828740.945
3526,1708828740.995
3527,1708828741.045
3528,1708828741.095
3529,1708828741.145
3530,1708828741.195
3531,1708828741.245
3532,1708828741.295
3533,1708828741.345
3534,1708828741.395
3535,1708828741.445
3536,1708828741.495
3537,1708828741.545
3538,1708828741.595
3539,1708828741.645
3540,1708828741.695
3541,1708828741.745
3542,1708828741.795
3543,1708828741.845
3544,1708828741.895
3545,1708828741.945
3546,1708828741.995
3547,1708828742.045
3548,1708828742.095
3549,1708828742.145
3550,1708828742.195
3551,1708828742.245
3552,1708828742.295
3553,1708828742.345
3554,1708828742.395
3555,1708828742.445
3556,1708828742.495
3557,1708828742.545
3558,1708828742.595
3559,1708828742.645
3560,1708828742.695
3561,1708828742.745
3562,1708828742.795
3563,1708828742.845
3564,1708828742.895
3565,1708828742.945
3566,1708828742.995
3567,1708828743.045
3568,1708828743.095
3569,1708828743.145
3570,1708828743.195
3571,1708828743.245
3572,1708828743.295
3573,1708828743.345
3574,1708828743.395
3575,1708828743.445
3576,1708828743.495
3577,1708828743.545
3578,1708828743.595
3579,1708828743.645
3580,1708828743.695
3581,1708828743.745
3582,1708828743.795
3583,1708828743.845
3584,1708828743.895
3585,1708828743.945
3586,1708828743.995
3587,1708828744.045
3588,1708828744.095
3589,1708828744.145
3590,1708828744.195
3591,1708828744.245
3592,1708828744.295
3593,1708828744.345
3594,1708828744.395
3595,1708828744.445
3596,1708828744.495
3597,1708828744.545
3598,1708828744.595
3599,1708828744.645
3600,1708828744.695
3601,1708828744.745
3602,1708828744.795
3603,1708828744.845
3604,1708828744.895
3605,1708828744.945
3606,1708828744.995
3607,1708828745.045
3608,1708828745.095
3609,1708828745.145
3610,1708828745.195
3611,1708828745.245
3612,1708828745.295
3613,1708828745.345
3614,1708828745.395
3615,1708828745.445
3616,1708828745.495
3617,1708828745.545
3618,1708828745.595
3619,1708828745.645
3620,1708828745.695
3621,1708828745.745
3622,1708828745.795
3623,1708828745.845
3624,1708828745.895
3625,1708828745.945
3626,1708828745.995
3627,1708828746.045
3628,1708828746.095
3629,1708828746.145
3630,1708828746.195
3631,1708828746.245
3632,1708828746.295
3633,1708828746.345
3634,1708828746.395
3635,1708828746.445
3636,1708828746.495
3637,1708828746.545
3638,1708828746.595
3639,1708828746.645
3640,1708828746.695
3641,1708828746.745
3642,1708828746.795
3643,1708828746.845
3644,1708828746.895
3645,1708828746.945
3646,1708828746.995
3647,1708828747.045
3648,1708828747.095
3649,1708828747.145
3650,1708828747.195
3651,1708828747.245
3652,1708828747.295
3653,1708828747.345
3654,1708828747.395
3655,1708828747.445
3656,1708828747.495
3657,1708828747.545
3658,1708828747.595
3659,1708828747.645
3660,1708828747.695
3661,1708828747.745
3662,1708828747.795
3663,1708828747.845
3664,1708828747.895
3665,1708828747.945
3666,1708828747.995
3667,1708828748.045
3668,1708828748.095
3669,1708828748.145
3670,1708828748.195
3671,1708828748.245
3672,1708828748.295
3673,1708828748.345
3674,1708828748.395
3675,1708828748.445
3676,1708828748.495
3677,1708828748.545
3678,1708828748.595
3679,1708828748.645
3680,1708828748.695
3681,1708828748.745
3682,1708828748.795
3683,1708828748.845
3684,1708828748.895
3685,1708828748.945
3686,1708828748.995
3687,1708828749.045
3688,1708828749.095
3689,1708828749.145
3690,1708828749.195
3691,1708828749.245
3692,1708828749.295
3693,1708828749.345
3694,1708828749.395
3695,1708828749.445
3696,1708828749.495
3697,1708828749.545
3698,1708828749.595
3699,1708828749.645
3700,1708828749.695
3701,1708828749.745
3702,1708828749.795
3703,1708828749.845
3704,1708828749.895
3705,1708828749.945
3706,1708828749.995
3707,1708828750.045
3708,1708828750.095
3709,1708828750.145
3710,1708828750.195
3711,1708828750.245
3712,1708828750.295
3713,1708828750.345
3714,1708828750.395
3715,1708828750.445
3716,1708828750.495
3717,1708828750.545
3718,1708828750.595
3719,1708828750.645
3720,1708828750.695
3721,1708828750.745
3722,1708828750.795
3723,1708828750.845
3724,1708828750.895
3725,1708828750.945
3726,1708828750.995
3727,1708828751.045
3728,1708828751.095
3729,1708828751.145
3730,1708828751.195
3731,1708828751.245
3732,1708828751.295
3733,1708828751.345
3734,1708828751.395
3735,1708828751.445
3736,1708828751.495
3737,1708828751.545
3738,1708828751.595
3739,1708828751.645
3740,1708828751.695
3741,1708828751.745
3742,1708828751.795
3743,1708828751.845
3744,1708828751.895
3745,1708828751.945
3746,1708828751.995
3747,1708828752.045
3748,1708828752.095
3749,1708828752.145
3750,1708828752.195
3751,1708828752.245
3752,1708828752.295
3753,1708828752.345
3754,1708828752.395
3755,1708828752.445
3756,1708828752.495
3757,1708828752.545
3758,1708828752.595
3759,1708828752.645
3760,1708828752.695
3761,1708828752.745
3762,1708828752.795
3763,1708828752.845
3764,1708828752.895
3765,1708828752.945
3766,1708828752.995
3767,1708828753.045
3768,1708828753.095
3769,1708828753.145
3770,1708828753.195
3771,1708828753.245
3772,1708828753.295
3773,1708828753.345
3774,1708828753.395
3775,1708828753.445
3776,1708828753.495
3777,1708828753.545
3778,1708828753.595
3779,1708828753.645
3780,1708828753.695
3781,1708828753.745
3782,1708828753.795
3783,1708828753.845
3784,1708828753.895
3785,1708828753.945
3786,1708828753.995
3787,1708828754.045
3788,1708828754.095
3789,1708828754.145
3790,1708828754.195
3791,1708828754.245
3792,1708828754.295
3793,1708828754.345
3794,1708828754.395
3795,1708828754.445
3796,1708828754.495
3797,1708828754.545
3798,1708828754.595
3799,1708828754.645
3800,1708828754.695
3801,1708828754.745
3802,1708828754.795
3803,1708828754.845
3804,1708828754.895
3805,1708828754.945
3806,1708828754.995
3807,1708828755.045
3808,1708828755.095
3809,1708828755.145
3810,1708828755.195
3811,1708828755.245
3812,1708828755.295
3813,1708828755.345
3814,1708828755.395
3815,1708828755.445
3816,1708828755.495
3817,1708828755.545
3818,1708828755.595
3819,1708828755.645
3820,1708828755.695
3821,1708828755.745
3822,1708828755.795
3823,1708828755.845
3824,1708828755.895
3825,1708828755.945
3826,1708828755.995
3827,1708828756.045
3828,1708828756.095
3829,1708828756.145
3830,1708828756.195
3831,1708828756.245
3832,1708828756.295
3833,1708828756.345
3834,1708828756.395
3835,1708828756.445
3836,1708828756.495
3837,1708828756.545
3838,1708828756.595
3839,1708828756.645
3840,1708828756.695
3841,1708828756.745
3842,1708828756.795
3843,1708828756.845
3844,1708828756.895
3845,1708828756.945
3846,1708828756.995
3847,1708828757.045
3848,1708828757.095
3849,1708828757.145
3850,1708828757.195
3851,1708828757.245
3852,1708828757.295
3853,1708828757.345
3854,1708828757.395
3855,1708828757.445
3856,1708828757.495
3857,1708828757.545
3858,1708828757.595
3859,1708828757.645
3860,1708828757.695
3861,1708828757.745
3862,1708828757.795
3863,1708828757.845
3864,1708828757.895
3865,1708828757.945
3866,1708828757.995
3867,1708828758.045
3868,1708828758.095
3869,1708828758.145
3870,1708828758.195
3871,1708828758.245
3872,1708828758.295
3873,1708828758.345
3874,1708828758.395
3875,1708828758.445
3876,1708828758.495
3877,1708828758.545
3878,1708828758.595
3879,1708828758.645
3880,1708828758.695
3881,1708828758.745
3882,1708828758.795
3883,1708828758.845
3884,1708828758.895
3885,1708828758.945
3886,1708828758.995
3887,1708828759.045
3888,1708828759.095
3889,1708828759.145
3890,1708828759.195
3891,1708828759.245
3892,1708828759.295
3893,1708828759.345
3894,1708828759.395
3895,1708828759.445
3896,1708828759.495
3897,1708828759.545
3898,1708828759.595
3899,1708828759.645
3900,1708828759.695
3901,1708828759.745
3902,1708828759.795
3903,1708828759.845
3904,1708828759.895
3905,1708828759.945
3906,1708828759.995
3907,1708828760.045
3908,1708828760.095
3909,1708828760.145
3910,1708828760.195
3911,1708828760.245
3912,1708828760.295
3913,1708828760.345
3914,1708828760.395
3915,1708828760.445
3916,1708828760.495
3917,1708828760.545
3918,1708828760.595
3919,1708828760.645
3920,1708828760.695
3921,1708828760.745
3922,1708828760.795
3923,1708828760.845
3924,1708828760.895
3925,1708828760.945
3926,1708828760.995
3927,1708828761.045
3928,1708828761.095
3929,1708828761.145
3930,1708828761.195
3931,1708828761.245
3932,1708828761.295
3933,1708828761.345
3934,1708828761.395
3935,1708828761.445
3936,1708828761.495
3937,1708828761.545
3938,1708828761.595
3939,1708828761.645
3940,1708828761.695
3941,1708828761.745
3942,1708828761.795
3943,1708828761.845
3944,1708828761.895
3945,1708828761.945
3946,1708828761.995
3947,1708828762.045
3948,1708828762.095
3949,1708828762.145
3950,1708828762.195
3951,1708828762.245
3952,1708828762.295
3953,1708828762.345
3954,1708828762.395
3955,1708828762.445
3956,1708828762.495
3957,1708828762.545
3958,1708828762.595
3959,1708828762.645
3960,1708828762.695
3961,1708828762.745
3962,1708828762.795
3963,1708828762.845
3964,1708828762.895
3965,1708828762.945
3966,1708828762.995
3967,1708828763.045
3968,1708828763.095
3969,1708828763.145
3970,1708828763.195
3971,1708828763.245
3972,1708828763.295
3973,1708828763.345
3974,1708828763.395
3975,1708828763.445
3976,1708828763.495
3977,1708828763.545
3978,1708828763.595
3979,1708828763.645
3980,1708828763.695
3981,1708828763.745
3982,1708828763.795
3983,1708828763.845
3984,1708828763.895
3985,1708828763.945
3986,1708828763.995
3987,1708828764.045
3988,1708828764.095
3989,1708828764.145
3990,1708828764.195
3991,1708828764.245
3992,1708828764.295
3993,1708828764.345
3994,1708828764.395
3995,1708828764.445
3996,1708828764.495
3997,1708828764.545
3998,1708828764.595
3999,1708828764.645
4000,1708828764.695
4001,1708828764.745
4002,1708828764.795
4003,1708828764.845
4004,1708828764.895
4005,1708828764.945
4006,1708828764.995
4007,1708828765.045
4008,1708828765.095
4009,1708828765.145
4010,1708828765.195
4011,1708828765.245
4012,1708828765.295
4013,1708828765.345
4014,1708828765.395
4015,1708828765.445
4016,1708828765.495
4017,1708828765.545
4018,1708828765.595
4019,1708828765.645
4020,1708828765.695
4021,1708828765.745
4022,1708828765.795
4023,1708828765.845
4024,1708828765.895
4025,1708828765.945
4026,1708828765.995
4027,1708828766.045
4028,1708828766.095
4029,1708828766.145
4030,1708828766.195
4031,1708828766.245
4032,1708828766.295
4033,1708828766.345
4034,1708828766.395
4035,1708828766.445
4036,1708828766.495
4037,1708828766.545
4038,1708828766.595
4039,1708828766.645
4040,1708828766.695
4041,1708828766.745
4042,1708828766.795
4043,1708828766.845
4044,1708828766.895
4045,1708828766.945
4046,1708828766.995
4047,1708828767.045
4048,1708828767.095
4049,1708828767.145
4050,1708828767.195
4051,1708828767.245
4052,1708828767.295
4053,1708828767.345
4054,1708828767.395
4055,1708828767.445
4056,1708828767.495
4057,1708828767.545
4058,1708828767.595
4059,1708828767.645
4060,1708828767.695
4061,1708828767.745
4062,1708828767.795
4063,1708828767.845
4064,1708828767.895
4065,1708828767.945
4066,1708828767.995
4067,1708828768.045
4068,1708828768.095
4069,1708828768.145
4070,1708828768.195
4071,1708828768.245
4072,1708828768.295
4073,1708828768.345
4074,1708828768.395
4075,1708828768.445
4076,1708828768.495
4077,1708828768.545
4078,1708828768.595
4079,1708828768.645
4080,1708828768.695
4081,1708828768.745
4082,1708828768.795
4083,1708828768.845
4084,1708828768.895
4085,1708828768.945
4086,1708828768.995
4087,1708828769.045
4088,1708828769.095
4089,1708828769.145
4090,1708828769.195
4091,1708828769.245
4092,1708828769.295
4093,1708828769.345
4094,1708828769.395
4095,1708828769.445
4096,1708828769.495
4097,1708828769.545
4098,1708828769.595
4099,1708828769.645
4100,1708828769.695
4101,1708828769.745
4102,1708828769.795
4103,1708828769.845
4104,1708828769.895
4105,1708828769.945
4106,1708828769.995
4107,1708828770.045
4108,1708828770.095
4109,1708828770.145
4110,1708828770.195
4111,1708828770.245
4112,1708828770.295
4113,1708828770.345
4114,1708828770.395
4115,1708828770.445
4116,1708828770.495
4117,1708828770.545
4118,1708828770.595
4119,1708828770.645
4120,1708828770.695
4121,1708828770.745
4122,1708828770.795
4123,1708828770.845
4124,1708828770.895
4125,1708828770.945
4126,1708828770.995
4127,1708828771.045
4128,1708828771.095
4129,1708828771.145
4130,1708828771.195
4131,1708828771.245
4132,1708828771.295
4133,1708828771.345
4134,1708828771.395
4135,1708828771.445
4136,1708828771.495
4137,1708828771.545
4138,1708828771.595
4139,1708828771.645
4140,1708828771.695
4141,1708828771.745
4142,1708828771.795
4143,1708828771.845
4144,1708828771.895
4145,1708828771.945
4146,1708828771.995
4147,1708828772.045
4148,1708828772.095
4149,1708828772.145
4150,1708828772.195
4151,1708828772.245
4152,1708828772.295
4153,1708828772.345
4154,1708828772.395
4155,1708828772.445
4156,1708828772.495
4157,1708828772.545
4158,1708828772.595
4159,1708828772.645
4160,1708828772.695
4161,1708828772.745
4162,1708828772.795
4163,1708828772.845
4164,1708828772.895
4165,1708828772.945
4166,1708828772.995
4167,1708828773.045
4168,1708828773.095
4169,1708828773.145
4170,1708828773.195
4171,1708828773.245
4172,1708828773.295
4173,1708828773.345
4174,1708828773.395
4175,1708828773.445
4176,1708828773.495
4177,1708828773.545
4178,1708828773.595
4179,1708828773.645
4180,1708828773.695
4181,1708828773.745
4182,1708828773.795
4183,1708828773.845
4184,1708828773.895
4185,1708828773.945
4186,1708828773.995
4187,1708828774.045
4188,1708828774.095
4189,1708828774.145
4190,1708828774.195
4191,1708828774.245
4192,1708828774.295
4193,1708828774.345
4194,1708828774.395
4195,1708828774.445
4196,1708828774.495
4197,1708828774.545
4198,1708828774.595
4199,1708828774.645
4200,1708828774.695
4201,1708828774.745
4202,1708828774.795
4203,1708828774.845
4204,1708828774.895
4205,1708828774.945
4206,1708828774.995
4207,1708828775.045
4208,1708828775.095
4209,1708828775.145
4210,1708828775.195
4211,1708828775.245
4212,1708828775.295
4213,1708828775.345
4214,1708828775.395
4215,1708828775.445
4216,1708828775.495
4217,1708828775.545
4218,1708828775.595
4219,1708828775.645
4220,1708828775.695
4221,1708828775.745
4222,1708828775.795
4223,1708828775.845
4224,1708828775.895
4225,1708828775.945
4226,1708828775.995
4227,1708828776.045
4228,1708828776.095
4229,1708828776.145
4230,1708828776.195
4231,1708828776.245
4232,1708828776.295
4233,1708828776.345
4234,1708828776.395
4235,1708828776.445
4236,1708828776.495
4237,1708828776.545
4238,1708828776.595
4239,1708828776.645
4240,1708828776.695
4241,1708828776.745
4242,1708828776.795
4243,1708828776.845
4244,1708828776.895
4245,1708828776.945
4246,1708828776.995
4247,1708828777.045
4248,1708828777.095
4249,1708828777.145
4250,1708828777.195
4251,1708828777.245
4252,1708828777.295
4253,1708828777.345
4254,1708828777.395
4255,1708828777.445
4256,1708828777.495
4257,1708828777.545
4258,1708828777.595
4259,1708828777.645
4260,1708828777.695
4261,1708828777.745
4262,1708828777.795
4263,1708828777.845
4264,1708828777.895
4265,1708828777.945
4266,1708828777.995
4267,1708828778.045
4268,1708828778.095
4269,1708828778.145
4270,1708828778.195
4271,1708828778.245
4272,1708828778.295
4273,1708828778.345
4274,1708828778.395
4275,1708828778.445
4276,1708828778.495
4277,1708828778.545
4278,1708828778.595
4279,1708828778.645
4280,1708828778.695
4281,1708828778.745
4282,1708828778.795
4283,1708828778.845
4284,1708828778.895
4285,1708828778.945
4286,1708828778.995
4287,1708828779.045
4288,1708828779.095
4289,1708828779.145
4290,1708828779.195
4291,1708828779.245
4292,1708828779.295
4293,1708828779.345
4294,1708828779.395
4295,1708828779.445
4296,1708828779.495
4297,1708828779.545
4298,1708828779.595
4299,1708828779.645
4300,1708828779.695
4301,1708828779.745
4302,1708828779.795
4303,1708828779.845
4304,1708828779.895
4305,1708828779.945
4306,1708828779.995
4307,1708828780.045
4308,1708828780.095
4309,1708828780.145
4310,1708828780.195
4311,1708828780.245
4312,1708828780.295
4313,1708828780.345
4314,1708828780.395
4315,1708828780.445
4316,1708828780.495
4317,1708828780.545
4318,1708828780.595
4319,1708828780.645
4320,1708828780.695
4321,1708828780.745
4322,1708828780.795
4323,1708828780.845
4324,1708828780.895
4325,1708828780.945
4326,1708828780.995
4327,1708828781.045
4328,1708828781.095
4329,1708828781.145
4330,1708828781.195
4331,1708828781.245
4332,1708828781.295
4333,1708828781.345
4334,1708828781.395
4335,1708828781.445
4336,1708828781.495
4337,1708828781.545
4338,1708828781.595
4339,1708828781.645
4340,1708828781.695
4341,1708828781.745
4342,1708828781.795
4343,1708828781.845
4344,1708828781.895
4345,1708828781.945
4346,1708828781.995
4347,1708828782.045
4348,1708828782.095
4349,1708828782.145
4350,1708828782.195
4351,1708828782.245
4352,1708828782.295
4353,1708828782.345
4354,1708828782.395
4355,1708828782.445
4356,1708828782.495
4357,1708828782.545
4358,1708828782.595
4359,1708828782.645
4360,1708828782.695
4361,1708828782.745
4362,1708828782.795
4363,1708828782.845
4364,1708828782.895
4365,1708828782.945
4366,1708828782.995
4367,1708828783.045
4368,1708828783.095
4369,1708828783.145
4370,1708828783.195
4371,1708828783.245
4372,1708828783.295
4373,1708828783.345
4374,1708828783.395
4375,1708828783.445
4376,1708828783.495
4377,1708828783.545
4378,1708828783.595
4379,1708828783.645
4380,1708828783.695
4381,1708828783.745
4382,1708828783.795
4383,1708828783.845
4384,1708828783.895
4385,1708828783.945
4386,1708828783.995
4387,1708828784.045
4388,1708828784.095
4389,1708828784.145
4390,1708828784.195
4391,1708828784.245
4392,1708828784.295
4393,1708828784.345
4394,1708828784.395
4395,1708828784.445
4396,1708828784.495
4397,1708828784.545
4398,1708828784.595
4399,1708828784.645
4400,1708828784.695
4401,1708828784.745
4402,1708828784.795
4403,1708828784.845
4404,1708828784.895
4405,1708828784.945
4406,1708828784.995
4407,1708828785.045
4408,1708828785.095
4409,1708828785.145
4410,1708828785.195
4411,1708828785.245
4412,1708828785.295
4413,1708828785.345
4414,1708828785.395
4415,1708828785.445
4416,1708828785.495
4417,1708828785.545
4418,1708828785.595
4419,1708828785.645
4420,1708828785.695
4421,1708828785.745
4422,1708828785.795
4423,1708828785.845
4424,1708828785.895
4425,1708828785.945
4426,1708828785.995
4427,1708828786.045
4428,1708828786.095
4429,1708828786.145
4430,1708828786.195
4431,1708828786.245
4432,1708828786.295
4433,1708828786.345
4434,1708828786.395
4435,1708828786.445
4436,1708828786.495
4437,1708828786.545
4438,1708828786.595
4439,1708828786.645
4440,1708828786.695
4441,1708828786.745
4442,1708828786.795
4443,1708828786.845
4444,1708828786.895
4445,1708828786.945
4446,1708828786.995
4447,1708828787.045
4448,1708828787.095
4449,1708828787.145
4450,1708828787.195
4451,1708828787.245
4452,1708828787.295
4453,1708828787.345
4454,1708828787.395
4455,1708828787.445
4456,1708828787.495
4457,1708828787.545
4458,1708828787.595
4459,1708828787.645
4460,1708828787.695
4461,1708828787.745
4462,1708828787.795
4463,1708828787.845
4464,1708828787.895
4465,1708828787.945
4466,1708828787.995
4467,1708828788.045
4468,1708828788.095
4469,1708828788.145
4470,1708828788.195
4471,1708828788.245
4472,1708828788.295
4473,1708828788.345
4474,1708828788.395
4475,1708828788.445
4476,1708828788.495
4477,1708828788.545
4478,1708828788.595
4479,1708828788.645
4480,1708828788.695
4481,1708828788.745
4482,1708828788.795
4483,1708828788.845
4484,1708828788.895
4485,1708828788.945
4486,1708828788.995
4487,1708828789.045
4488,1708828789.095
4489,1708828789.145
4490,1708828789.195
4491,1708828789.245
4492,1708828789.295
4493,1708828789.345
4494,1708828789.395
4495,1708828789.445
4496,1708828789.495
4497,1708828789.545
4498,1708828789.595
4499,1708828789.645
4500,1708828789.695
4501,1708828789.745
4502,1708828789.795
4503,1708828789.845
4504,1708828789.895
4505,1708828789.945
4506,1708828789.995
4507,1708828790.045
4508,1708828790.095
4509,1708828790.145
4510,1708828790.195
4511,1708828790.245
4512,1708828790.295
4513,1708828790.345
4514,1708828790.395
4515,1708828790.445
4516,1708828790.495
4517,1708828790.545
4518,1708828790.595
4519,1708828790.645
4520,1708828790.695
4521,1708828790.745
4522,1708828790.795
4523,1708828790.845
4524,1708828790.895
4525,1708828790.945
4526,1708828790.995
4527,1708828791.045
4528,1708828791.095
4529,1708828791.145
4530,1708828791.195
4531,1708828791.245
4532,1708828791.295
4533,1708828791.345
4534,1708828791.395
4535,1708828791.445
4536,1708828791.495
4537,1708828791.545
4538,1708828791.595
4539,1708828791.645
4540,1708828791.695
4541,1708828791.745
4542,1708828791.795
4543,1708828791.845
4544,1708828791.895
4545,1708828791.945
4546,1708828791.995
4547,1708828792.045
4548,1708828792.095
4549,1708828792.145
4550,1708828792.195
4551,1708828792.245
4552,1708828792.295
4553,1708828792.345
4554,1708828792.395
4555,1708828792.445
4556,1708828792.495
4557,1708828792.545
4558,1708828792.595
4559,1708828792.645
4560,1708828792.695
4561,1708828792.745
4562,1708828792.795
4563,1708828792.845
4564,1708828792.895
4565,1708828792.945
4566,1708828792.995
4567,1708828793.045
4568,1708828793.095
4569,1708828793.145
4570,1708828793.195
4571,1708828793.245
4572,1708828793.295
4573,1708828793.345
4574,1708828793.395
4575,1708828793.445
4576,1708828793.495
4577,1708828793.545
4578,1708828793.595
4579,1708828793.645
4580,1708828793.695
4581,1708828793.745
4582,1708828793.795
4583,1708828793.845
4584,1708828793.895
4585,1708828793.945
4586,1708828793.995
4587,1708828794.045
4588,1708828794.095
4589,1708828794.145
4590,1708828794.195
4591,1708828794.245
4592,1708828794.295
4593,1708828794.345
4594,1708828794.395
4595,1708828794.445
4596,1708828794.495
4597,1708828794.545
4598,1708828794.595
4599,1708828794.645
4600,1708828794.695
4601,1708828794.745
4602,1708828794.795
4603,1708828794.845
4604,1708828794.895
4605,1708828794.945
4606,1708828794.995
4607,1708828795.045
4608,1708828795.095
4609,1708828795.145
4610,1708828795.195
4611,1708828795.245
4612,1708828795.295
4613,1708828795.345
4614,1708828795.395
4615,1708828795.445
4616,1708828795.495
4617,1708828795.545
4618,1708828795.595
4619,1708828795.645
4620,1708828795.695
4621,1708828795.745
4622,1708828795.795
4623,1708828795.845
4624,1708828795.895
4625,1708828795.945
4626,1708828795.995
4627,1708828796.045
4628,1708828796.095
4629,1708828796.145
4630,1708828796.195
4631,1708828796.245
4632,1708828796.295
4633,1708828796.345
4634,1708828796.395
4635,1708828796.445
4636,1708828796.495
4637,1708828796.545
4638,1708828796.595
4639,1708828796.645
4640,1708828796.695
4641,1708828796.745
4642,1708828796.795
4643,1708828796.845
4644,1708828796.895
4645,1708828796.945
4646,1708828796.995
4647,1708828797.045
4648,1708828797.095
4649,1708828797.145
4650,1708828797.195
4651,1708828797.245
4652,1708828797.295
4653,1708828797.345
4654,1708828797.395
4655,1708828797.445
4656,1708828797.495
4657,1708828797.545
4658,1708828797.595
4659,1708828797.645
4660,1708828797.695
4661,1708828797.745
4662,1708828797.795
4663,1708828797.845
4664,1708828797.895
4665,1708828797.945
4666,1708828797.995
4667,1708828798.045
4668,1708828798.095
4669,1708828798.145
4670,1708828798.195
4671,1708828798.245
4672,1708828798.295
4673,1708828798.345
4674,1708828798.395
4675,1708828798.445
4676,1708828798.495
4677,1708828798.545
4678,1708828798.595
4679,1708828798.645
4680,1708828798.695
4681,1708828798.745
4682,1708828798.795
4683,1708828798.845
4684,1708828798.895
4685,1708828798.945
4686,1708828798.995
4687,1708828799.045
4688,1708828799.095
4689,1708828799.145
4690,1708828799.195
4691,1708828799.245
4692,1708828799.295
4693,1708828799.345
4694,1708828799.395
4695,1708828799.445
4696,1708828799.495
4697,1708828799.545
4698,1708828799.595
4699,1708828799.645
4700,1708828799.695
4701,1708828799.745
4702,1708828799.795
4703,1708828799.845
4704,1708828799.895
4705,1708828799.945
4706,1708828799.995
4707,1708828800.045
4708,1708828800.095
4709,1708828800.145
4710,1708828800.195
4711,1708828800.245
4712,1708828800.295
4713,1708828800.345
4714,1708828800.395
4715,1708828800.445
4716,1708828800.495
4717,1708828800.545
4718,1708828800.595
4719,1708828800.645
4720,1708828800.695
4721,1708828800.745
4722,1708828800.795
4723,1708828800.845
4724,1708828800.895
4725,1708828800.945
4726,1708828800.995
4727,1708828801.045
4728,1708828801.095
4729,1708828801.145
4730,1708828801.195
4731,1708828801.245
4732,1708828801.295
4733,1708828801.345
4734,1708828801.395
4735,1708828801.445
4736,1708828801.495
4737,1708828801.545
4738,1708828801.595
4739,1708828801.645
4740,1708828801.695
4741,1708828801.745
4742,1708828801.795
4743,1708828801.845
4744,1708828801.895
4745,1708828801.945
4746,1708828801.995
4747,1708828802.045
4748,1708828802.095
4749,1708828802.145
4750,1708828802.195
4751,1708828802.245
4752,1708828802.295
4753,1708828802.345
4754,1708828802.395
4755,1708828802.445
4756,1708828802.495
4757,1708828802.545
4758,1708828802.595
4759,1708828802.645
4760,1708828802.695
4761,1708828802.745
4762,1708828802.795
4763,1708828802.845
4764,1708828802.895
4765,1708828802.945
4766,1708828802.995
4767,1708828803.045
4768,1708828803.095
4769,1708828803.145
4770,1708828803.195
4771,1708828803.245
4772,1708828803.295
4773,1708828803.345
4774,1708828803.395
4775,1708828803.445
4776,1708828803.495
4777,1708828803.545
4778,1708828803.595
4779,1708828803.645
4780,1708828803.695
4781,1708828803.745
4782,1708828803.795
4783,1708828803.845
4784,1708828803.895
4785,1708828803.945
4786,1708828803.995
4787,1708828804.045
4788,1708828804.095
4789,1708828804.145
4790,1708828804.195
4791,1708828804.245
4792,1708828804.295
4793,1708828804.345
4794,1708828804.395
4795,1708828804.445
4796,1708828804.495
4797,1708828804.545
4798,1708828804.595
4799,1708828804.645
4800,1708828804.695
4801,1708828804.745
4802,1708828804.795
4803,1708828804.845
4804,1708828804.895
4805,1708828804.945
4806,1708828804.995
4807,1708828805.045
4808,1708828805.095
4809,1708828805.145
4810,1708828805.195
4811,1708828805.245
4812,1708828805.295
4813,1708828805.345
4814,1708828805.395
4815,1708828805.445
4816,1708828805.495
4817,1708828805.545
4818,1708828805.595
4819,1708828805.645
4820,1708828805.695
4821,1708828805.745
4822,1708828805.795
4823,1708828805.845
4824,1708828805.895
4825,1708828805.945
4826,1708828805.995
4827,1708828806.045
4828,1708828806.095
4829,1708828806.145
4830,1708828806.195
4831,1708828806.245
4832,1708828806.295
4833,1708828806.345
4834,1708828806.395
4835,1708828806.445
4836,1708828806.495
4837,1708828806.545
4838,1708828806.595
4839,1708828806.645
4840,1708828806.695
4841,1708828806.745
4842,1708828806.795
4843,1708828806.845
4844,1708828806.895
4845,1708828806.945
4846,1708828806.995
4847,1708828807.045
4848,1708828807.095
4849,1708828807.145
4850,1708828807.195
4851,1708828807.245
4852,1708828807.295
4853,1708828807.345
4854,1708828807.395
4855,1708828807.445
4856,1708828807.495
4857,1708828807.545
4858,1708828807.595
4859,1708828807.645
4860,1708828807.695
4861,1708828807.745
4862,1708828807.795
4863,1708828807.845
4864,1708828807.895
4865,1708828807.945
4866,1708828807.995
4867,1708828808.045
4868,1708828808.095
4869,1708828808.145
4870,1708828808.195
4871,1708828808.245
4872,1708828808.295
4873,1708828808.345
4874,1708828808.395
4875,1708828808.445
4876,1708828808.495
4877,1708828808.545
4878,1708828808.595
4879,1708828808.645
4880,1708828808.695
4881,1708828808.745
4882,1708828808.795
4883,1708828808.845
4884,1708828808.895
4885,1708828808.945
4886,1708828808.995
4887,1708828809.045
4888,1708828809.095
4889,1708828809.145
4890,1708828809.195
4891,1708828809.245
4892,1708828809.295
4893,1708828809.345
4894,1708828809.395
4895,1708828809.445
4896,1708828809.495
4897,1708828809.545
4898,1708828809.595
4899,1708828809.645
4900,1708828809.695
4901,1708828809.745
4902,1708828809.795
4903,1708828809.845
4904,1708828809.895
4905,1708828809.945
4906,1708828809.995
4907,1708828810.045
4908,1708828810.095
4909,1708828810.145
4910,1708828810.195
4911,1708828810.245
4912,1708828810.295
4913,1708828810.345
4914,1708828810.395
4915,1708828810.445
4916,1708828810.495
4917,1708828810.545
4918,1708828810.595
4919,1708828810.645
4920,1708828810.695
4921,1708828810.745
4922,1708828810.795
4923,1708828810.845
4924,1708828810.895
4925,1708828810.945
4926,1708828810.995
4927,1708828811.045
4928,1708828811.095
4929,1708828811.145
4930,1708828811.195
4931,1708828811.245
4932,1708828811.295
4933,1708828811.345
4934,1708828811.395
4935,1708828811.445
4936,1708828811.495
4937,1708828811.545
4938,1708828811.595
4939,1708828811.645
4940,1708828811.695
4941,1708828811.745
4942,1708828811.795
4943,1708828811.845
4944,1708828811.895
4945,1708828811.945
4946,1708828811.995
4947,1708828812.045
4948,1708828812.095
4949,1708828812.145
4950,1708828812.195
4951,1708828812.245
4952,1708828812.295
4953,1708828812.345
4954,1708828812.395
4955,1708828812.445
4956,1708828812.495
4957,1708828812.545
4958,1708828812.595
4959,1708828812.645
4960,1708828812.695
4961,1708828812.745
4962,1708828812.795
4963,1708828812.845
4964,1708828812.895
4965,1708828812.945
4966,1708828812.995
4967,1708828813.045
4968,1708828813.095
4969,1708828813.145
4970,1708828813.195
4971,1708828813.245
4972,1708828813.295
4973,1708828813.345
4974,1708828813.395
4975,1708828813.445
4976,1708828813.495
4977,1708828813.545
4978,1708828813.595
4979,1708828813.645
4980,1708828813.695
4981,1708828813.745
4982,1708828813.795
4983,1708828813.845
4984,1708828813.895
4985,1708828813.945
4986,1708828813.995
4987,1708828814.045
4988,1708828814.095
4989,1708828814.145
4990,1708828814.195
4991,1708828814.245
4992,1708828814.295
4993,1708828814.345
4994,1708828814.395
4995,1708828814.445
4996,1708828814.495
4997,1708828814.545
4998,1708828814.595
4999,1708828814.645
5000,1708828814.695
5001,1708828814.745
5002,1708828814.795
5003,1708828814.845
5004,1708828814.895
5005,1708828814.945
5006,1708828814.995
5007,1708828815.045
5008,1708828815.095
5009,1708828815.145
5010,1708828815.195
5011,1708828815.245
5012,1708828815.295
5013,1708828815.345
5014,1708828815.395
5015,1708828815.445
5016,1708828815.495
5017,1708828815.545
5018,1708828815.595
5019,1708828815.645
5020,1708828815.695
5021,1708828815.745
5022,1708828815.795
5023,1708828815.845
5024,1708828815.895
5025,1708828815.945
5026,1708828815.995
5027,1708828816.045
5028,1708828816.095
5029,1708828816.145
5030,1708828816.195
5031,1708828816.245
5032,1708828816.295
5033,1708828816.345
5034,1708828816.395
5035,1708828816.445
5036,1708828816.495
5037,1708828816.545
5038,1708828816.595
5039,1708828816.645
5040,1708828816.695
5041,1708828816.745
5042,1708828816.795
5043,1708828816.845
5044,1708828816.895
5045,1708828816.945
5046,1708828816.995
5047,1708828817.045
5048,1708828817.095
5049,1708828817.145
5050,1708828817.195
5051,1708828817.245
5052,1708828817.295
5053,1708828817.345
5054,1708828817.395
5055,1708828817.445
5056,1708828817.495
5057,1708828817.545
5058,1708828817.595
5059,1708828817.645
5060,1708828817.695
5061,1708828817.745
5062,1708828817.795
5063,1708828817.845
5064,1708828817.895
5065,1708828817.945
5066,1708828817.995
5067,1708828818.045
5068,1708828818.095
5069,1708828818.145
5070,1708828818.195
5071,1708828818.245
5072,1708828818.295
5073,1708828818.345
5074,1708828818.395
5075,1708828818.445
5076,1708828818.495
5077,1708828818.545
5078,1708828818.595
5079,1708828818.645
5080,1708828818.695
5081,1708828818.745
5082,1708828818.795
5083,1708828818.845
5084,1708828818.895
5085,1708828818.945
5086,1708828818.995
5087,1708828819.045
5088,1708828819.095
5089,1708828819.145
5090,1708828819.195
5091,1708828819.245
5092,1708828819.295
5093,1708828819.345
5094,1708828819.395
5095,1708828819.445
5096,1708828819.495
5097,1708828819.545
5098,1708828819.595
5099,1708828819.645
5100,1708828819.695
5101,1708828819.745
5102,1708828819.795
5103,1708828819.845
5104,1708828819.895
5105,1708828819.945
5106,1708828819.995
5107,1708828820.045
5108,1708828820.095
5109,1708828820.145
5110,1708828820.195
5111,1708828820.245
5112,1708828820.295
5113,1708828820.345
5114,1708828820.395
5115,1708828820.445
5116,1708828820.495
5117,1708828820.545
5118,1708828820.595
5119,1708828820.645
5120,1708828820.695
5121,1708828820.745
5122,1708828820.795
5123,1708828820.845
5124,1708828820.895
5125,1708828820.945
5126,1708828820.995
5127,1708828821.045
5128,1708828821.095
5129,1708828821.145
5130,1708828821.195
5131,1708828821.245
5132,1708828821.295
5133,1708828821.345
5134,1708828821.395
5135,1708828821.445
5136,1708828821.495
5137,1708828821.545
5138,1708828821.595
5139,1708828821.645
5140,1708828821.695
5141,1708828821.745
5142,1708828821.795
5143,1708828821.845
5144,1708828821.895
5145,1708828821.945
5146,1708828821.995
5147,1708828822.045
5148,1708828822.095
5149,1708828822.145
5150,1708828822.195
5151,1708828822.245
5152,1708828822.295
5153,1708828822.345
5154,1708828822.395
5155,1708828822.445
5156,1708828822.495
5157,1708828822.545
5158,1708828822.595
5159,1708828822.645
5160,1708828822.695
5161,1708828822.745
5162,1708828822.795
5163,1708828822.845
5164,1708828822.895
5165,1708828822.945
5166,1708828822.995
5167,1708828823.045
5168,1708828823.095
5169,1708828823.145
5170,1708828823.195
5171,1708828823.245
5172,1708828823.295
5173,1708828823.345
5174,1708828823.395
5175,1708828823.445
5176,1708828823.495
5177,1708828823.545
5178,1708828823.595
5179,1708828823.645
5180,1708828823.695
5181,1708828823.745
5182,1708828823.795
5183,1708828823.845
5184,1708828823.895
5185,1708828823.945
5186,1708828823.995
5187,1708828824.045
5188,1708828824.095
5189,1708828824.145
5190,1708828824.195
5191,1708828824.245
5192,1708828824.295
5193,1708828824.345
5194,1708828824.395
5195,1708828824.445
5196,1708828824.495
5197,1708828824.545
5198,1708828824.595
5199,1708828824.645
5200,1708828824.695
5201,1708828824.745
5202,1708828824.795
5203,1708828824.845
5204,1708828824.895
5205,1708828824.945
5206,1708828824.995
5207,1708828825.045
5208,1708828825.095
5209,1708828825.145
5210,1708828825.195
5211,1708828825.245
5212,1708828825.295
5213,1708828825.345
5214,1708828825.395
5215,1708828825.445
5216,1708828825.495
5217,1708828825.545
5218,1708828825.595
5219,1708828825.645
5220,1708828825.695
5221,1708828825.745
5222,1708828825.795
5223,1708828825.845
5224,1708828825.895
5225,1708828825.945
5226,1708828825.995
5227,1708828826.045
5228,1708828826.095
5229,1708828826.145
5230,1708828826.195
5231,1708828826.245
5232,1708828826.295
5233,1708828826.345
5234,1708828826.395
5235,1708828826.445
5236,1708828826.495
5237,1708828826.545
5238,1708828826.595
5239,1708828826.645
5240,1708828826.695
5241,1708828826.745
5242,1708828826.795
5243,1708828826.845
5244,1708828826.895
5245,1708828826.945
5246,1708828826.995
5247,1708828827.045
5248,1708828827.095
5249,1708828827.145
5250,1708828827.195
5251,1708828827.245
5252,1708828827.295
5253,1708828827.345
5254,1708828827.395
5255,1708828827.445
5256,1708828827.495
5257,1708828827.545
5258,1708828827.595
5259,1708828827.645
5260,1708828827.695
5261,1708828827.745
5262,1708828827.795
5263,1708828827.845
5264,1708828827.895
5265,1708828827.945
5266,1708828827.995
5267,1708828828.045
5268,1708828828.095
5269,1708828828.145
5270,1708828828.195
5271,1708828828.245
5272,1708828828.295
5273,1708828828.345
5274,1708828828.395
5275,1708828828.445
5276,1708828828.495
5277,1708828828.545
5278,1708828828.595
5279,1708828828.645
5280,1708828828.695
5281,1708828828.745
5282,1708828828.795
5283,1708828828.845
5284,1708828828.895
5285,1708828828.945
5286,1708828828.995
5287,1708828829.045
5288,1708828829.095
5289,1708828829.145
5290,1708828829.195
5291,1708828829.245
5292,1708828829.295
5293,1708828829.345
5294,1708828829.395
5295,1708828829.445
5296,1708828829.495
5297,1708828829.545
5298,1708828829.595
5299,1708828829.645
5300,1708828829.695
5301,1708828829.745
5302,1708828829.795
5303,1708828829.845
5304,1708828829.895
5305,1708828829.945
5306,1708828829.995
5307,1708828830.045
5308,1708828830.095
5309,1708828830.145
5310,1708828830.195
5311,1708828830.245
5312,1708828830.295
5313,1708828830.345
5314,1708828830.395
5315,1708828830.445
5316,1708828830.495
5317,1708828830.545
5318,1708828830.595
5319,1708828830.645
5320,1708828830.695
5321,1708828830.745
5322,1708828830.795
5323,1708828830.845
5324,1708828830.895
5325,1708828830.945
5326,1708828830.995
5327,1708828831.045
5328,1708828831.095
5329,1708828831.145
5330,1708828831.195
5331,1708828831.245
5332,1708828831.295
5333,1708828831.345
5334,1708828831.395
5335,1708828831.445
5336,1708828831.495
5337,1708828831.545
5338,1708828831.595
5339,1708828831.645
5340,1708828831.695
5341,1708828831.745
5342,1708828831.795
5343,1708828831.845
5344,1708828831.895
5345,1708828831.945
5346,1708828831.995
5347,1708828832.045
5348,1708828832.095
5349,1708828832.145
5350,1708828832.195
5351,1708828832.245
5352,1708828832.295
5353,1708828832.345
5354,1708828832.395
5355,1708828832.445
5356,1708828832.495
5357,1708828832.545
5358,1708828832.595
5359,1708828832.645
5360,1708828832.695
5361,1708828832.745
5362,1708828832.795
5363,1708828832.845
5364,1708828832.895
5365,1708828832.945
5366,1708828832.995
5367,1708828833.045
5368,1708828833.095
5369,1708828833.145
5370,1708828833.195
5371,1708828833.245
5372,1708828833.295
5373,1708828833.345
5374,1708828833.395
5375,1708828833.445
5376,1708828833.495
5377,1708828833.545
5378,1708828833.595
5379,1708828833.645
5380,1708828833.695
5381,1708828833.745
5382,1708828833.795
5383,1708828833.845
5384,1708828833.895
5385,1708828833.945
5386,1708828833.995
5387,1708828834.045
5388,1708828834.095
5389,1708828834.145
5390,1708828834.195
5391,1708828834.245
5392,1708828834.295
5393,1708828834.345
5394,1708828834.395
5395,1708828834.445
5396,1708828834.495
5397,1708828834.545
5398,1708828834.595
5399,1708828834.645
5400,1708828834.695
5401,1708828834.745
5402,1708828834.795
5403,1708828834.845
5404,1708828834.895
5405,1708828834.945
5406,1708828834.995
5407,1708828835.045
5408,1708828835.095
5409,1708828835.145
5410,1708828835.195
5411,1708828835.245
5412,1708828835.295
5413,1708828835.345
5414,1708828835.395
5415,1708828835.445
5416,1708828835.495
5417,1708828835.545
5418,1708828835.595
5419,1708828835.645
5420,1708828835.695
5421,1708828835.745
5422,1708828835.795
5423,1708828835.845
5424,1708828835.895
5425,1708828835.945
5426,1708828835.995
5427,1708828836.045
5428,1708828836.095
5429,1708828836.145
5430,1708828836.195
5431,1708828836.245
5432,1708828836.295
5433,1708828836.345
5434,1708828836.395
5435,1708828836.445
5436,1708828836.495
5437,1708828836.545
5438,1708828836.595
5439,1708828836.645
5440,1708828836.695
5441,1708828836.745
5442,1708828836.795
5443,1708828836.845
5444,1708828836.895
5445,1708828836.945
5446,1708828836.995
5447,1708828837.045
5448,1708828837.095
5449,1708828837.145
5450,1708828837.195
5451,1708828837.245
5452,1708828837.295
5453,1708828837.345
5454,1708828837.395
5455,1708828837.445
5456,1708828837.495
5457,1708828837.545
5458,1708828837.595
5459,1708828837.645
5460,1708828837.695
5461,1708828837.745
5462,1708828837.795
5463,1708828837.845
5464,1708828837.895
5465,1708828837.945
5466,1708828837.995
5467,1708828838.045
5468,1708828838.095
5469,1708828838.145
5470,1708828838.195
5471,1708828838.245
5472,1708828838.295
5473,1708828838.345
5474,1708828838.395
5475,1708828838.445
5476,1708828838.495
5477,1708828838.545
5478,1708828838.595
5479,1708828838.645
5480,1708828838.695
5481,1708828838.745
5482,1708828838.795
5483,1708828838.845
5484,1708828838.895
5485,1708828838.945
5486,1708828838.995
5487,1708828839.045
5488,1708828839.095
5489,1708828839.145
5490,1708828839.195
5491,1708828839.245
5492,1708828839.295
5493,1708828839.345
5494,1708828839.395
5495,1708828839.445
5496,1708828839.495
5497,1708828839.545
5498,1708828839.595
5499,1708828839.645
5500,1708828839.695
5501,1708828839.745
5502,1708828839.795
5503,1708828839.845
5504,1708828839.895
5505,1708828839.945
5506,1708828839.995
5507,1708828840.045
5508,1708828840.095
5509,1708828840.145
5510,1708828840.195
5511,1708828840.245
5512,1708828840.295
5513,1708828840.345
5514,1708828840.395
5515,1708828840.445
5516,1708828840.495
5517,1708828840.545
5518,1708828840.595
5519,1708828840.645
5520,1708828840.695
5521,1708828840.745
5522,1708828840.795
5523,1708828840.845
5524,1708828840.895
5525,1708828840.945
5526,1708828840.995
5527,1708828841.045
5528,1708828841.095
5529,1708828841.145
5530,1708828841.195
5531,1708828841.245
5532,1708828841.295
5533,1708828841.345
5534,1708828841.395
5535,1708828841.445
5536,1708828841.495
5537,1708828841.545
5538,1708828841.595
5539,1708828841.645
5540,1708828841.695
5541,1708828841.745
5542,1708828841.795
5543,1708828841.845
5544,1708828841.895
5545,1708828841.945
5546,1708828841.995
5547,1708828842.045
5548,1708828842.095
5549,1708828842.145
5550,1708828842.195
5551,1708828842.245
5552,1708828842.295
5553,1708828842.345
5554,1708828842.395
5555,1708828842.445
5556,1708828842.495
5557,1708828842.545
5558,1708828842.595
5559,1708828842.645
5560,1708828842.695
5561,1708828842.745
5562,1708828842.795
5563,1708828842.845
5564,1708828842.895
5565,1708828842.945
5566,1708828842.995
5567,1708828843.045
5568,1708828843.095
5569,1708828843.145
5570,1708828843.195
5571,1708828843.245
5572,1708828843.295
5573,1708828843.345
5574,1708828843.395
5575,1708828843.445
5576,1708828843.495
5577,1708828843.545
5578,1708828843.595
5579,1708828843.645
5580,1708828843.695
5581,1708828843.745
5582,1708828843.795
5583,1708828843.845
5584,1708828843.895
5585,1708828843.945
5586,1708828843.995
5587,1708828844.045
5588,1708828844.095
5589,1708828844.145
5590,1708828844.195
5591,1708828844.245
5592,1708828844.295
5593,1708828844.345
5594,1708828844.395
5595,1708828844.445
5596,1708828844.495
5597,1708828844.545
5598,1708828844.595
5599,1708828844.645
5600,1708828844.695
5601,1708828844.745
5602,1708828844.795
5603,1708828844.845
5604,1708828844.895
5605,1708828844.945
5606,1708828844.995
5607,1708828845.045
5608,1708828845.095
5609,1708828845.145
5610,1708828845.195
5611,1708828845.245
5612,1708828845.295
5613,1708828845.345
5614,1708828845.395
5615,1708828845.445
5616,1708828845.495
5617,1708828845.545
5618,1708828845.595
5619,1708828845.645
5620,1708828845.695
5621,1708828845.745
5622,1708828845.795
5623,1708828845.845
5624,1708828845.895
5625,1708828845.945
5626,1708828845.995
5627,1708828846.045
5628,1708828846.095
5629,1708828846.145
5630,1708828846.195
5631,1708828846.245
5632,1708828846.295
5633,1708828846.345
5634,1708828846.395
5635,1708828846.445
5636,1708828846.495
5637,1708828846.545
5638,1708828846.595
5639,1708828846.645
5640,1708828846.695
5641,1708828846.745
5642,1708828846.795
5643,1708828846.845
5644,1708828846.895
5645,1708828846.945
5646,1708828846.995
5647,1708828847.045
5648,1708828847.095
5649,1708828847.145
5650,1708828847.195
5651,1708828847.245
5652,1708828847.295
5653,1708828847.345
5654,1708828847.395
5655,1708828847.445
5656,1708828847.495
5657,1708828847.545
5658,1708828847.595
5659,1708828847.645
5660,1708828847.695
5661,1708828847.745
5662,1708828847.795
5663,1708828847.845
5664,1708828847.895
5665,1708828847.945
5666,1708828847.995
5667,1708828848.045
5668,1708828848.095
5669,1708828848.145
5670,1708828848.195
5671,1708828848.245
5672,1708828848.295
5673,1708828848.345
5674,1708828848.395
5675,1708828848.445
5676,1708828848.495
5677,1708828848.545
5678,1708828848.595
5679,1708828848.645
5680,1708828848.695
5681,1708828848.745
5682,1708828848.795
5683,1708828848.845
5684,1708828848.895
5685,1708828848.945
5686,1708828848.995
5687,1708828849.045
5688,1708828849.095
5689,1708828849.145
5690,1708828849.195
5691,1708828849.245
5692,1708828849.295
5693,1708828849.345
5694,1708828849.395
5695,1708828849.445
5696,1708828849.495
5697,1708828849.545
5698,1708828849.595
5699,1708828849.645
5700,1708828849.695
5701,1708828849.745
5702,1708828849.795
5703,1708828849.845
5704,1708828849.895
5705,1708828849.945
5706,1708828849.995
5707,1708828850.045
5708,1708828850.095
5709,1708828850.145
5710,1708828850.195
5711,1708828850.245
5712,1708828850.295
5713,1708828850.345
5714,1708828850.395
5715,1708828850.445
5716,1708828850.495
5717,1708828850.545
5718,1708828850.595
5719,1708828850.645
5720,1708828850.695
5721,1708828850.745
5722,1708828850.795
5723,1708828850.845
5724,1708828850.895
5725,1708828850.945
5726,1708828850.995
5727,1708828851.045
5728,1708828851.095
5729,1708828851.145
5730,1708828851.195
5731,1708828851.245
5732,1708828851.295
5733,1708828851.345
5734,1708828851.395
5735,1708828851.445
5736,1708828851.495
5737,1708828851.545
5738,1708828851.595
5739,1708828851.645
5740,1708828851.695
5741,1708828851.745
5742,1708828851.795
5743,1708828851.845
5744,1708828851.895
5745,1708828851.945
5746,1708828851.995
5747,1708828852.045
5748,1708828852.095
5749,1708828852.145
5750,1708828852.195
5751,1708828852.245
5752,1708828852.295
5753,1708828852.345
5754,1708828852.395
5755,1708828852.445
5756,1708828852.495
5757,1708828852.545
5758,1708828852.595
5759,1708828852.645
5760,1708828852.695
5761,1708828852.745
5762,1708828852.795
5763,1708828852.845
5764,1708828852.895
5765,1708828852.945
5766,1708828852.995
5767,1708828853.045
5768,1708828853.095
5769,1708828853.145
5770,1708828853.195
5771,1708828853.245
5772,1708828853.295
5773,1708828853.345
5774,1708828853.395
5775,1708828853.445
5776,1708828853.495
5777,1708828853.545
5778,1708828853.595
5779,1708828853.645
5780,1708828853.695
5781,1708828853.745
5782,1708828853.795
5783,1708828853.845
5784,1708828853.895
5785,1708828853.945
5786,1708828853.995
5787,1708828854.045
5788,1708828854.095
5789,1708828854.145
5790,1708828854.195
5791,1708828854.245
5792,1708828854.295
5793,1708828854.345
5794,1708828854.395
5795,1708828854.445
5796,1708828854.495
5797,1708828854.545
5798,1708828854.595
5799,1708828854.645
5800,1708828854.695
5801,1708828854.745
5802,1708828854.795
5803,1708828854.845
5804,1708828854.895
5805,1708828854.945
5806,1708828854.995
5807,1708828855.045
5808,1708828855.095
5809,1708828855.145
5810,1708828855.195
5811,1708828855.245
5812,1708828855.295
5813,1708828855.345
5814,1708828855.395
5815,1708828855.445
5816,1708828855.495
5817,1708828855.545
5818,1708828855.595
5819,1708828855.645
5820,1708828855.695
5821,1708828855.745
5822,1708828855.795
5823,1708828855.845
5824,1708828855.895
5825,1708828855.945
5826,1708828855.995
5827,1708828856.045
5828,1708828856.095
5829,1708828856.145
5830,1708828856.195
5831,1708828856.245
5832,1708828856.295
5833,1708828856.345
5834,1708828856.395
5835,1708828856.445
5836,1708828856.495
5837,1708828856.545
5838,1708828856.595
5839,1708828856.645
5840,1708828856.695
5841,1708828856.745
5842,1708828856.795
5843,1708828856.845
5844,1708828856.895
5845,1708828856.945
5846,1708828856.995
5847,1708828857.045
5848,1708828857.095
5849,1708828857.145
5850,1708828857.195
5851,1708828857.245
5852,1708828857.295
5853,1708828857.345
5854,1708828857.395
5855,1708828857.445
5856,1708828857.495
5857,1708828857.545
5858,1708828857.595
5859,1708828857.645
5860,1708828857.695
5861,1708828857.745
5862,1708828857.795
5863,1708828857.845
5864,1708828857.895
5865,1708828857.945
5866,1708828857.995
5867,1708828858.045
5868,1708828858.095
5869,1708828858.145
5870,1708828858.195
5871,1708828858.245
5872,1708828858.295
5873,1708828858.345
5874,1708828858.395
5875,1708828858.445
5876,1708828858.495
5877,1708828858.545
5878,1708828858.595
5879,1708828858.645
5880,1708828858.695
5881,1708828858.745
5882,1708828858.795
5883,1708828858.845
5884,1708828858.895
5885,1708828858.945
5886,1708828858.995
5887,1708828859.045
5888,1708828859.095
5889,1708828859.145
5890,1708828859.195
5891,1708828859.245
5892,1708828859.295
5893,1708828859.345
5894,1708828859.395
5895,1708828859.445
5896,1708828859.495
5897,1708828859.545
5898,1708828859.595
5899,1708828859.645
5900,1708828859.695
5901,1708828859.745
5902,1708828859.795
5903,1708828859.845
5904,1708828859.895
5905,1708828859.945
5906,1708828859.995
5907,1708828860.045
5908,1708828860.095
5909,1708828860.145
5910,1708828860.195
5911,1708828860.245
5912,1708828860.295
5913,1708828860.345
5914,1708828860.395
5915,1708828860.445
5916,1708828860.495
5917,1708828860.545
5918,1708828860.595
5919,1708828860.645
5920,1708828860.695
5921,1708828860.745
5922,1708828860.795
5923,1708828860.845
5924,1708828860.895
5925,1708828860.945
5926,1708828860.995
5927,1708828861.045
5928,1708828861.095
5929,1708828861.145
5930,1708828861.195
5931,1708828861.245
5932,1708828861.295
5933,1708828861.345
5934,1708828861.395
5935,1708828861.445
5936,1708828861.495
5937,1708828861.545
5938,1708828861.595
5939,1708828861.645
5940,1708828861.695
5941,1708828861.745
5942,1708828861.795
5943,1708828861.845
5944,1708828861.895
5945,1708828861.945
5946,1708828861.995
5947,1708828862.045
5948,1708828862.095
5949,1708828862.145
5950,1708828862.195
5951,1708828862.245
5952,1708828862.295
5953,1708828862.345
5954,1708828862.395
5955,1708828862.445
5956,1708828862.495
5957,1708828862.545
5958,1708828862.595
5959,1708828862.645
5960,1708828862.695
5961,1708828862.745
5962,1708828862.795
5963,1708828862.845
5964,1708828862.895
5965,1708828862.945
5966,1708828862.995
5967,1708828863.045
5968,1708828863.095
5969,1708828863.145
5970,1708828863.195
5971,1708828863.245
5972,1708828863.295
5973,1708828864.113
5974,1708828864.163
5975,1708828864.213
