frame_id,timestamp
0,1708828563.135
1,1708828563.155
2,1708828563.175
3,1708828563.195
4,1708828563.215
5,1708828563.235
6,1708828563.255
7,1708828563.285
8,1708828563.305
9,1708828563.325
10,1708828563.345
11,1708828563.365
12,1708828563.385
13,1708828563.405
14,1708828563.425
15,1708828563.455
16,1708828563.475
17,1708828563.495
18,1708828563.515
19,1708828563.535
20,1708828563.555
21,1708828563.575
22,1708828563.605
23,1708828563.625
24,1708828563.645
25,1708828563.665
26,1708828563.685
27,1708828563.705
28,1708828563.725
29,1708828563.745
30,1708828563.775
31,1708828563.795
32,1708828563.815
33,1708828563.835
34,1708828563.855
35,1708828563.875
36,1708828563.895
37,1708828563.925
38,1708828563.945
39,1708828563.965
40,1708828563.985
41,1708828564.005
42,1708828564.025
43,1708828564.045
44,1708828564.065
45,1708828564.095
46,1708828564.115
47,1708828564.135
48,1708828564.155
49,1708828564.175
50,1708828564.195
51,1708828564.215
52,1708828564.245
53,1708828564.265
54,1708828564.285
55,1708828564.305
56,1708828564.325
57,1708828564.345
58,1708828564.365
59,1708828564.385
60,1708828564.415
61,1708828564.435
62,1708828564.455
63,1708828564.475
64,1708828564.495
65,1708828564.515
66,1708828564.535
67,1708828564.565
68,1708828564.585
69,1708828564.605
70,1708828564.625
71,1708828564.645
72,1708828564.665
73,1708828564.685
74,1708828564.705
75,1708828564.735
76,1708828564.755
77,1708828564.775
78,1708828564.795
79,1708828564.815
80,1708828564.835
81,1708828564.855
82,1708828564.885
83,1708828564.905
84,1708828564.925
85,1708828564.945
86,1708828564.965
87,1708828564.985
88,1708828565.005
89,1708828565.025
90,1708828565.055
91,1708828565.075
92,1708828565.095
93,1708828565.115
94,1708828565.135
95,1708828565.155
96,1708828565.175
97,1708828565.205
98,1708828565.225
99,1708828565.245
100,1708828565.265
101,1708828565.285
102,1708828565.305
103,1708828565.325
104,1708828565.345
105,1708828565.375
106,1708828565.395
107,1708828565.415
108,1708828565.435
109,1708828565.455
110,1708828565.475
111,1708828565.495
112,1708828565.525
113,1708828565.545
114,1708828565.565
115,1708828565.585
116,1708828565.605
117,1708828565.625
118,1708828565.645
119,1708828565.665
120,1708828565.695
121,1708828565.715
122,1708828565.735
123,1708828565.755
124,1708828565.775
125,1708828565.795
126,1708828565.815
127,1708828565.845
128,1708828565.865
129,1708828565.885
130,1708828565.905
131,1708828565.925
132,1708828565.945
133,1708828565.965
134,1708828565.985
135,1708828566.015
136,1708828566.035
137,1708828566.055
138,1708828566.075
139,1708828566.095
140,1708828566.115
141,1708828566.135
142,1708828566.165
143,1708828566.185
144,1708828566.205
145,1708828566.225
146,1708828566.245
147,1708828566.265
148,1708828566.285
149,1708828566.305
150,1708828566.335
151,1708828566.355
152,1708828566.375
153,1708828566.395
154,1708828566.415
155,1708828566.435
156,1708828566.455
157,1708828566.485
158,1708828566.505
159,1708828566.525
160,1708828566.545
161,1708828566.565
162,1708828566.585
163,1708828566.605
164,1708828566.625
165,1708828566.655
166,1708828566.675
167,1708828566.695
168,1708828566.715
169,1708828566.735
170,1708828566.755
171,1708828566.775
172,1708828566.805
173,1708828566.825
174,1708828566.845
175,1708828566.865
176,1708828566.885
177,1708828566.905
178,1708828566.925
179,1708828566.945
180,1708828566.975
181,1708828566.995
182,1708828567.015
183,1708828567.035
184,1708828567.055
185,1708828567.075
186,1708828567.095
187,1708828567.125
188,1708828567.145
189,1708828567.165
190,1708828567.185
191,1708828567.205
192,1708828567.225
193,1708828567.245
194,1708828567.265
195,1708828567.295
196,1708828567.315
197,1708828567.335
198,1708828567.355
199,1708828567.375
200,1708828567.395
201,1708828567.415
202,1708828567.445
203,1708828567.465
204,1708828567.485
205,1708828567.505
206,1708828567.525
207,1708828567.545
208,1708828567.565
209,1708828567.585
210,1708828567.615
211,1708828567.635
212,1708828567.655
213,1708828567.675
214,1708828567.695
215,1708828567.715
216,1708828567.735
217,1708828567.765
218,1708828567.785
219,1708828567.805
220,1708828567.825
221,1708828567.845
222,1708828567.865
223,1708828567.885
224,1708828567.905
225,1708828567.935
226,1708828567.955
227,1708828567.975
228,1708828567.995
229,1708828568.015
230,1708828568.035
231,1708828568.055
232,1708828568.085
233,1708828568.105
234,1708828568.125
235,1708828568.145
236,1708828568.165
237,1708828568.185
238,1708828568.205
239,1708828568.225
240,1708828568.255
241,1708828568.275
242,1708828568.295
243,1708828568.315
244,1708828568.335
245,1708828568.355
246,1708828568.375
247,1708828568.405
248,1708828568.425
249,1708828568.445
250,1708828568.465
251,1708828568.485
252,1708828568.505
253,1708828568.525
254,1708828568.545
255,1708828568.575
256,1708828568.595
257,1708828568.615
258,1708828568.635
259,1708828568.655
260,1708828568.675
261,1708828568.695
262,1708828568.725
263,1708828568.745
264,1708828568.765
265,1708828568.785
266,1708828568.805
267,1708828568.825
268,1708828568.845
269,1708828568.865
270,1708828568.895
271,1708828568.915
272,1708828568.935
273,1708828568.955
274,1708828568.975
275,1708828568.995
276,1708828569.015
277,1708828569.045
278,1708828569.065
279,1708828569.085
280,1708828569.105
281,1708828569.125
282,1708828569.145
283,1708828569.165
284,1708828569.185
285,1708828569.215
286,1708828569.235
287,1708828569.255
288,1708828569.275
289,1708828569.295
290,1708828569.315
291,1708828569.335
292,1708828569.365
293,1708828569.385
294,1708828569.405
295,1708828569.425
296,1708828569.445
297,1708828569.465
298,1708828569.485
299,1708828569.505
300,1708828569.535
301,1708828569.555
302,1708828569.575
303,1708828569.595
304,1708828569.615
305,1708828569.635
306,1708828569.655
307,1708828569.685
308,1708828569.705
309,1708828569.725
310,1708828569.745
311,1708828569.765
312,1708828569.785
313,1708828569.805
314,1708828569.825
315,1708828569.855
316,1708828569.875
317,1708828569.895
318,1708828569.915
319,1708828569.935
320,1708828569.955
321,1708828569.975
322,1708828570.005
323,1708828570.025
324,1708828570.045
325,1708828570.065
326,1708828570.085
327,1708828570.105
328,1708828570.125
329,1708828570.145
330,1708828570.175
331,1708828570.195
332,1708828570.215
333,1708828570.235
334,1708828570.255
335,1708828570.275
336,1708828570.295
337,1708828570.325
338,1708828570.345
339,1708828570.365
340,1708828570.385
341,1708828570.405
342,1708828570.425
343,1708828570.445
344,1708828570.465
345,1708828570.495
346,1708828570.515
347,1708828570.535
348,1708828570.555
349,1708828570.575
350,1708828570.595
351,1708828570.615
352,1708828570.645
353,1708828570.665
354,1708828570.685
355,1708828570.705
356,1708828570.725
357,1708828570.745
358,1708828570.765
359,1708828570.785
360,1708828570.815
361,1708828570.835
362,1708828570.855
363,1708828570.875
364,1708828570.895
365,1708828570.915
366,1708828570.935
367,1708828570.965
368,1708828570.985
369,1708828571.005
370,1708828571.025
371,1708828571.045
372,1708828571.065
373,1708828571.085
374,1708828571.105
375,1708828571.135
376,1708828571.155
377,1708828571.175
378,1708828571.195
379,1708828571.215
380,1708828571.235
381,1708828571.255
382,1708828571.285
383,1708828571.305
384,1708828571.325
385,1708828571.345
386,1708828571.365
387,1708828571.385
388,1708828571.405
389,1708828571.425
390,1708828571.455
391,1708828571.475
392,1708828571.495
393,1708828571.515
394,1708828571.535
395,1708828571.555
396,1708828571.575
397,1708828571.605
398,1708828571.625
399,1708828571.645
400,1708828571.665
401,1708828571.685
402,1708828571.705
403,1708828571.725
404,1708828571.745
405,1708828571.775
406,1708828571.795
407,1708828571.815
408,1708828571.835
409,1708828571.855
410,1708828571.875
411,1708828571.895
412,1708828571.925
413,1708828571.945
414,1708828571.965
415,1708828571.985
416,1708828572.005
417,1708828572.025
418,1708828572.045
419,1708828572.065
420,1708828572.095
421,1708828572.115
422,1708828572.135
423,1708828572.155
424,1708828572.175
425,1708828572.195
426,1708828572.215
427,1708828572.245
428,1708828572.265
429,1708828572.285
430,1708828572.305
431,1708828572.325
432,1708828572.345
433,1708828572.365
434,1708828572.385
435,1708828572.415
436,1708828572.435
437,1708828572.455
438,1708828572.475
439,1708828572.495
440,1708828572.515
441,1708828572.535
442,1708828572.565
443,1708828572.585
444,1708828572.605
445,1708828572.625
446,1708828572.645
447,1708828572.665
448,1708828572.685
449,1708828572.705
450,1708828572.735
451,1708828572.755
452,1708828572.775
453,1708828572.795
454,1708828572.815
455,1708828572.835
456,1708828572.855
457,1708828572.885
458,1708828572.905
459,1708828572.925
460,1708828572.945
461,1708828572.965
462,1708828572.985
463,1708828573.005
464,1708828573.025
465,1708828573.055
466,1708828573.075
467,1708828573.095
468,1708828573.115
469,1708828573.135
470,1708828573.155
471,1708828573.175
472,1708828573.205
473,1708828573.225
474,1708828573.245
475,1708828573.265
476,1708828573.285
477,1708828573.305
478,1708828573.325
479,1708828573.345
480,1708828573.375
481,1708828573.395
482,1708828573.415
483,1708828573.435
484,1708828573.455
485,1708828573.475
486,1708828573.495
487,1708828573.525
488,1708828573.545
489,1708828573.565
490,1708828573.585
491,1708828573.605
492,1708828573.625
493,1708828573.645
494,1708828573.665
495,1708828573.695
496,1708828573.715
497,1708828573.735
498,1708828573.755
499,1708828573.775
500,1708828573.795
501,1708828573.815
502,1708828573.845
503,1708828573.865
504,1708828573.885
505,1708828573.905
506,1708828573.925
507,1708828573.945
508,1708828573.965
509,1708828573.985
510,1708828574.015
511,1708828574.035
512,1708828574.055
513,1708828574.075
514,1708828574.095
515,1708828574.115
516,1708828574.135
517,1708828574.165
518,1708828574.185
519,1708828574.205
520,1708828574.225
521,1708828574.245
522,1708828574.265
523,1708828574.285
524,1708828574.305
525,1708828574.335
526,1708828574.355
527,1708828574.375
528,1708828574.395
529,1708828574.415
530,1708828574.435
531,1708828574.455
532,1708828574.485
533,1708828574.505
534,1708828574.525
535,1708828574.545
536,1708828574.565
537,1708828574.585
538,1708828574.605
539,1708828574.625
540,1708828574.655
541,1708828574.675
542,1708828574.695
543,1708828574.715
544,1708828574.735
545,1708828574.755
546,1708828574.775
547,1708828574.805
548,1708828574.825
549,1708828574.845
550,1708828574.865
551,1708828574.885
552,1708828574.905
553,1708828574.925
554,1708828574.945
555,1708828574.975
556,1708828574.995
557,1708828575.015
558,1708828575.035
559,1708828575.055
560,1708828575.075
561,1708828575.095
562,1708828575.125
563,1708828575.145
564,1708828575.165
565,1708828575.185
566,1708828575.205
567,1708828575.225
568,1708828575.245
569,1708828575.265
570,1708828575.295
571,1708828575.315
572,1708828575.335
573,1708828575.355
574,1708828575.375
575,1708828575.395
576,1708828575.415
577,1708828575.445
578,1708828575.465
579,1708828575.485
580,1708828575.505
581,1708828575.525
582,1708828575.545
583,1708828575.565
584,1708828575.585
585,1708828575.615
586,1708828575.635
587,1708828575.655
588,1708828575.675
589,1708828575.695
590,1708828575.715
591,1708828575.735
592,1708828575.765
593,1708828575.785
594,1708828575.805
595,1708828575.825
596,1708828575.845
597,1708828575.865
598,1708828575.885
599,1708828575.905
600,1708828575.935
601,1708828575.955
602,1708828575.975
603,1708828575.995
604,1708828576.015
605,1708828576.035
606,1708828576.055
607,1708828576.085
608,1708828576.105
609,1708828576.125
610,1708828576.145
611,1708828576.165
612,1708828576.185
613,1708828576.205
614,1708828576.225
615,1708828576.255
616,1708828576.275
617,1708828576.295
618,1708828576.315
619,1708828576.335
620,1708828576.355
621,1708828576.375
622,1708828576.405
623,1708828576.425
624,1708828576.445
625,1708828576.465
626,1708828576.485
627,1708828576.505
628,1708828576.525
629,1708828576.545
630,1708828576.575
631,1708828576.595
632,1708828576.615
633,1708828576.635
634,1708828576.655
635,1708828576.675
636,1708828576.695
637,1708828576.725
638,1708828576.745
639,1708828576.765
640,1708828576.785
641,1708828576.805
642,1708828576.825
643,1708828576.845
644,1708828576.865
645,1708828576.895
646,1708828576.915
647,1708828576.935
648,1708828576.955
649,1708828576.975
650,1708828576.995
651,1708828577.015
652,1708828577.045
653,1708828577.065
654,1708828577.085
655,1708828577.105
656,1708828577.125
657,1708828577.145
658,1708828577.165
659,1708828577.185
660,1708828577.215
661,1708828577.235
662,1708828577.255
663,1708828577.275
664,1708828577.295
665,1708828577.315
666,1708828577.335
667,1708828577.365
668,1708828577.385
669,1708828577.405
670,1708828577.425
671,1708828577.445
672,1708828577.465
673,1708828577.485
674,1708828577.505
675,1708828577.535
676,1708828577.555
677,1708828577.575
678,1708828577.595
679,1708828577.615
680,1708828577.635
681,1708828577.655
682,1708828577.685
683,1708828577.705
684,1708828577.725
685,1708828577.745
686,1708828577.765
687,1708828577.785
688,1708828577.805
689,1708828577.825
690,1708828577.855
691,1708828577.875
692,1708828577.895
693,1708828577.915
694,1708828577.935
695,1708828577.955
696,1708828577.975
697,1708828578.005
698,1708828578.025
699,1708828578.045
700,1708828578.065
701,1708828578.085
702,1708828578.105
703,1708828578.125
704,1708828578.145
705,1708828578.175
706,1708828578.195
707,1708828578.215
708,1708828578.235
709,1708828578.255
710,1708828578.275
711,1708828578.295
712,1708828578.325
713,1708828578.345
714,1708828578.365
715,1708828578.385
716,1708828578.405
717,1708828578.425
718,1708828578.445
719,1708828578.465
720,1708828578.495
721,1708828578.515
722,1708828578.535
723,1708828578.555
724,1708828578.575
725,1708828578.595
726,1708828578.615
727,1708828578.645
728,1708828578.665
729,1708828578.685
730,1708828578.705
731,1708828578.725
732,1708828578.745
733,1708828578.765
734,1708828578.785
735,1708828578.815
736,1708828578.835
737,1708828578.855
738,1708828578.875
739,1708828578.895
740,1708828578.915
741,1708828578.935
742,1708828578.965
743,1708828578.985
744,1708828579.005
745,1708828579.025
746,1708828579.045
747,1708828579.065
748,1708828579.085
749,1708828579.105
750,1708828579.135
751,1708828579.155
752,1708828579.175
753,1708828579.195
754,1708828579.215
755,1708828579.235
756,1708828579.255
757,1708828579.285
758,1708828579.305
759,1708828579.325
760,1708828579.345
761,1708828579.365
762,1708828579.385
763,1708828579.405
764,1708828579.425
765,1708828579.455
766,1708828579.475
767,1708828579.495
768,1708828579.515
769,1708828579.535
770,1708828579.555
771,1708828579.575
772,1708828579.605
773,1708828579.625
774,1708828579.645
775,1708828579.665
776,1708828579.685
777,1708828579.705
778,1708828579.725
779,1708828579.745
780,1708828579.775
781,1708828579.795
782,1708828579.815
783,1708828579.835
784,1708828579.855
785,1708828579.875
786,1708828579.895
787,1708828579.925
788,1708828579.945
789,1708828579.965
790,1708828579.985
791,1708828580.005
792,1708828580.025
793,1708828580.045
794,1708828580.065
795,1708828580.095
796,1708828580.115
797,1708828580.135
798,1708828580.155
799,1708828580.175
800,1708828580.195
801,1708828580.215
802,1708828580.245
803,1708828580.265
804,1708828580.285
805,1708828580.305
806,1708828580.325
807,1708828580.345
808,1708828580.365
809,1708828580.385
810,1708828580.415
811,1708828580.435
812,1708828580.455
813,1708828580.475
814,1708828580.495
815,1708828580.515
816,1708828580.535
817,1708828580.565
818,1708828580.585
819,1708828580.605
820,1708828580.625
821,1708828580.645
822,1708828580.665
823,1708828580.685
824,1708828580.705
825,1708828580.735
826,1708828580.755
827,1708828580.775
828,1708828580.795
829,1708828580.815
830,1708828580.835
831,1708828580.855
832,1708828580.885
833,1708828580.905
834,1708828580.925
835,1708828580.945
836,1708828580.965
837,1708828580.985
838,1708828581.005
839,1708828581.025
840,1708828581.055
841,1708828581.075
842,1708828581.095
843,1708828581.115
844,1708828581.135
845,1708828581.155
846,1708828581.175
847,1708828581.205
848,1708828581.225
849,1708828581.245
850,1708828581.265
851,1708828581.285
852,1708828581.305
853,1708828581.325
854,1708828581.345
855,1708828581.375
856,1708828581.395
857,1708828581.415
858,1708828581.435
859,1708828581.455
860,1708828581.475
861,1708828581.495
862,1708828581.525
863,1708828581.545
864,1708828581.565
865,1708828581.585
866,1708828581.605
867,1708828581.625
868,1708828581.645
869,1708828581.665
870,1708828581.695
871,1708828581.715
872,1708828581.735
873,1708828581.755
874,1708828581.775
875,1708828581.795
876,1708828581.815
877,1708828581.845
878,1708828581.865
879,1708828581.885
880,1708828581.905
881,1708828581.925
882,1708828581.945
883,1708828581.965
884,1708828581.985
885,1708828582.015
886,1708828582.035
887,1708828582.055
888,1708828582.075
889,1708828582.095
890,1708828582.115
891,1708828582.135
892,1708828582.165
893,1708828582.185
894,1708828582.205
895,1708828582.225
896,1708828582.245
897,1708828582.265
898,1708828582.285
899,1708828582.305
900,1708828582.335
901,1708828582.355
902,1708828582.375
903,1708828582.395
904,1708828582.415
905,1708828582.435
906,1708828582.455
907,1708828582.485
908,1708828582.505
909,1708828582.525
910,1708828582.545
911,1708828582.565
912,1708828582.585
913,1708828582.605
914,1708828582.625
915,1708828582.655
916,1708828582.675
917,1708828582.695
918,1708828582.715
919,1708828582.735
920,1708828582.755
921,1708828582.775
922,1708828582.805
923,1708828582.825
924,1708828582.845
925,1708828582.865
926,1708828582.885
927,1708828582.905
928,1708828582.925
929,1708828582.945
930,1708828582.975
931,1708828582.995
932,1708828583.015
933,1708828583.035
934,1708828583.055
935,1708828583.075
936,1708828583.095
937,1708828583.125
938,1708828583.145
939,1708828583.165
940,1708828583.185
941,1708828583.205
942,1708828583.225
943,1708828583.245
944,1708828583.265
945,1708828583.295
946,1708828583.315
947,1708828583.335
948,1708828583.355
949,1708828583.375
950,1708828583.395
951,1708828583.415
952,1708828583.445
953,1708828583.465
954,1708828583.485
955,1708828583.505
956,1708828583.525
957,1708828583.545
958,1708828583.565
959,1708828583.585
960,1708828583.615
961,1708828583.635
962,1708828583.655
963,1708828583.675
964,1708828583.695
965,1708828583.715
966,1708828583.735
967,1708828583.765
968,1708828583.785
969,1708828583.805
970,1708828583.825
971,1708828583.845
972,1708828583.865
973,1708828583.885
974,1708828583.905
975,1708828583.935
976,1708828583.955
977,1708828583.975
978,1708828583.995
979,1708828584.015
980,1708828584.035
981,1708828584.055
982,1708828584.085
983,1708828584.105
984,1708828584.125
985,1708828584.145
986,1708828584.165
987,1708828584.185
988,1708828584.205
989,1708828584.225
990,1708828584.255
991,1708828584.275
992,1708828584.295
993,1708828584.315
994,1708828584.335
995,1708828584.355
996,1708828584.375
997,1708828584.405
998,1708828584.425
999,1708828584.445
1000,1708828584.465
1001,1708828584.485
1002,1708828584.505
1003,1708828584.525
1004,1708828584.545
1005,1708828584.575
1006,1708828584.595
1007,1708828584.615
1008,1708828584.635
1009,1708828584.655
1010,1708828584.675
1011,1708828584.695
1012,1708828584.725
1013,1708828584.745
1014,1708828584.765
1015,1708828584.785
1016,1708828584.805
1017,1708828584.825
1018,1708828584.845
1019,1708828584.865
1020,1708828584.895
1021,1708828584.915
1022,1708828584.935
1023,1708828584.955
1024,1708828584.975
1025,1708828584.995
1026,1708828585.015
1027,1708828585.045
1028,1708828585.065
1029,1708828585.085
1030,1708828585.105
1031,1708828585.125
1032,1708828585.145
1033,1708828585.165
1034,1708828585.185
1035,1708828585.215
1036,1708828585.235
1037,1708828585.255
1038,1708828585.275
1039,1708828585.295
1040,1708828585.315
1041,1708828585.335
1042,1708828585.365
1043,1708828585.385
1044,1708828585.405
1045,1708828585.425
1046,1708828585.445
1047,1708828585.465
1048,1708828585.485
1049,1708828585.505
1050,1708828585.535
1051,1708828585.555
1052,1708828585.575
1053,1708828585.595
1054,1708828585.615
1055,1708828585.635
1056,1708828585.655
1057,1708828585.685
1058,1708828585.705
1059,1708828585.725
1060,1708828585.745
1061,1708828585.765
1062,1708828585.785
1063,1708828585.805
1064,1708828585.825
1065,1708828585.855
1066,1708828585.875
1067,1708828585.895
1068,1708828585.915
1069,1708828585.935
1070,1708828585.955
1071,1708828585.975
1072,1708828586.005
1073,1708828586.025
1074,1708828586.045
1075,1708828586.065
1076,1708828586.085
1077,1708828586.105
1078,1708828586.125
1079,1708828586.145
1080,1708828586.175
1081,1708828586.195
1082,1708828586.215
1083,1708828586.235
1084,1708828586.255
1085,1708828586.275
1086,1708828586.295
1087,1708828586.325
1088,1708828586.345
1089,1708828586.365
1090,1708828586.385
1091,1708828586.405
1092,1708828586.425
1093,1708828586.445
1094,1708828586.465
1095,1708828586.495
1096,1708828586.515
1097,1708828586.535
1098,1708828586.555
1099,1708828586.575
1100,1708828586.595
1101,1708828586.615
1102,1708828586.645
1103,1708828586.665
1104,1708828586.685
1105,1708828586.705
1106,1708828586.725
1107,1708828586.745
1108,1708828586.765
1109,1708828586.785
1110,1708828586.815
1111,1708828586.835
1112,1708828586.855
1113,1708828586.875
1114,1708828586.895
1115,1708828586.915
1116,1708828586.935
1117,1708828586.965
1118,1708828586.985
1119,1708828587.005
1120,1708828587.025
1121,1708828587.045
1122,1708828587.065
1123,1708828587.085
1124,1708828587.105
1125,1708828587.135
1126,1708828587.155
1127,1708828587.175
1128,1708828587.195
1129,1708828587.215
1130,1708828587.235
1131,1708828587.255
1132,1708828587.285
1133,1708828587.305
1134,1708828587.325
1135,1708828587.345
1136,1708828587.365
1137,1708828587.385
1138,1708828587.405
1139,1708828587.425
1140,1708828587.455
1141,1708828587.475
1142,1708828587.495
1143,1708828587.515
1144,1708828587.535
1145,1708828587.555
1146,1708828587.575
1147,1708828587.605
1148,1708828587.625
1149,1708828587.645
1150,1708828587.665
1151,1708828587.685
1152,1708828587.705
1153,1708828587.725
1154,1708828587.745
1155,1708828587.775
1156,1708828587.795
1157,1708828587.815
1158,1708828587.835
1159,1708828587.855
1160,1708828587.875
1161,1708828587.895
1162,1708828587.925
1163,1708828587.945
1164,1708828587.965
1165,1708828587.985
1166,1708828588.005
1167,1708828588.025
1168,1708828588.045
1169,1708828588.065
1170,1708828588.095
1171,1708828588.115
1172,1708828588.135
1173,1708828588.155
1174,1708828588.175
1175,1708828588.195
1176,1708828588.215
1177,1708828588.245
1178,1708828588.265
1179,1708828588.285
1180,1708828588.305
1181,1708828588.325
1182,1708828588.345
1183,1708828588.365
1184,1708828588.385
1185,1708828588.415
1186,1708828588.435
1187,1708828588.455
1188,1708828588.475
1189,1708828588.495
1190,1708828588.515
1191,1708828588.535
1192,1708828588.565
1193,1708828588.585
1194,1708828588.605
1195,1708828588.625
1196,1708828588.645
1197,1708828588.665
1198,1708828588.685
1199,1708828588.705
1200,1708828588.735
1201,1708828588.755
1202,1708828588.775
1203,1708828588.795
1204,1708828588.815
1205,1708828588.835
1206,1708828588.855
1207,1708828588.885
1208,1708828588.905
1209,1708828588.925
1210,1708828588.945
1211,1708828588.965
1212,1708828588.985
1213,1708828589.005
1214,1708828589.025
1215,1708828589.055
1216,1708828589.075
1217,1708828589.095
1218,1708828589.115
1219,1708828589.135
1220,1708828589.155
1221,1708828589.175
1222,1708828589.205
1223,1708828589.225
1224,1708828589.245
1225,1708828589.265
1226,1708828589.285
1227,1708828589.305
1228,1708828589.325
1229,1708828589.345
1230,1708828589.375
1231,1708828589.395
1232,1708828589.415
1233,1708828589.435
1234,1708828589.455
1235,1708828589.475
1236,1708828589.495
1237,1708828589.525
1238,1708828589.545
1239,1708828589.565
1240,1708828589.585
1241,1708828589.605
1242,1708828589.625
1243,1708828589.645
1244,1708828589.665
1245,1708828589.695
1246,1708828589.715
1247,1708828589.735
1248,1708828589.755
1249,1708828589.775
1250,1708828589.795
1251,1708828589.815
1252,1708828589.845
1253,1708828589.865
1254,1708828589.885
1255,1708828589.905
1256,1708828589.925
1257,1708828589.945
1258,1708828589.965
1259,1708828589.985
1260,1708828590.015
1261,1708828590.035
1262,1708828590.055
1263,1708828590.075
1264,1708828590.095
1265,1708828590.115
1266,1708828590.135
1267,1708828590.165
1268,1708828590.185
1269,1708828590.205
1270,1708828590.225
1271,1708828590.245
1272,1708828590.265
1273,1708828590.285
1274,1708828590.305
1275,1708828590.335
1276,1708828590.355
1277,1708828590.375
1278,1708828590.395
1279,1708828590.415
1280,1708828590.435
1281,1708828590.455
1282,1708828590.485
1283,1708828590.505
1284,1708828590.525
1285,1708828590.545
1286,1708828590.565
1287,1708828590.585
1288,1708828590.605
1289,1708828590.625
1290,1708828590.655
1291,1708828590.675
1292,1708828590.695
1293,1708828590.715
1294,1708828590.735
1295,1708828590.755
1296,1708828590.775
1297,1708828590.805
1298,1708828590.825
1299,1708828590.845
1300,1708828590.865
1301,1708828590.885
1302,1708828590.905
1303,1708828590.925
1304,1708828590.945
1305,1708828590.975
1306,1708828590.995
1307,1708828591.015
1308,1708828591.035
1309,1708828591.055
1310,1708828591.075
1311,1708828591.095
1312,1708828591.125
1313,1708828591.145
1314,1708828591.165
1315,1708828591.185
1316,1708828591.205
1317,1708828591.225
1318,1708828591.245
1319,1708828591.265
1320,1708828591.295
1321,1708828591.315
1322,1708828591.335
1323,1708828591.355
1324,1708828591.375
1325,1708828591.395
1326,1708828591.415
1327,1708828591.445
1328,1708828591.465
1329,1708828591.485
1330,1708828591.505
1331,1708828591.525
1332,1708828591.545
1333,1708828591.565
1334,1708828591.585
1335,1708828591.615
1336,1708828591.635
1337,1708828591.655
1338,1708828591.675
1339,1708828591.695
1340,1708828591.715
1341,1708828591.735
1342,1708828591.765
1343,1708828591.785
1344,1708828591.805
1345,1708828591.825
1346,1708828591.845
1347,1708828591.865
1348,1708828591.885
1349,1708828591.905
1350,1708828591.935
1351,1708828591.955
1352,1708828591.975
1353,1708828591.995
1354,1708828592.015
1355,1708828592.035
1356,1708828592.055
1357,1708828592.085
1358,1708828592.105
1359,1708828592.125
1360,1708828592.145
1361,1708828592.165
1362,1708828592.185
1363,1708828592.205
1364,1708828592.225
1365,1708828592.255
1366,1708828592.275
1367,1708828592.295
1368,1708828592.315
1369,1708828592.335
1370,1708828592.355
1371,1708828592.375
1372,1708828592.405
1373,1708828592.425
1374,1708828592.445
1375,1708828592.465
1376,1708828592.485
1377,1708828592.505
1378,1708828592.525
1379,1708828592.545
1380,1708828592.575
1381,1708828592.595
1382,1708828592.615
1383,1708828592.635
1384,1708828592.655
1385,1708828592.675
1386,1708828592.695
1387,1708828592.725
1388,1708828592.745
1389,1708828592.765
1390,1708828592.785
1391,1708828592.805
1392,1708828592.825
1393,1708828592.845
1394,1708828592.865
1395,1708828592.895
1396,1708828592.915
1397,1708828592.935
1398,1708828592.955
1399,1708828592.975
1400,1708828592.995
1401,1708828593.015
1402,1708828593.045
1403,1708828593.065
1404,1708828593.085
1405,1708828593.105
1406,1708828593.125
1407,1708828593.145
1408,1708828593.165
1409,1708828593.185
1410,1708828593.215
1411,1708828593.235
1412,1708828593.255
1413,1708828593.275
1414,1708828593.295
1415,1708828593.315
1416,1708828593.335
1417,1708828593.365
1418,1708828593.385
1419,1708828593.405
1420,1708828593.425
1421,1708828593.445
1422,1708828593.465
1423,1708828593.485
1424,1708828593.505
1425,1708828593.535
1426,1708828593.555
1427,1708828593.575
1428,1708828593.595
1429,1708828593.615
1430,1708828593.635
1431,1708828593.655
1432,1708828593.685
1433,1708828593.705
1434,1708828593.725
1435,1708828593.745
1436,1708828593.765
1437,1708828593.785
1438,1708828593.805
1439,1708828593.825
1440,1708828593.855
1441,1708828593.875
1442,1708828593.895
1443,1708828593.915
1444,1708828593.935
1445,1708828593.955
1446,1708828593.975
1447,1708828594.005
1448,1708828594.025
1449,1708828594.045
1450,1708828594.065
1451,1708828594.085
1452,1708828594.105
1453,1708828594.125
1454,1708828594.145
1455,1708828594.175
1456,1708828594.195
1457,1708828594.215
1458,1708828594.235
1459,1708828594.255
1460,1708828594.275
1461,1708828594.295
1462,1708828594.325
1463,1708828594.345
1464,1708828594.365
1465,1708828594.385
1466,1708828594.405
1467,1708828594.425
1468,1708828594.445
1469,1708828594.465
1470,1708828594.495
1471,1708828594.515
1472,1708828594.535
1473,1708828594.555
1474,1708828594.575
1475,1708828594.595
1476,1708828594.615
1477,1708828594.645
1478,1708828594.665
1479,1708828594.685
1480,1708828594.705
1481,1708828594.725
1482,1708828594.745
1483,1708828594.765
1484,1708828594.785
1485,1708828594.815
1486,1708828594.835
1487,1708828594.855
1488,1708828594.875
1489,1708828594.895
1490,1708828594.915
1491,1708828594.935
1492,1708828594.965
1493,1708828594.985
1494,1708828595.005
1495,1708828595.025
1496,1708828595.045
1497,1708828595.065
1498,1708828595.085
1499,1708828595.105
1500,1708828595.135
1501,1708828595.155
1502,1708828595.175
1503,1708828595.195
1504,1708828595.215
1505,1708828595.235
1506,1708828595.255
1507,1708828595.285
1508,1708828595.305
1509,1708828595.325
1510,1708828595.345
1511,1708828595.365
1512,1708828595.385
1513,1708828595.405
1514,1708828595.425
1515,1708828595.455
1516,1708828595.475
1517,1708828595.495
1518,1708828595.515
1519,1708828595.535
1520,1708828595.555
1521,1708828595.575
1522,1708828595.605
1523,1708828595.625
1524,1708828595.645
1525,1708828595.665
1526,1708828595.685
1527,1708828595.705
1528,1708828595.725
1529,1708828595.745
1530,1708828595.775
1531,1708828595.795
1532,1708828595.815
1533,1708828595.835
1534,1708828595.855
1535,1708828595.875
1536,1708828595.895
1537,1708828595.925
1538,1708828595.945
1539,1708828595.965
1540,1708828595.985
1541,1708828596.005
1542,1708828596.025
1543,1708828596.045
1544,1708828596.065
1545,1708828596.095
1546,1708828596.115
1547,1708828596.135
1548,1708828596.155
1549,1708828596.175
1550,1708828596.195
1551,1708828596.215
1552,1708828596.245
1553,1708828596.265
1554,1708828596.285
1555,1708828596.305
1556,1708828596.325
1557,1708828596.345
1558,1708828596.365
1559,1708828596.385
1560,1708828596.415
1561,1708828596.435
1562,1708828596.455
1563,1708828596.475
1564,1708828596.495
1565,1708828596.515
1566,1708828596.535
1567,1708828596.565
1568,1708828596.585
1569,1708828596.605
1570,1708828596.625
1571,1708828596.645
1572,1708828596.665
1573,1708828596.685
1574,1708828596.705
1575,1708828596.735
1576,1708828596.755
1577,1708828596.775
1578,1708828596.795
1579,1708828596.815
1580,1708828596.835
1581,1708828596.855
1582,1708828596.885
1583,1708828596.905
1584,1708828596.925
1585,1708828596.945
1586,1708828596.965
1587,1708828596.985
1588,1708828597.005
1589,1708828597.025
1590,1708828597.055
1591,1708828597.075
1592,1708828597.095
1593,1708828597.115
1594,1708828597.135
1595,1708828597.155
1596,1708828597.175
1597,1708828597.205
1598,1708828597.225
1599,1708828597.245
1600,1708828597.265
1601,1708828597.285
1602,1708828597.305
1603,1708828597.325
1604,1708828597.345
1605,1708828597.375
1606,1708828597.395
1607,1708828597.415
1608,1708828597.435
1609,1708828597.455
1610,1708828597.475
1611,1708828597.495
1612,1708828597.525
1613,1708828597.545
1614,1708828597.565
1615,1708828597.585
1616,1708828597.605
1617,1708828597.625
1618,1708828597.645
1619,1708828597.665
1620,1708828597.695
1621,1708828597.715
1622,1708828597.735
1623,1708828597.755
1624,1708828597.775
1625,1708828597.795
1626,1708828597.815
1627,1708828597.845
1628,1708828597.865
1629,1708828597.885
1630,1708828597.905
1631,1708828597.925
1632,1708828597.945
1633,1708828597.965
1634,1708828597.985
1635,1708828598.015
1636,1708828598.035
1637,1708828598.055
1638,1708828598.075
1639,1708828598.095
1640,1708828598.115
1641,1708828598.135
1642,1708828598.165
1643,1708828598.185
1644,1708828598.205
1645,1708828598.225
1646,1708828598.245
1647,1708828598.265
1648,1708828598.285
1649,1708828598.305
1650,1708828598.335
1651,1708828598.355
1652,1708828598.375
1653,1708828598.395
1654,1708828598.415
1655,1708828598.435
1656,1708828598.455
1657,1708828598.485
1658,1708828598.505
1659,1708828598.525
1660,1708828598.545
1661,1708828598.565
1662,1708828598.585
1663,1708828598.605
1664,1708828598.625
1665,1708828598.655
1666,1708828598.675
1667,1708828598.695
1668,1708828598.715
1669,1708828598.735
1670,1708828598.755
1671,1708828598.775
1672,1708828598.805
1673,1708828598.825
1674,1708828598.845
1675,1708828598.865
1676,1708828598.885
1677,1708828598.905
1678,1708828598.925
1679,1708828598.945
1680,1708828598.975
1681,1708828598.995
1682,1708828599.015
1683,1708828599.035
1684,1708828599.055
1685,1708828599.075
1686,1708828599.095
1687,1708828599.125
1688,1708828599.145
1689,1708828599.165
1690,1708828599.185
1691,1708828599.205
1692,1708828599.225
1693,1708828599.245
1694,1708828599.265
1695,1708828599.295
1696,1708828599.315
1697,1708828599.335
1698,1708828599.355
1699,1708828599.375
1700,1708828599.395
1701,1708828599.415
1702,1708828599.445
1703,1708828599.465
1704,1708828599.485
1705,1708828599.505
1706,1708828599.525
1707,1708828599.545
1708,1708828599.565
1709,1708828599.585
1710,1708828599.615
1711,1708828599.635
1712,1708828599.655
1713,1708828599.675
1714,1708828599.695
1715,1708828599.715
1716,1708828599.735
1717,1708828599.765
1718,1708828599.785
1719,1708828599.805
1720,1708828599.825
1721,1708828599.845
1722,1708828599.865
1723,1708828599.885
1724,1708828599.905
1725,1708828599.935
1726,1708828599.955
1727,1708828599.975
1728,1708828599.995
1729,1708828600.015
1730,1708828600.035
1731,1708828600.055
1732,1708828600.085
1733,1708828600.105
1734,1708828600.125
1735,1708828600.145
1736,1708828600.165
1737,1708828600.185
1738,1708828600.205
1739,1708828600.225
1740,1708828600.255
1741,1708828600.275
1742,1708828600.295
1743,1708828600.315
1744,1708828600.335
1745,1708828600.355
1746,1708828600.375
1747,1708828600.405
1748,1708828600.425
1749,1708828600.445
1750,1708828600.465
1751,1708828600.485
1752,1708828600.505
1753,1708828600.525
1754,1708828600.545
1755,1708828600.575
1756,1708828600.595
1757,1708828600.615
1758,1708828600.635
1759,1708828600.655
1760,1708828600.675
1761,1708828600.695
1762,1708828600.725
1763,1708828600.745
1764,1708828600.765
1765,1708828600.785
1766,1708828600.805
1767,1708828600.825
1768,1708828600.845
1769,1708828600.865
1770,1708828600.895
1771,1708828600.915
1772,1708828600.935
1773,1708828600.955
1774,1708828600.975
1775,1708828600.995
1776,1708828601.015
1777,1708828601.045
1778,1708828601.065
1779,1708828601.085
1780,1708828601.105
1781,1708828601.125
1782,1708828601.145
1783,1708828601.165
1784,1708828601.185
1785,1708828601.215
1786,1708828601.235
1787,1708828601.255
1788,1708828601.275
1789,1708828601.295
1790,1708828601.315
1791,1708828601.335
1792,1708828601.365
1793,1708828601.385
1794,1708828601.405
1795,1708828601.425
1796,1708828601.445
1797,1708828601.465
1798,1708828601.485
1799,1708828601.505
1800,1708828601.535
1801,1708828601.555
1802,1708828601.575
1803,1708828601.595
1804,1708828601.615
1805,1708828601.635
1806,1708828601.655
1807,1708828601.685
1808,1708828601.705
1809,1708828601.725
1810,1708828601.745
1811,1708828601.765
1812,1708828601.785
1813,1708828601.805
1814,1708828601.825
1815,1708828601.855
1816,1708828601.875
1817,1708828601.895
1818,1708828601.915
1819,1708828601.935
1820,1708828601.955
1821,1708828601.975
1822,1708828602.005
1823,1708828602.025
1824,1708828602.045
1825,1708828602.065
1826,1708828602.085
1827,1708828602.105
1828,1708828602.125
1829,1708828602.145
1830,1708828602.175
1831,1708828602.195
1832,1708828602.215
1833,1708828602.235
1834,1708828602.255
1835,1708828602.275
1836,1708828602.295
1837,1708828602.325
1838,1708828602.345
1839,1708828602.365
1840,1708828602.385
1841,1708828602.405
1842,1708828602.425
1843,1708828602.445
1844,1708828602.465
1845,1708828602.495
1846,1708828602.515
1847,1708828602.535
1848,1708828602.555
1849,1708828602.575
1850,1708828602.595
1851,1708828602.615
1852,1708828602.645
1853,1708828602.665
1854,1708828602.685
1855,1708828602.705
1856,1708828602.725
1857,1708828602.745
1858,1708828602.765
1859,1708828602.785
1860,1708828602.815
1861,1708828602.835
1862,1708828602.855
1863,1708828602.875
1864,1708828602.895
1865,1708828602.915
1866,1708828602.935
1867,1708828602.965
1868,1708828602.985
1869,1708828603.005
1870,1708828603.025
1871,1708828603.045
1872,1708828603.065
1873,1708828603.085
1874,1708828603.105
1875,1708828603.135
1876,1708828603.155
1877,1708828603.175
1878,1708828603.195
1879,1708828603.215
1880,1708828603.235
1881,1708828603.255
1882,1708828603.285
1883,1708828603.305
1884,1708828603.325
1885,1708828603.345
1886,1708828603.365
1887,1708828603.385
1888,1708828603.405
1889,1708828603.425
1890,1708828603.455
1891,1708828603.475
1892,1708828603.495
1893,1708828603.515
1894,1708828603.535
1895,1708828603.555
1896,1708828603.575
1897,1708828603.605
1898,1708828603.625
1899,1708828603.645
1900,1708828603.665
1901,1708828603.685
1902,1708828603.705
1903,1708828603.725
1904,1708828603.745
1905,1708828603.775
1906,1708828603.795
1907,1708828603.815
1908,1708828603.835
1909,1708828603.855
1910,1708828603.875
1911,1708828603.895
1912,1708828603.925
1913,1708828603.945
1914,1708828603.965
1915,1708828603.985
1916,1708828604.005
1917,1708828604.025
1918,1708828604.045
1919,1708828604.065
1920,1708828604.095
1921,1708828604.115
1922,1708828604.135
1923,1708828604.155
1924,1708828604.175
1925,1708828604.195
1926,1708828604.215
1927,1708828604.245
1928,1708828604.265
1929,1708828604.285
1930,1708828604.305
1931,1708828604.325
1932,1708828604.345
1933,1708828604.365
1934,1708828604.385
1935,1708828604.415
1936,1708828604.435
1937,1708828604.455
1938,1708828604.475
1939,1708828604.495
1940,1708828604.515
1941,1708828604.535
1942,1708828604.565
1943,1708828604.585
1944,1708828604.605
1945,1708828604.625
1946,1708828604.645
1947,1708828604.665
1948,1708828604.685
1949,1708828604.705
1950,1708828604.735
1951,1708828604.755
1952,1708828604.775
1953,1708828604.795
1954,1708828604.815
1955,1708828604.835
1956,1708828604.855
1957,1708828604.885
1958,1708828604.905
1959,1708828604.925
1960,1708828604.945
1961,1708828604.965
1962,1708828604.985
1963,1708828605.005
1964,1708828605.025
1965,1708828605.055
1966,1708828605.075
1967,1708828605.095
1968,1708828605.115
1969,1708828605.135
1970,1708828605.155
1971,1708828605.175
1972,1708828605.205
1973,1708828605.225
1974,1708828605.245
1975,1708828605.265
1976,1708828605.285
1977,1708828605.305
1978,1708828605.325
1979,1708828605.345
1980,1708828605.375
1981,1708828605.395
1982,1708828605.415
1983,1708828605.435
1984,1708828605.455
1985,1708828605.475
1986,1708828605.495
1987,1708828605.525
1988,1708828605.545
1989,1708828605.565
1990,1708828605.585
1991,1708828605.605
1992,1708828605.625
1993,1708828605.645
1994,1708828605.665
1995,1708828605.695
1996,1708828605.715
1997,1708828605.735
1998,1708828605.755
1999,1708828605.775
2000,1708828605.795
2001,1708828605.815
2002,1708828605.845
2003,1708828605.865
2004,1708828605.885
2005,1708828605.905
2006,1708828605.925
2007,1708828605.945
2008,1708828605.965
2009,1708828605.985
2010,1708828606.015
2011,1708828606.035
2012,1708828606.055
2013,1708828606.075
2014,1708828606.095
2015,1708828606.115
2016,1708828606.135
2017,1708828606.165
2018,1708828606.185
2019,1708828606.205
2020,1708828606.225
2021,1708828606.245
2022,1708828606.265
2023,1708828606.285
2024,1708828606.305
2025,1708828606.335
2026,1708828606.355
2027,1708828606.375
2028,1708828606.395
2029,1708828606.415
2030,1708828606.435
2031,1708828606.455
2032,1708828606.485
2033,1708828606.505
2034,1708828606.525
2035,1708828606.545
2036,1708828606.565
2037,1708828606.585
2038,1708828606.605
2039,1708828606.625
2040,1708828606.655
2041,1708828606.675
2042,1708828606.695
2043,1708828606.715
2044,1708828606.735
2045,1708828606.755
2046,1708828606.775
2047,1708828606.805
2048,1708828606.825
2049,1708828606.845
2050,1708828606.865
2051,1708828606.885
2052,1708828606.905
2053,1708828606.925
2054,1708828606.945
2055,1708828606.975
2056,1708828606.995
2057,1708828607.015
2058,1708828607.035
2059,1708828607.055
2060,1708828607.075
2061,1708828607.095
2062,1708828607.125
2063,1708828607.145
2064,1708828607.165
2065,1708828607.185
2066,1708828607.205
2067,1708828607.225
2068,1708828607.245
2069,1708828607.265
2070,1708828607.295
2071,1708828607.315
2072,1708828607.335
2073,1708828607.355
2074,1708828607.375
2075,1708828607.395
2076,1708828607.415
2077,1708828607.445
2078,1708828607.465
2079,1708828607.485
2080,1708828607.505
2081,1708828607.525
2082,1708828607.545
2083,1708828607.565
2084,1708828607.585
2085,1708828607.615
2086,1708828607.635
2087,1708828607.655
2088,1708828607.675
2089,1708828607.695
2090,1708828607.715
2091,1708828607.735
2092,1708828607.765
2093,1708828607.785
2094,1708828607.805
2095,1708828607.825
2096,1708828607.845
2097,1708828607.865
2098,1708828607.885
2099,1708828607.905
2100,1708828607.935
2101,1708828607.955
2102,1708828607.975
2103,1708828607.995
2104,1708828608.015
2105,1708828608.035
2106,1708828608.055
2107,1708828608.085
2108,1708828608.105
2109,1708828608.125
2110,1708828608.145
2111,1708828608.165
2112,1708828608.185
2113,1708828608.205
2114,1708828608.225
2115,1708828608.255
2116,1708828608.275
2117,1708828608.295
2118,1708828608.315
2119,1708828608.335
2120,1708828608.355
2121,1708828608.375
2122,1708828608.405
2123,1708828608.425
2124,1708828608.445
2125,1708828608.465
2126,1708828608.485
2127,1708828608.505
2128,1708828608.525
2129,1708828608.545
2130,1708828608.575
2131,1708828608.595
2132,1708828608.615
2133,1708828608.635
2134,1708828608.655
2135,1708828608.675
2136,1708828608.695
2137,1708828608.725
2138,1708828608.745
2139,1708828608.765
2140,1708828608.785
2141,1708828608.805
2142,1708828608.825
2143,1708828608.845
2144,1708828608.865
2145,1708828608.895
2146,1708828608.915
2147,1708828608.935
2148,1708828608.955
2149,1708828608.975
2150,1708828608.995
2151,1708828609.015
2152,1708828609.045
2153,1708828609.065
2154,1708828609.085
2155,1708828609.105
2156,1708828609.125
2157,1708828609.145
2158,1708828609.165
2159,1708828609.185
2160,1708828609.215
2161,1708828609.235
2162,1708828609.255
2163,1708828609.275
2164,1708828609.295
2165,1708828609.315
2166,1708828609.335
2167,1708828609.365
2168,1708828609.385
2169,1708828609.405
2170,1708828609.425
2171,1708828609.445
2172,1708828609.465
2173,1708828609.485
2174,1708828609.505
2175,1708828609.535
2176,1708828609.555
2177,1708828609.575
2178,1708828609.595
2179,1708828609.615
2180,1708828609.635
2181,1708828609.655
2182,1708828609.685
2183,1708828609.705
2184,1708828609.725
2185,1708828609.745
2186,1708828609.765
2187,1708828609.785
2188,1708828609.805
2189,1708828609.825
2190,1708828609.855
2191,1708828609.875
2192,1708828609.895
2193,1708828609.915
2194,1708828609.935
2195,1708828609.955
2196,1708828609.975
2197,1708828610.005
2198,1708828610.025
2199,1708828610.045
2200,1708828610.065
2201,1708828610.085
2202,1708828610.105
2203,1708828610.125
2204,1708828610.145
2205,1708828610.175
2206,1708828610.195
2207,1708828610.215
2208,1708828610.235
2209,1708828610.255
2210,1708828610.275
2211,1708828610.295
2212,1708828610.325
2213,1708828610.345
2214,1708828610.365
2215,1708828610.385
2216,1708828610.405
2217,1708828610.425
2218,1708828610.445
2219,1708828610.465
2220,1708828610.495
2221,1708828610.515
2222,1708828610.535
2223,1708828610.555
2224,1708828610.575
2225,1708828610.595
2226,1708828610.615
2227,1708828610.645
2228,1708828610.665
2229,1708828610.685
2230,1708828610.705
2231,1708828610.725
2232,1708828610.745
2233,1708828610.765
2234,1708828610.785
2235,1708828610.815
2236,1708828610.835
2237,1708828610.855
2238,1708828610.875
2239,1708828610.895
2240,1708828610.915
2241,1708828610.935
2242,1708828610.965
2243,1708828610.985
2244,1708828611.005
2245,1708828611.025
2246,1708828611.045
2247,1708828611.065
2248,1708828611.085
2249,1708828611.105
2250,1708828611.135
2251,1708828611.155
2252,1708828611.175
2253,1708828611.195
2254,1708828611.215
2255,1708828611.235
2256,1708828611.255
2257,1708828611.285
2258,1708828611.305
2259,1708828611.325
2260,1708828611.345
2261,1708828611.365
2262,1708828611.385
2263,1708828611.405
2264,1708828611.425
2265,1708828611.455
2266,1708828611.475
2267,1708828611.495
2268,1708828611.515
2269,1708828611.535
2270,1708828611.555
2271,1708828611.575
2272,1708828611.605
2273,1708828611.625
2274,1708828611.645
2275,1708828611.665
2276,1708828611.685
2277,1708828611.705
2278,1708828611.725
2279,1708828611.745
2280,1708828611.775
2281,1708828611.795
2282,1708828611.815
2283,1708828611.835
2284,1708828611.855
2285,1708828611.875
2286,1708828611.895
2287,1708828611.925
2288,1708828611.945
2289,1708828611.965
2290,1708828611.985
2291,1708828612.005
2292,1708828612.025
2293,1708828612.045
2294,1708828612.065
2295,1708828612.095
2296,1708828612.115
2297,1708828612.135
2298,1708828612.155
2299,1708828612.175
2300,1708828612.195
2301,1708828612.215
2302,1708828612.245
2303,1708828612.265
2304,1708828612.285
2305,1708828612.305
2306,1708828612.325
2307,1708828612.345
2308,1708828612.365
2309,1708828612.385
2310,1708828612.415
2311,1708828612.435
2312,1708828612.455
2313,1708828612.475
2314,1708828612.495
2315,1708828612.515
2316,1708828612.535
2317,1708828612.565
2318,1708828612.585
2319,1708828612.605
2320,1708828612.625
2321,1708828612.645
2322,1708828612.665
2323,1708828612.685
2324,1708828612.705
2325,1708828612.735
2326,1708828612.755
2327,1708828612.775
2328,1708828612.795
2329,1708828612.815
2330,1708828612.835
2331,1708828612.855
2332,1708828612.885
2333,1708828612.905
2334,1708828612.925
2335,1708828612.945
2336,1708828612.965
2337,1708828612.985
2338,1708828613.005
2339,1708828613.025
2340,1708828613.055
2341,1708828613.075
2342,1708828613.095
2343,1708828613.115
2344,1708828613.135
2345,1708828613.155
2346,1708828613.175
2347,1708828613.205
2348,1708828613.225
2349,1708828613.245
2350,1708828613.265
2351,1708828613.285
2352,1708828613.305
2353,1708828613.325
2354,1708828613.345
2355,1708828613.375
2356,1708828613.395
2357,1708828613.415
2358,1708828613.435
2359,1708828613.455
2360,1708828613.475
2361,1708828613.495
2362,1708828613.525
2363,1708828613.545
2364,1708828613.565
2365,1708828613.585
2366,1708828613.605
2367,1708828613.625
2368,1708828613.645
2369,1708828613.665
2370,1708828613.695
2371,1708828613.715
2372,1708828613.735
2373,1708828613.755
2374,1708828613.775
2375,1708828613.795
2376,1708828613.815
2377,1708828613.845
2378,1708828613.865
2379,1708828613.885
2380,1708828613.905
2381,1708828613.925
2382,1708828613.945
2383,1708828613.965
2384,1708828613.985
2385,1708828614.015
2386,1708828614.035
2387,1708828614.055
2388,1708828614.075
2389,1708828614.095
2390,1708828614.115
2391,1708828614.135
2392,1708828614.165
2393,1708828614.185
2394,1708828614.205
2395,1708828614.225
2396,1708828614.245
2397,1708828614.265
2398,1708828614.285
2399,1708828614.305
2400,1708828614.335
2401,1708828614.355
2402,1708828614.375
2403,1708828614.395
2404,1708828614.415
2405,1708828614.435
2406,1708828614.455
2407,1708828614.485
2408,1708828614.505
2409,1708828614.525
2410,1708828614.545
2411,1708828614.565
2412,1708828614.585
2413,1708828614.605
2414,1708828614.625
2415,1708828614.655
2416,1708828614.675
2417,1708828614.695
2418,1708828614.715
2419,1708828614.735
2420,1708828614.755
2421,1708828614.775
2422,1708828614.805
2423,1708828614.825
2424,1708828614.845
2425,1708828614.865
2426,1708828614.885
2427,1708828614.905
2428,1708828614.925
2429,1708828614.945
2430,1708828614.975
2431,1708828614.995
2432,1708828615.015
2433,1708828615.035
2434,1708828615.055
2435,1708828615.075
2436,1708828615.095
2437,1708828615.125
2438,1708828615.145
2439,1708828615.165
2440,1708828615.185
2441,1708828615.205
2442,1708828615.225
2443,1708828615.245
2444,1708828615.265
2445,1708828615.295
2446,1708828615.315
2447,1708828615.335
2448,1708828615.355
2449,1708828615.375
2450,1708828615.395
2451,1708828615.415
2452,1708828615.445
2453,1708828615.465
2454,1708828615.485
2455,1708828615.505
2456,1708828615.525
2457,1708828615.545
2458,1708828615.565
2459,1708828615.585
2460,1708828615.615
2461,1708828615.635
2462,1708828615.655
2463,1708828615.675
2464,1708828615.695
2465,1708828615.715
2466,1708828615.735
2467,1708828615.765
2468,1708828615.785
2469,1708828615.805
2470,1708828615.825
2471,1708828615.845
2472,1708828615.865
2473,1708828615.885
2474,1708828615.905
2475,1708828615.935
2476,1708828615.955
2477,1708828615.975
2478,1708828615.995
2479,1708828616.015
2480,1708828616.035
2481,1708828616.055
2482,1708828616.085
2483,1708828616.105
2484,1708828616.125
2485,1708828616.145
2486,1708828616.165
2487,1708828616.185
2488,1708828616.205
2489,1708828616.225
2490,1708828616.255
2491,1708828616.275
2492,1708828616.295
2493,1708828616.315
2494,1708828616.335
2495,1708828616.355
2496,1708828616.375
2497,1708828616.405
2498,1708828616.425
2499,1708828616.445
2500,1708828616.465
2501,1708828616.485
2502,1708828616.505
2503,1708828616.525
2504,1708828616.545
2505,1708828616.575
2506,1708828616.595
2507,1708828616.615
2508,1708828616.635
2509,1708828616.655
2510,1708828616.675
2511,1708828616.695
2512,1708828616.725
2513,1708828616.745
2514,1708828616.765
2515,1708828616.785
2516,1708828616.805
2517,1708828616.825
2518,1708828616.845
2519,1708828616.865
2520,1708828616.895
2521,1708828616.915
2522,1708828616.935
2523,1708828616.955
2524,1708828616.975
2525,1708828616.995
2526,1708828617.015
2527,1708828617.045
2528,1708828617.065
2529,1708828617.085
2530,1708828617.105
2531,1708828617.125
2532,1708828617.145
2533,1708828617.165
2534,1708828617.185
2535,1708828617.215
2536,1708828617.235
2537,1708828617.255
2538,1708828617.275
2539,1708828617.295
2540,1708828617.315
2541,1708828617.335
2542,1708828617.365
2543,1708828617.385
2544,1708828617.405
2545,1708828617.425
2546,1708828617.445
2547,1708828617.465
2548,1708828617.485
2549,1708828617.505
2550,1708828617.535
2551,1708828617.555
2552,1708828617.575
2553,1708828617.595
2554,1708828617.615
2555,1708828617.635
2556,1708828617.655
2557,1708828617.685
2558,1708828617.705
2559,1708828617.725
2560,1708828617.745
2561,1708828617.765
2562,1708828617.785
2563,1708828617.805
2564,1708828617.825
2565,1708828617.855
2566,1708828617.875
2567,1708828617.895
2568,1708828617.915
2569,1708828617.935
2570,1708828617.955
2571,1708828617.975
2572,1708828618.005
2573,1708828618.025
2574,1708828618.045
2575,1708828618.065
2576,1708828618.085
2577,1708828618.105
2578,1708828618.125
2579,1708828618.145
2580,1708828618.175
2581,1708828618.195
2582,1708828618.215
2583,1708828618.235
2584,1708828618.255
2585,1708828618.275
2586,1708828618.295
2587,1708828618.325
2588,1708828618.345
2589,1708828618.365
2590,1708828618.385
2591,1708828618.405
2592,1708828618.425
2593,1708828618.445
2594,1708828618.465
2595,1708828618.495
2596,1708828618.515
2597,1708828618.535
2598,1708828618.555
2599,1708828618.575
2600,1708828618.595
2601,1708828618.615
2602,1708828618.645
2603,1708828618.665
2604,1708828618.685
2605,1708828618.705
2606,1708828618.725
2607,1708828618.745
2608,1708828618.765
2609,1708828618.785
2610,1708828618.815
2611,1708828618.835
2612,1708828618.855
2613,1708828618.875
2614,1708828618.895
2615,1708828618.915
2616,1708828618.935
2617,1708828618.965
2618,1708828618.985
2619,1708828619.005
2620,1708828619.025
2621,1708828619.045
2622,1708828619.065
2623,1708828619.085
2624,1708828619.105
2625,1708828619.135
2626,1708828619.155
2627,1708828619.175
2628,1708828619.195
2629,1708828619.215
2630,1708828619.235
2631,1708828619.255
2632,1708828619.285
2633,1708828619.305
2634,1708828619.325
2635,1708828619.345
2636,1708828619.365
2637,1708828619.385
2638,1708828619.405
2639,1708828619.425
2640,1708828619.455
2641,1708828619.475
2642,1708828619.495
2643,1708828619.515
2644,1708828619.535
2645,1708828619.555
2646,1708828619.575
2647,1708828619.605
2648,1708828619.625
2649,1708828619.645
2650,1708828619.665
2651,1708828619.685
2652,1708828619.705
2653,1708828619.725
2654,1708828619.745
2655,1708828619.775
2656,1708828619.795
2657,1708828619.815
2658,1708828619.835
2659,1708828619.855
2660,1708828619.875
2661,1708828619.895
2662,1708828619.925
2663,1708828619.945
2664,1708828619.965
2665,1708828619.985
2666,1708828620.005
2667,1708828620.025
2668,1708828620.045
2669,1708828620.065
2670,1708828620.095
2671,1708828620.115
2672,1708828620.135
2673,1708828620.155
2674,1708828620.175
2675,1708828620.195
2676,1708828620.215
2677,1708828620.245
2678,1708828620.265
2679,1708828620.285
2680,1708828620.305
2681,1708828620.325
2682,1708828620.345
2683,1708828620.365
2684,1708828620.385
2685,1708828620.415
2686,1708828620.435
2687,1708828620.455
2688,1708828620.475
2689,1708828620.495
2690,1708828620.515
2691,1708828620.535
2692,1708828620.565
2693,1708828620.585
2694,1708828620.605
2695,1708828620.625
2696,1708828620.645
2697,1708828620.665
2698,1708828620.685
2699,1708828620.705
2700,1708828620.735
2701,1708828620.755
2702,1708828620.775
2703,1708828620.795
2704,1708828620.815
2705,1708828620.835
2706,1708828620.855
2707,1708828620.885
2708,1708828620.905
2709,1708828620.925
2710,1708828620.945
2711,1708828620.965
2712,1708828620.985
2713,1708828621.005
2714,1708828621.025
2715,1708828621.055
2716,1708828621.075
2717,1708828621.095
2718,1708828621.115
2719,1708828621.135
2720,1708828621.155
2721,1708828621.175
2722,1708828621.205
2723,1708828621.225
2724,1708828621.245
2725,1708828621.265
2726,1708828621.285
2727,1708828621.305
2728,1708828621.325
2729,1708828621.345
2730,1708828621.375
2731,1708828621.395
2732,1708828621.415
2733,1708828621.435
2734,1708828621.455
2735,1708828621.475
2736,1708828621.495
2737,1708828621.525
2738,1708828621.545
2739,1708828621.565
2740,1708828621.585
2741,1708828621.605
2742,1708828621.625
2743,1708828621.645
2744,1708828621.665
2745,1708828621.695
2746,1708828621.715
2747,1708828621.735
2748,1708828621.755
2749,1708828621.775
2750,1708828621.795
2751,1708828621.815
2752,1708828621.845
2753,1708828621.865
2754,1708828621.885
2755,1708828621.905
2756,1708828621.925
2757,1708828621.945
2758,1708828621.965
2759,1708828621.985
2760,1708828622.015
2761,1708828622.035
2762,1708828622.055
2763,1708828622.075
2764,1708828622.095
2765,1708828622.115
2766,1708828622.135
2767,1708828622.165
2768,1708828622.185
2769,1708828622.205
2770,1708828622.225
2771,1708828622.245
2772,1708828622.265
2773,1708828622.285
2774,1708828622.305
2775,1708828622.335
2776,1708828622.355
2777,1708828622.375
2778,1708828622.395
2779,1708828622.415
2780,1708828622.435
2781,1708828622.455
2782,1708828622.485
2783,1708828622.505
2784,1708828622.525
2785,1708828622.545
2786,1708828622.565
2787,1708828622.585
2788,1708828622.605
2789,1708828622.625
2790,1708828622.655
2791,1708828622.675
2792,1708828622.695
2793,1708828622.715
2794,1708828622.735
2795,1708828622.755
2796,1708828622.775
2797,1708828622.805
2798,1708828622.825
2799,1708828622.845
2800,1708828622.865
2801,1708828622.885
2802,1708828622.905
2803,1708828622.925
2804,1708828622.945
2805,1708828622.975
2806,1708828622.995
2807,1708828623.015
2808,1708828623.035
2809,1708828623.055
2810,1708828623.075
2811,1708828623.095
2812,1708828623.125
2813,1708828623.145
2814,1708828623.165
2815,1708828623.185
2816,1708828623.205
2817,1708828623.225
2818,1708828623.245
2819,1708828623.265
2820,1708828623.295
2821,1708828623.315
2822,1708828623.335
2823,1708828623.355
2824,1708828623.375
2825,1708828623.395
2826,1708828623.415
2827,1708828623.445
2828,1708828623.465
2829,1708828623.485
2830,1708828623.505
2831,1708828623.525
2832,1708828623.545
2833,1708828623.565
2834,1708828623.585
2835,1708828623.615
2836,1708828623.635
2837,1708828623.655
2838,1708828623.675
2839,1708828623.695
2840,1708828623.715
2841,1708828623.735
2842,1708828623.765
2843,1708828623.785
2844,1708828623.805
2845,1708828623.825
2846,1708828623.845
2847,1708828623.865
2848,1708828623.885
2849,1708828623.905
2850,1708828623.935
2851,1708828623.955
2852,1708828623.975
2853,1708828623.995
2854,1708828624.015
2855,1708828624.035
2856,1708828624.055
2857,1708828624.085
2858,1708828624.105
2859,1708828624.125
2860,1708828624.145
2861,1708828624.165
2862,1708828624.185
2863,1708828624.205
2864,1708828624.225
2865,1708828624.255
2866,1708828624.275
2867,1708828624.295
2868,1708828624.315
2869,1708828624.335
2870,1708828624.355
2871,1708828624.375
2872,1708828624.405
2873,1708828624.425
2874,1708828624.445
2875,1708828624.465
2876,1708828624.485
2877,1708828624.505
2878,1708828624.525
2879,1708828624.545
2880,1708828624.575
2881,1708828624.595
2882,1708828624.615
2883,1708828624.635
2884,1708828624.655
2885,1708828624.675
2886,1708828624.695
2887,1708828624.725
2888,1708828624.745
2889,1708828624.765
2890,1708828624.785
2891,1708828624.805
2892,1708828624.825
2893,1708828624.845
2894,1708828624.865
2895,1708828624.895
2896,1708828624.915
2897,1708828624.935
2898,1708828624.955
2899,1708828624.975
2900,1708828624.995
2901,1708828625.015
2902,1708828625.045
2903,1708828625.065
2904,1708828625.085
2905,1708828625.105
2906,1708828625.125
2907,1708828625.145
2908,1708828625.165
2909,1708828625.185
2910,1708828625.215
2911,1708828625.235
2912,1708828625.255
2913,1708828625.275
2914,1708828625.295
2915,1708828625.315
2916,1708828625.335
2917,1708828625.365
2918,1708828625.385
2919,1708828625.405
2920,1708828625.425
2921,1708828625.445
2922,1708828625.465
2923,1708828625.485
2924,1708828625.505
2925,1708828625.535
2926,1708828625.555
2927,1708828625.575
2928,1708828625.595
2929,1708828625.615
2930,1708828625.635
2931,1708828625.655
2932,1708828625.685
2933,1708828625.705
2934,1708828625.725
2935,1708828625.745
2936,1708828625.765
2937,1708828625.785
2938,1708828625.805
2939,1708828625.825
2940,1708828625.855
2941,1708828625.875
2942,1708828625.895
2943,1708828625.915
2944,1708828625.935
2945,1708828625.955
2946,1708828625.975
2947,1708828626.005
2948,1708828626.025
2949,1708828626.045
2950,1708828626.065
2951,1708828626.085
2952,1708828626.105
2953,1708828626.125
2954,1708828626.145
2955,1708828626.175
2956,1708828626.195
2957,1708828626.215
2958,1708828626.235
2959,1708828626.255
2960,1708828626.275
2961,1708828626.295
2962,1708828626.325
2963,1708828626.345
2964,1708828626.365
2965,1708828626.385
2966,1708828626.405
2967,1708828626.425
2968,1708828626.445
2969,1708828626.465
2970,1708828626.495
2971,1708828626.515
2972,1708828626.535
2973,1708828626.555
2974,1708828626.575
2975,1708828626.595
2976,1708828626.615
2977,1708828626.645
2978,1708828626.665
2979,1708828626.685
2980,1708828626.705
2981,1708828626.725
2982,1708828626.745
2983,1708828626.765
2984,1708828626.785
2985,1708828626.815
2986,1708828626.835
2987,1708828626.855
2988,1708828626.875
2989,1708828626.895
2990,1708828626.915
2991,1708828626.935
2992,1708828626.965
2993,1708828626.985
2994,1708828627.005
2995,1708828627.025
2996,1708828627.045
2997,1708828627.065
2998,1708828627.085
2999,1708828627.105
3000,1708828627.135
3001,1708828627.155
3002,1708828627.175
3003,1708828627.195
3004,1708828627.215
3005,1708828627.235
3006,1708828627.255
3007,1708828627.285
3008,1708828627.305
3009,1708828627.325
3010,1708828627.345
3011,1708828627.365
3012,1708828627.385
3013,1708828627.405
3014,1708828627.425
3015,1708828627.455
3016,1708828627.475
3017,1708828627.495
3018,1708828627.515
3019,1708828627.535
3020,1708828627.555
3021,1708828627.575
3022,1708828627.605
3023,1708828627.625
3024,1708828627.645
3025,1708828627.665
3026,1708828627.685
3027,1708828627.705
3028,1708828627.725
3029,1708828627.745
3030,1708828627.775
3031,1708828627.795
3032,1708828627.815
3033,1708828627.835
3034,1708828627.855
3035,1708828627.875
3036,1708828627.895
3037,1708828627.925
3038,1708828627.945
3039,1708828627.965
3040,1708828627.985
3041,1708828628.005
3042,1708828628.025
3043,1708828628.045
3044,1708828628.065
3045,1708828628.095
3046,1708828628.115
3047,1708828628.135
3048,1708828628.155
3049,1708828628.175
3050,1708828628.195
3051,1708828628.215
3052,1708828628.245
3053,1708828628.265
3054,1708828628.285
3055,1708828628.305
3056,1708828628.325
3057,1708828628.345
3058,1708828628.365
3059,1708828628.385
3060,1708828628.415
3061,1708828628.435
3062,1708828628.455
3063,1708828628.475
3064,1708828628.495
3065,1708828628.515
3066,1708828628.535
3067,1708828628.565
3068,1708828628.585
3069,1708828628.605
3070,1708828628.625
3071,1708828628.645
3072,1708828628.665
3073,1708828628.685
3074,1708828628.705
3075,1708828628.735
3076,1708828628.755
3077,1708828628.775
3078,1708828628.795
3079,1708828628.815
3080,1708828628.835
3081,1708828628.855
3082,1708828628.885
3083,1708828628.905
3084,1708828628.925
3085,1708828628.945
3086,1708828628.965
3087,1708828628.985
3088,1708828629.005
3089,1708828629.025
3090,1708828629.055
3091,1708828629.075
3092,1708828629.095
3093,1708828629.115
3094,1708828629.135
3095,1708828629.155
3096,1708828629.175
3097,1708828629.205
3098,1708828629.225
3099,1708828629.245
3100,1708828629.265
3101,1708828629.285
3102,1708828629.305
3103,1708828629.325
3104,1708828629.345
3105,1708828629.375
3106,1708828629.395
3107,1708828629.415
3108,1708828629.435
3109,1708828629.455
3110,1708828629.475
3111,1708828629.495
3112,1708828629.525
3113,1708828629.545
3114,1708828629.565
3115,1708828629.585
3116,1708828629.605
3117,1708828629.625
3118,1708828629.645
3119,1708828629.665
3120,1708828629.695
3121,1708828629.715
3122,1708828629.735
3123,1708828629.755
3124,1708828629.775
3125,1708828629.795
3126,1708828629.815
3127,1708828629.845
3128,1708828629.865
3129,1708828629.885
3130,1708828629.905
3131,1708828629.925
3132,1708828629.945
3133,1708828629.965
3134,1708828629.985
3135,1708828630.015
3136,1708828630.035
3137,1708828630.055
3138,1708828630.075
3139,1708828630.095
3140,1708828630.115
3141,1708828630.135
3142,1708828630.165
3143,1708828630.185
3144,1708828630.205
3145,1708828630.225
3146,1708828630.245
3147,1708828630.265
3148,1708828630.285
3149,1708828630.305
3150,1708828630.335
3151,1708828630.355
3152,1708828630.375
3153,1708828630.395
3154,1708828630.415
3155,1708828630.435
3156,1708828630.455
3157,1708828630.485
3158,1708828630.505
3159,1708828630.525
3160,1708828630.545
3161,1708828630.565
3162,1708828630.585
3163,1708828630.605
3164,1708828630.625
3165,1708828630.655
3166,1708828630.675
3167,1708828630.695
3168,1708828630.715
3169,1708828630.735
3170,1708828630.755
3171,1708828630.775
3172,1708828630.805
3173,1708828630.825
3174,1708828630.845
3175,1708828630.865
3176,1708828630.885
3177,1708828630.905
3178,1708828630.925
3179,1708828630.945
3180,1708828630.975
3181,1708828630.995
3182,1708828631.015
3183,1708828631.035
3184,1708828631.055
3185,1708828631.075
3186,1708828631.095
3187,1708828631.125
3188,1708828631.145
3189,1708828631.165
3190,1708828631.185
3191,1708828631.205
3192,1708828631.225
3193,1708828631.245
3194,1708828631.265
3195,1708828631.295
3196,1708828631.315
3197,1708828631.335
3198,1708828631.355
3199,1708828631.375
3200,1708828631.395
3201,1708828631.415
3202,1708828631.445
3203,1708828631.465
3204,1708828631.485
3205,1708828631.505
3206,1708828631.525
3207,1708828631.545
3208,1708828631.565
3209,1708828631.585
3210,1708828631.615
3211,1708828631.635
3212,1708828631.655
3213,1708828631.675
3214,1708828631.695
3215,1708828631.715
3216,1708828631.735
3217,1708828631.765
3218,1708828631.785
3219,1708828631.805
3220,1708828631.825
3221,1708828631.845
3222,1708828631.865
3223,1708828631.885
3224,1708828631.905
3225,1708828631.935
3226,1708828631.955
3227,1708828631.975
3228,1708828631.995
3229,1708828632.015
3230,1708828632.035
3231,1708828632.055
3232,1708828632.085
3233,1708828632.105
3234,1708828632.125
3235,1708828632.145
3236,1708828632.165
3237,1708828632.185
3238,1708828632.205
3239,1708828632.225
3240,1708828632.255
3241,1708828632.275
3242,1708828632.295
3243,1708828632.315
3244,1708828632.335
3245,1708828632.355
3246,1708828632.375
3247,1708828632.405
3248,1708828632.425
3249,1708828632.445
3250,1708828632.465
3251,1708828632.485
3252,1708828632.505
3253,1708828632.525
3254,1708828632.545
3255,1708828632.575
3256,1708828632.595
3257,1708828632.615
3258,1708828632.635
3259,1708828632.655
3260,1708828632.675
3261,1708828632.695
3262,1708828632.725
3263,1708828632.745
3264,1708828632.765
3265,1708828632.785
3266,1708828632.805
3267,1708828632.825
3268,1708828632.845
3269,1708828632.865
3270,1708828632.895
3271,1708828632.915
3272,1708828632.935
3273,1708828632.955
3274,1708828632.975
3275,1708828632.995
3276,1708828633.015
3277,1708828633.045
3278,1708828633.065
3279,1708828633.085
3280,1708828633.105
3281,1708828633.125
3282,1708828633.145
3283,1708828633.165
3284,1708828633.185
3285,1708828633.215
3286,1708828633.235
3287,1708828633.255
3288,1708828633.275
3289,1708828633.295
3290,1708828633.315
3291,1708828633.335
3292,1708828633.365
3293,1708828633.385
3294,1708828633.405
3295,1708828633.425
3296,1708828633.445
3297,1708828633.465
3298,1708828633.485
3299,1708828633.505
3300,1708828633.535
3301,1708828633.555
3302,1708828633.575
3303,1708828633.595
3304,1708828633.615
3305,1708828633.635
3306,1708828633.655
3307,1708828633.685
3308,1708828633.705
3309,1708828633.725
3310,1708828633.745
3311,1708828633.765
3312,1708828633.785
3313,1708828633.805
3314,1708828633.825
3315,1708828633.855
3316,1708828633.875
3317,1708828633.895
3318,1708828633.915
3319,1708828633.935
3320,1708828633.955
3321,1708828633.975
3322,1708828634.005
3323,1708828634.025
3324,1708828634.045
3325,1708828634.065
3326,1708828634.085
3327,1708828634.105
3328,1708828634.125
3329,1708828634.145
3330,1708828634.175
3331,1708828634.195
3332,1708828634.215
3333,1708828634.235
3334,1708828634.255
3335,1708828634.275
3336,1708828634.295
3337,1708828634.325
3338,1708828634.345
3339,1708828634.365
3340,1708828634.385
3341,1708828634.405
3342,1708828634.425
3343,1708828634.445
3344,1708828634.465
3345,1708828634.495
3346,1708828634.515
3347,1708828634.535
3348,1708828634.555
3349,1708828634.575
3350,1708828634.595
3351,1708828634.615
3352,1708828634.645
3353,1708828634.665
3354,1708828634.685
3355,1708828634.705
3356,1708828634.725
3357,1708828634.745
3358,1708828634.765
3359,1708828634.785
3360,1708828634.815
3361,1708828634.835
3362,1708828634.855
3363,1708828634.875
3364,1708828634.895
3365,1708828634.915
3366,1708828634.935
3367,1708828634.965
3368,1708828634.985
3369,1708828635.005
3370,1708828635.025
3371,1708828635.045
3372,1708828635.065
3373,1708828635.085
3374,1708828635.105
3375,1708828635.135
3376,1708828635.155
3377,1708828635.175
3378,1708828635.195
3379,1708828635.215
3380,1708828635.235
3381,1708828635.255
3382,1708828635.285
3383,1708828635.305
3384,1708828635.325
3385,1708828635.345
3386,1708828635.365
3387,1708828635.385
3388,1708828635.405
3389,1708828635.425
3390,1708828635.455
3391,1708828635.475
3392,1708828635.495
3393,1708828635.515
3394,1708828635.535
3395,1708828635.555
3396,1708828635.575
3397,1708828635.605
3398,1708828635.625
3399,1708828635.645
3400,1708828635.665
3401,1708828635.685
3402,1708828635.705
3403,1708828635.725
3404,1708828635.745
3405,1708828635.775
3406,1708828635.795
3407,1708828635.815
3408,1708828635.835
3409,1708828635.855
3410,1708828635.875
3411,1708828635.895
3412,1708828635.925
3413,1708828635.945
3414,1708828635.965
3415,1708828635.985
3416,1708828636.005
3417,1708828636.025
3418,1708828636.045
3419,1708828636.065
3420,1708828636.095
3421,1708828636.115
3422,1708828636.135
3423,1708828636.155
3424,1708828636.175
3425,1708828636.195
3426,1708828636.215
3427,1708828636.245
3428,1708828636.265
3429,1708828636.285
3430,1708828636.305
3431,1708828636.325
3432,1708828636.345
3433,1708828636.365
3434,1708828636.385
3435,1708828636.415
3436,1708828636.435
3437,1708828636.455
3438,1708828636.475
3439,1708828636.495
3440,1708828636.515
3441,1708828636.535
3442,1708828636.565
3443,1708828636.585
3444,1708828636.605
3445,1708828636.625
3446,1708828636.645
3447,1708828636.665
3448,1708828636.685
3449,1708828636.705
3450,1708828636.735
3451,1708828636.755
3452,1708828636.775
3453,1708828636.795
3454,1708828636.815
3455,1708828636.835
3456,1708828636.855
3457,1708828636.885
3458,1708828636.905
3459,1708828636.925
3460,1708828636.945
3461,1708828636.965
3462,1708828636.985
3463,1708828637.005
3464,1708828637.025
3465,1708828637.055
3466,1708828637.075
3467,1708828637.095
3468,1708828637.115
3469,1708828637.135
3470,1708828637.155
3471,1708828637.175
3472,1708828637.205
3473,1708828637.225
3474,1708828637.245
3475,1708828637.265
3476,1708828637.285
3477,1708828637.305
3478,1708828637.325
3479,1708828637.345
3480,1708828637.375
3481,1708828637.395
3482,1708828637.415
3483,1708828637.435
3484,1708828637.455
3485,1708828637.475
3486,1708828637.495
3487,1708828637.525
3488,1708828637.545
3489,1708828637.565
3490,1708828637.585
3491,1708828637.605
3492,1708828637.625
3493,1708828637.645
3494,1708828637.665
3495,1708828637.695
3496,1708828637.715
3497,1708828637.735
3498,1708828637.755
3499,1708828637.775
3500,1708828637.795
3501,1708828637.815
3502,1708828637.845
3503,1708828637.865
3504,1708828637.885
3505,1708828637.905
3506,1708828637.925
3507,1708828637.945
3508,1708828637.965
3509,1708828637.985
3510,1708828638.015
3511,1708828638.035
3512,1708828638.055
3513,1708828638.075
3514,1708828638.095
3515,1708828638.115
3516,1708828638.135
3517,1708828638.165
3518,1708828638.185
3519,1708828638.205
3520,1708828638.225
3521,1708828638.245
3522,1708828638.265
3523,1708828638.285
3524,1708828638.305
3525,1708828638.335
3526,1708828638.355
3527,1708828638.375
3528,1708828638.395
3529,1708828638.415
3530,1708828638.435
3531,1708828638.455
3532,1708828638.485
3533,1708828638.505
3534,1708828638.525
3535,1708828638.545
3536,1708828638.565
3537,1708828638.585
3538,1708828638.605
3539,1708828638.625
3540,1708828638.655
3541,1708828638.675
3542,1708828638.695
3543,1708828638.715
3544,1708828638.735
3545,1708828638.755
3546,1708828638.775
3547,1708828638.805
3548,1708828638.825
3549,1708828638.845
3550,1708828638.865
3551,1708828638.885
3552,1708828638.905
3553,1708828638.925
3554,1708828638.945
3555,1708828638.975
3556,1708828638.995
3557,1708828639.015
3558,1708828639.035
3559,1708828639.055
3560,1708828639.075
3561,1708828639.095
3562,1708828639.125
3563,1708828639.145
3564,1708828639.165
3565,1708828639.185
3566,1708828639.205
3567,1708828639.225
3568,1708828639.245
3569,1708828639.265
3570,1708828639.295
3571,1708828639.315
3572,1708828639.335
3573,1708828639.355
3574,1708828639.375
3575,1708828639.395
3576,1708828639.415
3577,1708828639.445
3578,1708828639.465
3579,1708828639.485
3580,1708828639.505
3581,1708828639.525
3582,1708828639.545
3583,1708828639.565
3584,1708828639.585
3585,1708828639.615
3586,1708828639.635
3587,1708828639.655
3588,1708828639.675
3589,1708828639.695
3590,1708828639.715
3591,1708828639.735
3592,1708828639.765
3593,1708828639.785
3594,1708828639.805
3595,1708828639.825
3596,1708828639.845
3597,1708828639.865
3598,1708828639.885
3599,1708828639.905
3600,1708828639.935
3601,1708828639.955
3602,1708828639.975
3603,1708828639.995
3604,1708828640.015
3605,1708828640.035
3606,1708828640.055
3607,1708828640.085
3608,1708828640.105
3609,1708828640.125
3610,1708828640.145
3611,1708828640.165
3612,1708828640.185
3613,1708828640.205
3614,1708828640.225
3615,1708828640.255
3616,1708828640.275
3617,1708828640.295
3618,1708828640.315
3619,1708828640.335
3620,1708828640.355
3621,1708828640.375
3622,1708828640.405
3623,1708828640.425
3624,1708828640.445
3625,1708828640.465
3626,1708828640.485
3627,1708828640.505
3628,1708828640.525
3629,1708828640.545
3630,1708828640.575
3631,1708828640.595
3632,1708828640.615
3633,1708828640.635
3634,1708828640.655
3635,1708828640.675
3636,1708828640.695
3637,1708828640.725
3638,1708828640.745
3639,1708828640.765
3640,1708828640.785
3641,1708828640.805
3642,1708828640.825
3643,1708828640.845
3644,1708828640.865
3645,1708828640.895
3646,1708828640.915
3647,1708828640.935
3648,1708828640.955
3649,1708828640.975
3650,1708828640.995
3651,1708828641.015
3652,1708828641.045
3653,1708828641.065
3654,1708828641.085
3655,1708828641.105
3656,1708828641.125
3657,1708828641.145
3658,1708828641.165
3659,1708828641.185
3660,1708828641.215
3661,1708828641.235
3662,1708828641.255
3663,1708828641.275
3664,1708828641.295
3665,1708828641.315
3666,1708828641.335
3667,1708828641.365
3668,1708828641.385
3669,1708828641.405
3670,1708828641.425
3671,1708828641.445
3672,1708828641.465
3673,1708828641.485
3674,1708828641.505
3675,1708828641.535
3676,1708828641.555
3677,1708828641.575
3678,1708828641.595
3679,1708828641.615
3680,1708828641.635
3681,1708828641.655
3682,1708828641.685
3683,1708828641.705
3684,1708828641.725
3685,1708828641.745
3686,1708828641.765
3687,1708828641.785
3688,1708828641.805
3689,1708828641.825
3690,1708828641.855
3691,1708828641.875
3692,1708828641.895
3693,1708828641.915
3694,1708828641.935
3695,1708828641.955
3696,1708828641.975
3697,1708828642.005
3698,1708828642.025
3699,1708828642.045
3700,1708828642.065
3701,1708828642.085
3702,1708828642.105
3703,1708828642.125
3704,1708828642.145
3705,1708828642.175
3706,1708828642.195
3707,1708828642.215
3708,1708828642.235
3709,1708828642.255
3710,1708828642.275
3711,1708828642.295
3712,1708828642.325
3713,1708828642.345
3714,1708828642.365
3715,1708828642.385
3716,1708828642.405
3717,1708828642.425
3718,1708828642.445
3719,1708828642.465
3720,1708828642.495
3721,1708828642.515
3722,1708828642.535
3723,1708828642.555
3724,1708828642.575
3725,1708828642.595
3726,1708828642.615
3727,1708828642.645
3728,1708828642.665
3729,1708828642.685
3730,1708828642.705
3731,1708828642.725
3732,1708828642.745
3733,1708828642.765
3734,1708828642.785
3735,1708828642.815
3736,1708828642.835
3737,1708828642.855
3738,1708828642.875
3739,1708828642.895
3740,1708828642.915
3741,1708828642.935
3742,1708828642.965
3743,1708828642.985
3744,1708828643.005
3745,1708828643.025
3746,1708828643.045
3747,1708828643.065
3748,1708828643.085
3749,1708828643.105
3750,1708828643.135
3751,1708828643.155
3752,1708828643.175
3753,1708828643.195
3754,1708828643.215
3755,1708828643.235
3756,1708828643.255
3757,1708828643.285
3758,1708828643.305
3759,1708828643.325
3760,1708828643.345
3761,1708828643.365
3762,1708828643.385
3763,1708828643.405
3764,1708828643.425
3765,1708828643.455
3766,1708828643.475
3767,1708828643.495
3768,1708828643.515
3769,1708828643.535
3770,1708828643.555
3771,1708828643.575
3772,1708828643.605
3773,1708828643.625
3774,1708828643.645
3775,1708828643.665
3776,1708828643.685
3777,1708828643.705
3778,1708828643.725
3779,1708828643.745
3780,1708828643.775
3781,1708828643.795
3782,1708828643.815
3783,1708828643.835
3784,1708828643.855
3785,1708828643.875
3786,1708828643.895
3787,1708828643.925
3788,1708828643.945
3789,1708828643.965
3790,1708828643.985
3791,1708828644.005
3792,1708828644.025
3793,1708828644.045
3794,1708828644.065
3795,1708828644.095
3796,1708828644.115
3797,1708828644.135
3798,1708828644.155
3799,1708828644.175
3800,1708828644.195
3801,1708828644.215
3802,1708828644.245
3803,1708828644.265
3804,1708828644.285
3805,1708828644.305
3806,1708828644.325
3807,1708828644.345
3808,1708828644.365
3809,1708828644.385
3810,1708828644.415
3811,1708828644.435
3812,1708828644.455
3813,1708828644.475
3814,1708828644.495
3815,1708828644.515
3816,1708828644.535
3817,1708828644.565
3818,1708828644.585
3819,1708828644.605
3820,1708828644.625
3821,1708828644.645
3822,1708828644.665
3823,1708828644.685
3824,1708828644.705
3825,1708828644.735
3826,1708828644.755
3827,1708828644.775
3828,1708828644.795
3829,1708828644.815
3830,1708828644.835
3831,1708828644.855
3832,1708828644.885
3833,1708828644.905
3834,1708828644.925
3835,1708828644.945
3836,1708828644.965
3837,1708828644.985
3838,1708828645.005
3839,1708828645.025
3840,1708828645.055
3841,1708828645.075
3842,1708828645.095
3843,1708828645.115
3844,1708828645.135
3845,1708828645.155
3846,1708828645.175
3847,1708828645.205
3848,1708828645.225
3849,1708828645.245
3850,1708828645.265
3851,1708828645.285
3852,1708828645.305
3853,1708828645.325
3854,1708828645.345
3855,1708828645.375
3856,1708828645.395
3857,1708828645.415
3858,1708828645.435
3859,1708828645.455
3860,1708828645.475
3861,1708828645.495
3862,1708828645.525
3863,1708828645.545
3864,1708828645.565
3865,1708828645.585
3866,1708828645.605
3867,1708828645.625
3868,1708828645.645
3869,1708828645.665
3870,1708828645.695
3871,1708828645.715
3872,1708828645.735
3873,1708828645.755
3874,1708828645.775
3875,1708828645.795
3876,1708828645.815
3877,1708828645.845
3878,1708828645.865
3879,1708828645.885
3880,1708828645.905
3881,1708828645.925
3882,1708828645.945
3883,1708828645.965
3884,1708828645.985
3885,1708828646.015
3886,1708828646.035
3887,1708828646.055
3888,1708828646.075
3889,1708828646.095
3890,1708828646.115
3891,1708828646.135
3892,1708828646.165
3893,1708828646.185
3894,1708828646.205
3895,1708828646.225
3896,1708828646.245
3897,1708828646.265
3898,1708828646.285
3899,1708828646.305
3900,1708828646.335
3901,1708828646.355
3902,1708828646.375
3903,1708828646.395
3904,1708828646.415
3905,1708828646.435
3906,1708828646.455
3907,1708828646.485
3908,1708828646.505
3909,1708828646.525
3910,1708828646.545
3911,1708828646.565
3912,1708828646.585
3913,1708828646.605
3914,1708828646.625
3915,1708828646.655
3916,1708828646.675
3917,1708828646.695
3918,1708828646.715
3919,1708828646.735
3920,1708828646.755
3921,1708828646.775
3922,1708828646.805
3923,1708828646.825
3924,1708828646.845
3925,1708828646.865
3926,1708828646.885
3927,1708828646.905
3928,1708828646.925
3929,1708828646.945
3930,1708828646.975
3931,1708828646.995
3932,1708828647.015
3933,1708828647.035
3934,1708828647.055
3935,1708828647.075
3936,1708828647.095
3937,1708828647.125
3938,1708828647.145
3939,1708828647.165
3940,1708828647.185
3941,1708828647.205
3942,1708828647.225
3943,1708828647.245
3944,1708828647.265
3945,1708828647.295
3946,1708828647.315
3947,1708828647.335
3948,1708828647.355
3949,1708828647.375
3950,1708828647.395
3951,1708828647.415
3952,1708828647.445
3953,1708828647.465
3954,1708828647.485
3955,1708828647.505
3956,1708828647.525
3957,1708828647.545
3958,1708828647.565
3959,1708828647.585
3960,1708828647.615
3961,1708828647.635
3962,1708828647.655
3963,1708828647.675
3964,1708828647.695
3965,1708828647.715
3966,1708828647.735
3967,1708828647.765
3968,1708828647.785
3969,1708828647.805
3970,1708828647.825
3971,1708828647.845
3972,1708828647.865
3973,1708828647.885
3974,1708828647.905
3975,1708828647.935
3976,1708828647.955
3977,1708828647.975
3978,1708828647.995
3979,1708828648.015
3980,1708828648.035
3981,1708828648.055
3982,1708828648.085
3983,1708828648.105
3984,1708828648.125
3985,1708828648.145
3986,1708828648.165
3987,1708828648.185
3988,1708828648.205
3989,1708828648.225
3990,1708828648.255
3991,1708828648.275
3992,1708828648.295
3993,1708828648.315
3994,1708828648.335
3995,1708828648.355
3996,1708828648.375
3997,1708828648.405
3998,1708828648.425
3999,1708828648.445
4000,1708828648.465
4001,1708828648.485
4002,1708828648.505
4003,1708828648.525
4004,1708828648.545
4005,1708828648.575
4006,1708828648.595
4007,1708828648.615
4008,1708828648.635
4009,1708828648.655
4010,1708828648.675
4011,1708828648.695
4012,1708828648.725
4013,1708828648.745
4014,1708828648.765
4015,1708828648.785
4016,1708828648.805
4017,1708828648.825
4018,1708828648.845
4019,1708828648.865
4020,1708828648.895
4021,1708828648.915
4022,1708828648.935
4023,1708828648.955
4024,1708828648.975
4025,1708828648.995
4026,1708828649.015
4027,1708828649.045
4028,1708828649.065
4029,1708828649.085
4030,1708828649.105
4031,1708828649.125
4032,1708828649.145
4033,1708828649.165
4034,1708828649.185
4035,1708828649.215
4036,1708828649.235
4037,1708828649.255
4038,1708828649.275
4039,1708828649.295
4040,1708828649.315
4041,1708828649.335
4042,1708828649.365
4043,1708828649.385
4044,1708828649.405
4045,1708828649.425
4046,1708828649.445
4047,1708828649.465
4048,1708828649.485
4049,1708828649.505
4050,1708828649.535
4051,1708828649.555
4052,1708828649.575
4053,1708828649.595
4054,1708828649.615
4055,1708828649.635
4056,1708828649.655
4057,1708828649.685
4058,1708828649.705
4059,1708828649.725
4060,1708828649.745
4061,1708828649.765
4062,1708828649.785
4063,1708828649.805
4064,1708828649.825
4065,1708828649.855
4066,1708828649.875
4067,1708828649.895
4068,1708828649.915
4069,1708828649.935
4070,1708828649.955
4071,1708828649.975
4072,1708828650.005
4073,1708828650.025
4074,1708828650.045
4075,1708828650.065
4076,1708828650.085
4077,1708828650.105
4078,1708828650.125
4079,1708828650.145
4080,1708828650.175
4081,1708828650.195
4082,1708828650.215
4083,1708828650.235
4084,1708828650.255
4085,1708828650.275
4086,1708828650.295
4087,1708828650.325
4088,1708828650.345
4089,1708828650.365
4090,1708828650.385
4091,1708828650.405
4092,1708828650.425
4093,1708828650.445
4094,1708828650.465
4095,1708828650.495
4096,1708828650.515
4097,1708828650.535
4098,1708828650.555
4099,1708828650.575
4100,1708828650.595
4101,1708828650.615
4102,1708828650.645
4103,1708828650.665
4104,1708828650.685
4105,1708828650.705
4106,1708828650.725
4107,1708828650.745
4108,1708828650.765
4109,1708828650.785
4110,1708828650.815
4111,1708828650.835
4112,1708828650.855
4113,1708828650.875
4114,1708828650.895
4115,1708828650.915
4116,1708828650.935
4117,1708828650.965
4118,1708828650.985
4119,1708828651.005
4120,1708828651.025
4121,1708828651.045
4122,1708828651.065
4123,1708828651.085
4124,1708828651.105
4125,1708828651.135
4126,1708828651.155
4127,1708828651.175
4128,1708828651.195
4129,1708828651.215
4130,1708828651.235
4131,1708828651.255
4132,1708828651.285
4133,1708828651.305
4134,1708828651.325
4135,1708828651.345
4136,1708828651.365
4137,1708828651.385
4138,1708828651.405
4139,1708828651.425
4140,1708828651.455
4141,1708828651.475
4142,1708828651.495
4143,1708828651.515
4144,1708828651.535
4145,1708828651.555
4146,1708828651.575
4147,1708828651.605
4148,1708828651.625
4149,1708828651.645
4150,1708828651.665
4151,1708828651.685
4152,1708828651.705
4153,1708828651.725
4154,1708828651.745
4155,1708828651.775
4156,1708828651.795
4157,1708828651.815
4158,1708828651.835
4159,1708828651.855
4160,1708828651.875
4161,1708828651.895
4162,1708828651.925
4163,1708828651.945
4164,1708828651.965
4165,1708828651.985
4166,1708828652.005
4167,1708828652.025
4168,1708828652.045
4169,1708828652.065
4170,1708828652.095
4171,1708828652.115
4172,1708828652.135
4173,1708828652.155
4174,1708828652.175
4175,1708828652.195
4176,1708828652.215
4177,1708828652.245
4178,1708828652.265
4179,1708828652.285
4180,1708828652.305
4181,1708828652.325
4182,1708828652.345
4183,1708828652.365
4184,1708828652.385
4185,1708828652.415
4186,1708828652.435
4187,1708828652.455
4188,1708828652.475
4189,1708828652.495
4190,1708828652.515
4191,1708828652.535
4192,1708828652.565
4193,1708828652.585
4194,1708828652.605
4195,1708828652.625
4196,1708828652.645
4197,1708828652.665
4198,1708828652.685
4199,1708828652.705
4200,1708828652.735
4201,1708828652.755
4202,1708828652.775
4203,1708828652.795
4204,1708828652.815
4205,1708828652.835
4206,1708828652.855
4207,1708828652.885
4208,1708828652.905
4209,1708828652.925
4210,1708828652.945
4211,1708828652.965
4212,1708828652.985
4213,1708828653.005
4214,1708828653.025
4215,1708828653.055
4216,1708828653.075
4217,1708828653.095
4218,1708828653.115
4219,1708828653.135
4220,1708828653.155
4221,1708828653.175
4222,1708828653.205
4223,1708828653.225
4224,1708828653.245
4225,1708828653.265
4226,1708828653.285
4227,1708828653.305
4228,1708828653.325
4229,1708828653.345
4230,1708828653.375
4231,1708828653.395
4232,1708828653.415
4233,1708828653.435
4234,1708828653.455
4235,1708828653.475
4236,1708828653.495
4237,1708828653.525
4238,1708828653.545
4239,1708828653.565
4240,1708828653.585
4241,1708828653.605
4242,1708828653.625
4243,1708828653.645
4244,1708828653.665
4245,1708828653.695
4246,1708828653.715
4247,1708828653.735
4248,1708828653.755
4249,1708828653.775
4250,1708828653.795
4251,1708828653.815
4252,1708828653.845
4253,1708828653.865
4254,1708828653.885
4255,1708828653.905
4256,1708828653.925
4257,1708828653.945
4258,1708828653.965
4259,1708828653.985
4260,1708828654.015
4261,1708828654.035
4262,1708828654.055
4263,1708828654.075
4264,1708828654.095
4265,1708828654.115
4266,1708828654.135
4267,1708828654.165
4268,1708828654.185
4269,1708828654.205
4270,1708828654.225
4271,1708828654.245
4272,1708828654.265
4273,1708828654.285
4274,1708828654.305
4275,1708828654.335
4276,1708828654.355
4277,1708828654.375
4278,1708828654.395
4279,1708828654.415
4280,1708828654.435
4281,1708828654.455
4282,1708828654.485
4283,1708828654.505
4284,1708828654.525
4285,1708828654.545
4286,1708828654.565
4287,1708828654.585
4288,1708828654.605
4289,1708828654.625
4290,1708828654.655
4291,1708828654.675
4292,1708828654.695
4293,1708828654.715
4294,1708828654.735
4295,1708828654.755
4296,1708828654.775
4297,1708828654.805
4298,1708828654.825
4299,1708828654.845
4300,1708828654.865
4301,1708828654.885
4302,1708828654.905
4303,1708828654.925
4304,1708828654.945
4305,1708828654.975
4306,1708828654.995
4307,1708828655.015
4308,1708828655.035
4309,1708828655.055
4310,1708828655.075
4311,1708828655.095
4312,1708828655.125
4313,1708828655.145
4314,1708828655.165
4315,1708828655.185
4316,1708828655.205
4317,1708828655.225
4318,1708828655.245
4319,1708828655.265
4320,1708828655.295
4321,1708828655.315
4322,1708828655.335
4323,1708828655.355
4324,1708828655.375
4325,1708828655.395
4326,1708828655.415
4327,1708828655.445
4328,1708828655.465
4329,1708828655.485
4330,1708828655.505
4331,1708828655.525
4332,1708828655.545
4333,1708828655.565
4334,1708828655.585
4335,1708828655.615
4336,1708828655.635
4337,1708828655.655
4338,1708828655.675
4339,1708828655.695
4340,1708828655.715
4341,1708828655.735
4342,1708828655.765
4343,1708828655.785
4344,1708828655.805
4345,1708828655.825
4346,1708828655.845
4347,1708828655.865
4348,1708828655.885
4349,1708828655.905
4350,1708828655.935
4351,1708828655.955
4352,1708828655.975
4353,1708828655.995
4354,1708828656.015
4355,1708828656.035
4356,1708828656.055
4357,1708828656.085
4358,1708828656.105
4359,1708828656.125
4360,1708828656.145
4361,1708828656.165
4362,1708828656.185
4363,1708828656.205
4364,1708828656.225
4365,1708828656.255
4366,1708828656.275
4367,1708828656.295
4368,1708828656.315
4369,1708828656.335
4370,1708828656.355
4371,1708828656.375
4372,1708828656.405
4373,1708828656.425
4374,1708828656.445
4375,1708828656.465
4376,1708828656.485
4377,1708828656.505
4378,1708828656.525
4379,1708828656.545
4380,1708828656.575
4381,1708828656.595
4382,1708828656.615
4383,1708828656.635
4384,1708828656.655
4385,1708828656.675
4386,1708828656.695
4387,1708828656.725
4388,1708828656.745
4389,1708828656.765
4390,1708828656.785
4391,1708828656.805
4392,1708828656.825
4393,1708828656.845
4394,1708828656.865
4395,1708828656.895
4396,1708828656.915
4397,1708828656.935
4398,1708828656.955
4399,1708828656.975
4400,1708828656.995
4401,1708828657.015
4402,1708828657.045
4403,1708828657.065
4404,1708828657.085
4405,1708828657.105
4406,1708828657.125
4407,1708828657.145
4408,1708828657.165
4409,1708828657.185
4410,1708828657.215
4411,1708828657.235
4412,1708828657.255
4413,1708828657.275
4414,1708828657.295
4415,1708828657.315
4416,1708828657.335
4417,1708828657.365
4418,1708828657.385
4419,1708828657.405
4420,1708828657.425
4421,1708828657.445
4422,1708828657.465
4423,1708828657.485
4424,1708828657.505
4425,1708828657.535
4426,1708828657.555
4427,1708828657.575
4428,1708828657.595
4429,1708828657.615
4430,1708828657.635
4431,1708828657.655
4432,1708828657.685
4433,1708828657.705
4434,1708828657.725
4435,1708828657.745
4436,1708828657.765
4437,1708828657.785
4438,1708828657.805
4439,1708828657.825
4440,1708828657.855
4441,1708828657.875
4442,1708828657.895
4443,1708828657.915
4444,1708828657.935
4445,1708828657.955
4446,1708828657.975
4447,1708828658.005
4448,1708828658.025
4449,1708828658.045
4450,1708828658.065
4451,1708828658.085
4452,1708828658.105
4453,1708828658.125
4454,1708828658.145
4455,1708828658.175
4456,1708828658.195
4457,1708828658.215
4458,1708828658.235
4459,1708828658.255
4460,1708828658.275
4461,1708828658.295
4462,1708828658.325
4463,1708828658.345
4464,1708828658.365
4465,1708828658.385
4466,1708828658.405
4467,1708828658.425
4468,1708828658.445
4469,1708828658.465
4470,1708828658.495
4471,1708828658.515
4472,1708828658.535
4473,1708828658.555
4474,1708828658.575
4475,1708828658.595
4476,1708828658.615
4477,1708828658.645
4478,1708828658.665
4479,1708828658.685
4480,1708828658.705
4481,1708828658.725
4482,1708828658.745
4483,1708828658.765
4484,1708828658.785
4485,1708828658.815
4486,1708828658.835
4487,1708828658.855
4488,1708828658.875
4489,1708828658.895
4490,1708828658.915
4491,1708828658.935
4492,1708828658.965
4493,1708828658.985
4494,1708828659.005
4495,1708828659.025
4496,1708828659.045
4497,1708828659.065
4498,1708828659.085
4499,1708828659.105
4500,1708828659.135
4501,1708828659.155
4502,1708828659.175
4503,1708828659.195
4504,1708828659.215
4505,1708828659.235
4506,1708828659.255
4507,1708828659.285
4508,1708828659.305
4509,1708828659.325
4510,1708828659.345
4511,1708828659.365
4512,1708828659.385
4513,1708828659.405
4514,1708828659.425
4515,1708828659.455
4516,1708828659.475
4517,1708828659.495
4518,1708828659.515
4519,1708828659.535
4520,1708828659.555
4521,1708828659.575
4522,1708828659.605
4523,1708828659.625
4524,1708828659.645
4525,1708828659.665
4526,1708828659.685
4527,1708828659.705
4528,1708828659.725
4529,1708828659.745
4530,1708828659.775
4531,1708828659.795
4532,1708828659.815
4533,1708828659.835
4534,1708828659.855
4535,1708828659.875
4536,1708828659.895
4537,1708828659.925
4538,1708828659.945
4539,1708828659.965
4540,1708828659.985
4541,1708828660.005
4542,1708828660.025
4543,1708828660.045
4544,1708828660.065
4545,1708828660.095
4546,1708828660.115
4547,1708828660.135
4548,1708828660.155
4549,1708828660.175
4550,1708828660.195
4551,1708828660.215
4552,1708828660.245
4553,1708828660.265
4554,1708828660.285
4555,1708828660.305
4556,1708828660.325
4557,1708828660.345
4558,1708828660.365
4559,1708828660.385
4560,1708828660.415
4561,1708828660.435
4562,1708828660.455
4563,1708828660.475
4564,1708828660.495
4565,1708828660.515
4566,1708828660.535
4567,1708828660.565
4568,1708828660.585
4569,1708828660.605
4570,1708828660.625
4571,1708828660.645
4572,1708828660.665
4573,1708828660.685
4574,1708828660.705
4575,1708828660.735
4576,1708828660.755
4577,1708828660.775
4578,1708828660.795
4579,1708828660.815
4580,1708828660.835
4581,1708828660.855
4582,1708828660.885
4583,1708828660.905
4584,1708828660.925
4585,1708828660.945
4586,1708828660.965
4587,1708828660.985
4588,1708828661.005
4589,1708828661.025
4590,1708828661.055
4591,1708828661.075
4592,1708828661.095
4593,1708828661.115
4594,1708828661.135
4595,1708828661.155
4596,1708828661.175
4597,1708828661.205
4598,1708828661.225
4599,1708828661.245
4600,1708828661.265
4601,1708828661.285
4602,1708828661.305
4603,1708828661.325
4604,1708828661.345
4605,1708828661.375
4606,1708828661.395
4607,1708828661.415
4608,1708828661.435
4609,1708828661.455
4610,1708828661.475
4611,1708828661.495
4612,1708828661.525
4613,1708828661.545
4614,1708828661.565
4615,1708828661.585
4616,1708828661.605
4617,1708828661.625
4618,1708828661.645
4619,1708828661.665
4620,1708828661.695
4621,1708828661.715
4622,1708828661.735
4623,1708828661.755
4624,1708828661.775
4625,1708828661.795
4626,1708828661.815
4627,1708828661.845
4628,1708828661.865
4629,1708828661.885
4630,1708828661.905
4631,1708828661.925
4632,1708828661.945
4633,1708828661.965
4634,1708828661.985
4635,1708828662.015
4636,1708828662.035
4637,1708828662.055
4638,1708828662.075
4639,1708828662.095
4640,1708828662.115
4641,1708828662.135
4642,1708828662.165
4643,1708828662.185
4644,1708828662.205
4645,1708828662.225
4646,1708828662.245
4647,1708828662.265
4648,1708828662.285
4649,1708828662.305
4650,1708828662.335
4651,1708828662.355
4652,1708828662.375
4653,1708828662.395
4654,1708828662.415
4655,1708828662.435
4656,1708828662.455
4657,1708828662.485
4658,1708828662.505
4659,1708828662.525
4660,1708828662.545
4661,1708828662.565
4662,1708828662.585
4663,1708828662.605
4664,1708828662.625
4665,1708828662.655
4666,1708828662.675
4667,1708828662.695
4668,1708828662.715
4669,1708828662.735
4670,1708828662.755
4671,1708828662.775
4672,1708828662.805
4673,1708828662.825
4674,1708828662.845
4675,1708828662.865
4676,1708828662.885
4677,1708828662.905
4678,1708828662.925
4679,1708828662.945
4680,1708828662.975
4681,1708828662.995
4682,1708828663.015
4683,1708828663.035
4684,1708828663.055
4685,1708828663.075
4686,1708828663.095
4687,1708828663.125
4688,1708828663.145
4689,1708828663.165
4690,1708828663.185
4691,1708828663.205
4692,1708828663.225
4693,1708828663.245
4694,1708828663.265
4695,1708828663.295
4696,1708828663.315
4697,1708828663.335
4698,1708828663.355
4699,1708828663.375
4700,1708828663.395
4701,1708828663.415
4702,1708828663.445
4703,1708828663.465
4704,1708828663.485
4705,1708828663.505
4706,1708828663.525
4707,1708828663.545
4708,1708828663.565
4709,1708828663.585
4710,1708828663.615
4711,1708828663.635
4712,1708828663.655
4713,1708828663.675
4714,1708828663.695
4715,1708828663.715
4716,1708828663.735
4717,1708828663.765
4718,1708828663.785
4719,1708828663.805
4720,1708828663.825
4721,1708828663.845
4722,1708828663.865
4723,1708828663.885
4724,1708828663.905
4725,1708828663.935
4726,1708828663.955
4727,1708828663.975
4728,1708828663.995
4729,1708828664.015
4730,1708828664.035
4731,1708828664.055
4732,1708828664.085
4733,1708828664.105
4734,1708828664.125
4735,1708828664.145
4736,1708828664.165
4737,1708828664.185
4738,1708828664.205
4739,1708828664.225
4740,1708828664.255
4741,1708828664.275
4742,1708828664.295
4743,1708828664.315
4744,1708828664.335
4745,1708828664.355
4746,1708828664.375
4747,1708828664.405
4748,1708828664.425
4749,1708828664.445
4750,1708828664.465
4751,1708828664.485
4752,1708828664.505
4753,1708828664.525
4754,1708828664.545
4755,1708828664.575
4756,1708828664.595
4757,1708828664.615
4758,1708828664.635
4759,1708828664.655
4760,1708828664.675
4761,1708828664.695
4762,1708828664.725
4763,1708828664.745
4764,1708828664.765
4765,1708828664.785
4766,1708828664.805
4767,1708828664.825
4768,1708828664.845
4769,1708828664.865
4770,1708828664.895
4771,1708828664.915
4772,1708828664.935
4773,1708828664.955
4774,1708828664.975
4775,1708828664.995
4776,1708828665.015
4777,1708828665.045
4778,1708828665.065
4779,1708828665.085
4780,1708828665.105
4781,1708828665.125
4782,1708828665.145
4783,1708828665.165
4784,1708828665.185
4785,1708828665.215
4786,1708828665.235
4787,1708828665.255
4788,1708828665.275
4789,1708828665.295
4790,1708828665.315
4791,1708828665.335
4792,1708828665.365
4793,1708828665.385
4794,1708828665.405
4795,1708828665.425
4796,1708828665.445
4797,1708828665.465
4798,1708828665.485
4799,1708828665.505
4800,1708828665.535
4801,1708828665.555
4802,1708828665.575
4803,1708828665.595
4804,1708828665.615
4805,1708828665.635
4806,1708828665.655
4807,1708828665.685
4808,1708828665.705
4809,1708828665.725
4810,1708828665.745
4811,1708828665.765
4812,1708828665.785
4813,1708828665.805
4814,1708828665.825
4815,1708828665.855
4816,1708828665.875
4817,1708828665.895
4818,1708828665.915
4819,1708828665.935
4820,1708828665.955
4821,1708828665.975
4822,1708828666.005
4823,1708828666.025
4824,1708828666.045
4825,1708828666.065
4826,1708828666.085
4827,1708828666.105
4828,1708828666.125
4829,1708828666.145
4830,1708828666.175
4831,1708828666.195
4832,1708828666.215
4833,1708828666.235
4834,1708828666.255
4835,1708828666.275
4836,1708828666.295
4837,1708828666.325
4838,1708828666.345
4839,1708828666.365
4840,1708828666.385
4841,1708828666.405
4842,1708828666.425
4843,1708828666.445
4844,1708828666.465
4845,1708828666.495
4846,1708828666.515
4847,1708828666.535
4848,1708828666.555
4849,1708828666.575
4850,1708828666.595
4851,1708828666.615
4852,1708828666.645
4853,1708828666.665
4854,1708828666.685
4855,1708828666.705
4856,1708828666.725
4857,1708828666.745
4858,1708828666.765
4859,1708828666.785
4860,1708828666.815
4861,1708828666.835
4862,1708828666.855
4863,1708828666.875
4864,1708828666.895
4865,1708828666.915
4866,1708828666.935
4867,1708828666.965
4868,1708828666.985
4869,1708828667.005
4870,1708828667.025
4871,1708828667.045
4872,1708828667.065
4873,1708828667.085
4874,1708828667.105
4875,1708828667.135
4876,1708828667.155
4877,1708828667.175
4878,1708828667.195
4879,1708828667.215
4880,1708828667.235
4881,1708828667.255
4882,1708828667.285
4883,1708828667.305
4884,1708828667.325
4885,1708828667.345
4886,1708828667.365
4887,1708828667.385
4888,1708828667.405
4889,1708828667.425
4890,1708828667.455
4891,1708828667.475
4892,1708828667.495
4893,1708828667.515
4894,1708828667.535
4895,1708828667.555
4896,1708828667.575
4897,1708828667.605
4898,1708828667.625
4899,1708828667.645
4900,1708828667.665
4901,1708828667.685
4902,1708828667.705
4903,1708828667.725
4904,1708828667.745
4905,1708828667.775
4906,1708828667.795
4907,1708828667.815
4908,1708828667.835
4909,1708828667.855
4910,1708828667.875
4911,1708828667.895
4912,1708828667.925
4913,1708828667.945
4914,1708828667.965
4915,1708828667.985
4916,1708828668.005
4917,1708828668.025
4918,1708828668.045
4919,1708828668.065
4920,1708828668.095
4921,1708828668.115
4922,1708828668.135
4923,1708828668.155
4924,1708828668.175
4925,1708828668.195
4926,1708828668.215
4927,1708828668.245
4928,1708828668.265
4929,1708828668.285
4930,1708828668.305
4931,1708828668.325
4932,1708828668.345
4933,1708828668.365
4934,1708828668.385
4935,1708828668.415
4936,1708828668.435
4937,1708828668.455
4938,1708828668.475
4939,1708828668.495
4940,1708828668.515
4941,1708828668.535
4942,1708828668.565
4943,1708828668.585
4944,1708828668.605
4945,1708828668.625
4946,1708828668.645
4947,1708828668.665
4948,1708828668.685
4949,1708828668.705
4950,1708828668.735
4951,1708828668.755
4952,1708828668.775
4953,1708828668.795
4954,1708828668.815
4955,1708828668.835
4956,1708828668.855
4957,1708828668.885
4958,1708828668.905
4959,1708828668.925
4960,1708828668.945
4961,1708828668.965
4962,1708828668.985
4963,1708828669.005
4964,1708828669.025
4965,1708828669.055
4966,1708828669.075
4967,1708828669.095
4968,1708828669.115
4969,1708828669.135
4970,1708828669.155
4971,1708828669.175
4972,1708828669.205
4973,1708828669.225
4974,1708828669.245
4975,1708828669.265
4976,1708828669.285
4977,1708828669.305
4978,1708828669.325
4979,1708828669.345
4980,1708828669.375
4981,1708828669.395
4982,1708828669.415
4983,1708828669.435
4984,1708828669.455
4985,1708828669.475
4986,1708828669.495
4987,1708828669.525
4988,1708828669.545
4989,1708828669.565
4990,1708828669.585
4991,1708828669.605
4992,1708828669.625
4993,1708828669.645
4994,1708828669.665
4995,1708828669.695
4996,1708828669.715
4997,1708828669.735
4998,1708828669.755
4999,1708828669.775
5000,1708828669.795
5001,1708828669.815
5002,1708828669.845
5003,1708828669.865
5004,1708828669.885
5005,1708828669.905
5006,1708828669.925
5007,1708828669.945
5008,1708828669.965
5009,1708828669.985
5010,1708828670.015
5011,1708828670.035
5012,1708828670.055
5013,1708828670.075
5014,1708828670.095
5015,1708828670.115
5016,1708828670.135
5017,1708828670.165
5018,1708828670.185
5019,1708828670.205
5020,1708828670.225
5021,1708828670.245
5022,1708828670.265
5023,1708828670.285
5024,1708828670.305
5025,1708828670.335
5026,1708828670.355
5027,1708828670.375
5028,1708828670.395
5029,1708828670.415
5030,1708828670.435
5031,1708828670.455
5032,1708828670.485
5033,1708828670.505
5034,1708828670.525
5035,1708828670.545
5036,1708828670.565
5037,1708828670.585
5038,1708828670.605
5039,1708828670.625
5040,1708828670.655
5041,1708828670.675
5042,1708828670.695
5043,1708828670.715
5044,1708828670.735
5045,1708828670.755
5046,1708828670.775
5047,1708828670.805
5048,1708828670.825
5049,1708828670.845
5050,1708828670.865
5051,1708828670.885
5052,1708828670.905
5053,1708828670.925
5054,1708828670.945
5055,1708828670.975
5056,1708828670.995
5057,1708828671.015
5058,1708828671.035
5059,1708828671.055
5060,1708828671.075
5061,1708828671.095
5062,1708828671.125
5063,1708828671.145
5064,1708828671.165
5065,1708828671.185
5066,1708828671.205
5067,1708828671.225
5068,1708828671.245
5069,1708828671.265
5070,1708828671.295
5071,1708828671.315
5072,1708828671.335
5073,1708828671.355
5074,1708828671.375
5075,1708828671.395
5076,1708828671.415
5077,1708828671.445
5078,1708828671.465
5079,1708828671.485
5080,1708828671.505
5081,1708828671.525
5082,1708828671.545
5083,1708828671.565
5084,1708828671.585
5085,1708828671.615
5086,1708828671.635
5087,1708828671.655
5088,1708828671.675
5089,1708828671.695
5090,1708828671.715
5091,1708828671.735
5092,1708828671.765
5093,1708828671.785
5094,1708828671.805
5095,1708828671.825
5096,1708828671.845
5097,1708828671.865
5098,1708828671.885
5099,1708828671.905
5100,1708828671.935
5101,1708828671.955
5102,1708828671.975
5103,1708828671.995
5104,1708828672.015
5105,1708828672.035
5106,1708828672.055
5107,1708828672.085
5108,1708828672.105
5109,1708828672.125
5110,1708828672.145
5111,1708828672.165
5112,1708828672.185
5113,1708828672.205
5114,1708828672.225
5115,1708828672.255
5116,1708828672.275
5117,1708828672.295
5118,1708828672.315
5119,1708828672.335
5120,1708828672.355
5121,1708828672.375
5122,1708828672.405
5123,1708828672.425
5124,1708828672.445
5125,1708828672.465
5126,1708828672.485
5127,1708828672.505
5128,1708828672.525
5129,1708828672.545
5130,1708828672.575
5131,1708828672.595
5132,1708828672.615
5133,1708828672.635
5134,1708828672.655
5135,1708828672.675
5136,1708828672.695
5137,1708828672.725
5138,1708828672.745
5139,1708828672.765
5140,1708828672.785
5141,1708828672.805
5142,1708828672.825
5143,1708828672.845
5144,1708828672.865
5145,1708828672.895
5146,1708828672.915
5147,1708828672.935
5148,1708828672.955
5149,1708828672.975
5150,1708828672.995
5151,1708828673.015
5152,1708828673.045
5153,1708828673.065
5154,1708828673.085
5155,1708828673.105
5156,1708828673.125
5157,1708828673.145
5158,1708828673.165
5159,1708828673.185
5160,1708828673.215
5161,1708828673.235
5162,1708828673.255
5163,1708828673.275
5164,1708828673.295
5165,1708828673.315
5166,1708828673.335
5167,1708828673.365
5168,1708828673.385
5169,1708828673.405
5170,1708828673.425
5171,1708828673.445
5172,1708828673.465
5173,1708828673.485
5174,1708828673.505
5175,1708828673.535
5176,1708828673.555
5177,1708828673.575
5178,1708828673.595
5179,1708828673.615
5180,1708828673.635
5181,1708828673.655
5182,1708828673.685
5183,1708828673.705
5184,1708828673.725
5185,1708828673.745
5186,1708828673.765
5187,1708828673.785
5188,1708828673.805
5189,1708828673.825
5190,1708828673.855
5191,1708828673.875
5192,1708828673.895
5193,1708828673.915
5194,1708828673.935
5195,1708828673.955
5196,1708828673.975
5197,1708828674.005
5198,1708828674.025
5199,1708828674.045
5200,1708828674.065
5201,1708828674.085
5202,1708828674.105
5203,1708828674.125
5204,1708828674.145
5205,1708828674.175
5206,1708828674.195
5207,1708828674.215
5208,1708828674.235
5209,1708828674.255
5210,1708828674.275
5211,1708828674.295
5212,1708828674.325
5213,1708828674.345
5214,1708828674.365
5215,1708828674.385
5216,1708828674.405
5217,1708828674.425
5218,1708828674.445
5219,1708828674.465
5220,1708828674.495
5221,1708828674.515
5222,1708828674.535
5223,1708828674.555
5224,1708828674.575
5225,1708828674.595
5226,1708828674.615
5227,1708828674.645
5228,1708828674.665
5229,1708828674.685
5230,1708828674.705
5231,1708828674.725
5232,1708828674.745
5233,1708828674.765
5234,1708828674.785
5235,1708828674.815
5236,1708828674.835
5237,1708828674.855
5238,1708828674.875
5239,1708828674.895
5240,1708828674.915
5241,1708828674.935
5242,1708828674.965
5243,1708828674.985
5244,1708828675.005
5245,1708828675.025
5246,1708828675.045
5247,1708828675.065
5248,1708828675.085
5249,1708828675.105
5250,1708828675.135
5251,1708828675.155
5252,1708828675.175
5253,1708828675.195
5254,1708828675.215
5255,1708828675.235
5256,1708828675.255
5257,1708828675.285
5258,1708828675.305
5259,1708828675.325
5260,1708828675.345
5261,1708828675.365
5262,1708828675.385
5263,1708828675.405
5264,1708828675.425
5265,1708828675.455
5266,1708828675.475
5267,1708828675.495
5268,1708828675.515
5269,1708828675.535
5270,1708828675.555
5271,1708828675.575
5272,1708828675.605
5273,1708828675.625
5274,1708828675.645
5275,1708828675.665
5276,1708828675.685
5277,1708828675.705
5278,1708828675.725
5279,1708828675.745
5280,1708828675.775
5281,1708828675.795
5282,1708828675.815
5283,1708828675.835
5284,1708828675.855
5285,1708828675.875
5286,1708828675.895
5287,1708828675.925
5288,1708828675.945
5289,1708828675.965
5290,1708828675.985
5291,1708828676.005
5292,1708828676.025
5293,1708828676.045
5294,1708828676.065
5295,1708828676.095
5296,1708828676.115
5297,1708828676.135
5298,1708828676.155
5299,1708828676.175
5300,1708828676.195
5301,1708828676.215
5302,1708828676.245
5303,1708828676.265
5304,1708828676.285
5305,1708828676.305
5306,1708828676.325
5307,1708828676.345
5308,1708828676.365
5309,1708828676.385
5310,1708828676.415
5311,1708828676.435
5312,1708828676.455
5313,1708828676.475
5314,1708828676.495
5315,1708828676.515
5316,1708828676.535
5317,1708828676.565
5318,1708828676.585
5319,1708828676.605
5320,1708828676.625
5321,1708828676.645
5322,1708828676.665
5323,1708828676.685
5324,1708828676.705
5325,1708828676.735
5326,1708828676.755
5327,1708828676.775
5328,1708828676.795
5329,1708828676.815
5330,1708828676.835
5331,1708828676.855
5332,1708828676.885
5333,1708828676.905
5334,1708828676.925
5335,1708828676.945
5336,1708828676.965
5337,1708828676.985
5338,1708828677.005
5339,1708828677.025
5340,1708828677.055
5341,1708828677.075
5342,1708828677.095
5343,1708828677.115
5344,1708828677.135
5345,1708828677.155
5346,1708828677.175
5347,1708828677.205
5348,1708828677.225
5349,1708828677.245
5350,1708828677.265
5351,1708828677.285
5352,1708828677.305
5353,1708828677.325
5354,1708828677.345
5355,1708828677.375
5356,1708828677.395
5357,1708828677.415
5358,1708828677.435
5359,1708828677.455
5360,1708828677.475
5361,1708828677.495
5362,1708828677.525
5363,1708828677.545
5364,1708828677.565
5365,1708828677.585
5366,1708828677.605
5367,1708828677.625
5368,1708828677.645
5369,1708828677.665
5370,1708828677.695
5371,1708828677.715
5372,1708828677.735
5373,1708828677.755
5374,1708828677.775
5375,1708828677.795
5376,1708828677.815
5377,1708828677.845
5378,1708828677.865
5379,1708828677.885
5380,1708828677.905
5381,1708828677.925
5382,1708828677.945
5383,1708828677.965
5384,1708828677.985
5385,1708828678.015
5386,1708828678.035
5387,1708828678.055
5388,1708828678.075
5389,1708828678.095
5390,1708828678.115
5391,1708828678.135
5392,1708828678.165
5393,1708828678.185
5394,1708828678.205
5395,1708828678.225
5396,1708828678.245
5397,1708828678.265
5398,1708828678.285
5399,1708828678.305
5400,1708828678.335
5401,1708828678.355
5402,1708828678.375
5403,1708828678.395
5404,1708828678.415
5405,1708828678.435
5406,1708828678.455
5407,1708828678.485
5408,1708828678.505
5409,1708828678.525
5410,1708828678.545
5411,1708828678.565
5412,1708828678.585
5413,1708828678.605
5414,1708828678.625
5415,1708828678.655
5416,1708828678.675
5417,1708828678.695
5418,1708828678.715
5419,1708828678.735
5420,1708828678.755
5421,1708828678.775
5422,1708828678.805
5423,1708828678.825
5424,1708828678.845
5425,1708828678.865
5426,1708828678.885
5427,1708828678.905
5428,1708828678.925
5429,1708828678.945
5430,1708828678.975
5431,1708828678.995
5432,1708828679.015
5433,1708828679.035
5434,1708828679.055
5435,1708828679.075
5436,1708828679.095
5437,1708828679.125
5438,1708828679.145
5439,1708828679.165
5440,1708828679.185
5441,1708828679.205
5442,1708828679.225
5443,1708828679.245
5444,1708828679.265
5445,1708828679.295
5446,1708828679.315
5447,1708828679.335
5448,1708828679.355
5449,1708828679.375
5450,1708828679.395
5451,1708828679.415
5452,1708828679.445
5453,1708828679.465
5454,1708828679.485
5455,1708828679.505
5456,1708828679.525
5457,1708828679.545
5458,1708828679.565
5459,1708828679.585
5460,1708828679.615
5461,1708828679.635
5462,1708828679.655
5463,1708828679.675
5464,1708828679.695
5465,1708828679.715
5466,1708828679.735
5467,1708828679.765
5468,1708828679.785
5469,1708828679.805
5470,1708828679.825
5471,1708828679.845
5472,1708828679.865
5473,1708828679.885
5474,1708828679.905
5475,1708828679.935
5476,1708828679.955
5477,1708828679.975
5478,1708828679.995
5479,1708828680.015
5480,1708828680.035
5481,1708828680.055
5482,1708828680.085
5483,1708828680.105
5484,1708828680.125
5485,1708828680.145
5486,1708828680.165
5487,1708828680.185
5488,1708828680.205
5489,1708828680.225
5490,1708828680.255
5491,1708828680.275
5492,1708828680.295
5493,1708828680.315
5494,1708828680.335
5495,1708828680.355
5496,1708828680.375
5497,1708828680.405
5498,1708828680.425
5499,1708828680.445
5500,1708828680.465
5501,1708828680.485
5502,1708828680.505
5503,1708828680.525
5504,1708828680.545
5505,1708828680.575
5506,1708828680.595
5507,1708828680.615
5508,1708828680.635
5509,1708828680.655
5510,1708828680.675
5511,1708828680.695
5512,1708828680.725
5513,1708828680.745
5514,1708828680.765
5515,1708828680.785
5516,1708828680.805
5517,1708828680.825
5518,1708828680.845
5519,1708828680.865
5520,1708828680.895
5521,1708828680.915
5522,1708828680.935
5523,1708828680.955
5524,1708828680.975
5525,1708828680.995
5526,1708828681.015
5527,1708828681.045
5528,1708828681.065
5529,1708828681.085
5530,1708828681.105
5531,1708828681.125
5532,1708828681.145
5533,1708828681.165
5534,1708828681.185
5535,1708828681.215
5536,1708828681.235
5537,1708828681.255
5538,1708828681.275
5539,1708828681.295
5540,1708828681.315
5541,1708828681.335
5542,1708828681.365
5543,1708828681.385
5544,1708828681.405
5545,1708828681.425
5546,1708828681.445
5547,1708828681.465
5548,1708828681.485
5549,1708828681.505
5550,1708828681.535
5551,1708828681.555
5552,1708828681.575
5553,1708828681.595
5554,1708828681.615
5555,1708828681.635
5556,1708828681.655
5557,1708828681.685
5558,1708828681.705
5559,1708828681.725
5560,1708828681.745
5561,1708828681.765
5562,1708828681.785
5563,1708828681.805
5564,1708828681.825
5565,1708828681.855
5566,1708828681.875
5567,1708828681.895
5568,1708828681.915
5569,1708828681.935
5570,1708828681.955
5571,1708828681.975
5572,1708828682.005
5573,1708828682.025
5574,1708828682.045
5575,1708828682.065
5576,1708828682.085
5577,1708828682.105
5578,1708828682.125
5579,1708828682.145
5580,1708828682.175
5581,1708828682.195
5582,1708828682.215
5583,1708828682.235
5584,1708828682.255
5585,1708828682.275
5586,1708828682.295
5587,1708828682.325
5588,1708828682.345
5589,1708828682.365
5590,1708828682.385
5591,1708828682.405
5592,1708828682.425
5593,1708828682.445
5594,1708828682.465
5595,1708828682.495
5596,1708828682.515
5597,1708828682.535
5598,1708828682.555
5599,1708828682.575
5600,1708828682.595
5601,1708828682.615
5602,1708828682.645
5603,1708828682.665
5604,1708828682.685
5605,1708828682.705
5606,1708828682.725
5607,1708828682.745
5608,1708828682.765
5609,1708828682.785
5610,1708828682.815
5611,1708828682.835
5612,1708828682.855
5613,1708828682.875
5614,1708828682.895
5615,1708828682.915
5616,1708828682.935
5617,1708828682.965
5618,1708828682.985
5619,1708828683.005
5620,1708828683.025
5621,1708828683.045
5622,1708828683.065
5623,1708828683.085
5624,1708828683.105
5625,1708828683.135
5626,1708828683.155
5627,1708828683.175
5628,1708828683.195
5629,1708828683.215
5630,1708828683.235
5631,1708828683.255
5632,1708828683.285
5633,1708828683.305
5634,1708828683.325
5635,1708828683.345
5636,1708828683.365
5637,1708828683.385
5638,1708828683.405
5639,1708828683.425
5640,1708828683.455
5641,1708828683.475
5642,1708828683.495
5643,1708828683.515
5644,1708828683.535
5645,1708828683.555
5646,1708828683.575
5647,1708828683.605
5648,1708828683.625
5649,1708828683.645
5650,1708828683.665
5651,1708828683.685
5652,1708828683.705
5653,1708828683.725
5654,1708828683.745
5655,1708828683.775
5656,1708828683.795
5657,1708828683.815
5658,1708828683.835
5659,1708828683.855
5660,1708828683.875
5661,1708828683.895
5662,1708828683.925
5663,1708828683.945
5664,1708828683.965
5665,1708828683.985
5666,1708828684.005
5667,1708828684.025
5668,1708828684.045
5669,1708828684.065
5670,1708828684.095
5671,1708828684.115
5672,1708828684.135
5673,1708828684.155
5674,1708828684.175
5675,1708828684.195
5676,1708828684.215
5677,1708828684.245
5678,1708828684.265
5679,1708828684.285
5680,1708828684.305
5681,1708828684.325
5682,1708828684.345
5683,1708828684.365
5684,1708828684.385
5685,1708828684.415
5686,1708828684.435
5687,1708828684.455
5688,1708828684.475
5689,1708828684.495
5690,1708828684.515
5691,1708828684.535
5692,1708828684.565
5693,1708828684.585
5694,1708828684.605
5695,1708828684.625
5696,1708828684.645
5697,1708828684.665
5698,1708828684.685
5699,1708828684.705
5700,1708828684.735
5701,1708828684.755
5702,1708828684.775
5703,1708828684.795
5704,1708828684.815
5705,1708828684.835
5706,1708828684.855
5707,1708828684.885
5708,1708828684.905
5709,1708828684.925
5710,1708828684.945
5711,1708828684.965
5712,1708828684.985
5713,1708828685.005
5714,1708828685.025
5715,1708828685.055
5716,1708828685.075
5717,1708828685.095
5718,1708828685.115
5719,1708828685.135
5720,1708828685.155
5721,1708828685.175
5722,1708828685.205
5723,1708828685.225
5724,1708828685.245
5725,1708828685.265
5726,1708828685.285
5727,1708828685.305
5728,1708828685.325
5729,1708828685.345
5730,1708828685.375
5731,1708828685.395
5732,1708828685.415
5733,1708828685.435
5734,1708828685.455
5735,1708828685.475
5736,1708828685.495
5737,1708828685.525
5738,1708828685.545
5739,1708828685.565
5740,1708828685.585
5741,1708828685.605
5742,1708828685.625
5743,1708828685.645
5744,1708828685.665
5745,1708828685.695
5746,1708828685.715
5747,1708828685.735
5748,1708828685.755
5749,1708828685.775
5750,1708828685.795
5751,1708828685.815
5752,1708828685.845
5753,1708828685.865
5754,1708828685.885
5755,1708828685.905
5756,1708828685.925
5757,1708828685.945
5758,1708828685.965
5759,1708828685.985
5760,1708828686.015
5761,1708828686.035
5762,1708828686.055
5763,1708828686.075
5764,1708828686.095
5765,1708828686.115
5766,1708828686.135
5767,1708828686.165
5768,1708828686.185
5769,1708828686.205
5770,1708828686.225
5771,1708828686.245
5772,1708828686.265
5773,1708828686.285
5774,1708828686.305
5775,1708828686.335
5776,1708828686.355
5777,1708828686.375
5778,1708828686.395
5779,1708828686.415
5780,1708828686.435
5781,1708828686.455
5782,1708828686.485
5783,1708828686.505
5784,1708828686.525
5785,1708828686.545
5786,1708828686.565
5787,1708828686.585
5788,1708828686.605
5789,1708828686.625
5790,1708828686.655
5791,1708828686.675
5792,1708828686.695
5793,1708828686.715
5794,1708828686.735
5795,1708828686.755
5796,1708828686.775
5797,1708828686.805
5798,1708828686.825
5799,1708828686.845
5800,1708828686.865
5801,1708828686.885
5802,1708828686.905
5803,1708828686.925
5804,1708828686.945
5805,1708828686.975
5806,1708828686.995
5807,1708828687.015
5808,1708828687.035
5809,1708828687.055
5810,1708828687.075
5811,1708828687.095
5812,1708828687.125
5813,1708828687.145
5814,1708828687.165
5815,1708828687.185
5816,1708828687.205
5817,1708828687.225
5818,1708828687.245
5819,1708828687.265
5820,1708828687.295
5821,1708828687.315
5822,1708828687.335
5823,1708828687.355
5824,1708828687.375
5825,1708828687.395
5826,1708828687.415
5827,1708828687.445
5828,1708828687.465
5829,1708828687.485
5830,1708828687.505
5831,1708828687.525
5832,1708828687.545
5833,1708828687.565
5834,1708828687.585
5835,1708828687.615
5836,1708828687.635
5837,1708828687.655
5838,1708828687.675
5839,1708828687.695
5840,1708828687.715
5841,1708828687.735
5842,1708828687.765
5843,1708828687.785
5844,1708828687.805
5845,1708828687.825
5846,1708828687.845
5847,1708828687.865
5848,1708828687.885
5849,1708828687.905
5850,1708828687.935
5851,1708828687.955
5852,1708828687.975
5853,1708828687.995
5854,1708828688.015
5855,1708828688.035
5856,1708828688.055
5857,1708828688.085
5858,1708828688.105
5859,1708828688.125
5860,1708828688.145
5861,1708828688.165
5862,1708828688.185
5863,1708828688.205
5864,1708828688.225
5865,1708828688.255
5866,1708828688.275
5867,1708828688.295
5868,1708828688.315
5869,1708828688.335
5870,1708828688.355
5871,1708828688.375
5872,1708828688.405
5873,1708828688.425
5874,1708828688.445
5875,1708828688.465
5876,1708828688.485
5877,1708828688.505
5878,1708828688.525
5879,1708828688.545
5880,1708828688.575
5881,1708828688.595
5882,1708828688.615
5883,1708828688.635
5884,1708828688.655
5885,1708828688.675
5886,1708828688.695
5887,1708828688.725
5888,1708828688.745
5889,1708828688.765
5890,1708828688.785
5891,1708828688.805
5892,1708828688.825
5893,1708828688.845
5894,1708828688.865
5895,1708828688.895
5896,1708828688.915
5897,1708828688.935
5898,1708828688.955
5899,1708828688.975
5900,1708828688.995
5901,1708828689.015
5902,1708828689.045
5903,1708828689.065
5904,1708828689.085
5905,1708828689.105
5906,1708828689.125
5907,1708828689.145
5908,1708828689.165
5909,1708828689.185
5910,1708828689.215
5911,1708828689.235
5912,1708828689.255
5913,1708828689.275
5914,1708828689.295
5915,1708828689.315
5916,1708828689.335
5917,1708828689.365
5918,1708828689.385
5919,1708828689.405
5920,1708828689.425
5921,1708828689.445
5922,1708828689.465
5923,1708828689.485
5924,1708828689.505
5925,1708828689.535
5926,1708828689.555
5927,1708828689.575
5928,1708828689.595
5929,1708828689.615
5930,1708828689.635
5931,1708828689.655
5932,1708828689.685
5933,1708828689.705
5934,1708828689.725
5935,1708828689.745
5936,1708828689.765
5937,1708828689.785
5938,1708828689.805
5939,1708828689.825
5940,1708828689.855
5941,1708828689.875
5942,1708828689.895
5943,1708828689.915
5944,1708828689.935
5945,1708828689.955
5946,1708828689.975
5947,1708828690.005
5948,1708828690.025
5949,1708828690.045
5950,1708828690.065
5951,1708828690.085
5952,1708828690.105
5953,1708828690.125
5954,1708828690.145
5955,1708828690.175
5956,1708828690.195
5957,1708828690.215
5958,1708828690.235
5959,1708828690.255
5960,1708828690.275
5961,1708828690.295
5962,1708828690.325
5963,1708828690.345
5964,1708828690.365
5965,1708828690.385
5966,1708828690.405
5967,1708828690.425
5968,1708828690.445
5969,1708828690.465
5970,1708828690.495
5971,1708828690.515
5972,1708828690.535
5973,1708828690.555
5974,1708828690.575
5975,1708828690.595
5976,1708828690.615
5977,1708828690.645
5978,1708828690.665
5979,1708828690.685
5980,1708828690.705
5981,1708828690.725
5982,1708828690.745
5983,1708828690.765
5984,1708828690.785
5985,1708828690.815
5986,1708828690.835
5987,1708828690.855
5988,1708828690.875
5989,1708828690.895
5990,1708828690.915
5991,1708828690.935
5992,1708828690.965
5993,1708828690.985
5994,1708828691.005
5995,1708828691.025
5996,1708828691.045
5997,1708828691.065
5998,1708828691.085
5999,1708828691.105
6000,1708828691.135
6001,1708828691.155
6002,1708828691.175
6003,1708828691.195
6004,1708828691.215
6005,1708828691.235
6006,1708828691.255
6007,1708828691.285
6008,1708828691.305
6009,1708828691.325
6010,1708828691.345
6011,1708828691.365
6012,1708828691.385
6013,1708828691.405
6014,1708828691.425
6015,1708828691.455
6016,1708828691.475
6017,1708828691.495
6018,1708828691.515
6019,1708828691.535
6020,1708828691.555
6021,1708828691.575
6022,1708828691.605
6023,1708828691.625
6024,1708828691.645
6025,1708828691.665
6026,1708828691.685
6027,1708828691.705
6028,1708828691.725
6029,1708828691.745
6030,1708828691.775
6031,1708828691.795
6032,1708828691.815
6033,1708828691.835
6034,1708828691.855
6035,1708828691.875
6036,1708828691.895
6037,1708828691.925
6038,1708828691.945
6039,1708828691.965
6040,1708828691.985
6041,1708828692.005
6042,1708828692.025
6043,1708828692.045
6044,1708828692.065
6045,1708828692.095
6046,1708828692.115
6047,1708828692.135
6048,1708828692.155
6049,1708828692.175
6050,1708828692.195
6051,1708828692.215
6052,1708828692.245
6053,1708828692.265
6054,1708828692.285
6055,1708828692.305
6056,1708828692.325
6057,1708828692.345
6058,1708828692.365
6059,1708828692.385
6060,1708828692.415
6061,1708828692.435
6062,1708828692.455
6063,1708828692.475
6064,1708828692.495
6065,1708828692.515
6066,1708828692.535
6067,1708828692.565
6068,1708828692.585
6069,1708828692.605
6070,1708828692.625
6071,1708828692.645
6072,1708828692.665
6073,1708828692.685
6074,1708828692.705
6075,1708828692.735
6076,1708828692.755
6077,1708828692.775
6078,1708828692.795
6079,1708828692.815
6080,1708828692.835
6081,1708828692.855
6082,1708828692.885
6083,1708828692.905
6084,1708828692.925
6085,1708828692.945
6086,1708828692.965
6087,1708828692.985
6088,1708828693.005
6089,1708828693.025
6090,1708828693.055
6091,1708828693.075
6092,1708828693.095
6093,1708828693.115
6094,1708828693.135
6095,1708828693.155
6096,1708828693.175
6097,1708828693.205
6098,1708828693.225
6099,1708828693.245
6100,1708828693.265
6101,1708828693.285
6102,1708828693.305
6103,1708828693.325
6104,1708828693.345
6105,1708828693.375
6106,1708828693.395
6107,1708828693.415
6108,1708828693.435
6109,1708828693.455
6110,1708828693.475
6111,1708828693.495
6112,1708828693.525
6113,1708828693.545
6114,1708828693.565
6115,1708828693.585
6116,1708828693.605
6117,1708828693.625
6118,1708828693.645
6119,1708828693.665
6120,1708828693.695
6121,1708828693.715
6122,1708828693.735
6123,1708828693.755
6124,1708828693.775
6125,1708828693.795
6126,1708828693.815
6127,1708828693.845
6128,1708828693.865
6129,1708828693.885
6130,1708828693.905
6131,1708828693.925
6132,1708828693.945
6133,1708828693.965
6134,1708828693.985
6135,1708828694.015
6136,1708828694.035
6137,1708828694.055
6138,1708828694.075
6139,1708828694.095
6140,1708828694.115
6141,1708828694.135
6142,1708828694.165
6143,1708828694.185
6144,1708828694.205
6145,1708828694.225
6146,1708828694.245
6147,1708828694.265
6148,1708828694.285
6149,1708828694.305
6150,1708828694.335
6151,1708828694.355
6152,1708828694.375
6153,1708828694.395
6154,1708828694.415
6155,1708828694.435
6156,1708828694.455
6157,1708828694.485
6158,1708828694.505
6159,1708828694.525
6160,1708828694.545
6161,1708828694.565
6162,1708828694.585
6163,1708828694.605
6164,1708828694.625
6165,1708828694.655
6166,1708828694.675
6167,1708828694.695
6168,1708828694.715
6169,1708828694.735
6170,1708828694.755
6171,1708828694.775
6172,1708828694.805
6173,1708828694.825
6174,1708828694.845
6175,1708828694.865
6176,1708828694.885
6177,1708828694.905
6178,1708828694.925
6179,1708828694.945
6180,1708828694.975
6181,1708828694.995
6182,1708828695.015
6183,1708828695.035
6184,1708828695.055
6185,1708828695.075
6186,1708828695.095
6187,1708828695.125
6188,1708828695.145
6189,1708828695.165
6190,1708828695.185
6191,1708828695.205
6192,1708828695.225
6193,1708828695.245
6194,1708828695.265
6195,1708828695.295
6196,1708828695.315
6197,1708828695.335
6198,1708828695.355
6199,1708828695.375
6200,1708828695.395
6201,1708828695.415
6202,1708828695.445
6203,1708828695.465
6204,1708828695.485
6205,1708828695.505
6206,1708828695.525
6207,1708828695.545
6208,1708828695.565
6209,1708828695.585
6210,1708828695.615
6211,1708828695.635
6212,1708828695.655
6213,1708828695.675
6214,1708828695.695
6215,1708828695.715
6216,1708828695.735
6217,1708828695.765
6218,1708828695.785
6219,1708828695.805
6220,1708828695.825
6221,1708828695.845
6222,1708828695.865
6223,1708828695.885
6224,1708828695.905
6225,1708828695.935
6226,1708828695.955
6227,1708828695.975
6228,1708828695.995
6229,1708828696.015
6230,1708828696.035
6231,1708828696.055
6232,1708828696.085
6233,1708828696.105
6234,1708828696.125
6235,1708828696.145
6236,1708828696.165
6237,1708828696.185
6238,1708828696.205
6239,1708828696.225
6240,1708828696.255
6241,1708828696.275
6242,1708828696.295
6243,1708828696.315
6244,1708828696.335
6245,1708828696.355
6246,1708828696.375
6247,1708828696.405
6248,1708828696.425
6249,1708828696.445
6250,1708828696.465
6251,1708828696.485
6252,1708828696.505
6253,1708828696.525
6254,1708828696.545
6255,1708828696.575
6256,1708828696.595
6257,1708828696.615
6258,1708828696.635
6259,1708828696.655
6260,1708828696.675
6261,1708828696.695
6262,1708828696.725
6263,1708828696.745
6264,1708828696.765
6265,1708828696.785
6266,1708828696.805
6267,1708828696.825
6268,1708828696.845
6269,1708828696.865
6270,1708828696.895
6271,1708828696.915
6272,1708828696.935
6273,1708828696.955
6274,1708828696.975
6275,1708828696.995
6276,1708828697.015
6277,1708828697.045
6278,1708828697.065
6279,1708828697.085
6280,1708828697.105
6281,1708828697.125
6282,1708828697.145
6283,1708828697.165
6284,1708828697.185
6285,1708828697.215
6286,1708828697.235
6287,1708828697.255
6288,1708828697.275
6289,1708828697.295
6290,1708828697.315
6291,1708828697.335
6292,1708828697.365
6293,1708828697.385
6294,1708828697.405
6295,1708828697.425
6296,1708828697.445
6297,1708828697.465
6298,1708828697.485
6299,1708828697.505
6300,1708828697.535
6301,1708828697.555
6302,1708828697.575
6303,1708828697.595
6304,1708828697.615
6305,1708828697.635
6306,1708828697.655
6307,1708828697.685
6308,1708828697.705
6309,1708828697.725
6310,1708828697.745
6311,1708828697.765
6312,1708828697.785
6313,1708828697.805
6314,1708828697.825
6315,1708828697.855
6316,1708828697.875
6317,1708828697.895
6318,1708828697.915
6319,1708828697.935
6320,1708828697.955
6321,1708828697.975
6322,1708828698.005
6323,1708828698.025
6324,1708828698.045
6325,1708828698.065
6326,1708828698.085
6327,1708828698.105
6328,1708828698.125
6329,1708828698.145
6330,1708828698.175
6331,1708828698.195
6332,1708828698.215
6333,1708828698.235
6334,1708828698.255
6335,1708828698.275
6336,1708828698.295
6337,1708828698.325
6338,1708828698.345
6339,1708828698.365
6340,1708828698.385
6341,1708828698.405
6342,1708828698.425
6343,1708828698.445
6344,1708828698.465
6345,1708828698.495
6346,1708828698.515
6347,1708828698.535
6348,1708828698.555
6349,1708828698.575
6350,1708828698.595
6351,1708828698.615
6352,1708828698.645
6353,1708828698.665
6354,1708828698.685
6355,1708828698.705
6356,1708828698.725
6357,1708828698.745
6358,1708828698.765
6359,1708828698.785
6360,1708828698.815
6361,1708828698.835
6362,1708828698.855
6363,1708828698.875
6364,1708828698.895
6365,1708828698.915
6366,1708828698.935
6367,1708828698.965
6368,1708828698.985
6369,1708828699.005
6370,1708828699.025
6371,1708828699.045
6372,1708828699.065
6373,1708828699.085
6374,1708828699.105
6375,1708828699.135
6376,1708828699.155
6377,1708828699.175
6378,1708828699.195
6379,1708828699.215
6380,1708828699.235
6381,1708828699.255
6382,1708828699.285
6383,1708828699.305
6384,1708828699.325
6385,1708828699.345
6386,1708828699.365
6387,1708828699.385
6388,1708828699.405
6389,1708828699.425
6390,1708828699.455
6391,1708828699.475
6392,1708828699.495
6393,1708828699.515
6394,1708828699.535
6395,1708828699.555
6396,1708828699.575
6397,1708828699.605
6398,1708828699.625
6399,1708828699.645
6400,1708828699.665
6401,1708828699.685
6402,1708828699.705
6403,1708828699.725
6404,1708828699.745
6405,1708828699.775
6406,1708828699.795
6407,1708828699.815
6408,1708828699.835
6409,1708828699.855
6410,1708828699.875
6411,1708828699.895
6412,1708828699.925
6413,1708828699.945
6414,1708828699.965
6415,1708828699.985
6416,1708828700.005
6417,1708828700.025
6418,1708828700.045
6419,1708828700.065
6420,1708828700.095
6421,1708828700.115
6422,1708828700.135
6423,1708828700.155
6424,1708828700.175
6425,1708828700.195
6426,1708828700.215
6427,1708828700.245
6428,1708828700.265
6429,1708828700.285
6430,1708828700.305
6431,1708828700.325
6432,1708828700.345
6433,1708828700.365
6434,1708828700.385
6435,1708828700.415
6436,1708828700.435
6437,1708828700.455
6438,1708828700.475
6439,1708828700.495
6440,1708828700.515
6441,1708828700.535
6442,1708828700.565
6443,1708828700.585
6444,1708828700.605
6445,1708828700.625
6446,1708828700.645
6447,1708828700.665
6448,1708828700.685
6449,1708828700.705
6450,1708828700.735
6451,1708828700.755
6452,1708828700.775
6453,1708828700.795
6454,1708828700.815
6455,1708828700.835
6456,1708828700.855
6457,1708828700.885
6458,1708828700.905
6459,1708828700.925
6460,1708828700.945
6461,1708828700.965
6462,1708828700.985
6463,1708828701.005
6464,1708828701.025
6465,1708828701.055
6466,1708828701.075
6467,1708828701.095
6468,1708828701.115
6469,1708828701.135
6470,1708828701.155
6471,1708828701.175
6472,1708828701.205
6473,1708828701.225
6474,1708828701.245
6475,1708828701.265
6476,1708828701.285
6477,1708828701.305
6478,1708828701.325
6479,1708828701.345
6480,1708828701.375
6481,1708828701.395
6482,1708828701.415
6483,1708828701.435
6484,1708828701.455
6485,1708828701.475
6486,1708828701.495
6487,1708828701.525
6488,1708828701.545
6489,1708828701.565
6490,1708828701.585
6491,1708828701.605
6492,1708828701.625
6493,1708828701.645
6494,1708828701.665
6495,1708828701.695
6496,1708828701.715
6497,1708828701.735
6498,1708828701.755
6499,1708828701.775
6500,1708828701.795
6501,1708828701.815
6502,1708828701.845
6503,1708828701.865
6504,1708828701.885
6505,1708828701.905
6506,1708828701.925
6507,1708828701.945
6508,1708828701.965
6509,1708828701.985
6510,1708828702.015
6511,1708828702.035
6512,1708828702.055
6513,1708828702.075
6514,1708828702.095
6515,1708828702.115
6516,1708828702.135
6517,1708828702.165
6518,1708828702.185
6519,1708828702.205
6520,1708828702.225
6521,1708828702.245
6522,1708828702.265
6523,1708828702.285
6524,1708828702.305
6525,1708828702.335
6526,1708828702.355
6527,1708828702.375
6528,1708828702.395
6529,1708828702.415
6530,1708828702.435
6531,1708828702.455
6532,1708828702.485
6533,1708828702.505
6534,1708828702.525
6535,1708828702.545
6536,1708828702.565
6537,1708828702.585
6538,1708828702.605
6539,1708828702.625
6540,1708828702.655
6541,1708828702.675
6542,1708828702.695
6543,1708828702.715
6544,1708828702.735
6545,1708828702.755
6546,1708828702.775
6547,1708828702.805
6548,1708828702.825
6549,1708828702.845
6550,1708828702.865
6551,1708828702.885
6552,1708828702.905
6553,1708828702.925
6554,1708828702.945
6555,1708828702.975
6556,1708828702.995
6557,1708828703.015
6558,1708828703.035
6559,1708828703.055
6560,1708828703.075
6561,1708828703.095
6562,1708828703.125
6563,1708828703.145
6564,1708828703.165
6565,1708828703.185
6566,1708828703.205
6567,1708828703.225
6568,1708828703.245
6569,1708828703.265
6570,1708828703.295
6571,1708828703.315
6572,1708828703.335
6573,1708828703.355
6574,1708828703.375
6575,1708828703.395
6576,1708828703.415
6577,1708828703.445
6578,1708828703.465
6579,1708828703.485
6580,1708828703.505
6581,1708828703.525
6582,1708828703.545
6583,1708828703.565
6584,1708828703.585
6585,1708828703.615
6586,1708828703.635
6587,1708828703.655
6588,1708828703.675
6589,1708828703.695
6590,1708828703.715
6591,1708828703.735
6592,1708828703.765
6593,1708828703.785
6594,1708828703.805
6595,1708828703.825
6596,1708828703.845
6597,1708828703.865
6598,1708828703.885
6599,1708828703.905
6600,1708828703.935
6601,1708828703.955
6602,1708828703.975
6603,1708828703.995
6604,1708828704.015
6605,1708828704.035
6606,1708828704.055
6607,1708828704.085
6608,1708828704.105
6609,1708828704.125
6610,1708828704.145
6611,1708828704.165
6612,1708828704.185
6613,1708828704.205
6614,1708828704.225
6615,1708828704.255
6616,1708828704.275
6617,1708828704.295
6618,1708828704.315
6619,1708828704.335
6620,1708828704.355
6621,1708828704.375
6622,1708828704.405
6623,1708828704.425
6624,1708828704.445
6625,1708828704.465
6626,1708828704.485
6627,1708828704.505
6628,1708828704.525
6629,1708828704.545
6630,1708828704.575
6631,1708828704.595
6632,1708828704.615
6633,1708828704.635
6634,1708828704.655
6635,1708828704.675
6636,1708828704.695
6637,1708828704.725
6638,1708828704.745
6639,1708828704.765
6640,1708828704.785
6641,1708828704.805
6642,1708828704.825
6643,1708828704.845
6644,1708828704.865
6645,1708828704.895
6646,1708828704.915
6647,1708828704.935
6648,1708828704.955
6649,1708828704.975
6650,1708828704.995
6651,1708828705.015
6652,1708828705.045
6653,1708828705.065
6654,1708828705.085
6655,1708828705.105
6656,1708828705.125
6657,1708828705.145
6658,1708828705.165
6659,1708828705.185
6660,1708828705.215
6661,1708828705.235
6662,1708828705.255
6663,1708828705.275
6664,1708828705.295
6665,1708828705.315
6666,1708828705.335
6667,1708828705.365
6668,1708828705.385
6669,1708828705.405
6670,1708828705.425
6671,1708828705.445
6672,1708828705.465
6673,1708828705.485
6674,1708828705.505
6675,1708828705.535
6676,1708828705.555
6677,1708828705.575
6678,1708828705.595
6679,1708828705.615
6680,1708828705.635
6681,1708828705.655
6682,1708828705.685
6683,1708828705.705
6684,1708828705.725
6685,1708828705.745
6686,1708828705.765
6687,1708828705.785
6688,1708828705.805
6689,1708828705.825
6690,1708828705.855
6691,1708828705.875
6692,1708828705.895
6693,1708828705.915
6694,1708828705.935
6695,1708828705.955
6696,1708828705.975
6697,1708828706.005
6698,1708828706.025
6699,1708828706.045
6700,1708828706.065
6701,1708828706.085
6702,1708828706.105
6703,1708828706.125
6704,1708828706.145
6705,1708828706.175
6706,1708828706.195
6707,1708828706.215
6708,1708828706.235
6709,1708828706.255
6710,1708828706.275
6711,1708828706.295
6712,1708828706.325
6713,1708828706.345
6714,1708828706.365
6715,1708828706.385
6716,1708828706.405
6717,1708828706.425
6718,1708828706.445
6719,1708828706.465
6720,1708828706.495
6721,1708828706.515
6722,1708828706.535
6723,1708828706.555
6724,1708828706.575
6725,1708828706.595
6726,1708828706.615
6727,1708828706.645
6728,1708828706.665
6729,1708828706.685
6730,1708828706.705
6731,1708828706.725
6732,1708828706.745
6733,1708828706.765
6734,1708828706.785
6735,1708828706.815
6736,1708828706.835
6737,1708828706.855
6738,1708828706.875
6739,1708828706.895
6740,1708828706.915
6741,1708828706.935
6742,1708828706.965
6743,1708828706.985
6744,1708828707.005
6745,1708828707.025
6746,1708828707.045
6747,1708828707.065
6748,1708828707.085
6749,1708828707.105
6750,1708828707.135
6751,1708828707.155
6752,1708828707.175
6753,1708828707.195
6754,1708828707.215
6755,1708828707.235
6756,1708828707.255
6757,1708828707.285
6758,1708828707.305
6759,1708828707.325
6760,1708828707.345
6761,1708828707.365
6762,1708828707.385
6763,1708828707.405
6764,1708828707.425
6765,1708828707.455
6766,1708828707.475
6767,1708828707.495
6768,1708828707.515
6769,1708828707.535
6770,1708828707.555
6771,1708828707.575
6772,1708828707.605
6773,1708828707.625
6774,1708828707.645
6775,1708828707.665
6776,1708828707.685
6777,1708828707.705
6778,1708828707.725
6779,1708828707.745
6780,1708828707.775
6781,1708828707.795
6782,1708828707.815
6783,1708828707.835
6784,1708828707.855
6785,1708828707.875
6786,1708828707.895
6787,1708828707.925
6788,1708828707.945
6789,1708828707.965
6790,1708828707.985
6791,1708828708.005
6792,1708828708.025
6793,1708828708.045
6794,1708828708.065
6795,1708828708.095
6796,1708828708.115
6797,1708828708.135
6798,1708828708.155
6799,1708828708.175
6800,1708828708.195
6801,1708828708.215
6802,1708828708.245
6803,1708828708.265
6804,1708828708.285
6805,1708828708.305
6806,1708828708.325
6807,1708828708.345
6808,1708828708.365
6809,1708828708.385
6810,1708828708.415
6811,1708828708.435
6812,1708828708.455
6813,1708828708.475
6814,1708828708.495
6815,1708828708.515
6816,1708828708.535
6817,1708828708.565
6818,1708828708.585
6819,1708828708.605
6820,1708828708.625
6821,1708828708.645
6822,1708828708.665
6823,1708828708.685
6824,1708828708.705
6825,1708828708.735
6826,1708828708.755
6827,1708828708.775
6828,1708828708.795
6829,1708828708.815
6830,1708828708.835
6831,1708828708.855
6832,1708828708.885
6833,1708828708.905
6834,1708828708.925
6835,1708828708.945
6836,1708828708.965
6837,1708828708.985
6838,1708828709.005
6839,1708828709.025
6840,1708828709.055
6841,1708828709.075
6842,1708828709.095
6843,1708828709.115
6844,1708828709.135
6845,1708828709.155
6846,1708828709.175
6847,1708828709.205
6848,1708828709.225
6849,1708828709.245
6850,1708828709.265
6851,1708828709.285
6852,1708828709.305
6853,1708828709.325
6854,1708828709.345
6855,1708828709.375
6856,1708828709.395
6857,1708828709.415
6858,1708828709.435
6859,1708828709.455
6860,1708828709.475
6861,1708828709.495
6862,1708828709.525
6863,1708828709.545
6864,1708828709.565
6865,1708828709.585
6866,1708828709.605
6867,1708828709.625
6868,1708828709.645
6869,1708828709.665
6870,1708828709.695
6871,1708828709.715
6872,1708828709.735
6873,1708828709.755
6874,1708828709.775
6875,1708828709.795
6876,1708828709.815
6877,1708828709.845
6878,1708828709.865
6879,1708828709.885
6880,1708828709.905
6881,1708828709.925
6882,1708828709.945
6883,1708828709.965
6884,1708828709.985
6885,1708828710.015
6886,1708828710.035
6887,1708828710.055
6888,1708828710.075
6889,1708828710.095
6890,1708828710.115
6891,1708828710.135
6892,1708828710.165
6893,1708828710.185
6894,1708828710.205
6895,1708828710.225
6896,1708828710.245
6897,1708828710.265
6898,1708828710.285
6899,1708828710.305
6900,1708828710.335
6901,1708828710.355
6902,1708828710.375
6903,1708828710.395
6904,1708828710.415
6905,1708828710.435
6906,1708828710.455
6907,1708828710.485
6908,1708828710.505
6909,1708828710.525
6910,1708828710.545
6911,1708828710.565
6912,1708828710.585
6913,1708828710.605
6914,1708828710.625
6915,1708828710.655
6916,1708828710.675
6917,1708828710.695
6918,1708828710.715
6919,1708828710.735
6920,1708828710.755
6921,1708828710.775
6922,1708828710.805
6923,1708828710.825
6924,1708828710.845
6925,1708828710.865
6926,1708828710.885
6927,1708828710.905
6928,1708828710.925
6929,1708828710.945
6930,1708828710.975
6931,1708828710.995
6932,1708828711.015
6933,1708828711.035
6934,1708828711.055
6935,1708828711.075
6936,1708828711.095
6937,1708828711.125
6938,1708828711.145
6939,1708828711.165
6940,1708828711.185
6941,1708828711.205
6942,1708828711.225
6943,1708828711.245
6944,1708828711.265
6945,1708828711.295
6946,1708828711.315
6947,1708828711.335
6948,1708828711.355
6949,1708828711.375
6950,1708828711.395
6951,1708828711.415
6952,1708828711.445
6953,1708828711.465
6954,1708828711.485
6955,1708828711.505
6956,1708828711.525
6957,1708828711.545
6958,1708828711.565
6959,1708828711.585
6960,1708828711.615
6961,1708828711.635
6962,1708828711.655
6963,1708828711.675
6964,1708828711.695
6965,1708828711.715
6966,1708828711.735
6967,1708828711.765
6968,1708828711.785
6969,1708828711.805
6970,1708828711.825
6971,1708828711.845
6972,1708828711.865
6973,1708828711.885
6974,1708828711.905
6975,1708828711.935
6976,1708828711.955
6977,1708828711.975
6978,1708828711.995
6979,1708828712.015
6980,1708828712.035
6981,1708828712.055
6982,1708828712.085
6983,1708828712.105
6984,1708828712.125
6985,1708828712.145
6986,1708828712.165
6987,1708828712.185
6988,1708828712.205
6989,1708828712.225
6990,1708828712.255
6991,1708828712.275
6992,1708828712.295
6993,1708828712.315
6994,1708828712.335
6995,1708828712.355
6996,1708828712.375
6997,1708828712.405
6998,1708828712.425
6999,1708828712.445
7000,1708828712.465
7001,1708828712.485
7002,1708828712.505
7003,1708828712.525
7004,1708828712.545
7005,1708828712.575
7006,1708828712.595
7007,1708828712.615
7008,1708828712.635
7009,1708828712.655
7010,1708828712.675
7011,1708828712.695
7012,1708828712.725
7013,1708828712.745
7014,1708828712.765
7015,1708828712.785
7016,1708828712.805
7017,1708828712.825
7018,1708828712.845
7019,1708828712.865
7020,1708828712.895
7021,1708828712.915
7022,1708828712.935
7023,1708828712.955
7024,1708828712.975
7025,1708828712.995
7026,1708828713.015
7027,1708828713.045
7028,1708828713.065
7029,1708828713.085
7030,1708828713.105
7031,1708828713.125
7032,1708828713.145
7033,1708828713.165
7034,1708828713.185
7035,1708828713.215
7036,1708828713.235
7037,1708828713.255
7038,1708828713.275
7039,1708828713.295
7040,1708828713.315
7041,1708828713.335
7042,1708828713.365
7043,1708828713.385
7044,1708828713.405
7045,1708828713.425
7046,1708828713.445
7047,1708828713.465
7048,1708828713.485
7049,1708828713.505
7050,1708828713.535
7051,1708828713.555
7052,1708828713.575
7053,1708828713.595
7054,1708828713.615
7055,1708828713.635
7056,1708828713.655
7057,1708828713.685
7058,1708828713.705
7059,1708828713.725
7060,1708828713.745
7061,1708828713.765
7062,1708828713.785
7063,1708828713.805
7064,1708828713.825
7065,1708828713.855
7066,1708828713.875
7067,1708828713.895
7068,1708828713.915
7069,1708828713.935
7070,1708828713.955
7071,1708828713.975
7072,1708828714.005
7073,1708828714.025
7074,1708828714.045
7075,1708828714.065
7076,1708828714.085
7077,1708828714.105
7078,1708828714.125
7079,1708828714.145
7080,1708828714.175
7081,1708828714.195
7082,1708828714.215
7083,1708828714.235
7084,1708828714.255
7085,1708828714.275
7086,1708828714.295
7087,1708828714.325
7088,1708828714.345
7089,1708828714.365
7090,1708828714.385
7091,1708828714.405
7092,1708828714.425
7093,1708828714.445
7094,1708828714.465
7095,1708828714.495
7096,1708828714.515
7097,1708828714.535
7098,1708828714.555
7099,1708828714.575
7100,1708828714.595
7101,1708828714.615
7102,1708828714.645
7103,1708828714.665
7104,1708828714.685
7105,1708828714.705
7106,1708828714.725
7107,1708828714.745
7108,1708828714.765
7109,1708828714.785
7110,1708828714.815
7111,1708828714.835
7112,1708828714.855
7113,1708828714.875
7114,1708828714.895
7115,1708828714.915
7116,1708828714.935
7117,1708828714.965
7118,1708828714.985
7119,1708828715.005
7120,1708828715.025
7121,1708828715.045
7122,1708828715.065
7123,1708828715.085
7124,1708828715.105
7125,1708828715.135
7126,1708828715.155
7127,1708828715.175
7128,1708828715.195
7129,1708828715.215
7130,1708828715.235
7131,1708828715.255
7132,1708828715.285
7133,1708828715.305
7134,1708828715.325
7135,1708828715.345
7136,1708828715.365
7137,1708828715.385
7138,1708828715.405
7139,1708828715.425
7140,1708828715.455
7141,1708828715.475
7142,1708828715.495
7143,1708828715.515
7144,1708828715.535
7145,1708828715.555
7146,1708828715.575
7147,1708828715.605
7148,1708828715.625
7149,1708828715.645
7150,1708828715.665
7151,1708828715.685
7152,1708828715.705
7153,1708828715.725
7154,1708828715.745
7155,1708828715.775
7156,1708828715.795
7157,1708828715.815
7158,1708828715.835
7159,1708828715.855
7160,1708828715.875
7161,1708828715.895
7162,1708828715.925
7163,1708828715.945
7164,1708828715.965
7165,1708828715.985
7166,1708828716.005
7167,1708828716.025
7168,1708828716.045
7169,1708828716.065
7170,1708828716.095
7171,1708828716.115
7172,1708828716.135
7173,1708828716.155
7174,1708828716.175
7175,1708828716.195
7176,1708828716.215
7177,1708828716.245
7178,1708828716.265
7179,1708828716.285
7180,1708828716.305
7181,1708828716.325
7182,1708828716.345
7183,1708828716.365
7184,1708828716.385
7185,1708828716.415
7186,1708828716.435
7187,1708828716.455
7188,1708828716.475
7189,1708828716.495
7190,1708828716.515
7191,1708828716.535
7192,1708828716.565
7193,1708828716.585
7194,1708828716.605
7195,1708828716.625
7196,1708828716.645
7197,1708828716.665
7198,1708828716.685
7199,1708828716.705
7200,1708828716.735
7201,1708828716.755
7202,1708828716.775
7203,1708828716.795
7204,1708828716.815
7205,1708828716.835
7206,1708828716.855
7207,1708828716.885
7208,1708828716.905
7209,1708828716.925
7210,1708828716.945
7211,1708828716.965
7212,1708828716.985
7213,1708828717.005
7214,1708828717.025
7215,1708828717.055
7216,1708828717.075
7217,1708828717.095
7218,1708828717.115
7219,1708828717.135
7220,1708828717.155
7221,1708828717.175
7222,1708828717.205
7223,1708828717.225
7224,1708828717.245
7225,1708828717.265
7226,1708828717.285
7227,1708828717.305
7228,1708828717.325
7229,1708828717.345
7230,1708828717.375
7231,1708828717.395
7232,1708828717.415
7233,1708828717.435
7234,1708828717.455
7235,1708828717.475
7236,1708828717.495
7237,1708828717.525
7238,1708828717.545
7239,1708828717.565
7240,1708828717.585
7241,1708828717.605
7242,1708828717.625
7243,1708828717.645
7244,1708828717.665
7245,1708828717.695
7246,1708828717.715
7247,1708828717.735
7248,1708828717.755
7249,1708828717.775
7250,1708828717.795
7251,1708828717.815
7252,1708828717.845
7253,1708828717.865
7254,1708828717.885
7255,1708828717.905
7256,1708828717.925
7257,1708828717.945
7258,1708828717.965
7259,1708828717.985
7260,1708828718.015
7261,1708828718.035
7262,1708828718.055
7263,1708828718.075
7264,1708828718.095
7265,1708828718.115
7266,1708828718.135
7267,1708828718.165
7268,1708828718.185
7269,1708828718.205
7270,1708828718.225
7271,1708828718.245
7272,1708828718.265
7273,1708828718.285
7274,1708828718.305
7275,1708828718.335
7276,1708828718.355
7277,1708828718.375
7278,1708828718.395
7279,1708828718.415
7280,1708828718.435
7281,1708828718.455
7282,1708828718.485
7283,1708828718.505
7284,1708828718.525
7285,1708828718.545
7286,1708828718.565
7287,1708828718.585
7288,1708828718.605
7289,1708828718.625
7290,1708828718.655
7291,1708828718.675
7292,1708828718.695
7293,1708828718.715
7294,1708828718.735
7295,1708828718.755
7296,1708828718.775
7297,1708828718.805
7298,1708828718.825
7299,1708828718.845
7300,1708828718.865
7301,1708828718.885
7302,1708828718.905
7303,1708828718.925
7304,1708828718.945
7305,1708828718.975
7306,1708828718.995
7307,1708828719.015
7308,1708828719.035
7309,1708828719.055
7310,1708828719.075
7311,1708828719.095
7312,1708828719.125
7313,1708828719.145
7314,1708828719.165
7315,1708828719.185
7316,1708828719.205
7317,1708828719.225
7318,1708828719.245
7319,1708828719.265
7320,1708828719.295
7321,1708828719.315
7322,1708828719.335
7323,1708828719.355
7324,1708828719.375
7325,1708828719.395
7326,1708828719.415
7327,1708828719.445
7328,1708828719.465
7329,1708828719.485
7330,1708828719.505
7331,1708828719.525
7332,1708828719.545
7333,1708828719.565
7334,1708828719.585
7335,1708828719.615
7336,1708828719.635
7337,1708828719.655
7338,1708828719.675
7339,1708828719.695
7340,1708828719.715
7341,1708828719.735
7342,1708828719.765
7343,1708828719.785
7344,1708828719.805
7345,1708828719.825
7346,1708828719.845
7347,1708828719.865
7348,1708828719.885
7349,1708828719.905
7350,1708828719.935
7351,1708828719.955
7352,1708828719.975
7353,1708828719.995
7354,1708828720.015
7355,1708828720.035
7356,1708828720.055
7357,1708828720.085
7358,1708828720.105
7359,1708828720.125
7360,1708828720.145
7361,1708828720.165
7362,1708828720.185
7363,1708828720.205
7364,1708828720.225
7365,1708828720.255
7366,1708828720.275
7367,1708828720.295
7368,1708828720.315
7369,1708828720.335
7370,1708828720.355
7371,1708828720.375
7372,1708828720.405
7373,1708828720.425
7374,1708828720.445
7375,1708828720.465
7376,1708828720.485
7377,1708828720.505
7378,1708828720.525
7379,1708828720.545
7380,1708828720.575
7381,1708828720.595
7382,1708828720.615
7383,1708828720.635
7384,1708828720.655
7385,1708828720.675
7386,1708828720.695
7387,1708828720.725
7388,1708828720.745
7389,1708828720.765
7390,1708828720.785
7391,1708828720.805
7392,1708828720.825
7393,1708828720.845
7394,1708828720.865
7395,1708828720.895
7396,1708828720.915
7397,1708828720.935
7398,1708828720.955
7399,1708828720.975
7400,1708828720.995
7401,1708828721.015
7402,1708828721.045
7403,1708828721.065
7404,1708828721.085
7405,1708828721.105
7406,1708828721.125
7407,1708828721.145
7408,1708828721.165
7409,1708828721.185
7410,1708828721.215
7411,1708828721.235
7412,1708828721.255
7413,1708828721.275
7414,1708828721.295
7415,1708828721.315
7416,1708828721.335
7417,1708828721.365
7418,1708828721.385
7419,1708828721.405
7420,1708828721.425
7421,1708828721.445
7422,1708828721.465
7423,1708828721.485
7424,1708828721.505
7425,1708828721.535
7426,1708828721.555
7427,1708828721.575
7428,1708828721.595
7429,1708828721.615
7430,1708828721.635
7431,1708828721.655
7432,1708828721.685
7433,1708828721.705
7434,1708828721.725
7435,1708828721.745
7436,1708828721.765
7437,1708828721.785
7438,1708828721.805
7439,1708828721.825
7440,1708828721.855
7441,1708828721.875
7442,1708828721.895
7443,1708828721.915
7444,1708828721.935
7445,1708828721.955
7446,1708828721.975
7447,1708828722.005
7448,1708828722.025
7449,1708828722.045
7450,1708828722.065
7451,1708828722.085
7452,1708828722.105
7453,1708828722.125
7454,1708828722.145
7455,1708828722.175
7456,1708828722.195
7457,1708828722.215
7458,1708828722.235
7459,1708828722.255
7460,1708828722.275
7461,1708828722.295
7462,1708828722.325
7463,1708828722.345
7464,1708828722.365
7465,1708828722.385
7466,1708828722.405
7467,1708828722.425
7468,1708828722.445
7469,1708828722.465
7470,1708828722.495
7471,1708828722.515
7472,1708828722.535
7473,1708828722.555
7474,1708828722.575
7475,1708828722.595
7476,1708828722.615
7477,1708828722.645
7478,1708828722.665
7479,1708828722.685
7480,1708828722.705
7481,1708828722.725
7482,1708828722.745
7483,1708828722.765
7484,1708828722.785
7485,1708828722.815
7486,1708828722.835
7487,1708828722.855
7488,1708828722.875
7489,1708828722.895
7490,1708828722.915
7491,1708828722.935
7492,1708828722.965
7493,1708828722.985
7494,1708828723.005
7495,1708828723.025
7496,1708828723.045
7497,1708828723.065
7498,1708828723.085
7499,1708828723.105
7500,1708828723.135
7501,1708828723.155
7502,1708828723.175
7503,1708828723.195
7504,1708828723.215
7505,1708828723.235
7506,1708828723.255
7507,1708828723.285
7508,1708828723.305
7509,1708828723.325
7510,1708828723.345
7511,1708828723.365
7512,1708828723.385
7513,1708828723.405
7514,1708828723.425
7515,1708828723.455
7516,1708828723.475
7517,1708828723.495
7518,1708828723.515
7519,1708828723.535
7520,1708828723.555
7521,1708828723.575
7522,1708828723.605
7523,1708828723.625
7524,1708828723.645
7525,1708828723.665
7526,1708828723.685
7527,1708828723.705
7528,1708828723.725
7529,1708828723.745
7530,1708828723.775
7531,1708828723.795
7532,1708828723.815
7533,1708828723.835
7534,1708828723.855
7535,1708828723.875
7536,1708828723.895
7537,1708828723.925
7538,1708828723.945
7539,1708828723.965
7540,1708828723.985
7541,1708828724.005
7542,1708828724.025
7543,1708828724.045
7544,1708828724.065
7545,1708828724.095
7546,1708828724.115
7547,1708828724.135
7548,1708828724.155
7549,1708828724.175
7550,1708828724.195
7551,1708828724.215
7552,1708828724.245
7553,1708828724.265
7554,1708828724.285
7555,1708828724.305
7556,1708828724.325
7557,1708828724.345
7558,1708828724.365
7559,1708828724.385
7560,1708828724.415
7561,1708828724.435
7562,1708828724.455
7563,1708828724.475
7564,1708828724.495
7565,1708828724.515
7566,1708828724.535
7567,1708828724.565
7568,1708828724.585
7569,1708828724.605
7570,1708828724.625
7571,1708828724.645
7572,1708828724.665
7573,1708828724.685
7574,1708828724.705
7575,1708828724.735
7576,1708828724.755
7577,1708828724.775
7578,1708828724.795
7579,1708828724.815
7580,1708828724.835
7581,1708828724.855
7582,1708828724.885
7583,1708828724.905
7584,1708828724.925
7585,1708828724.945
7586,1708828724.965
7587,1708828724.985
7588,1708828725.005
7589,1708828725.025
7590,1708828725.055
7591,1708828725.075
7592,1708828725.095
7593,1708828725.115
7594,1708828725.135
7595,1708828725.155
7596,1708828725.175
7597,1708828725.205
7598,1708828725.225
7599,1708828725.245
7600,1708828725.265
7601,1708828725.285
7602,1708828725.305
7603,1708828725.325
7604,1708828725.345
7605,1708828725.375
7606,1708828725.395
7607,1708828725.415
7608,1708828725.435
7609,1708828725.455
7610,1708828725.475
7611,1708828725.495
7612,1708828725.525
7613,1708828725.545
7614,1708828725.565
7615,1708828725.585
7616,1708828725.605
7617,1708828725.625
7618,1708828725.645
7619,1708828725.665
7620,1708828725.695
7621,1708828725.715
7622,1708828725.735
7623,1708828725.755
7624,1708828725.775
7625,1708828725.795
7626,1708828725.815
7627,1708828725.845
7628,1708828725.865
7629,1708828725.885
7630,1708828725.905
7631,1708828725.925
7632,1708828725.945
7633,1708828725.965
7634,1708828725.985
7635,1708828726.015
7636,1708828726.035
7637,1708828726.055
7638,1708828726.075
7639,1708828726.095
7640,1708828726.115
7641,1708828726.135
7642,1708828726.165
7643,1708828726.185
7644,1708828726.205
7645,1708828726.225
7646,1708828726.245
7647,1708828726.265
7648,1708828726.285
7649,1708828726.305
7650,1708828726.335
7651,1708828726.355
7652,1708828726.375
7653,1708828726.395
7654,1708828726.415
7655,1708828726.435
7656,1708828726.455
7657,1708828726.485
7658,1708828726.505
7659,1708828726.525
7660,1708828726.545
7661,1708828726.565
7662,1708828726.585
7663,1708828726.605
7664,1708828726.625
7665,1708828726.655
7666,1708828726.675
7667,1708828726.695
7668,1708828726.715
7669,1708828726.735
7670,1708828726.755
7671,1708828726.775
7672,1708828726.805
7673,1708828726.825
7674,1708828726.845
7675,1708828726.865
7676,1708828726.885
7677,1708828726.905
7678,1708828726.925
7679,1708828726.945
7680,1708828726.975
7681,1708828726.995
7682,1708828727.015
7683,1708828727.035
7684,1708828727.055
7685,1708828727.075
7686,1708828727.095
7687,1708828727.125
7688,1708828727.145
7689,1708828727.165
7690,1708828727.185
7691,1708828727.205
7692,1708828727.225
7693,1708828727.245
7694,1708828727.265
7695,1708828727.295
7696,1708828727.315
7697,1708828727.335
7698,1708828727.355
7699,1708828727.375
7700,1708828727.395
7701,1708828727.415
7702,1708828727.445
7703,1708828727.465
7704,1708828727.485
7705,1708828727.505
7706,1708828727.525
7707,1708828727.545
7708,1708828727.565
7709,1708828727.585
7710,1708828727.615
7711,1708828727.635
7712,1708828727.655
7713,1708828727.675
7714,1708828727.695
7715,1708828727.715
7716,1708828727.735
7717,1708828727.765
7718,1708828727.785
7719,1708828727.805
7720,1708828727.825
7721,1708828727.845
7722,1708828727.865
7723,1708828727.885
7724,1708828727.905
7725,1708828727.935
7726,1708828727.955
7727,1708828727.975
7728,1708828727.995
7729,1708828728.015
7730,1708828728.035
7731,1708828728.055
7732,1708828728.085
7733,1708828728.105
7734,1708828728.125
7735,1708828728.145
7736,1708828728.165
7737,1708828728.185
7738,1708828728.205
7739,1708828728.225
7740,1708828728.255
7741,1708828728.275
7742,1708828728.295
7743,1708828728.315
7744,1708828728.335
7745,1708828728.355
7746,1708828728.375
7747,1708828728.405
7748,1708828728.425
7749,1708828728.445
7750,1708828728.465
7751,1708828728.485
7752,1708828728.505
7753,1708828728.525
7754,1708828728.545
7755,1708828728.575
7756,1708828728.595
7757,1708828728.615
7758,1708828728.635
7759,1708828728.655
7760,1708828728.675
7761,1708828728.695
7762,1708828728.725
7763,1708828728.745
7764,1708828728.765
7765,1708828728.785
7766,1708828728.805
7767,1708828728.825
7768,1708828728.845
7769,1708828728.865
7770,1708828728.895
7771,1708828728.915
7772,1708828728.935
7773,1708828728.955
7774,1708828728.975
7775,1708828728.995
7776,1708828729.015
7777,1708828729.045
7778,1708828729.065
7779,1708828729.085
7780,1708828729.105
7781,1708828729.125
7782,1708828729.145
7783,1708828729.165
7784,1708828729.185
7785,1708828729.215
7786,1708828729.235
7787,1708828729.255
7788,1708828729.275
7789,1708828729.295
7790,1708828729.315
7791,1708828729.335
7792,1708828729.365
7793,1708828729.385
7794,1708828729.405
7795,1708828729.425
7796,1708828729.445
7797,1708828729.465
7798,1708828729.485
7799,1708828729.505
7800,1708828729.535
7801,1708828729.555
7802,1708828729.575
7803,1708828729.595
7804,1708828729.615
7805,1708828729.635
7806,1708828729.655
7807,1708828729.685
7808,1708828729.705
7809,1708828729.725
7810,1708828729.745
7811,1708828729.765
7812,1708828729.785
7813,1708828729.805
7814,1708828729.825
7815,1708828729.855
7816,1708828729.875
7817,1708828729.895
7818,1708828729.915
7819,1708828729.935
7820,1708828729.955
7821,1708828729.975
7822,1708828730.005
7823,1708828730.025
7824,1708828730.045
7825,1708828730.065
7826,1708828730.085
7827,1708828730.105
7828,1708828730.125
7829,1708828730.145
7830,1708828730.175
7831,1708828730.195
7832,1708828730.215
7833,1708828730.235
7834,1708828730.255
7835,1708828730.275
7836,1708828730.295
7837,1708828730.325
7838,1708828730.345
7839,1708828730.365
7840,1708828730.385
7841,1708828730.405
7842,1708828730.425
7843,1708828730.445
7844,1708828730.465
7845,1708828730.495
7846,1708828730.515
7847,1708828730.535
7848,1708828730.555
7849,1708828730.575
7850,1708828730.595
7851,1708828730.615
7852,1708828730.645
7853,1708828730.665
7854,1708828730.685
7855,1708828730.705
7856,1708828730.725
7857,1708828730.745
7858,1708828730.765
7859,1708828730.785
7860,1708828730.815
7861,1708828730.835
7862,1708828730.855
7863,1708828730.875
7864,1708828730.895
7865,1708828730.915
7866,1708828730.935
7867,1708828730.965
7868,1708828730.985
7869,1708828731.005
7870,1708828731.025
7871,1708828731.045
7872,1708828731.065
7873,1708828731.085
7874,1708828731.105
7875,1708828731.135
7876,1708828731.155
7877,1708828731.175
7878,1708828731.195
7879,1708828731.215
7880,1708828731.235
7881,1708828731.255
7882,1708828731.285
7883,1708828731.305
7884,1708828731.325
7885,1708828731.345
7886,1708828731.365
7887,1708828731.385
7888,1708828731.405
7889,1708828731.425
7890,1708828731.455
7891,1708828731.475
7892,1708828731.495
7893,1708828731.515
7894,1708828731.535
7895,1708828731.555
7896,1708828731.575
7897,1708828731.605
7898,1708828731.625
7899,1708828731.645
7900,1708828731.665
7901,1708828731.685
7902,1708828731.705
7903,1708828731.725
7904,1708828731.745
7905,1708828731.775
7906,1708828731.795
7907,1708828731.815
7908,1708828731.835
7909,1708828731.855
7910,1708828731.875
7911,1708828731.895
7912,1708828731.925
7913,1708828731.945
7914,1708828731.965
7915,1708828731.985
7916,1708828732.005
7917,1708828732.025
7918,1708828732.045
7919,1708828732.065
7920,1708828732.095
7921,1708828732.115
7922,1708828732.135
7923,1708828732.155
7924,1708828732.175
7925,1708828732.195
7926,1708828732.215
7927,1708828732.245
7928,1708828732.265
7929,1708828732.285
7930,1708828732.305
7931,1708828732.325
7932,1708828732.345
7933,1708828732.365
7934,1708828732.385
7935,1708828732.415
7936,1708828732.435
7937,1708828732.455
7938,1708828732.475
7939,1708828732.495
7940,1708828732.515
7941,1708828732.535
7942,1708828732.565
7943,1708828732.585
7944,1708828732.605
7945,1708828732.625
7946,1708828732.645
7947,1708828732.665
7948,1708828732.685
7949,1708828732.705
7950,1708828732.735
7951,1708828732.755
7952,1708828732.775
7953,1708828732.795
7954,1708828732.815
7955,1708828732.835
7956,1708828732.855
7957,1708828732.885
7958,1708828732.905
7959,1708828732.925
7960,1708828732.945
7961,1708828732.965
7962,1708828732.985
7963,1708828733.005
7964,1708828733.025
7965,1708828733.055
7966,1708828733.075
7967,1708828733.095
7968,1708828733.115
7969,1708828733.135
7970,1708828733.155
7971,1708828733.175
7972,1708828733.205
7973,1708828733.225
7974,1708828733.245
7975,1708828733.265
7976,1708828733.285
7977,1708828733.305
7978,1708828733.325
7979,1708828733.345
7980,1708828733.375
7981,1708828733.395
7982,1708828733.415
7983,1708828733.435
7984,1708828733.455
7985,1708828733.475
7986,1708828733.495
7987,1708828733.525
7988,1708828733.545
7989,1708828733.565
7990,1708828733.585
7991,1708828733.605
7992,1708828733.625
7993,1708828733.645
7994,1708828733.665
7995,1708828733.695
7996,1708828733.715
7997,1708828733.735
7998,1708828733.755
7999,1708828733.775
8000,1708828733.795
8001,1708828733.815
8002,1708828733.845
8003,1708828733.865
8004,1708828733.885
8005,1708828733.905
8006,1708828733.925
8007,1708828733.945
8008,1708828733.965
8009,1708828733.985
8010,1708828734.015
8011,1708828734.035
8012,1708828734.055
8013,1708828734.075
8014,1708828734.095
8015,1708828734.115
8016,1708828734.135
8017,1708828734.165
8018,1708828734.185
8019,1708828734.205
8020,1708828734.225
8021,1708828734.245
8022,1708828734.265
8023,1708828734.285
8024,1708828734.305
8025,1708828734.335
8026,1708828734.355
8027,1708828734.375
8028,1708828734.395
8029,1708828734.415
8030,1708828734.435
8031,1708828734.455
8032,1708828734.485
8033,1708828734.505
8034,1708828734.525
8035,1708828734.545
8036,1708828734.565
8037,1708828734.585
8038,1708828734.605
8039,1708828734.625
8040,1708828734.655
8041,1708828734.675
8042,1708828734.695
8043,1708828734.715
8044,1708828734.735
8045,1708828734.755
8046,1708828734.775
8047,1708828734.805
8048,1708828734.825
8049,1708828734.845
8050,1708828734.865
8051,1708828734.885
8052,1708828734.905
8053,1708828734.925
8054,1708828734.945
8055,1708828734.975
8056,1708828734.995
8057,1708828735.015
8058,1708828735.035
8059,1708828735.055
8060,1708828735.075
8061,1708828735.095
8062,1708828735.125
8063,1708828735.145
8064,1708828735.165
8065,1708828735.185
8066,1708828735.205
8067,1708828735.225
8068,1708828735.245
8069,1708828735.265
8070,1708828735.295
8071,1708828735.315
8072,1708828735.335
8073,1708828735.355
8074,1708828735.375
8075,1708828735.395
8076,1708828735.415
8077,1708828735.445
8078,1708828735.465
8079,1708828735.485
8080,1708828735.505
8081,1708828735.525
8082,1708828735.545
8083,1708828735.565
8084,1708828735.585
8085,1708828735.615
8086,1708828735.635
8087,1708828735.655
8088,1708828735.675
8089,1708828735.695
8090,1708828735.715
8091,1708828735.735
8092,1708828735.765
8093,1708828735.785
8094,1708828735.805
8095,1708828735.825
8096,1708828735.845
8097,1708828735.865
8098,1708828735.885
8099,1708828735.905
8100,1708828735.935
8101,1708828735.955
8102,1708828735.975
8103,1708828735.995
8104,1708828736.015
8105,1708828736.035
8106,1708828736.055
8107,1708828736.085
8108,1708828736.105
8109,1708828736.125
8110,1708828736.145
8111,1708828736.165
8112,1708828736.185
8113,1708828736.205
8114,1708828736.225
8115,1708828736.255
8116,1708828736.275
8117,1708828736.295
8118,1708828736.315
8119,1708828736.335
8120,1708828736.355
8121,1708828736.375
8122,1708828736.405
8123,1708828736.425
8124,1708828736.445
8125,1708828736.465
8126,1708828736.485
8127,1708828736.505
8128,1708828736.525
8129,1708828736.545
8130,1708828736.575
8131,1708828736.595
8132,1708828736.615
8133,1708828736.635
8134,1708828736.655
8135,1708828736.675
8136,1708828736.695
8137,1708828736.725
8138,1708828736.745
8139,1708828736.765
8140,1708828736.785
8141,1708828736.805
8142,1708828736.825
8143,1708828736.845
8144,1708828736.865
8145,1708828736.895
8146,1708828736.915
8147,1708828736.935
8148,1708828736.955
8149,1708828736.975
8150,1708828736.995
8151,1708828737.015
8152,1708828737.045
8153,1708828737.065
8154,1708828737.085
8155,1708828737.105
8156,1708828737.125
8157,1708828737.145
8158,1708828737.165
8159,1708828737.185
8160,1708828737.215
8161,1708828737.235
8162,1708828737.255
8163,1708828737.275
8164,1708828737.295
8165,1708828737.315
8166,1708828737.335
8167,1708828737.365
8168,1708828737.385
8169,1708828737.405
8170,1708828737.425
8171,1708828737.445
8172,1708828737.465
8173,1708828737.485
8174,1708828737.505
8175,1708828737.535
8176,1708828737.555
8177,1708828737.575
8178,1708828737.595
8179,1708828737.615
8180,1708828737.635
8181,1708828737.655
8182,1708828737.685
8183,1708828737.705
8184,1708828737.725
8185,1708828737.745
8186,1708828737.765
8187,1708828737.785
8188,1708828737.805
8189,1708828737.825
8190,1708828737.855
8191,1708828737.875
8192,1708828737.895
8193,1708828737.915
8194,1708828737.935
8195,1708828737.955
8196,1708828737.975
8197,1708828738.005
8198,1708828738.025
8199,1708828738.045
8200,1708828738.065
8201,1708828738.085
8202,1708828738.105
8203,1708828738.125
8204,1708828738.145
8205,1708828738.175
8206,1708828738.195
8207,1708828738.215
8208,1708828738.235
8209,1708828738.255
8210,1708828738.275
8211,1708828738.295
8212,1708828738.325
8213,1708828738.345
8214,1708828738.365
8215,1708828738.385
8216,1708828738.405
8217,1708828738.425
8218,1708828738.445
8219,1708828738.465
8220,1708828738.495
8221,1708828738.515
8222,1708828738.535
8223,1708828738.555
8224,1708828738.575
8225,1708828738.595
8226,1708828738.615
8227,1708828738.645
8228,1708828738.665
8229,1708828738.685
8230,1708828738.705
8231,1708828738.725
8232,1708828738.745
8233,1708828738.765
8234,1708828738.785
8235,1708828738.815
8236,1708828738.835
8237,1708828738.855
8238,1708828738.875
8239,1708828738.895
8240,1708828738.915
8241,1708828738.935
8242,1708828738.965
8243,1708828738.985
8244,1708828739.005
8245,1708828739.025
8246,1708828739.045
8247,1708828739.065
8248,1708828739.085
8249,1708828739.105
8250,1708828739.135
8251,1708828739.155
8252,1708828739.175
8253,1708828739.195
8254,1708828739.215
8255,1708828739.235
8256,1708828739.255
8257,1708828739.285
8258,1708828739.305
8259,1708828739.325
8260,1708828739.345
8261,1708828739.365
8262,1708828739.385
8263,1708828739.405
8264,1708828739.425
8265,1708828739.455
8266,1708828739.475
8267,1708828739.495
8268,1708828739.515
8269,1708828739.535
8270,1708828739.555
8271,1708828739.575
8272,1708828739.605
8273,1708828739.625
8274,1708828739.645
8275,1708828739.665
8276,1708828739.685
8277,1708828739.705
8278,1708828739.725
8279,1708828739.745
8280,1708828739.775
8281,1708828739.795
8282,1708828739.815
8283,1708828739.835
8284,1708828739.855
8285,1708828739.875
8286,1708828739.895
8287,1708828739.925
8288,1708828739.945
8289,1708828739.965
8290,1708828739.985
8291,1708828740.005
8292,1708828740.025
8293,1708828740.045
8294,1708828740.065
8295,1708828740.095
8296,1708828740.115
8297,1708828740.135
8298,1708828740.155
8299,1708828740.175
8300,1708828740.195
8301,1708828740.215
8302,1708828740.245
8303,1708828740.265
8304,1708828740.285
8305,1708828740.305
8306,1708828740.325
8307,1708828740.345
8308,1708828740.365
8309,1708828740.385
8310,1708828740.415
8311,1708828740.435
8312,1708828740.455
8313,1708828740.475
8314,1708828740.495
8315,1708828740.515
8316,1708828740.535
8317,1708828740.565
8318,1708828740.585
8319,1708828740.605
8320,1708828740.625
8321,1708828740.645
8322,1708828740.665
8323,1708828740.685
8324,1708828740.705
8325,1708828740.735
8326,1708828740.755
8327,1708828740.775
8328,1708828740.795
8329,1708828740.815
8330,1708828740.835
8331,1708828740.855
8332,1708828740.885
8333,1708828740.905
8334,1708828740.925
8335,1708828740.945
8336,1708828740.965
8337,1708828740.985
8338,1708828741.005
8339,1708828741.025
8340,1708828741.055
8341,1708828741.075
8342,1708828741.095
8343,1708828741.115
8344,1708828741.135
8345,1708828741.155
8346,1708828741.175
8347,1708828741.205
8348,1708828741.225
8349,1708828741.245
8350,1708828741.265
8351,1708828741.285
8352,1708828741.305
8353,1708828741.325
8354,1708828741.345
8355,1708828741.375
8356,1708828741.395
8357,1708828741.415
8358,1708828741.435
8359,1708828741.455
8360,1708828741.475
8361,1708828741.495
8362,1708828741.525
8363,1708828741.545
8364,1708828741.565
8365,1708828741.585
8366,1708828741.605
8367,1708828741.625
8368,1708828741.645
8369,1708828741.665
8370,1708828741.695
8371,1708828741.715
8372,1708828741.735
8373,1708828741.755
8374,1708828741.775
8375,1708828741.795
8376,1708828741.815
8377,1708828741.845
8378,1708828741.865
8379,1708828741.885
8380,1708828741.905
8381,1708828741.925
8382,1708828741.945
8383,1708828741.965
8384,1708828741.985
8385,1708828742.015
8386,1708828742.035
8387,1708828742.055
8388,1708828742.075
8389,1708828742.095
8390,1708828742.115
8391,1708828742.135
8392,1708828742.165
8393,1708828742.185
8394,1708828742.205
8395,1708828742.225
8396,1708828742.245
8397,1708828742.265
8398,1708828742.285
8399,1708828742.305
8400,1708828742.335
8401,1708828742.355
8402,1708828742.375
8403,1708828742.395
8404,1708828742.415
8405,1708828742.435
8406,1708828742.455
8407,1708828742.485
8408,1708828742.505
8409,1708828742.525
8410,1708828742.545
8411,1708828742.565
8412,1708828742.585
8413,1708828742.605
8414,1708828742.625
8415,1708828742.655
8416,1708828742.675
8417,1708828742.695
8418,1708828742.715
8419,1708828742.735
8420,1708828742.755
8421,1708828742.775
8422,1708828742.805
8423,1708828742.825
8424,1708828742.845
8425,1708828742.865
8426,1708828742.885
8427,1708828742.905
8428,1708828742.925
8429,1708828742.945
8430,1708828742.975
8431,1708828742.995
8432,1708828743.015
8433,1708828743.035
8434,1708828743.055
8435,1708828743.075
8436,1708828743.095
8437,1708828743.125
8438,1708828743.145
8439,1708828743.165
8440,1708828743.185
8441,1708828743.205
8442,1708828743.225
8443,1708828743.245
8444,1708828743.265
8445,1708828743.295
8446,1708828743.315
8447,1708828743.335
8448,1708828743.355
8449,1708828743.375
8450,1708828743.395
8451,1708828743.415
8452,1708828743.445
8453,1708828743.465
8454,1708828743.485
8455,1708828743.505
8456,1708828743.525
8457,1708828743.545
8458,1708828743.565
8459,1708828743.585
8460,1708828743.615
8461,1708828743.635
8462,1708828743.655
8463,1708828743.675
8464,1708828743.695
8465,1708828743.715
8466,1708828743.735
8467,1708828743.765
8468,1708828743.785
8469,1708828743.805
8470,1708828743.825
8471,1708828743.845
8472,1708828743.865
8473,1708828743.885
8474,1708828743.905
8475,1708828743.935
8476,1708828743.955
8477,1708828743.975
8478,1708828743.995
8479,1708828744.015
8480,1708828744.035
8481,1708828744.055
8482,1708828744.085
8483,1708828744.105
8484,1708828744.125
8485,1708828744.145
8486,1708828744.165
8487,1708828744.185
8488,1708828744.205
8489,1708828744.225
8490,1708828744.255
8491,1708828744.275
8492,1708828744.295
8493,1708828744.315
8494,1708828744.335
8495,1708828744.355
8496,1708828744.375
8497,1708828744.405
8498,1708828744.425
8499,1708828744.445
8500,1708828744.465
8501,1708828744.485
8502,1708828744.505
8503,1708828744.525
8504,1708828744.545
8505,1708828744.575
8506,1708828744.595
8507,1708828744.615
8508,1708828744.635
8509,1708828744.655
8510,1708828744.675
8511,1708828744.695
8512,1708828744.725
8513,1708828744.745
8514,1708828744.765
8515,1708828744.785
8516,1708828744.805
8517,1708828744.825
8518,1708828744.845
8519,1708828744.865
8520,1708828744.895
8521,1708828744.915
8522,1708828744.935
8523,1708828744.955
8524,1708828744.975
8525,1708828744.995
8526,1708828745.015
8527,1708828745.045
8528,1708828745.065
8529,1708828745.085
8530,1708828745.105
8531,1708828745.125
8532,1708828745.145
8533,1708828745.165
8534,1708828745.185
8535,1708828745.215
8536,1708828745.235
8537,1708828745.255
8538,1708828745.275
8539,1708828745.295
8540,1708828745.315
8541,1708828745.335
8542,1708828745.365
8543,1708828745.385
8544,1708828745.405
8545,1708828745.425
8546,1708828745.445
8547,1708828745.465
8548,1708828745.485
8549,1708828745.505
8550,1708828745.535
8551,1708828745.555
8552,1708828745.575
8553,1708828745.595
8554,1708828745.615
8555,1708828745.635
8556,1708828745.655
8557,1708828745.685
8558,1708828745.705
8559,1708828745.725
8560,1708828745.745
8561,1708828745.765
8562,1708828745.785
8563,1708828745.805
8564,1708828745.825
8565,1708828745.855
8566,1708828745.875
8567,1708828745.895
8568,1708828745.915
8569,1708828745.935
8570,1708828745.955
8571,1708828745.975
8572,1708828746.005
8573,1708828746.025
8574,1708828746.045
8575,1708828746.065
8576,1708828746.085
8577,1708828746.105
8578,1708828746.125
8579,1708828746.145
8580,1708828746.175
8581,1708828746.195
8582,1708828746.215
8583,1708828746.235
8584,1708828746.255
8585,1708828746.275
8586,1708828746.295
8587,1708828746.325
8588,1708828746.345
8589,1708828746.365
8590,1708828746.385
8591,1708828746.405
8592,1708828746.425
8593,1708828746.445
8594,1708828746.465
8595,1708828746.495
8596,1708828746.515
8597,1708828746.535
8598,1708828746.555
8599,1708828746.575
8600,1708828746.595
8601,1708828746.615
8602,1708828746.645
8603,1708828746.665
8604,1708828746.685
8605,1708828746.705
8606,1708828746.725
8607,1708828746.745
8608,1708828746.765
8609,1708828746.785
8610,1708828746.815
8611,1708828746.835
8612,1708828746.855
8613,1708828746.875
8614,1708828746.895
8615,1708828746.915
8616,1708828746.935
8617,1708828746.965
8618,1708828746.985
8619,1708828747.005
8620,1708828747.025
8621,1708828747.045
8622,1708828747.065
8623,1708828747.085
8624,1708828747.105
8625,1708828747.135
8626,1708828747.155
8627,1708828747.175
8628,1708828747.195
8629,1708828747.215
8630,1708828747.235
8631,1708828747.255
8632,1708828747.285
8633,1708828747.305
8634,1708828747.325
8635,1708828747.345
8636,1708828747.365
8637,1708828747.385
8638,1708828747.405
8639,1708828747.425
8640,1708828747.455
8641,1708828747.475
8642,1708828747.495
8643,1708828747.515
8644,1708828747.535
8645,1708828747.555
8646,1708828747.575
8647,1708828747.605
8648,1708828747.625
8649,1708828747.645
8650,1708828747.665
8651,1708828747.685
8652,1708828747.705
8653,1708828747.725
8654,1708828747.745
8655,1708828747.775
8656,1708828747.795
8657,1708828747.815
8658,1708828747.835
8659,1708828747.855
8660,1708828747.875
8661,1708828747.895
8662,1708828747.925
8663,1708828747.945
8664,1708828747.965
8665,1708828747.985
8666,1708828748.005
8667,1708828748.025
8668,1708828748.045
8669,1708828748.065
8670,1708828748.095
8671,1708828748.115
8672,1708828748.135
8673,1708828748.155
8674,1708828748.175
8675,1708828748.195
8676,1708828748.215
8677,1708828748.245
8678,1708828748.265
8679,1708828748.285
8680,1708828748.305
8681,1708828748.325
8682,1708828748.345
8683,1708828748.365
8684,1708828748.385
8685,1708828748.415
8686,1708828748.435
8687,1708828748.455
8688,1708828748.475
8689,1708828748.495
8690,1708828748.515
8691,1708828748.535
8692,1708828748.565
8693,1708828748.585
8694,1708828748.605
8695,1708828748.625
8696,1708828748.645
8697,1708828748.665
8698,1708828748.685
8699,1708828748.705
8700,1708828748.735
8701,1708828748.755
8702,1708828748.775
8703,1708828748.795
8704,1708828748.815
8705,1708828748.835
8706,1708828748.855
8707,1708828748.885
8708,1708828748.905
8709,1708828748.925
8710,1708828748.945
8711,1708828748.965
8712,1708828748.985
8713,1708828749.005
8714,1708828749.025
8715,1708828749.055
8716,1708828749.075
8717,1708828749.095
8718,1708828749.115
8719,1708828749.135
8720,1708828749.155
8721,1708828749.175
8722,1708828749.205
8723,1708828749.225
8724,1708828749.245
8725,1708828749.265
8726,1708828749.285
8727,1708828749.305
8728,1708828749.325
8729,1708828749.345
8730,1708828749.375
8731,1708828749.395
8732,1708828749.415
8733,1708828749.435
8734,1708828749.455
8735,1708828749.475
8736,1708828749.495
8737,1708828749.525
8738,1708828749.545
8739,1708828749.565
8740,1708828749.585
8741,1708828749.605
8742,1708828749.625
8743,1708828749.645
8744,1708828749.665
8745,1708828749.695
8746,1708828749.715
8747,1708828749.735
8748,1708828749.755
8749,1708828749.775
8750,1708828749.795
8751,1708828749.815
8752,1708828749.845
8753,1708828749.865
8754,1708828749.885
8755,1708828749.905
8756,1708828749.925
8757,1708828749.945
8758,1708828749.965
8759,1708828749.985
8760,1708828750.015
8761,1708828750.035
8762,1708828750.055
8763,1708828750.075
8764,1708828750.095
8765,1708828750.115
8766,1708828750.135
8767,1708828750.165
8768,1708828750.185
8769,1708828750.205
8770,1708828750.225
8771,1708828750.245
8772,1708828750.265
8773,1708828750.285
8774,1708828750.305
8775,1708828750.335
8776,1708828750.355
8777,1708828750.375
8778,1708828750.395
8779,1708828750.415
8780,1708828750.435
8781,1708828750.455
8782,1708828750.485
8783,1708828750.505
8784,1708828750.525
8785,1708828750.545
8786,1708828750.565
8787,1708828750.585
8788,1708828750.605
8789,1708828750.625
8790,1708828750.655
8791,1708828750.675
8792,1708828750.695
8793,1708828750.715
8794,1708828750.735
8795,1708828750.755
8796,1708828750.775
8797,1708828750.805
8798,1708828750.825
8799,1708828750.845
8800,1708828750.865
8801,1708828750.885
8802,1708828750.905
8803,1708828750.925
8804,1708828750.945
8805,1708828750.975
8806,1708828750.995
8807,1708828751.015
8808,1708828751.035
8809,1708828751.055
8810,1708828751.075
8811,1708828751.095
8812,1708828751.125
8813,1708828751.145
8814,1708828751.165
8815,1708828751.185
8816,1708828751.205
8817,1708828751.225
8818,1708828751.245
8819,1708828751.265
8820,1708828751.295
8821,1708828751.315
8822,1708828751.335
8823,1708828751.355
8824,1708828751.375
8825,1708828751.395
8826,1708828751.415
8827,1708828751.445
8828,1708828751.465
8829,1708828751.485
8830,1708828751.505
8831,1708828751.525
8832,1708828751.545
8833,1708828751.565
8834,1708828751.585
8835,1708828751.615
8836,1708828751.635
8837,1708828751.655
8838,1708828751.675
8839,1708828751.695
8840,1708828751.715
8841,1708828751.735
8842,1708828751.765
8843,1708828751.785
8844,1708828751.805
8845,1708828751.825
8846,1708828751.845
8847,1708828751.865
8848,1708828751.885
8849,1708828751.905
8850,1708828751.935
8851,1708828751.955
8852,1708828751.975
8853,1708828751.995
8854,1708828752.015
8855,1708828752.035
8856,1708828752.055
8857,1708828752.085
8858,1708828752.105
8859,1708828752.125
8860,1708828752.145
8861,1708828752.165
8862,1708828752.185
8863,1708828752.205
8864,1708828752.225
8865,1708828752.255
8866,1708828752.275
8867,1708828752.295
8868,1708828752.315
8869,1708828752.335
8870,1708828752.355
8871,1708828752.375
8872,1708828752.405
8873,1708828752.425
8874,1708828752.445
8875,1708828752.465
8876,1708828752.485
8877,1708828752.505
8878,1708828752.525
8879,1708828752.545
8880,1708828752.575
8881,1708828752.595
8882,1708828752.615
8883,1708828752.635
8884,1708828752.655
8885,1708828752.675
8886,1708828752.695
8887,1708828752.725
8888,1708828752.745
8889,1708828752.765
8890,1708828752.785
8891,1708828752.805
8892,1708828752.825
8893,1708828752.845
8894,1708828752.865
8895,1708828752.895
8896,1708828752.915
8897,1708828752.935
8898,1708828752.955
8899,1708828752.975
8900,1708828752.995
8901,1708828753.015
8902,1708828753.045
8903,1708828753.065
8904,1708828753.085
8905,1708828753.105
8906,1708828753.125
8907,1708828753.145
8908,1708828753.165
8909,1708828753.185
8910,1708828753.215
8911,1708828753.235
8912,1708828753.255
8913,1708828753.275
8914,1708828753.295
8915,1708828753.315
8916,1708828753.335
8917,1708828753.365
8918,1708828753.385
8919,1708828753.405
8920,1708828753.425
8921,1708828753.445
8922,1708828753.465
8923,1708828753.485
8924,1708828753.505
8925,1708828753.535
8926,1708828753.555
8927,1708828753.575
8928,1708828753.595
8929,1708828753.615
8930,1708828753.635
8931,1708828753.655
8932,1708828753.685
8933,1708828753.705
8934,1708828753.725
8935,1708828753.745
8936,1708828753.765
8937,1708828753.785
8938,1708828753.805
8939,1708828753.825
8940,1708828753.855
8941,1708828753.875
8942,1708828753.895
8943,1708828753.915
8944,1708828753.935
8945,1708828753.955
8946,1708828753.975
8947,1708828754.005
8948,1708828754.025
8949,1708828754.045
8950,1708828754.065
8951,1708828754.085
8952,1708828754.105
8953,1708828754.125
8954,1708828754.145
8955,1708828754.175
8956,1708828754.195
8957,1708828754.215
8958,1708828754.235
8959,1708828754.255
8960,1708828754.275
8961,1708828754.295
8962,1708828754.325
8963,1708828754.345
8964,1708828754.365
8965,1708828754.385
8966,1708828754.405
8967,1708828754.425
8968,1708828754.445
8969,1708828754.465
8970,1708828754.495
8971,1708828754.515
8972,1708828754.535
8973,1708828754.555
8974,1708828754.575
8975,1708828754.595
8976,1708828754.615
8977,1708828754.645
8978,1708828754.665
8979,1708828754.685
8980,1708828754.705
8981,1708828754.725
8982,1708828754.745
8983,1708828754.765
8984,1708828754.785
8985,1708828754.815
8986,1708828754.835
8987,1708828754.855
8988,1708828754.875
8989,1708828754.895
8990,1708828754.915
8991,1708828754.935
8992,1708828754.965
8993,1708828754.985
8994,1708828755.005
8995,1708828755.025
8996,1708828755.045
8997,1708828755.065
8998,1708828755.085
8999,1708828755.105
9000,1708828755.135
9001,1708828755.155
9002,1708828755.175
9003,1708828755.195
9004,1708828755.215
9005,1708828755.235
9006,1708828755.255
9007,1708828755.285
9008,1708828755.305
9009,1708828755.325
9010,1708828755.345
9011,1708828755.365
9012,1708828755.385
9013,1708828755.405
9014,1708828755.425
9015,1708828755.455
9016,1708828755.475
9017,1708828755.495
9018,1708828755.515
9019,1708828755.535
9020,1708828755.555
9021,1708828755.575
9022,1708828755.605
9023,1708828755.625
9024,1708828755.645
9025,1708828755.665
9026,1708828755.685
9027,1708828755.705
9028,1708828755.725
9029,1708828755.745
9030,1708828755.775
9031,1708828755.795
9032,1708828755.815
9033,1708828755.835
9034,1708828755.855
9035,1708828755.875
9036,1708828755.895
9037,1708828755.925
9038,1708828755.945
9039,1708828755.965
9040,1708828755.985
9041,1708828756.005
9042,1708828756.025
9043,1708828756.045
9044,1708828756.065
9045,1708828756.095
9046,1708828756.115
9047,1708828756.135
9048,1708828756.155
9049,1708828756.175
9050,1708828756.195
9051,1708828756.215
9052,1708828756.245
9053,1708828756.265
9054,1708828756.285
9055,1708828756.305
9056,1708828756.325
9057,1708828756.345
9058,1708828756.365
9059,1708828756.385
9060,1708828756.415
9061,1708828756.435
9062,1708828756.455
9063,1708828756.475
9064,1708828756.495
9065,1708828756.515
9066,1708828756.535
9067,1708828756.565
9068,1708828756.585
9069,1708828756.605
9070,1708828756.625
9071,1708828756.645
9072,1708828756.665
9073,1708828756.685
9074,1708828756.705
9075,1708828756.735
9076,1708828756.755
9077,1708828756.775
9078,1708828756.795
9079,1708828756.815
9080,1708828756.835
9081,1708828756.855
9082,1708828756.885
9083,1708828756.905
9084,1708828756.925
9085,1708828756.945
9086,1708828756.965
9087,1708828756.985
9088,1708828757.005
9089,1708828757.025
9090,1708828757.055
9091,1708828757.075
9092,1708828757.095
9093,1708828757.115
9094,1708828757.135
9095,1708828757.155
9096,1708828757.175
9097,1708828757.205
9098,1708828757.225
9099,1708828757.245
9100,1708828757.265
9101,1708828757.285
9102,1708828757.305
9103,1708828757.325
9104,1708828757.345
9105,1708828757.375
9106,1708828757.395
9107,1708828757.415
9108,1708828757.435
9109,1708828757.455
9110,1708828757.475
9111,1708828757.495
9112,1708828757.525
9113,1708828757.545
9114,1708828757.565
9115,1708828757.585
9116,1708828757.605
9117,1708828757.625
9118,1708828757.645
9119,1708828757.665
9120,1708828757.695
9121,1708828757.715
9122,1708828757.735
9123,1708828757.755
9124,1708828757.775
9125,1708828757.795
9126,1708828757.815
9127,1708828757.845
9128,1708828757.865
9129,1708828757.885
9130,1708828757.905
9131,1708828757.925
9132,1708828757.945
9133,1708828757.965
9134,1708828757.985
9135,1708828758.015
9136,1708828758.035
9137,1708828758.055
9138,1708828758.075
9139,1708828758.095
9140,1708828758.115
9141,1708828758.135
9142,1708828758.165
9143,1708828758.185
9144,1708828758.205
9145,1708828758.225
9146,1708828758.245
9147,1708828758.265
9148,1708828758.285
9149,1708828758.305
9150,1708828758.335
9151,1708828758.355
9152,1708828758.375
9153,1708828758.395
9154,1708828758.415
9155,1708828758.435
9156,1708828758.455
9157,1708828758.485
9158,1708828758.505
9159,1708828758.525
9160,1708828758.545
9161,1708828758.565
9162,1708828758.585
9163,1708828758.605
9164,1708828758.625
9165,1708828758.655
9166,1708828758.675
9167,1708828758.695
9168,1708828758.715
9169,1708828758.735
9170,1708828758.755
9171,1708828758.775
9172,1708828758.805
9173,1708828758.825
9174,1708828758.845
9175,1708828758.865
9176,1708828758.885
9177,1708828758.905
9178,1708828758.925
9179,1708828758.945
9180,1708828758.975
9181,1708828758.995
9182,1708828759.015
9183,1708828759.035
9184,1708828759.055
9185,1708828759.075
9186,1708828759.095
9187,1708828759.125
9188,1708828759.145
9189,1708828759.165
9190,1708828759.185
9191,1708828759.205
9192,1708828759.225
9193,1708828759.245
9194,1708828759.265
9195,1708828759.295
9196,1708828759.315
9197,1708828759.335
9198,1708828759.355
9199,1708828759.375
9200,1708828759.395
9201,1708828759.415
9202,1708828759.445
9203,1708828759.465
9204,1708828759.485
9205,1708828759.505
9206,1708828759.525
9207,1708828759.545
9208,1708828759.565
9209,1708828759.585
9210,1708828759.615
9211,1708828759.635
9212,1708828759.655
9213,1708828759.675
9214,1708828759.695
9215,1708828759.715
9216,1708828759.735
9217,1708828759.765
9218,1708828759.785
9219,1708828759.805
9220,1708828759.825
9221,1708828759.845
9222,1708828759.865
9223,1708828759.885
9224,1708828759.905
9225,1708828759.935
9226,1708828759.955
9227,1708828759.975
9228,1708828759.995
9229,1708828760.015
9230,1708828760.035
9231,1708828760.055
9232,1708828760.085
9233,1708828760.105
9234,1708828760.125
9235,1708828760.145
9236,1708828760.165
9237,1708828760.185
9238,1708828760.205
9239,1708828760.225
9240,1708828760.255
9241,1708828760.275
9242,1708828760.295
9243,1708828760.315
9244,1708828760.335
9245,1708828760.355
9246,1708828760.375
9247,1708828760.405
9248,1708828760.425
9249,1708828760.445
9250,1708828760.465
9251,1708828760.485
9252,1708828760.505
9253,1708828760.525
9254,1708828760.545
9255,1708828760.575
9256,1708828760.595
9257,1708828760.615
9258,1708828760.635
9259,1708828760.655
9260,1708828760.675
9261,1708828760.695
9262,1708828760.725
9263,1708828760.745
9264,1708828760.765
9265,1708828760.785
9266,1708828760.805
9267,1708828760.825
9268,1708828760.845
9269,1708828760.865
9270,1708828760.895
9271,1708828760.915
9272,1708828760.935
9273,1708828760.955
9274,1708828760.975
9275,1708828760.995
9276,1708828761.015
9277,1708828761.045
9278,1708828761.065
9279,1708828761.085
9280,1708828761.105
9281,1708828761.125
9282,1708828761.145
9283,1708828761.165
9284,1708828761.185
9285,1708828761.215
9286,1708828761.235
9287,1708828761.255
9288,1708828761.275
9289,1708828761.295
9290,1708828761.315
9291,1708828761.335
9292,1708828761.365
9293,1708828761.385
9294,1708828761.405
9295,1708828761.425
9296,1708828761.445
9297,1708828761.465
9298,1708828761.485
9299,1708828761.505
9300,1708828761.535
9301,1708828761.555
9302,1708828761.575
9303,1708828761.595
9304,1708828761.615
9305,1708828761.635
9306,1708828761.655
9307,1708828761.685
9308,1708828761.705
9309,1708828761.725
9310,1708828761.745
9311,1708828761.765
9312,1708828761.785
9313,1708828761.805
9314,1708828761.825
9315,1708828761.855
9316,1708828761.875
9317,1708828761.895
9318,1708828761.915
9319,1708828761.935
9320,1708828761.955
9321,1708828761.975
9322,1708828762.005
9323,1708828762.025
9324,1708828762.045
9325,1708828762.065
9326,1708828762.085
9327,1708828762.105
9328,1708828762.125
9329,1708828762.145
9330,1708828762.175
9331,1708828762.195
9332,1708828762.215
9333,1708828762.235
9334,1708828762.255
9335,1708828762.275
9336,1708828762.295
9337,1708828762.325
9338,1708828762.345
9339,1708828762.365
9340,1708828762.385
9341,1708828762.405
9342,1708828762.425
9343,1708828762.445
9344,1708828762.465
9345,1708828762.495
9346,1708828762.515
9347,1708828762.535
9348,1708828762.555
9349,1708828762.575
9350,1708828762.595
9351,1708828762.615
9352,1708828762.645
9353,1708828762.665
9354,1708828762.685
9355,1708828762.705
9356,1708828762.725
9357,1708828762.745
9358,1708828762.765
9359,1708828762.785
9360,1708828762.815
9361,1708828762.835
9362,1708828762.855
9363,1708828762.875
9364,1708828762.895
9365,1708828762.915
9366,1708828762.935
9367,1708828762.965
9368,1708828762.985
9369,1708828763.005
9370,1708828763.025
9371,1708828763.045
9372,1708828763.065
9373,1708828763.085
9374,1708828763.105
9375,1708828763.135
9376,1708828763.155
9377,1708828763.175
9378,1708828763.195
9379,1708828763.215
9380,1708828763.235
9381,1708828763.255
9382,1708828763.285
9383,1708828763.305
9384,1708828763.325
9385,1708828763.345
9386,1708828763.365
9387,1708828763.385
9388,1708828763.405
9389,1708828763.425
9390,1708828763.455
9391,1708828763.475
9392,1708828763.495
9393,1708828763.515
9394,1708828763.535
9395,1708828763.555
9396,1708828763.575
9397,1708828763.605
9398,1708828763.625
9399,1708828763.645
9400,1708828763.665
9401,1708828763.685
9402,1708828763.705
9403,1708828763.725
9404,1708828763.745
9405,1708828763.775
9406,1708828763.795
9407,1708828763.815
9408,1708828763.835
9409,1708828763.855
9410,1708828763.875
9411,1708828763.895
9412,1708828763.925
9413,1708828763.945
9414,1708828763.965
9415,1708828763.985
9416,1708828764.005
9417,1708828764.025
9418,1708828764.045
9419,1708828764.065
9420,1708828764.095
9421,1708828764.115
9422,1708828764.135
9423,1708828764.155
9424,1708828764.175
9425,1708828764.195
9426,1708828764.215
9427,1708828764.245
9428,1708828764.265
9429,1708828764.285
9430,1708828764.305
9431,1708828764.325
9432,1708828764.345
9433,1708828764.365
9434,1708828764.385
9435,1708828764.415
9436,1708828764.435
9437,1708828764.455
9438,1708828764.475
9439,1708828764.495
9440,1708828764.515
9441,1708828764.535
9442,1708828764.565
9443,1708828764.585
9444,1708828764.605
9445,1708828764.625
9446,1708828764.645
9447,1708828764.665
9448,1708828764.685
9449,1708828764.705
9450,1708828764.735
9451,1708828764.755
9452,1708828764.775
9453,1708828764.795
9454,1708828764.815
9455,1708828764.835
9456,1708828764.855
9457,1708828764.885
9458,1708828764.905
9459,1708828764.925
9460,1708828764.945
9461,1708828764.965
9462,1708828764.985
9463,1708828765.005
9464,1708828765.025
9465,1708828765.055
9466,1708828765.075
9467,1708828765.095
9468,1708828765.115
9469,1708828765.135
9470,1708828765.155
9471,1708828765.175
9472,1708828765.205
9473,1708828765.225
9474,1708828765.245
9475,1708828765.265
9476,1708828765.285
9477,1708828765.305
9478,1708828765.325
9479,1708828765.345
9480,1708828765.375
9481,1708828765.395
9482,1708828765.415
9483,1708828765.435
9484,1708828765.455
9485,1708828765.475
9486,1708828765.495
9487,1708828765.525
9488,1708828765.545
9489,1708828765.565
9490,1708828765.585
9491,1708828765.605
9492,1708828765.625
9493,1708828765.645
9494,1708828765.665
9495,1708828765.695
9496,1708828765.715
9497,1708828765.735
9498,1708828765.755
9499,1708828765.775
9500,1708828765.795
9501,1708828765.815
9502,1708828765.845
9503,1708828765.865
9504,1708828765.885
9505,1708828765.905
9506,1708828765.925
9507,1708828765.945
9508,1708828765.965
9509,1708828765.985
9510,1708828766.015
9511,1708828766.035
9512,1708828766.055
9513,1708828766.075
9514,1708828766.095
9515,1708828766.115
9516,1708828766.135
9517,1708828766.165
9518,1708828766.185
9519,1708828766.205
9520,1708828766.225
9521,1708828766.245
9522,1708828766.265
9523,1708828766.285
9524,1708828766.305
9525,1708828766.335
9526,1708828766.355
9527,1708828766.375
9528,1708828766.395
9529,1708828766.415
9530,1708828766.435
9531,1708828766.455
9532,1708828766.485
9533,1708828766.505
9534,1708828766.525
9535,1708828766.545
9536,1708828766.565
9537,1708828766.585
9538,1708828766.605
9539,1708828766.625
9540,1708828766.655
9541,1708828766.675
9542,1708828766.695
9543,1708828766.715
9544,1708828766.735
9545,1708828766.755
9546,1708828766.775
9547,1708828766.805
9548,1708828766.825
9549,1708828766.845
9550,1708828766.865
9551,1708828766.885
9552,1708828766.905
9553,1708828766.925
9554,1708828766.945
9555,1708828766.975
9556,1708828766.995
9557,1708828767.015
9558,1708828767.035
9559,1708828767.055
9560,1708828767.075
9561,1708828767.095
9562,1708828767.125
9563,1708828767.145
9564,1708828767.165
9565,1708828767.185
9566,1708828767.205
9567,1708828767.225
9568,1708828767.245
9569,1708828767.265
9570,1708828767.295
9571,1708828767.315
9572,1708828767.335
9573,1708828767.355
9574,1708828767.375
9575,1708828767.395
9576,1708828767.415
9577,1708828767.445
9578,1708828767.465
9579,1708828767.485
9580,1708828767.505
9581,1708828767.525
9582,1708828767.545
9583,1708828767.565
9584,1708828767.585
9585,1708828767.615
9586,1708828767.635
9587,1708828767.655
9588,1708828767.675
9589,1708828767.695
9590,1708828767.715
9591,1708828767.735
9592,1708828767.765
9593,1708828767.785
9594,1708828767.805
9595,1708828767.825
9596,1708828767.845
9597,1708828767.865
9598,1708828767.885
9599,1708828767.905
9600,1708828767.935
9601,1708828767.955
9602,1708828767.975
9603,1708828767.995
9604,1708828768.015
9605,1708828768.035
9606,1708828768.055
9607,1708828768.085
9608,1708828768.105
9609,1708828768.125
9610,1708828768.145
9611,1708828768.165
9612,1708828768.185
9613,1708828768.205
9614,1708828768.225
9615,1708828768.255
9616,1708828768.275
9617,1708828768.295
9618,1708828768.315
9619,1708828768.335
9620,1708828768.355
9621,1708828768.375
9622,1708828768.405
9623,1708828768.425
9624,1708828768.445
9625,1708828768.465
9626,1708828768.485
9627,1708828768.505
9628,1708828768.525
9629,1708828768.545
9630,1708828768.575
9631,1708828768.595
9632,1708828768.615
9633,1708828768.635
9634,1708828768.655
9635,1708828768.675
9636,1708828768.695
9637,1708828768.725
9638,1708828768.745
9639,1708828768.765
9640,1708828768.785
9641,1708828768.805
9642,1708828768.825
9643,1708828768.845
9644,1708828768.865
9645,1708828768.895
9646,1708828768.915
9647,1708828768.935
9648,1708828768.955
9649,1708828768.975
9650,1708828768.995
9651,1708828769.015
9652,1708828769.045
9653,1708828769.065
9654,1708828769.085
9655,1708828769.105
9656,1708828769.125
9657,1708828769.145
9658,1708828769.165
9659,1708828769.185
9660,1708828769.215
9661,1708828769.235
9662,1708828769.255
9663,1708828769.275
9664,1708828769.295
9665,1708828769.315
9666,1708828769.335
9667,1708828769.365
9668,1708828769.385
9669,1708828769.405
9670,1708828769.425
9671,1708828769.445
9672,1708828769.465
9673,1708828769.485
9674,1708828769.505
9675,1708828769.535
9676,1708828769.555
9677,1708828769.575
9678,1708828769.595
9679,1708828769.615
9680,1708828769.635
9681,1708828769.655
9682,1708828769.685
9683,1708828769.705
9684,1708828769.725
9685,1708828769.745
9686,1708828769.765
9687,1708828769.785
9688,1708828769.805
9689,1708828769.825
9690,1708828769.855
9691,1708828769.875
9692,1708828769.895
9693,1708828769.915
9694,1708828769.935
9695,1708828769.955
9696,1708828769.975
9697,1708828770.005
9698,1708828770.025
9699,1708828770.045
9700,1708828770.065
9701,1708828770.085
9702,1708828770.105
9703,1708828770.125
9704,1708828770.145
9705,1708828770.175
9706,1708828770.195
9707,1708828770.215
9708,1708828770.235
9709,1708828770.255
9710,1708828770.275
9711,1708828770.295
9712,1708828770.325
9713,1708828770.345
9714,1708828770.365
9715,1708828770.385
9716,1708828770.405
9717,1708828770.425
9718,1708828770.445
9719,1708828770.465
9720,1708828770.495
9721,1708828770.515
9722,1708828770.535
9723,1708828770.555
9724,1708828770.575
9725,1708828770.595
9726,1708828770.615
9727,1708828770.645
9728,1708828770.665
9729,1708828770.685
9730,1708828770.705
9731,1708828770.725
9732,1708828770.745
9733,1708828770.765
9734,1708828770.785
9735,1708828770.815
9736,1708828770.835
9737,1708828770.855
9738,1708828770.875
9739,1708828770.895
9740,1708828770.915
9741,1708828770.935
9742,1708828770.965
9743,1708828770.985
9744,1708828771.005
9745,1708828771.025
9746,1708828771.045
9747,1708828771.065
9748,1708828771.085
9749,1708828771.105
9750,1708828771.135
9751,1708828771.155
9752,1708828771.175
9753,1708828771.195
9754,1708828771.215
9755,1708828771.235
9756,1708828771.255
9757,1708828771.285
9758,1708828771.305
9759,1708828771.325
9760,1708828771.345
9761,1708828771.365
9762,1708828771.385
9763,1708828771.405
9764,1708828771.425
9765,1708828771.455
9766,1708828771.475
9767,1708828771.495
9768,1708828771.515
9769,1708828771.535
9770,1708828771.555
9771,1708828771.575
9772,1708828771.605
9773,1708828771.625
9774,1708828771.645
9775,1708828771.665
9776,1708828771.685
9777,1708828771.705
9778,1708828771.725
9779,1708828771.745
9780,1708828771.775
9781,1708828771.795
9782,1708828771.815
9783,1708828771.835
9784,1708828771.855
9785,1708828771.875
9786,1708828771.895
9787,1708828771.925
9788,1708828771.945
9789,1708828771.965
9790,1708828771.985
9791,1708828772.005
9792,1708828772.025
9793,1708828772.045
9794,1708828772.065
9795,1708828772.095
9796,1708828772.115
9797,1708828772.135
9798,1708828772.155
9799,1708828772.175
9800,1708828772.195
9801,1708828772.215
9802,1708828772.245
9803,1708828772.265
9804,1708828772.285
9805,1708828772.305
9806,1708828772.325
9807,1708828772.345
9808,1708828772.365
9809,1708828772.385
9810,1708828772.415
9811,1708828772.435
9812,1708828772.455
9813,1708828772.475
9814,1708828772.495
9815,1708828772.515
9816,1708828772.535
9817,1708828772.565
9818,1708828772.585
9819,1708828772.605
9820,1708828772.625
9821,1708828772.645
9822,1708828772.665
9823,1708828772.685
9824,1708828772.705
9825,1708828772.735
9826,1708828772.755
9827,1708828772.775
9828,1708828772.795
9829,1708828772.815
9830,1708828772.835
9831,1708828772.855
9832,1708828772.885
9833,1708828772.905
9834,1708828772.925
9835,1708828772.945
9836,1708828772.965
9837,1708828772.985
9838,1708828773.005
9839,1708828773.025
9840,1708828773.055
9841,1708828773.075
9842,1708828773.095
9843,1708828773.115
9844,1708828773.135
9845,1708828773.155
9846,1708828773.175
9847,1708828773.205
9848,1708828773.225
9849,1708828773.245
9850,1708828773.265
9851,1708828773.285
9852,1708828773.305
9853,1708828773.325
9854,1708828773.345
9855,1708828773.375
9856,1708828773.395
9857,1708828773.415
9858,1708828773.435
9859,1708828773.455
9860,1708828773.475
9861,1708828773.495
9862,1708828773.525
9863,1708828773.545
9864,1708828773.565
9865,1708828773.585
9866,1708828773.605
9867,1708828773.625
9868,1708828773.645
9869,1708828773.665
9870,1708828773.695
9871,1708828773.715
9872,1708828773.735
9873,1708828773.755
9874,1708828773.775
9875,1708828773.795
9876,1708828773.815
9877,1708828773.845
9878,1708828773.865
9879,1708828773.885
9880,1708828773.905
9881,1708828773.925
9882,1708828773.945
9883,1708828773.965
9884,1708828773.985
9885,1708828774.015
9886,1708828774.035
9887,1708828774.055
9888,1708828774.075
9889,1708828774.095
9890,1708828774.115
9891,1708828774.135
9892,1708828774.165
9893,1708828774.185
9894,1708828774.205
9895,1708828774.225
9896,1708828774.245
9897,1708828774.265
9898,1708828774.285
9899,1708828774.305
9900,1708828774.335
9901,1708828774.355
9902,1708828774.375
9903,1708828774.395
9904,1708828774.415
9905,1708828774.435
9906,1708828774.455
9907,1708828774.485
9908,1708828774.505
9909,1708828774.525
9910,1708828774.545
9911,1708828774.565
9912,1708828774.585
9913,1708828774.605
9914,1708828774.625
9915,1708828774.655
9916,1708828774.675
9917,1708828774.695
9918,1708828774.715
9919,1708828774.735
9920,1708828774.755
9921,1708828774.775
9922,1708828774.805
9923,1708828774.825
9924,1708828774.845
9925,1708828774.865
9926,1708828774.885
9927,1708828774.905
9928,1708828774.925
9929,1708828774.945
9930,1708828774.975
9931,1708828774.995
9932,1708828775.015
9933,1708828775.035
9934,1708828775.055
9935,1708828775.075
9936,1708828775.095
9937,1708828775.125
9938,1708828775.145
9939,1708828775.165
9940,1708828775.185
9941,1708828775.205
9942,1708828775.225
9943,1708828775.245
9944,1708828775.265
9945,1708828775.295
9946,1708828775.315
9947,1708828775.335
9948,1708828775.355
9949,1708828775.375
9950,1708828775.395
9951,1708828775.415
9952,1708828775.445
9953,1708828775.465
9954,1708828775.485
9955,1708828775.505
9956,1708828775.525
9957,1708828775.545
9958,1708828775.565
9959,1708828775.585
9960,1708828775.615
9961,1708828775.635
9962,1708828775.655
9963,1708828775.675
9964,1708828775.695
9965,1708828775.715
9966,1708828775.735
9967,1708828775.765
9968,1708828775.785
9969,1708828775.805
9970,1708828775.825
9971,1708828775.845
9972,1708828775.865
9973,1708828775.885
9974,1708828775.905
9975,1708828775.935
9976,1708828775.955
9977,1708828775.975
9978,1708828775.995
9979,1708828776.015
9980,1708828776.035
9981,1708828776.055
9982,1708828776.085
9983,1708828776.105
9984,1708828776.125
9985,1708828776.145
9986,1708828776.165
9987,1708828776.185
9988,1708828776.205
9989,1708828776.225
9990,1708828776.255
9991,1708828776.275
9992,1708828776.295
9993,1708828776.315
9994,1708828776.335
9995,1708828776.355
9996,1708828776.375
9997,1708828776.405
9998,1708828776.425
9999,1708828776.445
10000,1708828776.465
10001,1708828776.485
10002,1708828776.505
10003,1708828776.525
10004,1708828776.545
10005,1708828776.575
10006,1708828776.595
10007,1708828776.615
10008,1708828776.635
10009,1708828776.655
10010,1708828776.675
10011,1708828776.695
10012,1708828776.725
10013,1708828776.745
10014,1708828776.765
10015,1708828776.785
10016,1708828776.805
10017,1708828776.825
10018,1708828776.845
10019,1708828776.865
10020,1708828776.895
10021,1708828776.915
10022,1708828776.935
10023,1708828776.955
10024,1708828776.975
10025,1708828776.995
10026,1708828777.015
10027,1708828777.045
10028,1708828777.065
10029,1708828777.085
10030,1708828777.105
10031,1708828777.125
10032,1708828777.145
10033,1708828777.165
10034,1708828777.185
10035,1708828777.215
10036,1708828777.235
10037,1708828777.255
10038,1708828777.275
10039,1708828777.295
10040,1708828777.315
10041,1708828777.335
10042,1708828777.365
10043,1708828777.385
10044,1708828777.405
10045,1708828777.425
10046,1708828777.445
10047,1708828777.465
10048,1708828777.485
10049,1708828777.505
10050,1708828777.535
10051,1708828777.555
10052,1708828777.575
10053,1708828777.595
10054,1708828777.615
10055,1708828777.635
10056,1708828777.655
10057,1708828777.685
10058,1708828777.705
10059,1708828777.725
10060,1708828777.745
10061,1708828777.765
10062,1708828777.785
10063,1708828777.805
10064,1708828777.825
10065,1708828777.855
10066,1708828777.875
10067,1708828777.895
10068,1708828777.915
10069,1708828777.935
10070,1708828777.955
10071,1708828777.975
10072,1708828778.005
10073,1708828778.025
10074,1708828778.045
10075,1708828778.065
10076,1708828778.085
10077,1708828778.105
10078,1708828778.125
10079,1708828778.145
10080,1708828778.175
10081,1708828778.195
10082,1708828778.215
10083,1708828778.235
10084,1708828778.255
10085,1708828778.275
10086,1708828778.295
10087,1708828778.325
10088,1708828778.345
10089,1708828778.365
10090,1708828778.385
10091,1708828778.405
10092,1708828778.425
10093,1708828778.445
10094,1708828778.465
10095,1708828778.495
10096,1708828778.515
10097,1708828778.535
10098,1708828778.555
10099,1708828778.575
10100,1708828778.595
10101,1708828778.615
10102,1708828778.645
10103,1708828778.665
10104,1708828778.685
10105,1708828778.705
10106,1708828778.725
10107,1708828778.745
10108,1708828778.765
10109,1708828778.785
10110,1708828778.815
10111,1708828778.835
10112,1708828778.855
10113,1708828778.875
10114,1708828778.895
10115,1708828778.915
10116,1708828778.935
10117,1708828778.965
10118,1708828778.985
10119,1708828779.005
10120,1708828779.025
10121,1708828779.045
10122,1708828779.065
10123,1708828779.085
10124,1708828779.105
10125,1708828779.135
10126,1708828779.155
10127,1708828779.175
10128,1708828779.195
10129,1708828779.215
10130,1708828779.235
10131,1708828779.255
10132,1708828779.285
10133,1708828779.305
10134,1708828779.325
10135,1708828779.345
10136,1708828779.365
10137,1708828779.385
10138,1708828779.405
10139,1708828779.425
10140,1708828779.455
10141,1708828779.475
10142,1708828779.495
10143,1708828779.515
10144,1708828779.535
10145,1708828779.555
10146,1708828779.575
10147,1708828779.605
10148,1708828779.625
10149,1708828779.645
10150,1708828779.665
10151,1708828779.685
10152,1708828779.705
10153,1708828779.725
10154,1708828779.745
10155,1708828779.775
10156,1708828779.795
10157,1708828779.815
10158,1708828779.835
10159,1708828779.855
10160,1708828779.875
10161,1708828779.895
10162,1708828779.925
10163,1708828779.945
10164,1708828779.965
10165,1708828779.985
10166,1708828780.005
10167,1708828780.025
10168,1708828780.045
10169,1708828780.065
10170,1708828780.095
10171,1708828780.115
10172,1708828780.135
10173,1708828780.155
10174,1708828780.175
10175,1708828780.195
10176,1708828780.215
10177,1708828780.245
10178,1708828780.265
10179,1708828780.285
10180,1708828780.305
10181,1708828780.325
10182,1708828780.345
10183,1708828780.365
10184,1708828780.385
10185,1708828780.415
10186,1708828780.435
10187,1708828780.455
10188,1708828780.475
10189,1708828780.495
10190,1708828780.515
10191,1708828780.535
10192,1708828780.565
10193,1708828780.585
10194,1708828780.605
10195,1708828780.625
10196,1708828780.645
10197,1708828780.665
10198,1708828780.685
10199,1708828780.705
10200,1708828780.735
10201,1708828780.755
10202,1708828780.775
10203,1708828780.795
10204,1708828780.815
10205,1708828780.835
10206,1708828780.855
10207,1708828780.885
10208,1708828780.905
10209,1708828780.925
10210,1708828780.945
10211,1708828780.965
10212,1708828780.985
10213,1708828781.005
10214,1708828781.025
10215,1708828781.055
10216,1708828781.075
10217,1708828781.095
10218,1708828781.115
10219,1708828781.135
10220,1708828781.155
10221,1708828781.175
10222,1708828781.205
10223,1708828781.225
10224,1708828781.245
10225,1708828781.265
10226,1708828781.285
10227,1708828781.305
10228,1708828781.325
10229,1708828781.345
10230,1708828781.375
10231,1708828781.395
10232,1708828781.415
10233,1708828781.435
10234,1708828781.455
10235,1708828781.475
10236,1708828781.495
10237,1708828781.525
10238,1708828781.545
10239,1708828781.565
10240,1708828781.585
10241,1708828781.605
10242,1708828781.625
10243,1708828781.645
10244,1708828781.665
10245,1708828781.695
10246,1708828781.715
10247,1708828781.735
10248,1708828781.755
10249,1708828781.775
10250,1708828781.795
10251,1708828781.815
10252,1708828781.845
10253,1708828781.865
10254,1708828781.885
10255,1708828781.905
10256,1708828781.925
10257,1708828781.945
10258,1708828781.965
10259,1708828781.985
10260,1708828782.015
10261,1708828782.035
10262,1708828782.055
10263,1708828782.075
10264,1708828782.095
10265,1708828782.115
10266,1708828782.135
10267,1708828782.165
10268,1708828782.185
10269,1708828782.205
10270,1708828782.225
10271,1708828782.245
10272,1708828782.265
10273,1708828782.285
10274,1708828782.305
10275,1708828782.335
10276,1708828782.355
10277,1708828782.375
10278,1708828782.395
10279,1708828782.415
10280,1708828782.435
10281,1708828782.455
10282,1708828782.485
10283,1708828782.505
10284,1708828782.525
10285,1708828782.545
10286,1708828782.565
10287,1708828782.585
10288,1708828782.605
10289,1708828782.625
10290,1708828782.655
10291,1708828782.675
10292,1708828782.695
10293,1708828782.715
10294,1708828782.735
10295,1708828782.755
10296,1708828782.775
10297,1708828782.805
10298,1708828782.825
10299,1708828782.845
10300,1708828782.865
10301,1708828782.885
10302,1708828782.905
10303,1708828782.925
10304,1708828782.945
10305,1708828782.975
10306,1708828782.995
10307,1708828783.015
10308,1708828783.035
10309,1708828783.055
10310,1708828783.075
10311,1708828783.095
10312,1708828783.125
10313,1708828783.145
10314,1708828783.165
10315,1708828783.185
10316,1708828783.205
10317,1708828783.225
10318,1708828783.245
10319,1708828783.265
10320,1708828783.295
10321,1708828783.315
10322,1708828783.335
10323,1708828783.355
10324,1708828783.375
10325,1708828783.395
10326,1708828783.415
10327,1708828783.445
10328,1708828783.465
10329,1708828783.485
10330,1708828783.505
10331,1708828783.525
10332,1708828783.545
10333,1708828783.565
10334,1708828783.585
10335,1708828783.615
10336,1708828783.635
10337,1708828783.655
10338,1708828783.675
10339,1708828783.695
10340,1708828783.715
10341,1708828783.735
10342,1708828783.765
10343,1708828783.785
10344,1708828783.805
10345,1708828783.825
10346,1708828783.845
10347,1708828783.865
10348,1708828783.885
10349,1708828783.905
10350,1708828783.935
10351,1708828783.955
10352,1708828783.975
10353,1708828783.995
10354,1708828784.015
10355,1708828784.035
10356,1708828784.055
10357,1708828784.085
10358,1708828784.105
10359,1708828784.125
10360,1708828784.145
10361,1708828784.165
10362,1708828784.185
10363,1708828784.205
10364,1708828784.225
10365,1708828784.255
10366,1708828784.275
10367,1708828784.295
10368,1708828784.315
10369,1708828784.335
10370,1708828784.355
10371,1708828784.375
10372,1708828784.405
10373,1708828784.425
10374,1708828784.445
10375,1708828784.465
10376,1708828784.485
10377,1708828784.505
10378,1708828784.525
10379,1708828784.545
10380,1708828784.575
10381,1708828784.595
10382,1708828784.615
10383,1708828784.635
10384,1708828784.655
10385,1708828784.675
10386,1708828784.695
10387,1708828784.725
10388,1708828784.745
10389,1708828784.765
10390,1708828784.785
10391,1708828784.805
10392,1708828784.825
10393,1708828784.845
10394,1708828784.865
10395,1708828784.895
10396,1708828784.915
10397,1708828784.935
10398,1708828784.955
10399,1708828784.975
10400,1708828784.995
10401,1708828785.015
10402,1708828785.045
10403,1708828785.065
10404,1708828785.085
10405,1708828785.105
10406,1708828785.125
10407,1708828785.145
10408,1708828785.165
10409,1708828785.185
10410,1708828785.215
10411,1708828785.235
10412,1708828785.255
10413,1708828785.275
10414,1708828785.295
10415,1708828785.315
10416,1708828785.335
10417,1708828785.365
10418,1708828785.385
10419,1708828785.405
10420,1708828785.425
10421,1708828785.445
10422,1708828785.465
10423,1708828785.485
10424,1708828785.505
10425,1708828785.535
10426,1708828785.555
10427,1708828785.575
10428,1708828785.595
10429,1708828785.615
10430,1708828785.635
10431,1708828785.655
10432,1708828785.685
10433,1708828785.705
10434,1708828785.725
10435,1708828785.745
10436,1708828785.765
10437,1708828785.785
10438,1708828785.805
10439,1708828785.825
10440,1708828785.855
10441,1708828785.875
10442,1708828785.895
10443,1708828785.915
10444,1708828785.935
10445,1708828785.955
10446,1708828785.975
10447,1708828786.005
10448,1708828786.025
10449,1708828786.045
10450,1708828786.065
10451,1708828786.085
10452,1708828786.105
10453,1708828786.125
10454,1708828786.145
10455,1708828786.175
10456,1708828786.195
10457,1708828786.215
10458,1708828786.235
10459,1708828786.255
10460,1708828786.275
10461,1708828786.295
10462,1708828786.325
10463,1708828786.345
10464,1708828786.365
10465,1708828786.385
10466,1708828786.405
10467,1708828786.425
10468,1708828786.445
10469,1708828786.465
10470,1708828786.495
10471,1708828786.515
10472,1708828786.535
10473,1708828786.555
10474,1708828786.575
10475,1708828786.595
10476,1708828786.615
10477,1708828786.645
10478,1708828786.665
10479,1708828786.685
10480,1708828786.705
10481,1708828786.725
10482,1708828786.745
10483,1708828786.765
10484,1708828786.785
10485,1708828786.815
10486,1708828786.835
10487,1708828786.855
10488,1708828786.875
10489,1708828786.895
10490,1708828786.915
10491,1708828786.935
10492,1708828786.965
10493,1708828786.985
10494,1708828787.005
10495,1708828787.025
10496,1708828787.045
10497,1708828787.065
10498,1708828787.085
10499,1708828787.105
10500,1708828787.135
10501,1708828787.155
10502,1708828787.175
10503,1708828787.195
10504,1708828787.215
10505,1708828787.235
10506,1708828787.255
10507,1708828787.285
10508,1708828787.305
10509,1708828787.325
10510,1708828787.345
10511,1708828787.365
10512,1708828787.385
10513,1708828787.405
10514,1708828787.425
10515,1708828787.455
10516,1708828787.475
10517,1708828787.495
10518,1708828787.515
10519,1708828787.535
10520,1708828787.555
10521,1708828787.575
10522,1708828787.605
10523,1708828787.625
10524,1708828787.645
10525,1708828787.665
10526,1708828787.685
10527,1708828787.705
10528,1708828787.725
10529,1708828787.745
10530,1708828787.775
10531,1708828787.795
10532,1708828787.815
10533,1708828787.835
10534,1708828787.855
10535,1708828787.875
10536,1708828787.895
10537,1708828787.925
10538,1708828787.945
10539,1708828787.965
10540,1708828787.985
10541,1708828788.005
10542,1708828788.025
10543,1708828788.045
10544,1708828788.065
10545,1708828788.095
10546,1708828788.115
10547,1708828788.135
10548,1708828788.155
10549,1708828788.175
10550,1708828788.195
10551,1708828788.215
10552,1708828788.245
10553,1708828788.265
10554,1708828788.285
10555,1708828788.305
10556,1708828788.325
10557,1708828788.345
10558,1708828788.365
10559,1708828788.385
10560,1708828788.415
10561,1708828788.435
10562,1708828788.455
10563,1708828788.475
10564,1708828788.495
10565,1708828788.515
10566,1708828788.535
10567,1708828788.565
10568,1708828788.585
10569,1708828788.605
10570,1708828788.625
10571,1708828788.645
10572,1708828788.665
10573,1708828788.685
10574,1708828788.705
10575,1708828788.735
10576,1708828788.755
10577,1708828788.775
10578,1708828788.795
10579,1708828788.815
10580,1708828788.835
10581,1708828788.855
10582,1708828788.885
10583,1708828788.905
10584,1708828788.925
10585,1708828788.945
10586,1708828788.965
10587,1708828788.985
10588,1708828789.005
10589,1708828789.025
10590,1708828789.055
10591,1708828789.075
10592,1708828789.095
10593,1708828789.115
10594,1708828789.135
10595,1708828789.155
10596,1708828789.175
10597,1708828789.205
10598,1708828789.225
10599,1708828789.245
10600,1708828789.265
10601,1708828789.285
10602,1708828789.305
10603,1708828789.325
10604,1708828789.345
10605,1708828789.375
10606,1708828789.395
10607,1708828789.415
10608,1708828789.435
10609,1708828789.455
10610,1708828789.475
10611,1708828789.495
10612,1708828789.525
10613,1708828789.545
10614,1708828789.565
10615,1708828789.585
10616,1708828789.605
10617,1708828789.625
10618,1708828789.645
10619,1708828789.665
10620,1708828789.695
10621,1708828789.715
10622,1708828789.735
10623,1708828789.755
10624,1708828789.775
10625,1708828789.795
10626,1708828789.815
10627,1708828789.845
10628,1708828789.865
10629,1708828789.885
10630,1708828789.905
10631,1708828789.925
10632,1708828789.945
10633,1708828789.965
10634,1708828789.985
10635,1708828790.015
10636,1708828790.035
10637,1708828790.055
10638,1708828790.075
10639,1708828790.095
10640,1708828790.115
10641,1708828790.135
10642,1708828790.165
10643,1708828790.185
10644,1708828790.205
10645,1708828790.225
10646,1708828790.245
10647,1708828790.265
10648,1708828790.285
10649,1708828790.305
10650,1708828790.335
10651,1708828790.355
10652,1708828790.375
10653,1708828790.395
10654,1708828790.415
10655,1708828790.435
10656,1708828790.455
10657,1708828790.485
10658,1708828790.505
10659,1708828790.525
10660,1708828790.545
10661,1708828790.565
10662,1708828790.585
10663,1708828790.605
10664,1708828790.625
10665,1708828790.655
10666,1708828790.675
10667,1708828790.695
10668,1708828790.715
10669,1708828790.735
10670,1708828790.755
10671,1708828790.775
10672,1708828790.805
10673,1708828790.825
10674,1708828790.845
10675,1708828790.865
10676,1708828790.885
10677,1708828790.905
10678,1708828790.925
10679,1708828790.945
10680,1708828790.975
10681,1708828790.995
10682,1708828791.015
10683,1708828791.035
10684,1708828791.055
10685,1708828791.075
10686,1708828791.095
10687,1708828791.125
10688,1708828791.145
10689,1708828791.165
10690,1708828791.185
10691,1708828791.205
10692,1708828791.225
10693,1708828791.245
10694,1708828791.265
10695,1708828791.295
10696,1708828791.315
10697,1708828791.335
10698,1708828791.355
10699,1708828791.375
10700,1708828791.395
10701,1708828791.415
10702,1708828791.445
10703,1708828791.465
10704,1708828791.485
10705,1708828791.505
10706,1708828791.525
10707,1708828791.545
10708,1708828791.565
10709,1708828791.585
10710,1708828791.615
10711,1708828791.635
10712,1708828791.655
10713,1708828791.675
10714,1708828791.695
10715,1708828791.715
10716,1708828791.735
10717,1708828791.765
10718,1708828791.785
10719,1708828791.805
10720,1708828791.825
10721,1708828791.845
10722,1708828791.865
10723,1708828791.885
10724,1708828791.905
10725,1708828791.935
10726,1708828791.955
10727,1708828791.975
10728,1708828791.995
10729,1708828792.015
10730,1708828792.035
10731,1708828792.055
10732,1708828792.085
10733,1708828792.105
10734,1708828792.125
10735,1708828792.145
10736,1708828792.165
10737,1708828792.185
10738,1708828792.205
10739,1708828792.225
10740,1708828792.255
10741,1708828792.275
10742,1708828792.295
10743,1708828792.315
10744,1708828792.335
10745,1708828792.355
10746,1708828792.375
10747,1708828792.405
10748,1708828792.425
10749,1708828792.445
10750,1708828792.465
10751,1708828792.485
10752,1708828792.505
10753,1708828792.525
10754,1708828792.545
10755,1708828792.575
10756,1708828792.595
10757,1708828792.615
10758,1708828792.635
10759,1708828792.655
10760,1708828792.675
10761,1708828792.695
10762,1708828792.725
10763,1708828792.745
10764,1708828792.765
10765,1708828792.785
10766,1708828792.805
10767,1708828792.825
10768,1708828792.845
10769,1708828792.865
10770,1708828792.895
10771,1708828792.915
10772,1708828792.935
10773,1708828792.955
10774,1708828792.975
10775,1708828792.995
10776,1708828793.015
10777,1708828793.045
10778,1708828793.065
10779,1708828793.085
10780,1708828793.105
10781,1708828793.125
10782,1708828793.145
10783,1708828793.165
10784,1708828793.185
10785,1708828793.215
10786,1708828793.235
10787,1708828793.255
10788,1708828793.275
10789,1708828793.295
10790,1708828793.315
10791,1708828793.335
10792,1708828793.365
10793,1708828793.385
10794,1708828793.405
10795,1708828793.425
10796,1708828793.445
10797,1708828793.465
10798,1708828793.485
10799,1708828793.505
10800,1708828793.535
10801,1708828793.555
10802,1708828793.575
10803,1708828793.595
10804,1708828793.615
10805,1708828793.635
10806,1708828793.655
10807,1708828793.685
10808,1708828793.705
10809,1708828793.725
10810,1708828793.745
10811,1708828793.765
10812,1708828793.785
10813,1708828793.805
10814,1708828793.825
10815,1708828793.855
10816,1708828793.875
10817,1708828793.895
10818,1708828793.915
10819,1708828793.935
10820,1708828793.955
10821,1708828793.975
10822,1708828794.005
10823,1708828794.025
10824,1708828794.045
10825,1708828794.065
10826,1708828794.085
10827,1708828794.105
10828,1708828794.125
10829,1708828794.145
10830,1708828794.175
10831,1708828794.195
10832,1708828794.215
10833,1708828794.235
10834,1708828794.255
10835,1708828794.275
10836,1708828794.295
10837,1708828794.325
10838,1708828794.345
10839,1708828794.365
10840,1708828794.385
10841,1708828794.405
10842,1708828794.425
10843,1708828794.445
10844,1708828794.465
10845,1708828794.495
10846,1708828794.515
10847,1708828794.535
10848,1708828794.555
10849,1708828794.575
10850,1708828794.595
10851,1708828794.615
10852,1708828794.645
10853,1708828794.665
10854,1708828794.685
10855,1708828794.705
10856,1708828794.725
10857,1708828794.745
10858,1708828794.765
10859,1708828794.785
10860,1708828794.815
10861,1708828794.835
10862,1708828794.855
10863,1708828794.875
10864,1708828794.895
10865,1708828794.915
10866,1708828794.935
10867,1708828794.965
10868,1708828794.985
10869,1708828795.005
10870,1708828795.025
10871,1708828795.045
10872,1708828795.065
10873,1708828795.085
10874,1708828795.105
10875,1708828795.135
10876,1708828795.155
10877,1708828795.175
10878,1708828795.195
10879,1708828795.215
10880,1708828795.235
10881,1708828795.255
10882,1708828795.285
10883,1708828795.305
10884,1708828795.325
10885,1708828795.345
10886,1708828795.365
10887,1708828795.385
10888,1708828795.405
10889,1708828795.425
10890,1708828795.455
10891,1708828795.475
10892,1708828795.495
10893,1708828795.515
10894,1708828795.535
10895,1708828795.555
10896,1708828795.575
10897,1708828795.605
10898,1708828795.625
10899,1708828795.645
10900,1708828795.665
10901,1708828795.685
10902,1708828795.705
10903,1708828795.725
10904,1708828795.745
10905,1708828795.775
10906,1708828795.795
10907,1708828795.815
10908,1708828795.835
10909,1708828795.855
10910,1708828795.875
10911,1708828795.895
10912,1708828795.925
10913,1708828795.945
10914,1708828795.965
10915,1708828795.985
10916,1708828796.005
10917,1708828796.025
10918,1708828796.045
10919,1708828796.065
10920,1708828796.095
10921,1708828796.115
10922,1708828796.135
10923,1708828796.155
10924,1708828796.175
10925,1708828796.195
10926,1708828796.215
10927,1708828796.245
10928,1708828796.265
10929,1708828796.285
10930,1708828796.305
10931,1708828796.325
10932,1708828796.345
10933,1708828796.365
10934,1708828796.385
10935,1708828796.415
10936,1708828796.435
10937,1708828796.455
10938,1708828796.475
10939,1708828796.495
10940,1708828796.515
10941,1708828796.535
10942,1708828796.565
10943,1708828796.585
10944,1708828796.605
10945,1708828796.625
10946,1708828796.645
10947,1708828796.665
10948,1708828796.685
10949,1708828796.705
10950,1708828796.735
10951,1708828796.755
10952,1708828796.775
10953,1708828796.795
10954,1708828796.815
10955,1708828796.835
10956,1708828796.855
10957,1708828796.885
10958,1708828796.905
10959,1708828796.925
10960,1708828796.945
10961,1708828796.965
10962,1708828796.985
10963,1708828797.005
10964,1708828797.025
10965,1708828797.055
10966,1708828797.075
10967,1708828797.095
10968,1708828797.115
10969,1708828797.135
10970,1708828797.155
10971,1708828797.175
10972,1708828797.205
10973,1708828797.225
10974,1708828797.245
10975,1708828797.265
10976,1708828797.285
10977,1708828797.305
10978,1708828797.325
10979,1708828797.345
10980,1708828797.375
10981,1708828797.395
10982,1708828797.415
10983,1708828797.435
10984,1708828797.455
10985,1708828797.475
10986,1708828797.495
10987,1708828797.525
10988,1708828797.545
10989,1708828797.565
10990,1708828797.585
10991,1708828797.605
10992,1708828797.625
10993,1708828797.645
10994,1708828797.665
10995,1708828797.695
10996,1708828797.715
10997,1708828797.735
10998,1708828797.755
10999,1708828797.775
11000,1708828797.795
11001,1708828797.815
11002,1708828797.845
11003,1708828797.865
11004,1708828797.885
11005,1708828797.905
11006,1708828797.925
11007,1708828797.945
11008,1708828797.965
11009,1708828797.985
11010,1708828798.015
11011,1708828798.035
11012,1708828798.055
11013,1708828798.075
11014,1708828798.095
11015,1708828798.115
11016,1708828798.135
11017,1708828798.165
11018,1708828798.185
11019,1708828798.205
11020,1708828798.225
11021,1708828798.245
11022,1708828798.265
11023,1708828798.285
11024,1708828798.305
11025,1708828798.335
11026,1708828798.355
11027,1708828798.375
11028,1708828798.395
11029,1708828798.415
11030,1708828798.435
11031,1708828798.455
11032,1708828798.485
11033,1708828798.505
11034,1708828798.525
11035,1708828798.545
11036,1708828798.565
11037,1708828798.585
11038,1708828798.605
11039,1708828798.625
11040,1708828798.655
11041,1708828798.675
11042,1708828798.695
11043,1708828798.715
11044,1708828798.735
11045,1708828798.755
11046,1708828798.775
11047,1708828798.805
11048,1708828798.825
11049,1708828798.845
11050,1708828798.865
11051,1708828798.885
11052,1708828798.905
11053,1708828798.925
11054,1708828798.945
11055,1708828798.975
11056,1708828798.995
11057,1708828799.015
11058,1708828799.035
11059,1708828799.055
11060,1708828799.075
11061,1708828799.095
11062,1708828799.125
11063,1708828799.145
11064,1708828799.165
11065,1708828799.185
11066,1708828799.205
11067,1708828799.225
11068,1708828799.245
11069,1708828799.265
11070,1708828799.295
11071,1708828799.315
11072,1708828799.335
11073,1708828799.355
11074,1708828799.375
11075,1708828799.395
11076,1708828799.415
11077,1708828799.445
11078,1708828799.465
11079,1708828799.485
11080,1708828799.505
11081,1708828799.525
11082,1708828799.545
11083,1708828799.565
11084,1708828799.585
11085,1708828799.615
11086,1708828799.635
11087,1708828799.655
11088,1708828799.675
11089,1708828799.695
11090,1708828799.715
11091,1708828799.735
11092,1708828799.765
11093,1708828799.785
11094,1708828799.805
11095,1708828799.825
11096,1708828799.845
11097,1708828799.865
11098,1708828799.885
11099,1708828799.905
11100,1708828799.935
11101,1708828799.955
11102,1708828799.975
11103,1708828799.995
11104,1708828800.015
11105,1708828800.035
11106,1708828800.055
11107,1708828800.085
11108,1708828800.105
11109,1708828800.125
11110,1708828800.145
11111,1708828800.165
11112,1708828800.185
11113,1708828800.205
11114,1708828800.225
11115,1708828800.255
11116,1708828800.275
11117,1708828800.295
11118,1708828800.315
11119,1708828800.335
11120,1708828800.355
11121,1708828800.375
11122,1708828800.405
11123,1708828800.425
11124,1708828800.445
11125,1708828800.465
11126,1708828800.485
11127,1708828800.505
11128,1708828800.525
11129,1708828800.545
11130,1708828800.575
11131,1708828800.595
11132,1708828800.615
11133,1708828800.635
11134,1708828800.655
11135,1708828800.675
11136,1708828800.695
11137,1708828800.725
11138,1708828800.745
11139,1708828800.765
11140,1708828800.785
11141,1708828800.805
11142,1708828800.825
11143,1708828800.845
11144,1708828800.865
11145,1708828800.895
11146,1708828800.915
11147,1708828800.935
11148,1708828800.955
11149,1708828800.975
11150,1708828800.995
11151,1708828801.015
11152,1708828801.045
11153,1708828801.065
11154,1708828801.085
11155,1708828801.105
11156,1708828801.125
11157,1708828801.145
11158,1708828801.165
11159,1708828801.185
11160,1708828801.215
11161,1708828801.235
11162,1708828801.255
11163,1708828801.275
11164,1708828801.295
11165,1708828801.315
11166,1708828801.335
11167,1708828801.365
11168,1708828801.385
11169,1708828801.405
11170,1708828801.425
11171,1708828801.445
11172,1708828801.465
11173,1708828801.485
11174,1708828801.505
11175,1708828801.535
11176,1708828801.555
11177,1708828801.575
11178,1708828801.595
11179,1708828801.615
11180,1708828801.635
11181,1708828801.655
11182,1708828801.685
11183,1708828801.705
11184,1708828801.725
11185,1708828801.745
11186,1708828801.765
11187,1708828801.785
11188,1708828801.805
11189,1708828801.825
11190,1708828801.855
11191,1708828801.875
11192,1708828801.895
11193,1708828801.915
11194,1708828801.935
11195,1708828801.955
11196,1708828801.975
11197,1708828802.005
11198,1708828802.025
11199,1708828802.045
11200,1708828802.065
11201,1708828802.085
11202,1708828802.105
11203,1708828802.125
11204,1708828802.145
11205,1708828802.175
11206,1708828802.195
11207,1708828802.215
11208,1708828802.235
11209,1708828802.255
11210,1708828802.275
11211,1708828802.295
11212,1708828802.325
11213,1708828802.345
11214,1708828802.365
11215,1708828802.385
11216,1708828802.405
11217,1708828802.425
11218,1708828802.445
11219,1708828802.465
11220,1708828802.495
11221,1708828802.515
11222,1708828802.535
11223,1708828802.555
11224,1708828802.575
11225,1708828802.595
11226,1708828802.615
11227,1708828802.645
11228,1708828802.665
11229,1708828802.685
11230,1708828802.705
11231,1708828802.725
11232,1708828802.745
11233,1708828802.765
11234,1708828802.785
11235,1708828802.815
11236,1708828802.835
11237,1708828802.855
11238,1708828802.875
11239,1708828802.895
11240,1708828802.915
11241,1708828802.935
11242,1708828802.965
11243,1708828802.985
11244,1708828803.005
11245,1708828803.025
11246,1708828803.045
11247,1708828803.065
11248,1708828803.085
11249,1708828803.105
11250,1708828803.135
11251,1708828803.155
11252,1708828803.175
11253,1708828803.195
11254,1708828803.215
11255,1708828803.235
11256,1708828803.255
11257,1708828803.285
11258,1708828803.305
11259,1708828803.325
11260,1708828803.345
11261,1708828803.365
11262,1708828803.385
11263,1708828803.405
11264,1708828803.425
11265,1708828803.455
11266,1708828803.475
11267,1708828803.495
11268,1708828803.515
11269,1708828803.535
11270,1708828803.555
11271,1708828803.575
11272,1708828803.605
11273,1708828803.625
11274,1708828803.645
11275,1708828803.665
11276,1708828803.685
11277,1708828803.705
11278,1708828803.725
11279,1708828803.745
11280,1708828803.775
11281,1708828803.795
11282,1708828803.815
11283,1708828803.835
11284,1708828803.855
11285,1708828803.875
11286,1708828803.895
11287,1708828803.925
11288,1708828803.945
11289,1708828803.965
11290,1708828803.985
11291,1708828804.005
11292,1708828804.025
11293,1708828804.045
11294,1708828804.065
11295,1708828804.095
11296,1708828804.115
11297,1708828804.135
11298,1708828804.155
11299,1708828804.175
11300,1708828804.195
11301,1708828804.215
11302,1708828804.245
11303,1708828804.265
11304,1708828804.285
11305,1708828804.305
11306,1708828804.325
11307,1708828804.345
11308,1708828804.365
11309,1708828804.385
11310,1708828804.415
11311,1708828804.435
11312,1708828804.455
11313,1708828804.475
11314,1708828804.495
11315,1708828804.515
11316,1708828804.535
11317,1708828804.565
11318,1708828804.585
11319,1708828804.605
11320,1708828804.625
11321,1708828804.645
11322,1708828804.665
11323,1708828804.685
11324,1708828804.705
11325,1708828804.735
11326,1708828804.755
11327,1708828804.775
11328,1708828804.795
11329,1708828804.815
11330,1708828804.835
11331,1708828804.855
11332,1708828804.885
11333,1708828804.905
11334,1708828804.925
11335,1708828804.945
11336,1708828804.965
11337,1708828804.985
11338,1708828805.005
11339,1708828805.025
11340,1708828805.055
11341,1708828805.075
11342,1708828805.095
11343,1708828805.115
11344,1708828805.135
11345,1708828805.155
11346,1708828805.175
11347,1708828805.205
11348,1708828805.225
11349,1708828805.245
11350,1708828805.265
11351,1708828805.285
11352,1708828805.305
11353,1708828805.325
11354,1708828805.345
11355,1708828805.375
11356,1708828805.395
11357,1708828805.415
11358,1708828805.435
11359,1708828805.455
11360,1708828805.475
11361,1708828805.495
11362,1708828805.525
11363,1708828805.545
11364,1708828805.565
11365,1708828805.585
11366,1708828805.605
11367,1708828805.625
11368,1708828805.645
11369,1708828805.665
11370,1708828805.695
11371,1708828805.715
11372,1708828805.735
11373,1708828805.755
11374,1708828805.775
11375,1708828805.795
11376,1708828805.815
11377,1708828805.845
11378,1708828805.865
11379,1708828805.885
11380,1708828805.905
11381,1708828805.925
11382,1708828805.945
11383,1708828805.965
11384,1708828805.985
11385,1708828806.015
11386,1708828806.035
11387,1708828806.055
11388,1708828806.075
11389,1708828806.095
11390,1708828806.115
11391,1708828806.135
11392,1708828806.165
11393,1708828806.185
11394,1708828806.205
11395,1708828806.225
11396,1708828806.245
11397,1708828806.265
11398,1708828806.285
11399,1708828806.305
11400,1708828806.335
11401,1708828806.355
11402,1708828806.375
11403,1708828806.395
11404,1708828806.415
11405,1708828806.435
11406,1708828806.455
11407,1708828806.485
11408,1708828806.505
11409,1708828806.525
11410,1708828806.545
11411,1708828806.565
11412,1708828806.585
11413,1708828806.605
11414,1708828806.625
11415,1708828806.655
11416,1708828806.675
11417,1708828806.695
11418,1708828806.715
11419,1708828806.735
11420,1708828806.755
11421,1708828806.775
11422,1708828806.805
11423,1708828806.825
11424,1708828806.845
11425,1708828806.865
11426,1708828806.885
11427,1708828806.905
11428,1708828806.925
11429,1708828806.945
11430,1708828806.975
11431,1708828806.995
11432,1708828807.015
11433,1708828807.035
11434,1708828807.055
11435,1708828807.075
11436,1708828807.095
11437,1708828807.125
11438,1708828807.145
11439,1708828807.165
11440,1708828807.185
11441,1708828807.205
11442,1708828807.225
11443,1708828807.245
11444,1708828807.265
11445,1708828807.295
11446,1708828807.315
11447,1708828807.335
11448,1708828807.355
11449,1708828807.375
11450,1708828807.395
11451,1708828807.415
11452,1708828807.445
11453,1708828807.465
11454,1708828807.485
11455,1708828807.505
11456,1708828807.525
11457,1708828807.545
11458,1708828807.565
11459,1708828807.585
11460,1708828807.615
11461,1708828807.635
11462,1708828807.655
11463,1708828807.675
11464,1708828807.695
11465,1708828807.715
11466,1708828807.735
11467,1708828807.765
11468,1708828807.785
11469,1708828807.805
11470,1708828807.825
11471,1708828807.845
11472,1708828807.865
11473,1708828807.885
11474,1708828807.905
11475,1708828807.935
11476,1708828807.955
11477,1708828807.975
11478,1708828807.995
11479,1708828808.015
11480,1708828808.035
11481,1708828808.055
11482,1708828808.085
11483,1708828808.105
11484,1708828808.125
11485,1708828808.145
11486,1708828808.165
11487,1708828808.185
11488,1708828808.205
11489,1708828808.225
11490,1708828808.255
11491,1708828808.275
11492,1708828808.295
11493,1708828808.315
11494,1708828808.335
11495,1708828808.355
11496,1708828808.375
11497,1708828808.405
11498,1708828808.425
11499,1708828808.445
11500,1708828808.465
11501,1708828808.485
11502,1708828808.505
11503,1708828808.525
11504,1708828808.545
11505,1708828808.575
11506,1708828808.595
11507,1708828808.615
11508,1708828808.635
11509,1708828808.655
11510,1708828808.675
11511,1708828808.695
11512,1708828808.725
11513,1708828808.745
11514,1708828808.765
11515,1708828808.785
11516,1708828808.805
11517,1708828808.825
11518,1708828808.845
11519,1708828808.865
11520,1708828808.895
11521,1708828808.915
11522,1708828808.935
11523,1708828808.955
11524,1708828808.975
11525,1708828808.995
11526,1708828809.015
11527,1708828809.045
11528,1708828809.065
11529,1708828809.085
11530,1708828809.105
11531,1708828809.125
11532,1708828809.145
11533,1708828809.165
11534,1708828809.185
11535,1708828809.215
11536,1708828809.235
11537,1708828809.255
11538,1708828809.275
11539,1708828809.295
11540,1708828809.315
11541,1708828809.335
11542,1708828809.365
11543,1708828809.385
11544,1708828809.405
11545,1708828809.425
11546,1708828809.445
11547,1708828809.465
11548,1708828809.485
11549,1708828809.505
11550,1708828809.535
11551,1708828809.555
11552,1708828809.575
11553,1708828809.595
11554,1708828809.615
11555,1708828809.635
11556,1708828809.655
11557,1708828809.685
11558,1708828809.705
11559,1708828809.725
11560,1708828809.745
11561,1708828809.765
11562,1708828809.785
11563,1708828809.805
11564,1708828809.825
11565,1708828809.855
11566,1708828809.875
11567,1708828809.895
11568,1708828809.915
11569,1708828809.935
11570,1708828809.955
11571,1708828809.975
11572,1708828810.005
11573,1708828810.025
11574,1708828810.045
11575,1708828810.065
11576,1708828810.085
11577,1708828810.105
11578,1708828810.125
11579,1708828810.145
11580,1708828810.175
11581,1708828810.195
11582,1708828810.215
11583,1708828810.235
11584,1708828810.255
11585,1708828810.275
11586,1708828810.295
11587,1708828810.325
11588,1708828810.345
11589,1708828810.365
11590,1708828810.385
11591,1708828810.405
11592,1708828810.425
11593,1708828810.445
11594,1708828810.465
11595,1708828810.495
11596,1708828810.515
11597,1708828810.535
11598,1708828810.555
11599,1708828810.575
11600,1708828810.595
11601,1708828810.615
11602,1708828810.645
11603,1708828810.665
11604,1708828810.685
11605,1708828810.705
11606,1708828810.725
11607,1708828810.745
11608,1708828810.765
11609,1708828810.785
11610,1708828810.815
11611,1708828810.835
11612,1708828810.855
11613,1708828810.875
11614,1708828810.895
11615,1708828810.915
11616,1708828810.935
11617,1708828810.965
11618,1708828810.985
11619,1708828811.005
11620,1708828811.025
11621,1708828811.045
11622,1708828811.065
11623,1708828811.085
11624,1708828811.105
11625,1708828811.135
11626,1708828811.155
11627,1708828811.175
11628,1708828811.195
11629,1708828811.215
11630,1708828811.235
11631,1708828811.255
11632,1708828811.285
11633,1708828811.305
11634,1708828811.325
11635,1708828811.345
11636,1708828811.365
11637,1708828811.385
11638,1708828811.405
11639,1708828811.425
11640,1708828811.455
11641,1708828811.475
11642,1708828811.495
11643,1708828811.515
11644,1708828811.535
11645,1708828811.555
11646,1708828811.575
11647,1708828811.605
11648,1708828811.625
11649,1708828811.645
11650,1708828811.665
11651,1708828811.685
11652,1708828811.705
11653,1708828811.725
11654,1708828811.745
11655,1708828811.775
11656,1708828811.795
11657,1708828811.815
11658,1708828811.835
11659,1708828811.855
11660,1708828811.875
11661,1708828811.895
11662,1708828811.925
11663,1708828811.945
11664,1708828811.965
11665,1708828811.985
11666,1708828812.005
11667,1708828812.025
11668,1708828812.045
11669,1708828812.065
11670,1708828812.095
11671,1708828812.115
11672,1708828812.135
11673,1708828812.155
11674,1708828812.175
11675,1708828812.195
11676,1708828812.215
11677,1708828812.245
11678,1708828812.265
11679,1708828812.285
11680,1708828812.305
11681,1708828812.325
11682,1708828812.345
11683,1708828812.365
11684,1708828812.385
11685,1708828812.415
11686,1708828812.435
11687,1708828812.455
11688,1708828812.475
11689,1708828812.495
11690,1708828812.515
11691,1708828812.535
11692,1708828812.565
11693,1708828812.585
11694,1708828812.605
11695,1708828812.625
11696,1708828812.645
11697,1708828812.665
11698,1708828812.685
11699,1708828812.705
11700,1708828812.735
11701,1708828812.755
11702,1708828812.775
11703,1708828812.795
11704,1708828812.815
11705,1708828812.835
11706,1708828812.855
11707,1708828812.885
11708,1708828812.905
11709,1708828812.925
11710,1708828812.945
11711,1708828812.965
11712,1708828812.985
11713,1708828813.005
11714,1708828813.025
11715,1708828813.055
11716,1708828813.075
11717,1708828813.095
11718,1708828813.115
11719,1708828813.135
11720,1708828813.155
11721,1708828813.175
11722,1708828813.205
11723,1708828813.225
11724,1708828813.245
11725,1708828813.265
11726,1708828813.285
11727,1708828813.305
11728,1708828813.325
11729,1708828813.345
11730,1708828813.375
11731,1708828813.395
11732,1708828813.415
11733,1708828813.435
11734,1708828813.455
11735,1708828813.475
11736,1708828813.495
11737,1708828813.525
11738,1708828813.545
11739,1708828813.565
11740,1708828813.585
11741,1708828813.605
11742,1708828813.625
11743,1708828813.645
11744,1708828813.665
11745,1708828813.695
11746,1708828813.715
11747,1708828813.735
11748,1708828813.755
11749,1708828813.775
11750,1708828813.795
11751,1708828813.815
11752,1708828813.845
11753,1708828813.865
11754,1708828813.885
11755,1708828813.905
11756,1708828813.925
11757,1708828813.945
11758,1708828813.965
11759,1708828813.985
11760,1708828814.015
11761,1708828814.035
11762,1708828814.055
11763,1708828814.075
11764,1708828814.095
11765,1708828814.115
11766,1708828814.135
11767,1708828814.165
11768,1708828814.185
11769,1708828814.205
11770,1708828814.225
11771,1708828814.245
11772,1708828814.265
11773,1708828814.285
11774,1708828814.305
11775,1708828814.335
11776,1708828814.355
11777,1708828814.375
11778,1708828814.395
11779,1708828814.415
11780,1708828814.435
11781,1708828814.455
11782,1708828814.485
11783,1708828814.505
11784,1708828814.525
11785,1708828814.545
11786,1708828814.565
11787,1708828814.585
11788,1708828814.605
11789,1708828814.625
11790,1708828814.655
11791,1708828814.675
11792,1708828814.695
11793,1708828814.715
11794,1708828814.735
11795,1708828814.755
11796,1708828814.775
11797,1708828814.805
11798,1708828814.825
11799,1708828814.845
11800,1708828814.865
11801,1708828814.885
11802,1708828814.905
11803,1708828814.925
11804,1708828814.945
11805,1708828814.975
11806,1708828814.995
11807,1708828815.015
11808,1708828815.035
11809,1708828815.055
11810,1708828815.075
11811,1708828815.095
11812,1708828815.125
11813,1708828815.145
11814,1708828815.165
11815,1708828815.185
11816,1708828815.205
11817,1708828815.225
11818,1708828815.245
11819,1708828815.265
11820,1708828815.295
11821,1708828815.315
11822,1708828815.335
11823,1708828815.355
11824,1708828815.375
11825,1708828815.395
11826,1708828815.415
11827,1708828815.445
11828,1708828815.465
11829,1708828815.485
11830,1708828815.505
11831,1708828815.525
11832,1708828815.545
11833,1708828815.565
11834,1708828815.585
11835,1708828815.615
11836,1708828815.635
11837,1708828815.655
11838,1708828815.675
11839,1708828815.695
11840,1708828815.715
11841,1708828815.735
11842,1708828815.765
11843,1708828815.785
11844,1708828815.805
11845,1708828815.825
11846,1708828815.845
11847,1708828815.865
11848,1708828815.885
11849,1708828815.905
11850,1708828815.935
11851,1708828815.955
11852,1708828815.975
11853,1708828815.995
11854,1708828816.015
11855,1708828816.035
11856,1708828816.055
11857,1708828816.085
11858,1708828816.105
11859,1708828816.125
11860,1708828816.145
11861,1708828816.165
11862,1708828816.185
11863,1708828816.205
11864,1708828816.225
11865,1708828816.255
11866,1708828816.275
11867,1708828816.295
11868,1708828816.315
11869,1708828816.335
11870,1708828816.355
11871,1708828816.375
11872,1708828816.405
11873,1708828816.425
11874,1708828816.445
11875,1708828816.465
11876,1708828816.485
11877,1708828816.505
11878,1708828816.525
11879,1708828816.545
11880,1708828816.575
11881,1708828816.595
11882,1708828816.615
11883,1708828816.635
11884,1708828816.655
11885,1708828816.675
11886,1708828816.695
11887,1708828816.725
11888,1708828816.745
11889,1708828816.765
11890,1708828816.785
11891,1708828816.805
11892,1708828816.825
11893,1708828816.845
11894,1708828816.865
11895,1708828816.895
11896,1708828816.915
11897,1708828816.935
11898,1708828816.955
11899,1708828816.975
11900,1708828816.995
11901,1708828817.015
11902,1708828817.045
11903,1708828817.065
11904,1708828817.085
11905,1708828817.105
11906,1708828817.125
11907,1708828817.145
11908,1708828817.165
11909,1708828817.185
11910,1708828817.215
11911,1708828817.235
11912,1708828817.255
11913,1708828817.275
11914,1708828817.295
11915,1708828817.315
11916,1708828817.335
11917,1708828817.365
11918,1708828817.385
11919,1708828817.405
11920,1708828817.425
11921,1708828817.445
11922,1708828817.465
11923,1708828817.485
11924,1708828817.505
11925,1708828817.535
11926,1708828817.555
11927,1708828817.575
11928,1708828817.595
11929,1708828817.615
11930,1708828817.635
11931,1708828817.655
11932,1708828817.685
11933,1708828817.705
11934,1708828817.725
11935,1708828817.745
11936,1708828817.765
11937,1708828817.785
11938,1708828817.805
11939,1708828817.825
11940,1708828817.855
11941,1708828817.875
11942,1708828817.895
11943,1708828817.915
11944,1708828817.935
11945,1708828817.955
11946,1708828817.975
11947,1708828818.005
11948,1708828818.025
11949,1708828818.045
11950,1708828818.065
11951,1708828818.085
11952,1708828818.105
11953,1708828818.125
11954,1708828818.145
11955,1708828818.175
11956,1708828818.195
11957,1708828818.215
11958,1708828818.235
11959,1708828818.255
11960,1708828818.275
11961,1708828818.295
11962,1708828818.325
11963,1708828818.345
11964,1708828818.365
11965,1708828818.385
11966,1708828818.405
11967,1708828818.425
11968,1708828818.445
11969,1708828818.465
11970,1708828818.495
11971,1708828818.515
11972,1708828818.535
11973,1708828818.555
11974,1708828818.575
11975,1708828818.595
11976,1708828818.615
11977,1708828818.645
11978,1708828818.665
11979,1708828818.685
11980,1708828818.705
11981,1708828818.725
11982,1708828818.745
11983,1708828818.765
11984,1708828818.785
11985,1708828818.815
11986,1708828818.835
11987,1708828818.855
11988,1708828818.875
11989,1708828818.895
11990,1708828818.915
11991,1708828818.935
11992,1708828818.965
11993,1708828818.985
11994,1708828819.005
11995,1708828819.025
11996,1708828819.045
11997,1708828819.065
11998,1708828819.085
11999,1708828819.105
12000,1708828819.135
12001,1708828819.155
12002,1708828819.175
12003,1708828819.195
12004,1708828819.215
12005,1708828819.235
12006,1708828819.255
12007,1708828819.285
12008,1708828819.305
12009,1708828819.325
12010,1708828819.345
12011,1708828819.365
12012,1708828819.385
12013,1708828819.405
12014,1708828819.425
12015,1708828819.455
12016,1708828819.475
12017,1708828819.495
12018,1708828819.515
12019,1708828819.535
12020,1708828819.555
12021,1708828819.575
12022,1708828819.605
12023,1708828819.625
12024,1708828819.645
12025,1708828819.665
12026,1708828819.685
12027,1708828819.705
12028,1708828819.725
12029,1708828819.745
12030,1708828819.775
12031,1708828819.795
12032,1708828819.815
12033,1708828819.835
12034,1708828819.855
12035,1708828819.875
12036,1708828819.895
12037,1708828819.925
12038,1708828819.945
12039,1708828819.965
12040,1708828819.985
12041,1708828820.005
12042,1708828820.025
12043,1708828820.045
12044,1708828820.065
12045,1708828820.095
12046,1708828820.115
12047,1708828820.135
12048,1708828820.155
12049,1708828820.175
12050,1708828820.195
12051,1708828820.215
12052,1708828820.245
12053,1708828820.265
12054,1708828820.285
12055,1708828820.305
12056,1708828820.325
12057,1708828820.345
12058,1708828820.365
12059,1708828820.385
12060,1708828820.415
12061,1708828820.435
12062,1708828820.455
12063,1708828820.475
12064,1708828820.495
12065,1708828820.515
12066,1708828820.535
12067,1708828820.565
12068,1708828820.585
12069,1708828820.605
12070,1708828820.625
12071,1708828820.645
12072,1708828820.665
12073,1708828820.685
12074,1708828820.705
12075,1708828820.735
12076,1708828820.755
12077,1708828820.775
12078,1708828820.795
12079,1708828820.815
12080,1708828820.835
12081,1708828820.855
12082,1708828820.885
12083,1708828820.905
12084,1708828820.925
12085,1708828820.945
12086,1708828820.965
12087,1708828820.985
12088,1708828821.005
12089,1708828821.025
12090,1708828821.055
12091,1708828821.075
12092,1708828821.095
12093,1708828821.115
12094,1708828821.135
12095,1708828821.155
12096,1708828821.175
12097,1708828821.205
12098,1708828821.225
12099,1708828821.245
12100,1708828821.265
12101,1708828821.285
12102,1708828821.305
12103,1708828821.325
12104,1708828821.345
12105,1708828821.375
12106,1708828821.395
12107,1708828821.415
12108,1708828821.435
12109,1708828821.455
12110,1708828821.475
12111,1708828821.495
12112,1708828821.525
12113,1708828821.545
12114,1708828821.565
12115,1708828821.585
12116,1708828821.605
12117,1708828821.625
12118,1708828821.645
12119,1708828821.665
12120,1708828821.695
12121,1708828821.715
12122,1708828821.735
12123,1708828821.755
12124,1708828821.775
12125,1708828821.795
12126,1708828821.815
12127,1708828821.845
12128,1708828821.865
12129,1708828821.885
12130,1708828821.905
12131,1708828821.925
12132,1708828821.945
12133,1708828821.965
12134,1708828821.985
12135,1708828822.015
12136,1708828822.035
12137,1708828822.055
12138,1708828822.075
12139,1708828822.095
12140,1708828822.115
12141,1708828822.135
12142,1708828822.165
12143,1708828822.185
12144,1708828822.205
12145,1708828822.225
12146,1708828822.245
12147,1708828822.265
12148,1708828822.285
12149,1708828822.305
12150,1708828822.335
12151,1708828822.355
12152,1708828822.375
12153,1708828822.395
12154,1708828822.415
12155,1708828822.435
12156,1708828822.455
12157,1708828822.485
12158,1708828822.505
12159,1708828822.525
12160,1708828822.545
12161,1708828822.565
12162,1708828822.585
12163,1708828822.605
12164,1708828822.625
12165,1708828822.655
12166,1708828822.675
12167,1708828822.695
12168,1708828822.715
12169,1708828822.735
12170,1708828822.755
12171,1708828822.775
12172,1708828822.805
12173,1708828822.825
12174,1708828822.845
12175,1708828822.865
12176,1708828822.885
12177,1708828822.905
12178,1708828822.925
12179,1708828822.945
12180,1708828822.975
12181,1708828822.995
12182,1708828823.015
12183,1708828823.035
12184,1708828823.055
12185,1708828823.075
12186,1708828823.095
12187,1708828823.125
12188,1708828823.145
12189,1708828823.165
12190,1708828823.185
12191,1708828823.205
12192,1708828823.225
12193,1708828823.245
12194,1708828823.265
12195,1708828823.295
12196,1708828823.315
12197,1708828823.335
12198,1708828823.355
12199,1708828823.375
12200,1708828823.395
12201,1708828823.415
12202,1708828823.445
12203,1708828823.465
12204,1708828823.485
12205,1708828823.505
12206,1708828823.525
12207,1708828823.545
12208,1708828823.565
12209,1708828823.585
12210,1708828823.615
12211,1708828823.635
12212,1708828823.655
12213,1708828823.675
12214,1708828823.695
12215,1708828823.715
12216,1708828823.735
12217,1708828823.765
12218,1708828823.785
12219,1708828823.805
12220,1708828823.825
12221,1708828823.845
12222,1708828823.865
12223,1708828823.885
12224,1708828823.905
12225,1708828823.935
12226,1708828823.955
12227,1708828823.975
12228,1708828823.995
12229,1708828824.015
12230,1708828824.035
12231,1708828824.055
12232,1708828824.085
12233,1708828824.105
12234,1708828824.125
12235,1708828824.145
12236,1708828824.165
12237,1708828824.185
12238,1708828824.205
12239,1708828824.225
12240,1708828824.255
12241,1708828824.275
12242,1708828824.295
12243,1708828824.315
12244,1708828824.335
12245,1708828824.355
12246,1708828824.375
12247,1708828824.405
12248,1708828824.425
12249,1708828824.445
12250,1708828824.465
12251,1708828824.485
12252,1708828824.505
12253,1708828824.525
12254,1708828824.545
12255,1708828824.575
12256,1708828824.595
12257,1708828824.615
12258,1708828824.635
12259,1708828824.655
12260,1708828824.675
12261,1708828824.695
12262,1708828824.725
12263,1708828824.745
12264,1708828824.765
12265,1708828824.785
12266,1708828824.805
12267,1708828824.825
12268,1708828824.845
12269,1708828824.865
12270,1708828824.895
12271,1708828824.915
12272,1708828824.935
12273,1708828824.955
12274,1708828824.975
12275,1708828824.995
12276,1708828825.015
12277,1708828825.045
12278,1708828825.065
12279,1708828825.085
12280,1708828825.105
12281,1708828825.125
12282,1708828825.145
12283,1708828825.165
12284,1708828825.185
12285,1708828825.215
12286,1708828825.235
12287,1708828825.255
12288,1708828825.275
12289,1708828825.295
12290,1708828825.315
12291,1708828825.335
12292,1708828825.365
12293,1708828825.385
12294,1708828825.405
12295,1708828825.425
12296,1708828825.445
12297,1708828825.465
12298,1708828825.485
12299,1708828825.505
12300,1708828825.535
12301,1708828825.555
12302,1708828825.575
12303,1708828825.595
12304,1708828825.615
12305,1708828825.635
12306,1708828825.655
12307,1708828825.685
12308,1708828825.705
12309,1708828825.725
12310,1708828825.745
12311,1708828825.765
12312,1708828825.785
12313,1708828825.805
12314,1708828825.825
12315,1708828825.855
12316,1708828825.875
12317,1708828825.895
12318,1708828825.915
12319,1708828825.935
12320,1708828825.955
12321,1708828825.975
12322,1708828826.005
12323,1708828826.025
12324,1708828826.045
12325,1708828826.065
12326,1708828826.085
12327,1708828826.105
12328,1708828826.125
12329,1708828826.145
12330,1708828826.175
12331,1708828826.195
12332,1708828826.215
12333,1708828826.235
12334,1708828826.255
12335,1708828826.275
12336,1708828826.295
12337,1708828826.325
12338,1708828826.345
12339,1708828826.365
12340,1708828826.385
12341,1708828826.405
12342,1708828826.425
12343,1708828826.445
12344,1708828826.465
12345,1708828826.495
12346,1708828826.515
12347,1708828826.535
12348,1708828826.555
12349,1708828826.575
12350,1708828826.595
12351,1708828826.615
12352,1708828826.645
12353,1708828826.665
12354,1708828826.685
12355,1708828826.705
12356,1708828826.725
12357,1708828826.745
12358,1708828826.765
12359,1708828826.785
12360,1708828826.815
12361,1708828826.835
12362,1708828826.855
12363,1708828826.875
12364,1708828826.895
12365,1708828826.915
12366,1708828826.935
12367,1708828826.965
12368,1708828826.985
12369,1708828827.005
12370,1708828827.025
12371,1708828827.045
12372,1708828827.065
12373,1708828827.085
12374,1708828827.105
12375,1708828827.135
12376,1708828827.155
12377,1708828827.175
12378,1708828827.195
12379,1708828827.215
12380,1708828827.235
12381,1708828827.255
12382,1708828827.285
12383,1708828827.305
12384,1708828827.325
12385,1708828827.345
12386,1708828827.365
12387,1708828827.385
12388,1708828827.405
12389,1708828827.425
12390,1708828827.455
12391,1708828827.475
12392,1708828827.495
12393,1708828827.515
12394,1708828827.535
12395,1708828827.555
12396,1708828827.575
12397,1708828827.605
12398,1708828827.625
12399,1708828827.645
12400,1708828827.665
12401,1708828827.685
12402,1708828827.705
12403,1708828827.725
12404,1708828827.745
12405,1708828827.775
12406,1708828827.795
12407,1708828827.815
12408,1708828827.835
12409,1708828827.855
12410,1708828827.875
12411,1708828827.895
12412,1708828827.925
12413,1708828827.945
12414,1708828827.965
12415,1708828827.985
12416,1708828828.005
12417,1708828828.025
12418,1708828828.045
12419,1708828828.065
12420,1708828828.095
12421,1708828828.115
12422,1708828828.135
12423,1708828828.155
12424,1708828828.175
12425,1708828828.195
12426,1708828828.215
12427,1708828828.245
12428,1708828828.265
12429,1708828828.285
12430,1708828828.305
12431,1708828828.325
12432,1708828828.345
12433,1708828828.365
12434,1708828828.385
12435,1708828828.415
12436,1708828828.435
12437,1708828828.455
12438,1708828828.475
12439,1708828828.495
12440,1708828828.515
12441,1708828828.535
12442,1708828828.565
12443,1708828828.585
12444,1708828828.605
12445,1708828828.625
12446,1708828828.645
12447,1708828828.665
12448,1708828828.685
12449,1708828828.705
12450,1708828828.735
12451,1708828828.755
12452,1708828828.775
12453,1708828828.795
12454,1708828828.815
12455,1708828828.835
12456,1708828828.855
12457,1708828828.885
12458,1708828828.905
12459,1708828828.925
12460,1708828828.945
12461,1708828828.965
12462,1708828828.985
12463,1708828829.005
12464,1708828829.025
12465,1708828829.055
12466,1708828829.075
12467,1708828829.095
12468,1708828829.115
12469,1708828829.135
12470,1708828829.155
12471,1708828829.175
12472,1708828829.205
12473,1708828829.225
12474,1708828829.245
12475,1708828829.265
12476,1708828829.285
12477,1708828829.305
12478,1708828829.325
12479,1708828829.345
12480,1708828829.375
12481,1708828829.395
12482,1708828829.415
12483,1708828829.435
12484,1708828829.455
12485,1708828829.475
12486,1708828829.495
12487,1708828829.525
12488,1708828829.545
12489,1708828829.565
12490,1708828829.585
12491,1708828829.605
12492,1708828829.625
12493,1708828829.645
12494,1708828829.665
12495,1708828829.695
12496,1708828829.715
12497,1708828829.735
12498,1708828829.755
12499,1708828829.775
12500,1708828829.795
12501,1708828829.815
12502,1708828829.845
12503,1708828829.865
12504,1708828829.885
12505,1708828829.905
12506,1708828829.925
12507,1708828829.945
12508,1708828829.965
12509,1708828829.985
12510,1708828830.015
12511,1708828830.035
12512,1708828830.055
12513,1708828830.075
12514,1708828830.095
12515,1708828830.115
12516,1708828830.135
12517,1708828830.165
12518,1708828830.185
12519,1708828830.205
12520,1708828830.225
12521,1708828830.245
12522,1708828830.265
12523,1708828830.285
12524,1708828830.305
12525,1708828830.335
12526,1708828830.355
12527,1708828830.375
12528,1708828830.395
12529,1708828830.415
12530,1708828830.435
12531,1708828830.455
12532,1708828830.485
12533,1708828830.505
12534,1708828830.525
12535,1708828830.545
12536,1708828830.565
12537,1708828830.585
12538,1708828830.605
12539,1708828830.625
12540,1708828830.655
12541,1708828830.675
12542,1708828830.695
12543,1708828830.715
12544,1708828830.735
12545,1708828830.755
12546,1708828830.775
12547,1708828830.805
12548,1708828830.825
12549,1708828830.845
12550,1708828830.865
12551,1708828830.885
12552,1708828830.905
12553,1708828830.925
12554,1708828830.945
12555,1708828830.975
12556,1708828830.995
12557,1708828831.015
12558,1708828831.035
12559,1708828831.055
12560,1708828831.075
12561,1708828831.095
12562,1708828831.125
12563,1708828831.145
12564,1708828831.165
12565,1708828831.185
12566,1708828831.205
12567,1708828831.225
12568,1708828831.245
12569,1708828831.265
12570,1708828831.295
12571,1708828831.315
12572,1708828831.335
12573,1708828831.355
12574,1708828831.375
12575,1708828831.395
12576,1708828831.415
12577,1708828831.445
12578,1708828831.465
12579,1708828831.485
12580,1708828831.505
12581,1708828831.525
12582,1708828831.545
12583,1708828831.565
12584,1708828831.585
12585,1708828831.615
12586,1708828831.635
12587,1708828831.655
12588,1708828831.675
12589,1708828831.695
12590,1708828831.715
12591,1708828831.735
12592,1708828831.765
12593,1708828831.785
12594,1708828831.805
12595,1708828831.825
12596,1708828831.845
12597,1708828831.865
12598,1708828831.885
12599,1708828831.905
12600,1708828831.935
12601,1708828831.955
12602,1708828831.975
12603,1708828831.995
12604,1708828832.015
12605,1708828832.035
12606,1708828832.055
12607,1708828832.085
12608,1708828832.105
12609,1708828832.125
12610,1708828832.145
12611,1708828832.165
12612,1708828832.185
12613,1708828832.205
12614,1708828832.225
12615,1708828832.255
12616,1708828832.275
12617,1708828832.295
12618,1708828832.315
12619,1708828832.335
12620,1708828832.355
12621,1708828832.375
12622,1708828832.405
12623,1708828832.425
12624,1708828832.445
12625,1708828832.465
12626,1708828832.485
12627,1708828832.505
12628,1708828832.525
12629,1708828832.545
12630,1708828832.575
12631,1708828832.595
12632,1708828832.615
12633,1708828832.635
12634,1708828832.655
12635,1708828832.675
12636,1708828832.695
12637,1708828832.725
12638,1708828832.745
12639,1708828832.765
12640,1708828832.785
12641,1708828832.805
12642,1708828832.825
12643,1708828832.845
12644,1708828832.865
12645,1708828832.895
12646,1708828832.915
12647,1708828832.935
12648,1708828832.955
12649,1708828832.975
12650,1708828832.995
12651,1708828833.015
12652,1708828833.045
12653,1708828833.065
12654,1708828833.085
12655,1708828833.105
12656,1708828833.125
12657,1708828833.145
12658,1708828833.165
12659,1708828833.185
12660,1708828833.215
12661,1708828833.235
12662,1708828833.255
12663,1708828833.275
12664,1708828833.295
12665,1708828833.315
12666,1708828833.335
12667,1708828833.365
12668,1708828833.385
12669,1708828833.405
12670,1708828833.425
12671,1708828833.445
12672,1708828833.465
12673,1708828833.485
12674,1708828833.505
12675,1708828833.535
12676,1708828833.555
12677,1708828833.575
12678,1708828833.595
12679,1708828833.615
12680,1708828833.635
12681,1708828833.655
12682,1708828833.685
12683,1708828833.705
12684,1708828833.725
12685,1708828833.745
12686,1708828833.765
12687,1708828833.785
12688,1708828833.805
12689,1708828833.825
12690,1708828833.855
12691,1708828833.875
12692,1708828833.895
12693,1708828833.915
12694,1708828833.935
12695,1708828833.955
12696,1708828833.975
12697,1708828834.005
12698,1708828834.025
12699,1708828834.045
12700,1708828834.065
12701,1708828834.085
12702,1708828834.105
12703,1708828834.125
12704,1708828834.145
12705,1708828834.175
12706,1708828834.195
12707,1708828834.215
12708,1708828834.235
12709,1708828834.255
12710,1708828834.275
12711,1708828834.295
12712,1708828834.325
12713,1708828834.345
12714,1708828834.365
12715,1708828834.385
12716,1708828834.405
12717,1708828834.425
12718,1708828834.445
12719,1708828834.465
12720,1708828834.495
12721,1708828834.515
12722,1708828834.535
12723,1708828834.555
12724,1708828834.575
12725,1708828834.595
12726,1708828834.615
12727,1708828834.645
12728,1708828834.665
12729,1708828834.685
12730,1708828834.705
12731,1708828834.725
12732,1708828834.745
12733,1708828834.765
12734,1708828834.785
12735,1708828834.815
12736,1708828834.835
12737,1708828834.855
12738,1708828834.875
12739,1708828834.895
12740,1708828834.915
12741,1708828834.935
12742,1708828834.965
12743,1708828834.985
12744,1708828835.005
12745,1708828835.025
12746,1708828835.045
12747,1708828835.065
12748,1708828835.085
12749,1708828835.105
12750,1708828835.135
12751,1708828835.155
12752,1708828835.175
12753,1708828835.195
12754,1708828835.215
12755,1708828835.235
12756,1708828835.255
12757,1708828835.285
12758,1708828835.305
12759,1708828835.325
12760,1708828835.345
12761,1708828835.365
12762,1708828835.385
12763,1708828835.405
12764,1708828835.425
12765,1708828835.455
12766,1708828835.475
12767,1708828835.495
12768,1708828835.515
12769,1708828835.535
12770,1708828835.555
12771,1708828835.575
12772,1708828835.605
12773,1708828835.625
12774,1708828835.645
12775,1708828835.665
12776,1708828835.685
12777,1708828835.705
12778,1708828835.725
12779,1708828835.745
12780,1708828835.775
12781,1708828835.795
12782,1708828835.815
12783,1708828835.835
12784,1708828835.855
12785,1708828835.875
12786,1708828835.895
12787,1708828835.925
12788,1708828835.945
12789,1708828835.965
12790,1708828835.985
12791,1708828836.005
12792,1708828836.025
12793,1708828836.045
12794,1708828836.065
12795,1708828836.095
12796,1708828836.115
12797,1708828836.135
12798,1708828836.155
12799,1708828836.175
12800,1708828836.195
12801,1708828836.215
12802,1708828836.245
12803,1708828836.265
12804,1708828836.285
12805,1708828836.305
12806,1708828836.325
12807,1708828836.345
12808,1708828836.365
12809,1708828836.385
12810,1708828836.415
12811,1708828836.435
12812,1708828836.455
12813,1708828836.475
12814,1708828836.495
12815,1708828836.515
12816,1708828836.535
12817,1708828836.565
12818,1708828836.585
12819,1708828836.605
12820,1708828836.625
12821,1708828836.645
12822,1708828836.665
12823,1708828836.685
12824,1708828836.705
12825,1708828836.735
12826,1708828836.755
12827,1708828836.775
12828,1708828836.795
12829,1708828836.815
12830,1708828836.835
12831,1708828836.855
12832,1708828836.885
12833,1708828836.905
12834,1708828836.925
12835,1708828836.945
12836,1708828836.965
12837,1708828836.985
12838,1708828837.005
12839,1708828837.025
12840,1708828837.055
12841,1708828837.075
12842,1708828837.095
12843,1708828837.115
12844,1708828837.135
12845,1708828837.155
12846,1708828837.175
12847,1708828837.205
12848,1708828837.225
12849,1708828837.245
12850,1708828837.265
12851,1708828837.285
12852,1708828837.305
12853,1708828837.325
12854,1708828837.345
12855,1708828837.375
12856,1708828837.395
12857,1708828837.415
12858,1708828837.435
12859,1708828837.455
12860,1708828837.475
12861,1708828837.495
12862,1708828837.525
12863,1708828837.545
12864,1708828837.565
12865,1708828837.585
12866,1708828837.605
12867,1708828837.625
12868,1708828837.645
12869,1708828837.665
12870,1708828837.695
12871,1708828837.715
12872,1708828837.735
12873,1708828837.755
12874,1708828837.775
12875,1708828837.795
12876,1708828837.815
12877,1708828837.845
12878,1708828837.865
12879,1708828837.885
12880,1708828837.905
12881,1708828837.925
12882,1708828837.945
12883,1708828837.965
12884,1708828837.985
12885,1708828838.015
12886,1708828838.035
12887,1708828838.055
12888,1708828838.075
12889,1708828838.095
12890,1708828838.115
12891,1708828838.135
12892,1708828838.165
12893,1708828838.185
12894,1708828838.205
12895,1708828838.225
12896,1708828838.245
12897,1708828838.265
12898,1708828838.285
12899,1708828838.305
12900,1708828838.335
12901,1708828838.355
12902,1708828838.375
12903,1708828838.395
12904,1708828838.415
12905,1708828838.435
12906,1708828838.455
12907,1708828838.485
12908,1708828838.505
12909,1708828838.525
12910,1708828838.545
12911,1708828838.565
12912,1708828838.585
12913,1708828838.605
12914,1708828838.625
12915,1708828838.655
12916,1708828838.675
12917,1708828838.695
12918,1708828838.715
12919,1708828838.735
12920,1708828838.755
12921,1708828838.775
12922,1708828838.805
12923,1708828838.825
12924,1708828838.845
12925,1708828838.865
12926,1708828838.885
12927,1708828838.905
12928,1708828838.925
12929,1708828838.945
12930,1708828838.975
12931,1708828838.995
12932,1708828839.015
12933,1708828839.035
12934,1708828839.055
12935,1708828839.075
12936,1708828839.095
12937,1708828839.125
12938,1708828839.145
12939,1708828839.165
12940,1708828839.185
12941,1708828839.205
12942,1708828839.225
12943,1708828839.245
12944,1708828839.265
12945,1708828839.295
12946,1708828839.315
12947,1708828839.335
12948,1708828839.355
12949,1708828839.375
12950,1708828839.395
12951,1708828839.415
12952,1708828839.445
12953,1708828839.465
12954,1708828839.485
12955,1708828839.505
12956,1708828839.525
12957,1708828839.545
12958,1708828839.565
12959,1708828839.585
12960,1708828839.615
12961,1708828839.635
12962,1708828839.655
12963,1708828839.675
12964,1708828839.695
12965,1708828839.715
12966,1708828839.735
12967,1708828839.765
12968,1708828839.785
12969,1708828839.805
12970,1708828839.825
12971,1708828839.845
12972,1708828839.865
12973,1708828839.885
12974,1708828839.905
12975,1708828839.935
12976,1708828839.955
12977,1708828839.975
12978,1708828839.995
12979,1708828840.015
12980,1708828840.035
12981,1708828840.055
12982,1708828840.085
12983,1708828840.105
12984,1708828840.125
12985,1708828840.145
12986,1708828840.165
12987,1708828840.185
12988,1708828840.205
12989,1708828840.225
12990,1708828840.255
12991,1708828840.275
12992,1708828840.295
12993,1708828840.315
12994,1708828840.335
12995,1708828840.355
12996,1708828840.375
12997,1708828840.405
12998,1708828840.425
12999,1708828840.445
13000,1708828840.465
13001,1708828840.485
13002,1708828840.505
13003,1708828840.525
13004,1708828840.545
13005,1708828840.575
13006,1708828840.595
13007,1708828840.615
13008,1708828840.635
13009,1708828840.655
13010,1708828840.675
13011,1708828840.695
13012,1708828840.725
13013,1708828840.745
13014,1708828840.765
13015,1708828840.785
13016,1708828840.805
13017,1708828840.825
13018,1708828840.845
13019,1708828840.865
13020,1708828840.895
13021,1708828840.915
13022,1708828840.935
13023,1708828840.955
13024,1708828840.975
13025,1708828840.995
13026,1708828841.015
13027,1708828841.045
13028,1708828841.065
13029,1708828841.085
13030,1708828841.105
13031,1708828841.125
13032,1708828841.145
13033,1708828841.165
13034,1708828841.185
13035,1708828841.215
13036,1708828841.235
13037,1708828841.255
13038,1708828841.275
13039,1708828841.295
13040,1708828841.315
13041,1708828841.335
13042,1708828841.365
13043,1708828841.385
13044,1708828841.405
13045,1708828841.425
13046,1708828841.445
13047,1708828841.465
13048,1708828841.485
13049,1708828841.505
13050,1708828841.535
13051,1708828841.555
13052,1708828841.575
13053,1708828841.595
13054,1708828841.615
13055,1708828841.635
13056,1708828841.655
13057,1708828841.685
13058,1708828841.705
13059,1708828841.725
13060,1708828841.745
13061,1708828841.765
13062,1708828841.785
13063,1708828841.805
13064,1708828841.825
13065,1708828841.855
13066,1708828841.875
13067,1708828841.895
13068,1708828841.915
13069,1708828841.935
13070,1708828841.955
13071,1708828841.975
13072,1708828842.005
13073,1708828842.025
13074,1708828842.045
13075,1708828842.065
13076,1708828842.085
13077,1708828842.105
13078,1708828842.125
13079,1708828842.145
13080,1708828842.175
13081,1708828842.195
13082,1708828842.215
13083,1708828842.235
13084,1708828842.255
13085,1708828842.275
13086,1708828842.295
13087,1708828842.325
13088,1708828842.345
13089,1708828842.365
13090,1708828842.385
13091,1708828842.405
13092,1708828842.425
13093,1708828842.445
13094,1708828842.465
13095,1708828842.495
13096,1708828842.515
13097,1708828842.535
13098,1708828842.555
13099,1708828842.575
13100,1708828842.595
13101,1708828842.615
13102,1708828842.645
13103,1708828842.665
13104,1708828842.685
13105,1708828842.705
13106,1708828842.725
13107,1708828842.745
13108,1708828842.765
13109,1708828842.785
13110,1708828842.815
13111,1708828842.835
13112,1708828842.855
13113,1708828842.875
13114,1708828842.895
13115,1708828842.915
13116,1708828842.935
13117,1708828842.965
13118,1708828842.985
13119,1708828843.005
13120,1708828843.025
13121,1708828843.045
13122,1708828843.065
13123,1708828843.085
13124,1708828843.105
13125,1708828843.135
13126,1708828843.155
13127,1708828843.175
13128,1708828843.195
13129,1708828843.215
13130,1708828843.235
13131,1708828843.255
13132,1708828843.285
13133,1708828843.305
13134,1708828843.325
13135,1708828843.345
13136,1708828843.365
13137,1708828843.385
13138,1708828843.405
13139,1708828843.425
13140,1708828843.455
13141,1708828843.475
13142,1708828843.495
13143,1708828843.515
13144,1708828843.535
13145,1708828843.555
13146,1708828843.575
13147,1708828843.605
13148,1708828843.625
13149,1708828843.645
13150,1708828843.665
13151,1708828843.685
13152,1708828843.705
13153,1708828843.725
13154,1708828843.745
13155,1708828843.775
13156,1708828843.795
13157,1708828843.815
13158,1708828843.835
13159,1708828843.855
13160,1708828843.875
13161,1708828843.895
13162,1708828843.925
13163,1708828843.945
13164,1708828843.965
13165,1708828843.985
13166,1708828844.005
13167,1708828844.025
13168,1708828844.045
13169,1708828844.065
13170,1708828844.095
13171,1708828844.115
13172,1708828844.135
13173,1708828844.155
13174,1708828844.175
13175,1708828844.195
13176,1708828844.215
13177,1708828844.245
13178,1708828844.265
13179,1708828844.285
13180,1708828844.305
13181,1708828844.325
13182,1708828844.345
13183,1708828844.365
13184,1708828844.385
13185,1708828844.415
13186,1708828844.435
13187,1708828844.455
13188,1708828844.475
13189,1708828844.495
13190,1708828844.515
13191,1708828844.535
13192,1708828844.565
13193,1708828844.585
13194,1708828844.605
13195,1708828844.625
13196,1708828844.645
13197,1708828844.665
13198,1708828844.685
13199,1708828844.705
13200,1708828844.735
13201,1708828844.755
13202,1708828844.775
13203,1708828844.795
13204,1708828844.815
13205,1708828844.835
13206,1708828844.855
13207,1708828844.885
13208,1708828844.905
13209,1708828844.925
13210,1708828844.945
13211,1708828844.965
13212,1708828844.985
13213,1708828845.005
13214,1708828845.025
13215,1708828845.055
13216,1708828845.075
13217,1708828845.095
13218,1708828845.115
13219,1708828845.135
13220,1708828845.155
13221,1708828845.175
13222,1708828845.205
13223,1708828845.225
13224,1708828845.245
13225,1708828845.265
13226,1708828845.285
13227,1708828845.305
13228,1708828845.325
13229,1708828845.345
13230,1708828845.375
13231,1708828845.395
13232,1708828845.415
13233,1708828845.435
13234,1708828845.455
13235,1708828845.475
13236,1708828845.495
13237,1708828845.525
13238,1708828845.545
13239,1708828845.565
13240,1708828845.585
13241,1708828845.605
13242,1708828845.625
13243,1708828845.645
13244,1708828845.665
13245,1708828845.695
13246,1708828845.715
13247,1708828845.735
13248,1708828845.755
13249,1708828845.775
13250,1708828845.795
13251,1708828845.815
13252,1708828845.845
13253,1708828845.865
13254,1708828845.885
13255,1708828845.905
13256,1708828845.925
13257,1708828845.945
13258,1708828845.965
13259,1708828845.985
13260,1708828846.015
13261,1708828846.035
13262,1708828846.055
13263,1708828846.075
13264,1708828846.095
13265,1708828846.115
13266,1708828846.135
13267,1708828846.165
13268,1708828846.185
13269,1708828846.205
13270,1708828846.225
13271,1708828846.245
13272,1708828846.265
13273,1708828846.285
13274,1708828846.305
13275,1708828846.335
13276,1708828846.355
13277,1708828846.375
13278,1708828846.395
13279,1708828846.415
13280,1708828846.435
13281,1708828846.455
13282,1708828846.485
13283,1708828846.505
13284,1708828846.525
13285,1708828846.545
13286,1708828846.565
13287,1708828846.585
13288,1708828846.605
13289,1708828846.625
13290,1708828846.655
13291,1708828846.675
13292,1708828846.695
13293,1708828846.715
13294,1708828846.735
13295,1708828846.755
13296,1708828846.775
13297,1708828846.805
13298,1708828846.825
13299,1708828846.845
13300,1708828846.865
13301,1708828846.885
13302,1708828846.905
13303,1708828846.925
13304,1708828846.945
13305,1708828846.975
13306,1708828846.995
13307,1708828847.015
13308,1708828847.035
13309,1708828847.055
13310,1708828847.075
13311,1708828847.095
13312,1708828847.125
13313,1708828847.145
13314,1708828847.165
13315,1708828847.185
13316,1708828847.205
13317,1708828847.225
13318,1708828847.245
13319,1708828847.265
13320,1708828847.295
13321,1708828847.315
13322,1708828847.335
13323,1708828847.355
13324,1708828847.375
13325,1708828847.395
13326,1708828847.415
13327,1708828847.445
13328,1708828847.465
13329,1708828847.485
13330,1708828847.505
13331,1708828847.525
13332,1708828847.545
13333,1708828847.565
13334,1708828847.585
13335,1708828847.615
13336,1708828847.635
13337,1708828847.655
13338,1708828847.675
13339,1708828847.695
13340,1708828847.715
13341,1708828847.735
13342,1708828847.765
13343,1708828847.785
13344,1708828847.805
13345,1708828847.825
13346,1708828847.845
13347,1708828847.865
13348,1708828847.885
13349,1708828847.905
13350,1708828847.935
13351,1708828847.955
13352,1708828847.975
13353,1708828847.995
13354,1708828848.015
13355,1708828848.035
13356,1708828848.055
13357,1708828848.085
13358,1708828848.105
13359,1708828848.125
13360,1708828848.145
13361,1708828848.165
13362,1708828848.185
13363,1708828848.205
13364,1708828848.225
13365,1708828848.255
13366,1708828848.275
13367,1708828848.295
13368,1708828848.315
13369,1708828848.335
13370,1708828848.355
13371,1708828848.375
13372,1708828848.405
13373,1708828848.425
13374,1708828848.445
13375,1708828848.465
13376,1708828848.485
13377,1708828848.505
13378,1708828848.525
13379,1708828848.545
13380,1708828848.575
13381,1708828848.595
13382,1708828848.615
13383,1708828848.635
13384,1708828848.655
13385,1708828848.675
13386,1708828848.695
13387,1708828848.725
13388,1708828848.745
13389,1708828848.765
13390,1708828848.785
13391,1708828848.805
13392,1708828848.825
13393,1708828848.845
13394,1708828848.865
13395,1708828848.895
13396,1708828848.915
13397,1708828848.935
13398,1708828848.955
13399,1708828848.975
13400,1708828848.995
13401,1708828849.015
13402,1708828849.045
13403,1708828849.065
13404,1708828849.085
13405,1708828849.105
13406,1708828849.125
13407,1708828849.145
13408,1708828849.165
13409,1708828849.185
13410,1708828849.215
13411,1708828849.235
13412,1708828849.255
13413,1708828849.275
13414,1708828849.295
13415,1708828849.315
13416,1708828849.335
13417,1708828849.365
13418,1708828849.385
13419,1708828849.405
13420,1708828849.425
13421,1708828849.445
13422,1708828849.465
13423,1708828849.485
13424,1708828849.505
13425,1708828849.535
13426,1708828849.555
13427,1708828849.575
13428,1708828849.595
13429,1708828849.615
13430,1708828849.635
13431,1708828849.655
13432,1708828849.685
13433,1708828849.705
13434,1708828849.725
13435,1708828849.745
13436,1708828849.765
13437,1708828849.785
13438,1708828849.805
13439,1708828849.825
13440,1708828849.855
13441,1708828849.875
13442,1708828849.895
13443,1708828849.915
13444,1708828849.935
13445,1708828849.955
13446,1708828849.975
13447,1708828850.005
13448,1708828850.025
13449,1708828850.045
13450,1708828850.065
13451,1708828850.085
13452,1708828850.105
13453,1708828850.125
13454,1708828850.145
13455,1708828850.175
13456,1708828850.195
13457,1708828850.215
13458,1708828850.235
13459,1708828850.255
13460,1708828850.275
13461,1708828850.295
13462,1708828850.325
13463,1708828850.345
13464,1708828850.365
13465,1708828850.385
13466,1708828850.405
13467,1708828850.425
13468,1708828850.445
13469,1708828850.465
13470,1708828850.495
13471,1708828850.515
13472,1708828850.535
13473,1708828850.555
13474,1708828850.575
13475,1708828850.595
13476,1708828850.615
13477,1708828850.645
13478,1708828850.665
13479,1708828850.685
13480,1708828850.705
13481,1708828850.725
13482,1708828850.745
13483,1708828850.765
13484,1708828850.785
13485,1708828850.815
13486,1708828850.835
13487,1708828850.855
13488,1708828850.875
13489,1708828850.895
13490,1708828850.915
13491,1708828850.935
13492,1708828850.965
13493,1708828850.985
13494,1708828851.005
13495,1708828851.025
13496,1708828851.045
13497,1708828851.065
13498,1708828851.085
13499,1708828851.105
13500,1708828851.135
13501,1708828851.155
13502,1708828851.175
13503,1708828851.195
13504,1708828851.215
13505,1708828851.235
13506,1708828851.255
13507,1708828851.285
13508,1708828851.305
13509,1708828851.325
13510,1708828851.345
13511,1708828851.365
13512,1708828851.385
13513,1708828851.405
13514,1708828851.425
13515,1708828851.455
13516,1708828851.475
13517,1708828851.495
13518,1708828851.515
13519,1708828851.535
13520,1708828851.555
13521,1708828851.575
13522,1708828851.605
13523,1708828851.625
13524,1708828851.645
13525,1708828851.665
13526,1708828851.685
13527,1708828851.705
13528,1708828851.725
13529,1708828851.745
13530,1708828851.775
13531,1708828851.795
13532,1708828851.815
13533,1708828851.835
13534,1708828851.855
13535,1708828851.875
13536,1708828851.895
13537,1708828851.925
13538,1708828851.945
13539,1708828851.965
13540,1708828851.985
13541,1708828852.005
13542,1708828852.025
13543,1708828852.045
13544,1708828852.065
13545,1708828852.095
13546,1708828852.115
13547,1708828852.135
13548,1708828852.155
13549,1708828852.175
13550,1708828852.195
13551,1708828852.215
13552,1708828852.245
13553,1708828852.265
13554,1708828852.285
13555,1708828852.305
13556,1708828852.325
13557,1708828852.345
13558,1708828852.365
13559,1708828852.385
13560,1708828852.415
13561,1708828852.435
13562,1708828852.455
13563,1708828852.475
13564,1708828852.495
13565,1708828852.515
13566,1708828852.535
13567,1708828852.565
13568,1708828852.585
13569,1708828852.605
13570,1708828852.625
13571,1708828852.645
13572,1708828852.665
13573,1708828852.685
13574,1708828852.705
13575,1708828852.735
13576,1708828852.755
13577,1708828852.775
13578,1708828852.795
13579,1708828852.815
13580,1708828852.835
13581,1708828852.855
13582,1708828852.885
13583,1708828852.905
13584,1708828852.925
13585,1708828852.945
13586,1708828852.965
13587,1708828852.985
13588,1708828853.005
13589,1708828853.025
13590,1708828853.055
13591,1708828853.075
13592,1708828853.095
13593,1708828853.115
13594,1708828853.135
13595,1708828853.155
13596,1708828853.175
13597,1708828853.205
13598,1708828853.225
13599,1708828853.245
13600,1708828853.265
13601,1708828853.285
13602,1708828853.305
13603,1708828853.325
13604,1708828853.345
13605,1708828853.375
13606,1708828853.395
13607,1708828853.415
13608,1708828853.435
13609,1708828853.455
13610,1708828853.475
13611,1708828853.495
13612,1708828853.525
13613,1708828853.545
13614,1708828853.565
13615,1708828853.585
13616,1708828853.605
13617,1708828853.625
13618,1708828853.645
13619,1708828853.665
13620,1708828853.695
13621,1708828853.715
13622,1708828853.735
13623,1708828853.755
13624,1708828853.775
13625,1708828853.795
13626,1708828853.815
13627,1708828853.845
13628,1708828853.865
13629,1708828853.885
13630,1708828853.905
13631,1708828853.925
13632,1708828853.945
13633,1708828853.965
13634,1708828853.985
13635,1708828854.015
13636,1708828854.035
13637,1708828854.055
13638,1708828854.075
13639,1708828854.095
13640,1708828854.115
13641,1708828854.135
13642,1708828854.165
13643,1708828854.185
13644,1708828854.205
13645,1708828854.225
13646,1708828854.245
13647,1708828854.265
13648,1708828854.285
13649,1708828854.305
13650,1708828854.335
13651,1708828854.355
13652,1708828854.375
13653,1708828854.395
13654,1708828854.415
13655,1708828854.435
13656,1708828854.455
13657,1708828854.485
13658,1708828854.505
13659,1708828854.525
13660,1708828854.545
13661,1708828854.565
13662,1708828854.585
13663,1708828854.605
13664,1708828854.625
13665,1708828854.655
13666,1708828854.675
13667,1708828854.695
13668,1708828854.715
13669,1708828854.735
13670,1708828854.755
13671,1708828854.775
13672,1708828854.805
13673,1708828854.825
13674,1708828854.845
13675,1708828854.865
13676,1708828854.885
13677,1708828854.905
13678,1708828854.925
13679,1708828854.945
13680,1708828854.975
13681,1708828854.995
13682,1708828855.015
13683,1708828855.035
13684,1708828855.055
13685,1708828855.075
13686,1708828855.095
13687,1708828855.125
13688,1708828855.145
13689,1708828855.165
13690,1708828855.185
13691,1708828855.205
13692,1708828855.225
13693,1708828855.245
13694,1708828855.265
13695,1708828855.295
13696,1708828855.315
13697,1708828855.335
13698,1708828855.355
13699,1708828855.375
13700,1708828855.395
13701,1708828855.415
13702,1708828855.445
13703,1708828855.465
13704,1708828855.485
13705,1708828855.505
13706,1708828855.525
13707,1708828855.545
13708,1708828855.565
13709,1708828855.585
13710,1708828855.615
13711,1708828855.635
13712,1708828855.655
13713,1708828855.675
13714,1708828855.695
13715,1708828855.715
13716,1708828855.735
13717,1708828855.765
13718,1708828855.785
13719,1708828855.805
13720,1708828855.825
13721,1708828855.845
13722,1708828855.865
13723,1708828855.885
13724,1708828855.905
13725,1708828855.935
13726,1708828855.955
13727,1708828855.975
13728,1708828855.995
13729,1708828856.015
13730,1708828856.035
13731,1708828856.055
13732,1708828856.085
13733,1708828856.105
13734,1708828856.125
13735,1708828856.145
13736,1708828856.165
13737,1708828856.185
13738,1708828856.205
13739,1708828856.225
13740,1708828856.255
13741,1708828856.275
13742,1708828856.295
13743,1708828856.315
13744,1708828856.335
13745,1708828856.355
13746,1708828856.375
13747,1708828856.405
13748,1708828856.425
13749,1708828856.445
13750,1708828856.465
13751,1708828856.485
13752,1708828856.505
13753,1708828856.525
13754,1708828856.545
13755,1708828856.575
13756,1708828856.595
13757,1708828856.615
13758,1708828856.635
13759,1708828856.655
13760,1708828856.675
13761,1708828856.695
13762,1708828856.725
13763,1708828856.745
13764,1708828856.765
13765,1708828856.785
13766,1708828856.805
13767,1708828856.825
13768,1708828856.845
13769,1708828856.865
13770,1708828856.895
13771,1708828856.915
13772,1708828856.935
13773,1708828856.955
13774,1708828856.975
13775,1708828856.995
13776,1708828857.015
13777,1708828857.045
13778,1708828857.065
13779,1708828857.085
13780,1708828857.105
13781,1708828857.125
13782,1708828857.145
13783,1708828857.165
13784,1708828857.185
13785,1708828857.215
13786,1708828857.235
13787,1708828857.255
13788,1708828857.275
13789,1708828857.295
13790,1708828857.315
13791,1708828857.335
13792,1708828857.365
13793,1708828857.385
13794,1708828857.405
13795,1708828857.425
13796,1708828857.445
13797,1708828857.465
13798,1708828857.485
13799,1708828857.505
13800,1708828857.535
13801,1708828857.555
13802,1708828857.575
13803,1708828857.595
13804,1708828857.615
13805,1708828857.635
13806,1708828857.655
13807,1708828857.685
13808,1708828857.705
13809,1708828857.725
13810,1708828857.745
13811,1708828857.765
13812,1708828857.785
13813,1708828857.805
13814,1708828857.825
13815,1708828857.855
13816,1708828857.875
13817,1708828857.895
13818,1708828857.915
13819,1708828857.935
13820,1708828857.955
13821,1708828857.975
13822,1708828858.005
13823,1708828858.025
13824,1708828858.045
13825,1708828858.065
13826,1708828858.085
13827,1708828858.105
13828,1708828858.125
13829,1708828858.145
13830,1708828858.175
13831,1708828858.195
13832,1708828858.215
13833,1708828858.235
13834,1708828858.255
13835,1708828858.275
13836,1708828858.295
13837,1708828858.325
13838,1708828858.345
13839,1708828858.365
13840,1708828858.385
13841,1708828858.405
13842,1708828858.425
13843,1708828858.445
13844,1708828858.465
13845,1708828858.495
13846,1708828858.515
13847,1708828858.535
13848,1708828858.555
13849,1708828858.575
13850,1708828858.595
13851,1708828858.615
13852,1708828858.645
13853,1708828858.665
13854,1708828858.685
13855,1708828858.705
13856,1708828858.725
13857,1708828858.745
13858,1708828858.765
13859,1708828858.785
13860,1708828858.815
13861,1708828858.835
13862,1708828858.855
13863,1708828858.875
13864,1708828858.895
13865,1708828858.915
13866,1708828858.935
13867,1708828858.965
13868,1708828858.985
13869,1708828859.005
13870,1708828859.025
13871,1708828859.045
13872,1708828859.065
13873,1708828859.085
13874,1708828859.105
13875,1708828859.135
13876,1708828859.155
13877,1708828859.175
13878,1708828859.195
13879,1708828859.215
13880,1708828859.235
13881,1708828859.255
13882,1708828859.285
13883,1708828859.305
13884,1708828859.325
13885,1708828859.345
13886,1708828859.365
13887,1708828859.385
13888,1708828859.405
13889,1708828859.425
13890,1708828859.455
13891,1708828859.475
13892,1708828859.495
13893,1708828859.515
13894,1708828859.535
13895,1708828859.555
13896,1708828859.575
13897,1708828859.605
13898,1708828859.625
13899,1708828859.645
13900,1708828859.665
13901,1708828859.685
13902,1708828859.705
13903,1708828859.725
13904,1708828859.745
13905,1708828859.775
13906,1708828859.795
13907,1708828859.815
13908,1708828859.835
13909,1708828859.855
13910,1708828859.875
13911,1708828859.895
13912,1708828859.925
13913,1708828859.945
13914,1708828859.965
13915,1708828859.985
13916,1708828860.005
13917,1708828860.025
13918,1708828860.045
13919,1708828860.065
13920,1708828860.095
13921,1708828860.115
13922,1708828860.135
13923,1708828860.155
13924,1708828860.175
13925,1708828860.195
13926,1708828860.215
13927,1708828860.245
13928,1708828860.265
13929,1708828860.285
13930,1708828860.305
13931,1708828860.325
13932,1708828860.345
13933,1708828860.365
13934,1708828860.385
13935,1708828860.415
13936,1708828860.435
13937,1708828860.455
13938,1708828860.475
13939,1708828860.495
13940,1708828860.515
13941,1708828860.535
13942,1708828860.565
13943,1708828860.585
13944,1708828860.605
13945,1708828860.625
13946,1708828860.645
13947,1708828860.665
13948,1708828860.685
13949,1708828860.705
13950,1708828860.735
13951,1708828860.755
13952,1708828860.775
13953,1708828860.795
13954,1708828860.815
13955,1708828860.835
13956,1708828860.855
13957,1708828860.885
13958,1708828860.905
13959,1708828860.925
13960,1708828860.945
13961,1708828860.965
13962,1708828860.985
13963,1708828861.005
13964,1708828861.025
13965,1708828861.055
13966,1708828861.075
13967,1708828861.095
13968,1708828861.115
13969,1708828861.135
13970,1708828861.155
13971,1708828861.175
13972,1708828861.205
13973,1708828861.225
13974,1708828861.245
13975,1708828861.265
13976,1708828861.285
13977,1708828861.305
13978,1708828861.325
13979,1708828861.345
13980,1708828861.375
13981,1708828861.395
13982,1708828861.415
13983,1708828861.435
13984,1708828861.455
13985,1708828861.475
13986,1708828861.495
13987,1708828861.525
13988,1708828861.545
13989,1708828861.565
13990,1708828861.585
13991,1708828861.605
13992,1708828861.625
13993,1708828861.645
13994,1708828861.665
13995,1708828861.695
13996,1708828861.715
13997,1708828861.735
13998,1708828861.755
13999,1708828861.775
14000,1708828861.795
14001,1708828861.815
14002,1708828861.845
14003,1708828861.865
14004,1708828861.885
14005,1708828861.905
14006,1708828861.925
14007,1708828861.945
14008,1708828861.965
14009,1708828861.985
14010,1708828862.015
14011,1708828862.035
14012,1708828862.055
14013,1708828862.075
14014,1708828862.095
14015,1708828862.115
14016,1708828862.135
14017,1708828862.165
14018,1708828862.185
14019,1708828862.205
14020,1708828862.225
14021,1708828862.245
14022,1708828862.265
14023,1708828862.285
14024,1708828862.305
14025,1708828862.335
14026,1708828862.355
14027,1708828862.375
14028,1708828862.395
14029,1708828862.415
14030,1708828862.435
14031,1708828862.455
14032,1708828862.485
14033,1708828862.505
14034,1708828862.525
14035,1708828862.545
14036,1708828862.565
14037,1708828862.585
14038,1708828862.605
14039,1708828862.625
14040,1708828862.655
14041,1708828862.675
14042,1708828862.695
14043,1708828862.715
14044,1708828862.735
14045,1708828862.755
14046,1708828862.775
14047,1708828862.805
14048,1708828862.825
14049,1708828862.845
14050,1708828862.865
14051,1708828862.885
14052,1708828862.905
14053,1708828862.925
14054,1708828862.945
14055,1708828862.975
14056,1708828862.995
14057,1708828863.015
14058,1708828863.035
14059,1708828863.055
14060,1708828863.075
14061,1708828863.095
14062,1708828863.125
14063,1708828863.145
14064,1708828863.165
14065,1708828863.185
14066,1708828863.205
14067,1708828863.225
14068,1708828863.245
14069,1708828863.265
14070,1708828863.295
14071,1708828863.315
14072,1708828863.335
14073,1708828863.355
14074,1708828863.375
14075,1708828863.395
14076,1708828863.415
14077,1708828863.445
14078,1708828863.465
14079,1708828863.485
14080,1708828863.505
14081,1708828863.525
14082,1708828863.545
14083,1708828863.565
14084,1708828863.585
14085,1708828863.615
14086,1708828863.635
14087,1708828863.655
14088,1708828863.675
14089,1708828863.695
14090,1708828863.715
14091,1708828863.735
14092,1708828863.765
14093,1708828863.785
14094,1708828863.805
14095,1708828863.825
14096,1708828863.845
14097,1708828863.865
14098,1708828863.885
14099,1708828863.905
14100,1708828863.935
14101,1708828863.955
14102,1708828863.975
14103,1708828863.995
14104,1708828864.015
14105,1708828864.035
14106,1708828864.055
14107,1708828864.085
14108,1708828864.105
14109,1708828864.125
14110,1708828864.145
14111,1708828864.165
14112,1708828864.185
14113,1708828864.205
14114,1708828864.225
14115,1708828864.255
14116,1708828864.275
