linear,angular,rpm_1,rpm_2,rpm_3,rpm_4,timestamp
0,0,0,0,0,0,1708826247.7
0,0,0,0,0,0,1708826247.87
0,0,0,0,0,0,1708826247.95
0,0,0,0,0,0,1708826248.05
0,0,0,0,0,0,1708826248.22
0,0,0,0,0,0,1708826248.29
0,0,0,0,0,0,1708826444.97
0,0,0,0,0,0,1708826444.97
0,0,0,0,0,0,1708826445.03
0,0,0,0,0,0,1708826445.08
0,0,0,0,0,0,1708826445.14
0,0,0,0,0,0,1708826445.14
0,0,0,0,0,0,1708826445.25
0,0,0,0,0,0,1708826445.33
0,0,0,0,0,0,1708826445.63
0,0,0,0,0,0,1708826445.63
0,0,0,0,0,0,1708826445.63
0,0,0,0,0,0,1708826445.73
0,0,0,0,0,0,1708826445.86
0,0,0,0,0,0,1708826445.96
0,0,0,0,0,0,1708826446.03
0,0,0,0,0,0,1708826446.13
0,0,0,0,0,0,1708826446.25
0,0,0,0,0,0,1708826446.36
0,0,0,0,0,0,1708826446.47
0,0,0,0,0,0,1708826446.55
0,0,0,0,0,0,1708826446.64
0,0,0,0,0,0,1708826446.77
0,0,0,0,0,0,1708826446.87
0,0,0,0,0,0,1708826446.94
0,0,0,0,0,0,1708826447.11
0,0,0,0,0,0,1708826447.17
0,0,0,0,0,0,1708826447.27
0,0,0,0,0,0,1708826447.35
0,0,0,0,0,0,1708826447.48
0,0,0,0,0,0,1708826447.59
0,0,0,0,0,0,1708826447.65
0,0,0,0,0,0,1708826447.84
0,0,0,0,0,0,1708826447.89
0,0,0,0,0,0,1708826447.95
0,0,0,0,0,0,1708826448.63
0,0,0,0,0,0,1708826448.67
0,0,0,0,0,0,1708826448.67
0,0,0,0,0,0,1708826448.74
0,0,0,0,0,0,1708826448.79
0,0,0,0,0,0,1708826448.85
0,0,0,0,0,0,1708826448.91
0,0,0,0,0,0,1708826448.91
0,0,0,0,0,0,1708826448.97
0,0,0,0,0,0,1708826449.04
0.7,0,0,0,0,0,1708826449.62
0,0,0,0,0,0,1708826449.67
0.7,0,0,0,0,0,1708826449.72
0,0,0,0,0,0,1708826449.72
0.7,0,0,0,0,0,1708826449.81
0,0,0,0,0,0,1708826449.87
0.7,0,0,0,0,0,1708826449.91
0,0,0,0,0,0,1708826449.91
0.7,0,0,0,0,0,1708826450.04
0,0,0,0,0,0,1708826450.04
0,0,0,0,0,0,1708826450.36
0.7,0,0,0,0,0,1708826450.43
0,0,0,0,0,0,1708826450.49
0.7,0,0,0,0,0,1708826450.55
0,0,0,0,0,0,1708826450.55
0.7,0,0,0,0,0,1708826450.63
0.7,0,0,0,0,0,1708826450.72
0.7,0,0,0,0,0,1708826450.8
0.7,0,0,0,0,0,1708826450.89
0.7,0,0,0,0,0,1708826451.06
0.7,0,0,0,0,0,1708826451.11
0.7,0,0,0,0,0,1708826451.19
0.7,0,0,0,0,0,1708826451.32
0.7,0,43,43,42,41,1708826451.42
0.7,0,43,43,42,41,1708826451.51
0.7,0,43,43,42,41,1708826451.6
0.7,0,43,43,42,41,1708826451.72
0.7,0,43,43,42,41,1708826451.86
0.7,0,43,43,42,41,1708826451.93
0.7,0,43,43,42,41,1708826452.07
0.7,0,43,43,42,41,1708826452.11
0.7,0,43,43,42,41,1708826452.23
0.7,0,43,43,42,41,1708826452.43
0.7,0,43,43,42,41,1708826452.43
0.7,0,43,43,42,41,1708826452.51
0.7,0,43,43,42,41,1708826452.61
0.7,0,43,43,42,41,1708826452.73
0.7,0,43,43,42,41,1708826452.87
0.7,0,43,43,42,41,1708826452.94
0.7,0,43,43,42,41,1708826453.06
0.7,0,43,43,42,41,1708826453.15
0.7,0,43,43,42,41,1708826453.25
0.7,0,43,43,42,41,1708826453.35
0.7,0,43,43,42,41,1708826453.42
0.7,0,43,43,42,41,1708826453.53
0.7,0,43,43,42,41,1708826453.65
0.7,0,43,43,42,41,1708826453.8
0.7,0,43,43,42,41,1708826453.86
0.7,0,43,43,42,41,1708826453.96
0.7,0,43,43,42,41,1708826454.07
0.7,0,43,43,42,41,1708826454.14
0.7,0,43,43,42,41,1708826454.26
0.7,0,43,43,42,41,1708826454.4
0.7,0,89,86,87,87,1708826454.47
0.7,0,89,86,87,87,1708826454.55
0.7,0,89,86,87,87,1708826454.64
0.7,0,89,86,87,90,1708826454.79
0.7,0,89,86,87,90,1708826454.87
0.7,0,89,86,87,90,1708826454.94
0.7,0,89,86,87,90,1708826455.09
0.7,0,89,86,87,90,1708826455.15
0.7,0,89,86,87,90,1708826455.28
0.7,0,89,86,87,90,1708826455.38
0.7,0,89,86,87,90,1708826455.48
0.7,0,89,86,87,90,1708826455.59
0.7,0,89,87,87,87,1708826455.68
0.7,0,89,87,87,87,1708826455.85
0.7,0,86,88,85,80,1708826455.89
0.7,0,86,88,85,80,1708826455.99
0.7,0,86,88,85,80,1708826456.08
0.7,0,86,88,85,80,1708826456.18
0.7,0,86,88,85,80,1708826456.28
0.7,0,89,86,86,86,1708826456.44
0.7,0,89,86,86,86,1708826456.48
0.7,0,89,86,86,86,1708826456.58
0.7,0,89,86,86,86,1708826456.67
0.7,0,89,86,86,86,1708826456.77
0.7,0,89,86,86,86,1708826456.91
0.7,0,87,86,87,85,1708826457.07
0.7,0,87,86,87,85,1708826457.14
0.7,0.35,87,86,87,85,1708826457.2
0.7,0.35,90,84,83,87,1708826457.28
0.7,0,86,84,84,84,1708826457.41
0.7,0,85,90,89,86,1708826457.54
0.7,0,85,90,89,86,1708826457.64
0.7,0,85,90,89,86,1708826457.72
0.7,0,85,90,89,86,1708826457.87
0.7,0,85,90,89,86,1708826457.92
0.7,0,105,103,103,101,1708826458.07
0.7,0,105,103,103,101,1708826458.13
0.7,0,105,103,103,101,1708826458.19
0.7,0,105,103,103,101,1708826458.38
0.7,0,91,89,89,90,1708826458.45
0.7,0,91,89,89,90,1708826458.53
0.7,0,92,90,89,89,1708826458.63
0.7,0,92,90,89,89,1708826458.73
0.7,0,92,90,89,89,1708826458.83
0.7,0,90,89,87,85,1708826459
0.7,0,90,89,87,85,1708826459.04
0.7,0,90,89,87,85,1708826459.11
0.7,0,90,89,87,85,1708826459.23
0.7,0,90,89,87,85,1708826459.31
0.7,0,90,89,87,85,1708826459.44
0.7,0,93,90,91,86,1708826459.54
0.7,0,93,90,91,86,1708826459.61
0.7,0,93,90,91,86,1708826459.71
0.7,0,93,90,91,86,1708826459.81
0.7,0,93,90,91,86,1708826459.95
0.7,0,89,85,86,84,1708826460.14
0.7,0,89,85,86,84,1708826460.14
0.7,0,89,85,86,84,1708826460.23
0.7,0,89,86,90,86,1708826460.32
0.7,0,89,86,90,86,1708826460.45
0.7,0,89,86,90,86,1708826460.55
0.7,0,84,88,84,82,1708826460.63
0.7,0,84,88,84,82,1708826460.72
0.7,0,84,88,84,82,1708826460.88
0.7,0,84,88,84,82,1708826460.95
0.7,0,89,86,82,84,1708826461.07
0.7,0,89,84,87,83,1708826461.16
0.7,0,88,86,87,84,1708826461.29
0.7,0,88,86,87,84,1708826461.37
0.7,0,88,86,87,84,1708826461.45
0.7,0,92,84,84,85,1708826461.59
0.7,0,92,84,84,85,1708826461.67
0.7,0,92,84,84,85,1708826461.85
0.7,0,89,87,87,87,1708826461.91
0.7,0.35,89,87,87,87,1708826461.97
0.7,0.35,89,87,87,87,1708826462.1
0.7,0,89,87,87,87,1708826462.19
0.7,0,89,87,87,87,1708826462.27
0.7,0,89,87,87,87,1708826462.42
0.7,0,91,100,87,101,1708826462.49
0.7,0,91,100,87,101,1708826462.57
0.7,0,91,100,87,101,1708826462.7
0.7,0,91,100,87,101,1708826462.9
0.7,0,91,100,87,101,1708826462.95
0.7,0,91,100,87,101,1708826463.01
0.7,0,91,100,87,101,1708826463.08
0.7,0,91,100,87,101,1708826463.23
0.7,0,91,100,87,101,1708826463.31
0.7,0,92,86,86,90,1708826463.45
0.7,0,90,89,89,89,1708826463.49
0.7,0,90,89,89,89,1708826463.59
0.7,0,90,89,89,89,1708826463.68
0.7,0,92,88,90,88,1708826463.79
0.7,0.35,92,88,90,88,1708826463.92
0.7,0.35,92,91,89,89,1708826464.05
0.7,0,92,91,89,89,1708826464.11
0.7,0,92,91,89,89,1708826464.23
0.7,0,92,91,89,89,1708826464.34
0.7,0,92,91,89,89,1708826464.4
0.7,0,92,91,89,89,1708826464.51
0.7,0,96,92,92,93,1708826464.63
0.7,0,91,90,89,89,1708826464.73
0.7,0,91,90,89,89,1708826464.88
0.7,0,91,90,89,89,1708826464.93
0.7,0,92,90,92,91,1708826465.05
0.7,0,90,90,89,88,1708826465.16
0.7,0,90,90,89,88,1708826465.21
0.7,0,92,89,89,87,1708826465.35
0.7,0,90,89,87,88,1708826465.49
0.7,0,90,89,87,88,1708826465.56
0.7,0,90,89,87,88,1708826465.64
0.7,0,93,90,91,90,1708826465.76
0.7,0,91,89,86,89,1708826465.91
0.7,0,91,89,86,89,1708826465.96
0.7,0,91,89,86,89,1708826466.04
0.7,0,91,89,86,89,1708826466.13
0.7,0,91,89,86,89,1708826466.25
0.7,0.35,91,89,86,89,1708826466.4
0.7,0.35,89,86,87,88,1708826466.45
0.7,0,89,86,87,88,1708826466.57
0.7,0,89,86,87,88,1708826466.67
0.7,0,89,86,87,88,1708826466.74
0.7,0,99,101,95,90,1708826466.88
0.7,0,99,101,95,90,1708826467.01
0.7,0,99,101,95,90,1708826467.06
0.7,0,99,101,95,90,1708826467.18
0.7,0,93,86,84,88,1708826467.27
0.7,0,93,86,84,88,1708826467.43
0.7,0,93,86,84,88,1708826467.49
0.7,0,93,86,84,88,1708826467.56
0.7,0,92,90,89,90,1708826467.67
0.7,0,92,90,89,90,1708826467.77
0.7,0,92,90,89,90,1708826467.91
0.7,0,92,90,89,90,1708826467.99
0.7,0,92,90,89,90,1708826468.1
0.7,0,92,90,89,90,1708826468.17
0.7,0,90,87,85,86,1708826468.29
0.7,0,90,87,85,86,1708826468.45
0.7,0,90,87,85,86,1708826468.5
0.7,0,88,90,89,85,1708826468.58
0.7,0,89,90,89,87,1708826468.69
0.7,0,89,90,89,87,1708826468.88
0.7,0,89,90,89,87,1708826468.91
0.7,0,89,90,89,87,1708826468.99
0.7,0,89,90,89,87,1708826469.14
0.7,0,89,90,89,87,1708826469.24
0.7,0.35,89,90,89,87,1708826469.39
0.7,0.35,89,90,89,87,1708826469.47
0.7,0.35,89,90,89,87,1708826469.52
0.7,0.35,89,90,89,87,1708826469.59
0.7,0.35,89,90,89,87,1708826469.71
0.7,0.35,89,90,89,87,1708826469.8
0.7,0.35,63,107,60,112,1708826469.94
0.7,0.35,63,107,60,112,1708826470.05
0.7,0.35,63,107,60,112,1708826470.12
0.7,0.35,59,111,56,103,1708826470.23
0.7,0.35,59,111,56,103,1708826470.33
0.7,0.35,61,110,58,110,1708826470.46
0.7,0,61,110,58,110,1708826470.53
0.7,0,61,110,58,110,1708826470.61
0.7,0,61,110,58,110,1708826470.71
0.7,0,63,113,59,92,1708826470.82
0.7,0,99,101,100,95,1708826470.95
0.7,0,92,87,84,93,1708826471.07
0.7,0,92,87,84,93,1708826471.14
0.7,0,92,87,84,93,1708826471.24
0.7,0,92,87,84,93,1708826471.39
0.7,-0.19,92,87,84,93,1708826471.45
0.7,-0.35,89,91,92,86,1708826471.55
0.7,-0.35,89,91,92,86,1708826471.62
0.7,0,89,91,92,82,1708826471.72
0.7,0,89,91,92,82,1708826471.91
0.7,0,89,91,92,82,1708826471.95
0.7,0,107,96,98,94,1708826472.07
0.7,0,107,96,98,94,1708826472.16
0.7,0,104,101,101,98,1708826472.29
0.7,0,104,101,101,98,1708826472.43
0.7,0,90,90,87,87,1708826472.48
0.7,0,90,90,87,87,1708826472.55
0.7,0,90,90,87,87,1708826472.63
0.7,0,90,90,87,87,1708826472.76
0.7,0,90,90,87,87,1708826472.84
0.7,0,90,90,87,87,1708826472.98
0.7,0,92,87,86,89,1708826473.08
0.7,0,92,87,86,89,1708826473.17
0.7,0,92,90,89,89,1708826473.27
0.7,0,92,90,89,89,1708826473.37
0.7,0,92,90,89,89,1708826473.52
0.7,0,92,90,89,89,1708826473.59
0.7,0,92,90,89,89,1708826473.67
0.7,0,92,90,89,89,1708826473.76
0.7,0,89,87,86,86,1708826473.89
0.7,0,89,87,87,85,1708826473.99
0.7,-0.31,89,87,87,85,1708826474.11
0.7,-0.35,89,87,87,85,1708826474.19
0.7,-0.35,88,87,88,88,1708826474.32
0.7,0,88,87,88,88,1708826474.41
0.7,0,102,75,100,74,1708826474.49
0.7,0,102,75,100,74,1708826474.59
0,0,102,75,100,74,1708826474.69
0,0,102,75,100,74,1708826474.85
0,0,100,94,95,93,1708826474.93
0,0,100,94,95,93,1708826475.08
0,0,100,94,95,93,1708826475.12
0,0,47,45,41,44,1708826475.19
0,0,35,35,33,33,1708826475.4
0,0,35,35,33,33,1708826475.45
0,0,11,10,11,10,1708826475.51
0,0,11,10,11,10,1708826475.61
0,0,11,10,11,10,1708826475.69
0,0,0,0,0,0,1708826475.86
0,0,0,0,0,0,1708826475.91
0,0,0,0,0,0,1708826475.99
0,0,0,0,0,0,1708826476.09
0,0,0,0,0,0,1708826476.19
0,0,0,0,0,0,1708826476.37
0,0,0,0,0,0,1708826476.42
0,0,0,0,0,0,1708826476.5
0,0,0,0,0,0,1708826476.62
0,0,0,0,0,0,1708826476.72
0,0,0,0,0,0,1708826476.8
0,0,0,0,0,0,1708826476.95
0,0,0,0,0,0,1708826477.08
0,0,0,0,0,0,1708826477.14
0,0,0,0,0,0,1708826477.22
0,0,0,0,0,0,1708826477.33
0,0,0,0,0,0,1708826477.41
0,0,0,0,0,0,1708826477.52
0,0,0,0,0,0,1708826477.65
0,0,0,0,0,0,1708826477.72
0,0,0,0,0,0,1708826477.88
0,0,0,0,0,0,1708826477.95
0,0,0,0,0,0,1708826478.05
0,0,0,0,0,0,1708826478.14
0,0,0,0,0,0,1708826478.24
0,0,0,0,0,0,1708826478.44
0,0,0,0,0,0,1708826478.5
0,0,0,0,0,0,1708826478.59
0,0,0,0,0,0,1708826478.66
0,0,0,0,0,0,1708826478.75
0,0,0,0,0,0,1708826478.88
0,0,0,0,0,0,1708826478.97
0,0,0,0,0,0,1708826479.07
0,0,0,0,0,0,1708826479.19
0,0,0,0,0,0,1708826479.29
0,0,0,0,0,0,1708826479.44
0,0,0,0,0,0,1708826479.49
0,0,0,0,0,0,1708826479.6
0,0,0,0,0,0,1708826479.7
0,0,0,0,0,0,1708826479.77
0,0,0,0,0,0,1708826479.9
0,0,0,0,0,0,1708826480.04
0,0,0,0,0,0,1708826480.1
0,0,0,0,0,0,1708826480.19
0,0,0,0,0,0,1708826480.32
0,0,0,0,0,0,1708826480.4
0,0,0,0,0,0,1708826480.49
0,0,0,0,0,0,1708826480.61
0,0,0,0,0,0,1708826480.73
0,0,0,0,0,0,1708826480.88
0,0,0,0,0,0,1708826480.93
0,0,0,0,0,0,1708826481.05
0,0,0,0,0,0,1708826481.11
0,0,0,0,0,0,1708826481.24
0,0,0,0,0,0,1708826481.4
0,0,0,0,0,0,1708826481.47
0,0,0,0,0,0,1708826481.54
0,0,0,0,0,0,1708826481.61
0,0,0,0,0,0,1708826481.73
0,0,0,0,0,0,1708826481.92
0,0,0,0,0,0,1708826481.96
0,0,0,0,0,0,1708826482.08
0,0,0,0,0,0,1708826482.13
0,0,0,0,0,0,1708826482.27
0,0,0,0,0,0,1708826482.35
0,0,0,0,0,0,1708826482.5
0,0,0,0,0,0,1708826482.58
0,0,0,0,0,0,1708826482.66
0,0,0,0,0,0,1708826482.77
0,0,0,0,0,0,1708826482.97
0,0,0,0,0,0,1708826483.01
0,0,0,0,0,0,1708826483.11
0,0,0,0,0,0,1708826483.2
0,0,0,0,0,0,1708826483.3
0,0,0,0,0,0,1708826483.43
0,0,0,0,0,0,1708826483.54
0,0,0,0,0,0,1708826483.61
0,0,0,0,0,0,1708826483.72
0,0,0,0,0,0,1708826483.91
0,0,0,0,0,0,1708826483.96
0,0,0,0,0,0,1708826484.04
0,0,0,0,0,0,1708826484.15
0,0,0,0,0,0,1708826484.25
0,0,0,0,0,0,1708826484.33
0,0,0,0,0,0,1708826484.46
0,0,0,0,0,0,1708826484.55
0,0,0,0,0,0,1708826484.63
0,0,0,0,0,0,1708826484.73
0,0,0,0,0,0,1708826484.83
0,0,0,0,0,0,1708826484.98
0,0,0,0,0,0,1708826485.06
0,0,0,0,0,0,1708826485.19
0,0,0,0,0,0,1708826485.27
0,0,0,0,0,0,1708826485.39
0,0,0,0,0,0,1708826485.48
0,0,0,0,0,0,1708826485.54
0,0,0,0,0,0,1708826485.67
0,0,0,0,0,0,1708826485.78
0,0,0,0,0,0,1708826485.94
0,0,0,0,0,0,1708826485.99
0,0,0,0,0,0,1708826486.08
0,0,0,0,0,0,1708826486.2
0,0,0,0,0,0,1708826486.32
0,0,0,0,0,0,1708826486.45
0,0,0,0,0,0,1708826486.5
0,0,0,0,0,0,1708826486.6
0,0,0,0,0,0,1708826486.73
0,0,0,0,0,0,1708826486.8
0,0,0,0,0,0,1708826486.94
0,0,0,0,0,0,1708826487.05
0,0,0,0,0,0,1708826487.11
0,0,0,0,0,0,1708826487.19
0,0,0,0,0,0,1708826487.31
0,0,0,0,0,0,1708826487.47
0,0,0,0,0,0,1708826487.51
0,0,0,0,0,0,1708826487.61
0,0,0,0,0,0,1708826487.72
0,0,0,0,0,0,1708826487.79
0,0,0,0,0,0,1708826487.92
0,0,0,0,0,0,1708826488.04
0,0,0,0,0,0,1708826488.15
0,0,0,0,0,0,1708826488.24
0,0,0,0,0,0,1708826488.33
0,0,0,0,0,0,1708826488.49
0,0,0,0,0,0,1708826488.68
0,0,0,0,0,0,1708826488.75
0,0,0,0,0,0,1708826488.81
0,0,0,0,0,0,1708826488.97
0,0,0,0,0,0,1708826489.07
0,0,0,0,0,0,1708826489.11
0,0,0,0,0,0,1708826489.19
0,0,0,0,0,0,1708826489.3
0,0,0,0,0,0,1708826489.44
0,0,0,0,0,0,1708826489.51
0,0,0,0,0,0,1708826489.59
0,0,0,0,0,0,1708826489.68
0,0,0,0,0,0,1708826489.76
0,0,0,0,0,0,1708826489.85
0,0,0,0,0,0,1708826490.01
0,0,0,0,0,0,1708826490.12
0,0,0,0,0,0,1708826490.23
0,0,0,0,0,0,1708826490.31
0,0,0,0,0,0,1708826490.46
0,0,0,0,0,0,1708826490.51
0,0,0,0,0,0,1708826490.61
0,0,0,0,0,0,1708826490.7
0,0,0,0,0,0,1708826490.8
0,0,0,0,0,0,1708826490.95
0,0,0,0,0,0,1708826491.08
0,0,0,0,0,0,1708826491.13
0,0,0,0,0,0,1708826491.2
0,0,0,0,0,0,1708826491.45
0,0,0,0,0,0,1708826491.56
0,0,0,0,0,0,1708826491.62
0,0,0,0,0,0,1708826491.68
0,0,0,0,0,0,1708826491.73
0,0,0,0,0,0,1708826491.94
0,0,0,0,0,0,1708826491.99
0,0,0,0,0,0,1708826492.11
0,0,0,0,0,0,1708826492.18
0,0,0,0,0,0,1708826492.29
0,0,0,0,0,0,1708826492.44
0,0,0,0,0,0,1708826492.49
0,0,0,0,0,0,1708826492.57
0,0,0,0,0,0,1708826492.7
0,0,0,0,0,0,1708826492.8
0,0,0,0,0,0,1708826493.03
0,0,0,0,0,0,1708826493.16
0,0,0,0,0,0,1708826493.23
0,0,0,0,0,0,1708826493.36
0,0,0,0,0,0,1708826493.48
0,0,0,0,0,0,1708826493.57
0,0,0,0,0,0,1708826493.67
0,0,0,0,0,0,1708826493.8
0,0,0,0,0,0,1708826493.96
0,0,0,0,0,0,1708826494.08
0,0,0,0,0,0,1708826494.13
0,0,0,0,0,0,1708826494.21
0,0,0,0,0,0,1708826494.33
0,0,0,0,0,0,1708826494.5
0,0,0,0,0,0,1708826494.55
0,0,0,0,0,0,1708826494.64
0,0,0,0,0,0,1708826494.76
0,0,0,0,0,0,1708826494.93
0,0,0,0,0,0,1708826494.98
0,0,0,0,0,0,1708826495.09
0,0,0,0,0,0,1708826495.2
0,0,0,0,0,0,1708826495.29
0,0,0,0,0,0,1708826495.49
0,0,0,0,0,0,1708826495.49
0,0,0,0,0,0,1708826495.59
0,0,0,0,0,0,1708826495.71
0,0,0,0,0,0,1708826495.79
0,0,0,0,0,0,1708826495.96
0,0,0,0,0,0,1708826496.13
0,0,0,0,0,0,1708826496.13
0,0,0,0,0,0,1708826496.23
0,0,0,0,0,0,1708826496.31
0,0,0,0,0,0,1708826496.47
0,0,0,0,0,0,1708826496.55
0,0,0,0,0,0,1708826496.61
0,0,0,0,0,0,1708826496.71
0,0,0,0,0,0,1708826496.85
0,0,0,0,0,0,1708826497
0,0,0,0,0,0,1708826497.04
0,0,0,0,0,0,1708826497.13
0,0,0,0,0,0,1708826497.25
0,0,0,0,0,0,1708826497.43
0,0,0,0,0,0,1708826497.51
0,0,0,0,0,0,1708826497.6
0,0,0,0,0,0,1708826497.75
0,0,0,0,0,0,1708826497.84
0,0,0,0,0,0,1708826498
0,0,0,0,0,0,1708826498.07
0,0,0,0,0,0,1708826498.15
0,0,0,0,0,0,1708826498.29
0,0,0,0,0,0,1708826498.5
0,0,0,0,0,0,1708826498.5
0,0,0,0,0,0,1708826498.6
0,0,0,0,0,0,1708826498.73
0,0,0,0,0,0,1708826498.82
0,0,0,0,0,0,1708826499.03
0,0,0,0,0,0,1708826499.08
0,0,0,0,0,0,1708826499.16
0,0,0,0,0,0,1708826499.28
0,0,0,0,0,0,1708826499.48
0,0,0,0,0,0,1708826499.54
0,0,0,0,0,0,1708826499.64
0,0,0,0,0,0,1708826499.76
0,0,0,0,0,0,1708826499.97
0,0,0,0,0,0,1708826500.02
0,0,0,0,0,0,1708826500.08
0,0,0,0,0,0,1708826500.19
0,0,0,0,0,0,1708826500.27
0,0,0,0,0,0,1708826500.5
0,0,0,0,0,0,1708826500.56
0,0,0,0,0,0,1708826500.63
0,0,0,0,0,0,1708826500.73
0.7,0,0,0,0,0,1708826500.82
0.7,0,0,0,0,0,1708826501.01
0.7,0,0,0,0,0,1708826501.06
0.7,0,0,0,0,0,1708826501.13
0.7,0,3,3,3,4,1708826501.25
0.7,0,3,3,3,4,1708826501.36
0.7,0,54,55,54,53,1708826501.51
0.7,0,54,55,54,53,1708826501.56
0.7,0,54,55,54,53,1708826501.65
0.7,0,54,55,54,53,1708826501.96
0.7,0,82,81,83,80,1708826502.15
0.7,0.35,82,81,83,80,1708826502.27
0.7,0.35,82,81,83,80,1708826502.33
0.7,0,86,80,75,86,1708826502.47
0.7,0,86,80,75,86,1708826502.55
0.7,0,86,80,75,86,1708826502.65
0.7,0,90,100,87,97,1708826502.74
0.7,0,90,100,87,97,1708826502.96
0.7,0,90,100,87,97,1708826502.96
0.7,0,90,100,87,97,1708826503.01
0.7,0,92,92,92,90,1708826503.11
0.7,0,92,92,92,90,1708826503.24
0.7,0,92,92,92,90,1708826503.35
0.7,0,90,85,84,85,1708826503.49
0.7,0,89,85,84,86,1708826503.54
0.7,0,89,85,84,86,1708826503.63
0.7,0,89,85,84,86,1708826503.74
0.7,0,90,81,82,88,1708826503.85
0.7,0,90,83,84,89,1708826504
0.7,0,90,83,84,89,1708826504.12
0.7,0,90,83,84,89,1708826504.18
0.7,0,90,83,84,89,1708826504.25
0.7,0,89,87,86,86,1708826504.39
0.7,-0.25,85,87,88,80,1708826504.56
0.7,0,85,87,88,80,1708826504.63
0.7,0,85,87,88,80,1708826504.67
0.7,0,92,83,93,83,1708826504.81
0.7,0,100,80,88,83,1708826504.99
0.7,0,100,80,88,83,1708826505.04
0.7,0,100,80,88,83,1708826505.15
0.7,0,93,86,87,86,1708826505.3
0.7,0,93,86,87,86,1708826505.36
0.7,0,93,86,87,86,1708826505.45
0.7,0,93,86,87,86,1708826505.52
0.7,0,93,86,87,86,1708826505.62
0.7,0,93,86,87,86,1708826505.77
0.7,0,93,86,87,86,1708826505.91
0.7,0,90,89,90,89,1708826505.96
0.7,0,93,90,92,92,1708826506.16
0.7,0,93,90,92,92,1708826506.29
0.7,0,90,89,88,88,1708826506.43
0.7,0.35,90,89,88,88,1708826506.47
0.7,0.35,90,89,88,88,1708826506.57
0.7,0.35,90,89,88,88,1708826506.68
0.7,0.35,88,90,82,94,1708826506.79
0.7,0.35,88,90,82,94,1708826506.96
0.7,0.35,88,90,82,94,1708826507.08
0.7,0.35,88,90,82,94,1708826507.13
0.7,0.35,88,90,82,94,1708826507.25
0.7,0.35,88,90,82,94,1708826507.43
0.7,0,88,90,82,94,1708826507.56
0.7,0,88,90,82,94,1708826507.61
0.7,0,88,90,82,94,1708826507.75
0.7,0,88,90,82,94,1708826507.81
0.7,0,88,90,82,94,1708826507.99
0.7,0,88,90,82,94,1708826508.03
0.7,0,88,90,82,94,1708826508.12
0.7,-0.35,88,90,82,94,1708826508.22
0.7,-0.35,88,90,94,83,1708826508.31
0.7,-0.35,88,90,94,83,1708826508.48
0.7,-0.35,101,76,87,77,1708826508.56
0.7,-0.35,101,76,87,77,1708826508.63
0.7,0,101,76,87,77,1708826508.74
0.7,0,101,76,87,77,1708826508.87
0.7,0,110,78,109,78,1708826509.07
0.7,0,110,78,109,78,1708826509.11
0.7,0,110,78,109,78,1708826509.19
0.7,0,95,92,93,88,1708826509.31
0.7,0,95,92,93,88,1708826509.37
0.7,0,95,92,93,88,1708826509.54
0.7,0,92,90,89,90,1708826509.63
0.7,0,91,88,88,89,1708826509.71
0.7,0,91,88,88,89,1708826509.83
0.7,0,91,88,88,89,1708826510.03
0.7,0,91,88,88,89,1708826510.11
0.7,0,91,88,88,89,1708826510.2
0.7,0,92,90,90,90,1708826510.27
0.7,0,92,90,90,90,1708826510.38
0.7,0,92,90,90,90,1708826510.47
0.7,0,92,90,90,90,1708826510.6
0.7,0,92,90,90,90,1708826510.82
0.7,-0.22,92,90,90,90,1708826510.87
0.7,-0.35,86,87,86,78,1708826511.01
0.7,0,86,87,86,78,1708826511.06
0.7,0,92,83,94,78,1708826511.17
0.7,0,92,83,94,78,1708826511.27
0.7,0,92,83,94,78,1708826511.43
0.7,0,94,94,93,92,1708826511.56
0.7,0,94,94,93,92,1708826511.62
0.7,0,94,94,93,92,1708826511.79
0.7,0,94,94,93,92,1708826512.01
0.7,0,94,94,93,92,1708826512.01
0.7,0,90,88,89,92,1708826512.16
0.7,0,90,88,89,92,1708826512.17
0.7,0,90,88,89,92,1708826512.26
0.7,0,89,87,87,83,1708826512.35
0.7,0,89,87,87,83,1708826512.48
0.7,0,89,87,87,83,1708826512.61
0.7,0,89,87,87,83,1708826512.75
0.7,0,89,87,87,83,1708826512.81
0.7,0,92,89,90,86,1708826512.97
0.7,-0.35,87,91,87,87,1708826513.1
0.7,-0.06,87,91,87,87,1708826513.14
0.7,0,87,91,87,87,1708826513.22
0.7,0,87,91,87,87,1708826513.35
0.7,0,87,91,87,87,1708826513.52
0.7,0,87,91,87,87,1708826513.57
0.7,0,87,91,87,87,1708826513.66
0.7,0,87,91,87,87,1708826513.76
0.7,0,87,91,87,87,1708826513.85
0.7,0,87,91,87,87,1708826513.95
0.7,0,87,91,87,87,1708826514.15
0.7,0,90,91,89,89,1708826514.33
0.7,0,90,91,89,89,1708826514.51
0.7,0,90,91,89,89,1708826514.51
0.7,0,90,91,89,89,1708826514.57
0.7,0,93,90,90,89,1708826514.64
0.7,0,93,90,90,89,1708826514.81
0.7,0,93,90,90,89,1708826515.02
0.7,0,93,90,90,89,1708826515.09
0.7,0,93,90,90,89,1708826515.23
0.7,0.15,93,90,90,89,1708826515.23
0.7,0.35,93,90,90,89,1708826515.28
0.7,0.35,93,88,89,87,1708826515.39
0.7,0,93,88,89,87,1708826515.52
0.7,0,93,88,89,87,1708826515.62
0.7,0,93,88,89,87,1708826515.69
0.7,0,93,88,89,87,1708826515.8
0.7,0,93,88,89,87,1708826516
0.7,0,93,88,89,87,1708826516.13
0.7,0,93,88,89,87,1708826516.19
0.7,0,95,94,94,92,1708826516.26
0.7,0,92,92,91,90,1708826516.43
0.7,0,92,92,91,90,1708826516.56
0.7,0,92,92,91,90,1708826516.61
0.7,0,92,90,90,89,1708826516.69
0.7,0,92,90,90,89,1708826516.81
0.7,0,92,90,90,89,1708826516.89
0.7,0,92,90,90,89,1708826517.1
0.7,0,92,89,89,89,1708826517.2
0.7,0,92,89,89,89,1708826517.3
0.7,0.22,92,89,89,89,1708826517.37
0.7,0.35,90,90,90,89,1708826517.57
0.7,0,90,90,90,89,1708826517.63
0.7,0,84,95,82,93,1708826517.75
0.7,0,84,101,77,98,1708826517.85
0.7,0,84,101,77,98,1708826518
0.7,0,84,101,77,98,1708826518.12
0.7,0,84,101,77,98,1708826518.23
0.7,0,90,90,90,89,1708826518.36
0.7,0,90,90,90,89,1708826518.52
0.7,0,92,89,89,89,1708826518.61
0.7,0,92,89,89,89,1708826518.7
0.7,0,92,89,89,89,1708826518.87
0.7,0,92,89,89,89,1708826518.99
0.7,0,92,89,89,89,1708826519.05
0.7,0,90,89,87,86,1708826519.13
0.7,0,93,87,90,89,1708826519.25
0.7,0,93,87,90,89,1708826519.37
0.7,0,93,86,87,89,1708826519.51
0.7,0,93,86,87,89,1708826519.61
0.7,0,93,86,87,89,1708826519.75
0.7,0,93,86,87,89,1708826519.81
0.7,0,93,86,87,89,1708826519.89
0.7,0,93,86,87,89,1708826520.15
0.7,0,93,86,87,89,1708826520.15
0.7,0,89,86,88,86,1708826520.24
0.7,0,89,86,88,86,1708826520.34
0.7,0,89,86,88,86,1708826520.52
0.7,0,89,86,88,86,1708826520.65
0.7,0,89,86,88,86,1708826520.75
0.7,0,89,86,88,86,1708826520.87
0.7,0.28,87,86,89,84,1708826521.05
0.7,0.35,87,86,89,84,1708826521.09
0.7,0.13,86,86,78,83,1708826521.16
0.7,0,86,86,78,83,1708826521.25
0.7,0,86,86,84,85,1708826521.37
0.7,0,86,86,84,85,1708826521.46
0.7,0,91,93,81,98,1708826521.67
0.7,0,91,93,81,98,1708826521.78
0.7,0,91,93,81,98,1708826521.89
0.7,0,91,93,81,98,1708826522.04
0.7,0,91,93,81,98,1708826522.19
0.7,0,91,93,81,98,1708826522.24
0.7,0,91,93,81,98,1708826522.24
0.7,0,91,93,81,98,1708826522.43
0.7,0,91,93,81,98,1708826522.58
0.7,0,91,93,81,98,1708826522.58
0.7,0,91,93,81,98,1708826522.76
0.7,0,92,90,92,88,1708826522.88
0.7,0,91,90,94,87,1708826523.03
0.7,0.35,91,90,94,87,1708826523.09
0.7,0.35,91,90,94,87,1708826523.2
0.7,0.35,91,90,94,87,1708826523.28
0.7,0,91,90,94,87,1708826523.39
0.7,0,91,90,94,87,1708826523.52
0.7,0,91,90,94,87,1708826523.61
0.7,0,90,107,88,94,1708826523.72
0.7,0,104,102,98,100,1708826523.84
0.7,0,94,92,91,91,1708826524
0.7,0,94,92,91,91,1708826524.12
0.7,0,94,92,91,91,1708826524.17
0.7,0,94,92,91,91,1708826524.31
0.7,0,94,92,91,91,1708826524.42
0.7,0,90,87,86,86,1708826524.6
0.7,0,90,87,86,86,1708826524.65
0.7,0,90,87,86,86,1708826524.76
0.7,0,90,88,87,87,1708826524.82
0.7,0,90,88,87,87,1708826524.91
0.7,0,91,90,91,88,1708826525.12
0.7,0,90,88,89,87,1708826525.25
0.7,0,90,88,89,87,1708826525.31
0.7,0.35,90,88,89,87,1708826525.5
0.7,0.35,90,88,89,87,1708826525.54
0.7,0.35,92,86,85,92,1708826525.64
0.7,0.35,78,101,76,95,1708826525.75
0.7,0.35,78,101,76,95,1708826525.87
0.7,0.35,66,112,60,107,1708826526.02
0.7,0.35,66,112,60,107,1708826526.07
0.7,0,66,112,60,107,1708826526.17
0.7,0,66,112,60,107,1708826526.27
0.7,0,72,113,67,101,1708826526.41
0.7,0,72,113,67,101,1708826526.66
0.7,0,96,94,93,93,1708826526.72
0.7,0,96,94,93,93,1708826526.79
0.7,0,96,94,93,93,1708826526.89
0.7,0,93,88,89,88,1708826527.05
0.7,0,93,88,89,88,1708826527.09
0.7,0,93,88,89,88,1708826527.2
0.7,0,92,87,87,90,1708826527.33
0.7,0,92,86,85,84,1708826527.44
0.7,0,92,86,85,84,1708826527.57
0.7,0,90,89,88,89,1708826527.67
0.7,0,90,89,88,89,1708826527.76
0.7,0,90,89,88,89,1708826528.04
0.7,-0.35,90,89,88,89,1708826528.08
0.7,-0.35,90,89,88,89,1708826528.15
0.7,0,90,89,88,89,1708826528.21
0.7,0,90,89,88,89,1708826528.35
0.7,0,90,89,88,89,1708826528.47
0.7,0,104,87,106,83,1708826528.61
0.7,0,104,87,106,83,1708826528.72
0.7,0,92,92,90,86,1708826528.82
0.7,0,92,92,90,86,1708826528.88
0.7,0,92,92,90,86,1708826529.06
0.7,0,92,92,90,86,1708826529.16
0.7,0,93,90,89,90,1708826529.3
0.7,0,92,89,89,88,1708826529.36
0.7,0,91,87,85,87,1708826529.56
0.7,0,91,90,89,88,1708826529.62
0.7,0,91,88,89,87,1708826529.7
0.7,0,91,88,89,87,1708826529.83
0.7,0,91,88,89,87,1708826529.92
0.7,0,91,88,89,87,1708826530.08
0.7,0,91,88,89,87,1708826530.18
0.7,0,91,88,89,87,1708826530.33
0.7,0,92,90,91,90,1708826530.42
0.7,0,92,90,91,90,1708826530.57
0.7,0,89,88,87,87,1708826530.67
0.7,0,86,86,85,84,1708826530.81
0.7,0,88,87,86,86,1708826530.92
0.7,0,88,87,86,86,1708826531.06
0.7,0,88,87,86,86,1708826531.12
0.7,0,89,87,87,86,1708826531.25
0.7,0,89,87,87,86,1708826531.43
0.7,0,89,87,87,86,1708826531.47
0.7,0,89,87,86,86,1708826531.55
0.7,0,90,88,88,87,1708826531.68
0.7,0,90,88,88,87,1708826531.8
0.7,0.35,90,88,89,87,1708826531.91
0.7,0.35,90,88,89,87,1708826532.07
0.7,0,90,88,89,87,1708826532.23
0.7,0,90,88,89,87,1708826532.32
0.7,0,90,88,89,87,1708826532.52
0.7,0,90,88,89,87,1708826532.59
0.7,0,90,88,89,87,1708826532.72
0.7,0,90,88,89,87,1708826532.82
0.7,0,90,88,89,87,1708826532.9
0.7,0,90,88,89,87,1708826532.95
0.7,0,90,88,89,87,1708826533.08
0.7,0,90,88,89,87,1708826533.19
0.7,0,90,88,89,87,1708826533.27
0.7,0,90,88,89,87,1708826533.43
0.7,0,90,89,89,87,1708826533.56
0.7,0,90,89,89,87,1708826533.61
0.7,0,90,88,90,89,1708826533.7
0.7,0,92,89,90,88,1708826533.91
0.7,0,92,91,91,89,1708826533.97
0.7,0,92,91,91,89,1708826534.12
0.7,0,92,91,90,90,1708826534.24
0.7,0,92,91,90,90,1708826534.56
0.7,0,92,91,90,90,1708826534.61
0.7,0,92,91,90,90,1708826534.71
0.7,0,92,91,90,90,1708826534.87
0.7,0,86,87,85,84,1708826534.92
0.7,0,86,87,85,84,1708826535.1
0.7,0,86,87,85,84,1708826535.32
0.7,0,86,87,85,84,1708826535.32
0.7,0,86,87,85,84,1708826535.37
0.7,0,89,87,86,86,1708826535.53
0.7,0,89,87,86,86,1708826535.63
0.7,0,89,86,87,87,1708826535.77
0.7,0,88,86,87,84,1708826535.85
0.7,0,88,86,87,84,1708826535.96
0.7,0,88,86,87,84,1708826536.12
0.7,0,88,86,84,84,1708826536.21
0.7,0,88,86,84,84,1708826536.31
0.7,0,88,86,84,84,1708826536.39
0.7,0,88,86,84,84,1708826536.55
0.7,0,89,87,88,85,1708826536.69
0.7,0,89,87,88,85,1708826536.79
0.7,0,87,86,84,84,1708826536.89
0.7,0,87,86,84,84,1708826537.08
0.7,0,89,86,88,87,1708826537.2
0.7,0,89,86,88,87,1708826537.41
0.7,0,89,86,88,87,1708826537.46
0.7,0,89,86,88,87,1708826537.63
0.7,0,88,84,84,84,1708826537.78
0.7,0,88,84,84,84,1708826537.87
0.7,0,88,84,84,84,1708826537.93
0.7,0,88,84,84,84,1708826538.11
0.7,0,88,84,84,84,1708826538.16
0.7,0,88,84,84,84,1708826538.25
0.7,0,88,87,85,86,1708826538.49
0.7,0,88,87,85,86,1708826538.53
0.7,0,88,87,85,86,1708826538.67
0.7,0,88,87,85,86,1708826538.72
0.7,0,88,87,85,86,1708826538.83
0.7,0,88,87,85,86,1708826538.97
0.7,0,88,85,84,86,1708826539.11
0.7,0,88,85,84,86,1708826539.21
0.7,0,90,84,84,84,1708826539.33
0.7,0,90,84,84,84,1708826539.59
0.7,0,90,84,84,84,1708826539.68
0.7,0,90,84,84,84,1708826539.94
0.7,0,88,85,86,86,1708826540.01
0.7,0,88,85,86,86,1708826540.12
0.7,0.35,88,85,86,86,1708826540.21
0.7,0.35,88,85,86,86,1708826540.31
0.7,0.35,86,86,83,84,1708826540.41
0.7,0.35,86,86,83,84,1708826540.5
0.7,0.35,70,99,70,106,1708826540.67
0.7,0.35,70,99,70,106,1708826540.72
0.7,0.35,70,99,70,106,1708826540.79
0.7,0.35,70,99,70,106,1708826540.9
0.7,0.35,61,110,60,109,1708826541.06
0.7,0.35,61,110,60,109,1708826541.12
0.7,0.35,61,110,60,109,1708826541.22
0.7,0.26,61,109,58,110,1708826541.32
0.7,0,61,109,58,110,1708826541.41
0.7,0,61,110,58,109,1708826541.59
0.7,0,61,110,58,109,1708826541.63
0.7,0,61,110,58,109,1708826541.75
0.7,0,61,110,58,109,1708826541.83
0.7,0,61,110,58,109,1708826541.91
0.7,0,61,110,58,109,1708826542.09
0.7,0,93,87,85,87,1708826542.17
0.7,-0.35,92,89,89,87,1708826542.27
0.7,-0.35,92,87,88,88,1708826542.39
0.7,-0.35,92,87,88,88,1708826542.55
0.7,0,92,87,88,88,1708826542.55
0.7,0,106,71,101,70,1708826542.63
0.7,0,106,71,101,70,1708826542.72
0.7,0,106,71,101,70,1708826542.85
0.7,0,106,71,101,70,1708826542.93
0.7,0,96,96,96,92,1708826543.07
0.7,0,96,96,96,92,1708826543.2
0.7,0,96,96,96,92,1708826543.26
0.7,0,89,87,86,86,1708826543.35
0.7,0,89,87,86,86,1708826543.45
0.7,0,89,87,86,86,1708826543.56
0.7,0,91,90,89,89,1708826543.71
0.7,0,91,90,89,89,1708826543.76
0.7,0,90,89,90,89,1708826543.85
0.7,0,90,89,90,89,1708826543.94
0.7,0,90,89,90,89,1708826544.07
0.7,0,90,87,85,86,1708826544.17
0.7,0,90,87,85,86,1708826544.25
0.7,-0.35,90,87,85,86,1708826544.37
0.7,-0.35,90,87,85,86,1708826544.57
0.7,-0.35,90,87,85,86,1708826544.62
0.7,-0.35,90,87,85,86,1708826544.68
0.7,0,90,87,85,86,1708826544.79
0.7,0,90,87,85,86,1708826544.87
0.7,0,112,61,113,62,1708826544.96
0.7,0,112,61,113,62,1708826545.09
0.7,0,98,99,98,95,1708826545.19
0.7,0,98,99,98,95,1708826545.3
0.7,0,93,91,90,89,1708826545.51
0.7,0,90,90,89,88,1708826545.56
0.7,0,90,90,89,88,1708826545.71
0.7,0,90,90,89,88,1708826545.77
0.7,0,90,88,89,87,1708826545.85
0.7,0,90,88,89,87,1708826545.92
0.7,0,90,89,87,88,1708826546.03
0.7,0,90,89,87,88,1708826546.08
0.7,0,90,89,87,88,1708826546.18
0.7,0,90,89,87,88,1708826546.31
0.7,0,92,90,90,90,1708826546.4
0.7,0,92,90,90,90,1708826546.63
0.7,0,92,90,90,90,1708826546.71
0.7,-0.12,92,90,90,90,1708826546.79
0.7,-0.35,89,87,89,87,1708826546.88
0.7,-0.35,89,87,89,87,1708826547.03
0.7,-0.35,89,85,89,85,1708826547.11
0.7,-0.35,89,85,89,85,1708826547.21
0.7,-0.35,89,85,89,85,1708826547.28
0.7,0,112,65,109,63,1708826547.38
0.7,0,115,63,112,60,1708826547.54
0.7,0,110,84,107,82,1708826547.61
0.7,0,110,84,107,82,1708826547.69
0.7,0,110,84,107,82,1708826547.83
0.7,0,110,84,107,82,1708826547.91
0.7,0,91,89,91,89,1708826548.03
0.7,0,91,89,91,89,1708826548.16
0.7,0,90,89,90,88,1708826548.27
0.7,0,90,89,90,88,1708826548.37
0.7,0,90,89,90,88,1708826548.42
0.7,0,90,88,88,88,1708826548.58
0.7,0,90,88,88,88,1708826548.63
0.7,0,91,89,90,88,1708826548.71
0.7,-0.35,91,89,90,88,1708826548.83
0.7,-0.35,91,89,90,88,1708826548.9
0.7,-0.35,91,89,90,88,1708826549.03
0.7,-0.35,91,89,90,88,1708826549.21
0.7,-0.12,91,89,90,88,1708826549.28
0.7,0,91,89,90,88,1708826549.39
0.7,0,91,89,90,88,1708826549.43
0.7,0,112,62,112,61,1708826549.52
0.7,0,112,62,112,61,1708826549.63
0.7,0,98,96,94,94,1708826549.75
0.7,0,98,96,94,94,1708826549.81
0.7,0,93,92,92,91,1708826549.91
0.7,0,93,92,92,91,1708826550.24
0.7,0,93,92,92,91,1708826550.24
0.7,0,93,92,92,91,1708826550.24
0.7,0,90,89,87,86,1708826550.37
0.7,0,91,89,89,87,1708826550.42
0.7,-0.35,91,89,89,87,1708826550.67
0.7,-0.35,91,89,89,87,1708826550.72
0.7,-0.35,91,89,91,89,1708826550.8
0.7,0,91,89,91,89,1708826550.88
0.7,0,91,89,91,89,1708826550.92
0.7,0,103,78,96,76,1708826551.05
0.7,0,115,72,104,70,1708826551.14
0.7,-0.35,115,72,104,70,1708826551.24
0.7,-0.35,115,72,104,70,1708826551.33
0.7,-0.35,115,72,104,70,1708826551.43
0.7,-0.35,115,72,104,70,1708826551.61
0.7,-0.35,115,72,104,70,1708826551.67
0.7,-0.35,112,63,113,61,1708826551.76
0.7,0,112,63,113,61,1708826551.86
0.7,0,111,61,115,61,1708826551.95
0.7,0,111,61,115,61,1708826552.04
0.7,-0.22,104,97,100,96,1708826552.17
0.7,-0.35,104,97,100,96,1708826552.27
0.7,-0.35,99,96,96,96,1708826552.34
0.7,-0.35,99,96,96,96,1708826552.44
0.7,0,99,96,96,96,1708826552.55
0.7,0,99,96,96,96,1708826552.76
0.7,0,108,92,101,93,1708826552.81
0.7,0,108,92,101,93,1708826552.92
0.7,0,108,92,101,93,1708826552.99
0.7,0,108,92,101,93,1708826553.06
0.7,0,108,92,101,93,1708826553.18
0.7,0,108,92,101,93,1708826553.28
0.7,0,90,89,89,87,1708826553.37
0.7,0,90,89,89,87,1708826553.45
0.7,0,90,89,89,87,1708826553.59
0.7,0,90,89,89,87,1708826553.77
0.7,0,90,89,89,87,1708826553.83
0.7,0,92,90,90,89,1708826553.92
0.7,0,92,90,90,89,1708826553.99
0.7,0,91,90,89,89,1708826554.21
0.7,0.35,90,89,90,90,1708826554.27
0.7,0.35,90,89,90,90,1708826554.37
0.7,0,90,89,90,90,1708826554.37
0.7,0,92,90,90,89,1708826554.47
0.7,0,92,90,90,89,1708826554.74
0.7,0,92,90,90,89,1708826554.74
0.7,0,98,94,95,95,1708826554.79
0.7,0,98,94,95,95,1708826554.88
0.7,0,95,94,95,93,1708826555.07
0.7,0,95,94,95,93,1708826555.16
0.7,0,92,89,88,86,1708826555.23
0.7,0,92,89,88,86,1708826555.33
0.7,0,90,89,88,87,1708826555.38
0.7,0,90,89,88,87,1708826555.51
0.7,0,91,89,90,88,1708826555.67
0.7,0,91,89,90,88,1708826555.71
0.7,0,91,89,90,88,1708826555.83
0.7,0,90,89,89,87,1708826555.91
0.7,0,91,89,89,88,1708826556.03
0.7,0,91,89,89,88,1708826556.12
0.7,0,91,89,89,88,1708826556.21
0.7,0,91,89,90,88,1708826556.35
0.7,0,91,89,90,88,1708826556.52
0.7,0,91,89,90,88,1708826556.52
0.7,0,91,89,90,88,1708826556.69
0.7,0,91,89,90,88,1708826556.76
0.7,0,91,89,90,88,1708826556.87
0.7,0,91,89,90,88,1708826556.92
0.7,0,91,89,90,88,1708826557.08
0.7,0,91,89,90,88,1708826557.14
0.7,0,89,87,86,86,1708826557.22
0.7,0,89,87,86,86,1708826557.33
0.7,0,89,87,86,86,1708826557.42
0.7,0,88,86,86,86,1708826557.51
0.7,0,88,86,86,86,1708826557.67
0.7,0,88,86,86,86,1708826557.75
0.7,0,88,86,86,86,1708826557.83
0.7,0,88,86,86,86,1708826558.01
0.7,0,87,86,86,86,1708826558.16
0.7,0,87,86,86,86,1708826558.21
0.7,0,87,86,87,86,1708826558.27
0.7,0,88,86,88,85,1708826558.33
0.7,0,88,86,88,85,1708826558.45
0.7,0,88,86,88,85,1708826558.55
0.7,0,88,86,88,85,1708826558.67
0.7,0,88,86,88,85,1708826558.77
0.7,0,88,86,88,85,1708826558.84
0.7,0,90,86,83,88,1708826558.95
0.7,0,88,84,86,86,1708826559.12
0.7,0,88,84,86,86,1708826559.23
0.7,0,88,84,86,86,1708826559.29
0.7,0,88,84,86,86,1708826559.38
0.7,0,88,84,86,86,1708826559.46
0.7,0,89,88,88,87,1708826559.61
0.7,0,89,88,88,87,1708826559.67
0.7,0,89,88,88,87,1708826559.75
0.7,0,87,86,87,86,1708826559.86
0.7,0,87,86,87,86,1708826559.99
0.7,0.16,87,86,87,86,1708826560.09
0.7,0.35,87,86,87,86,1708826560.16
0.7,0.32,87,86,87,86,1708826560.27
0.7,0,83,93,83,93,1708826560.44
0.7,0,83,93,83,93,1708826560.48
0.7,0,83,93,83,93,1708826560.63
0.7,0,83,93,83,93,1708826560.68
0.7,0,83,93,83,93,1708826560.76
0.7,0,83,93,83,93,1708826560.93
0.7,0,93,92,92,92,1708826560.99
0.7,0,92,89,90,87,1708826561.11
0.7,0,93,90,91,89,1708826561.25
0.7,0,93,90,91,89,1708826561.31
0.7,0,93,90,91,89,1708826561.41
0.7,0,93,90,91,89,1708826561.49
0.7,0,90,89,88,89,1708826561.68
0.7,0,90,89,88,89,1708826561.72
0.7,0,90,89,90,87,1708826561.79
0.7,0,92,90,91,89,1708826561.91
0.7,0,92,90,91,89,1708826562.04
0.7,0,92,90,91,89,1708826562.09
0.7,0,90,89,90,87,1708826562.25
0.7,0,90,88,90,89,1708826562.43
0.7,0,90,88,90,89,1708826562.5
0.7,0,90,88,90,89,1708826562.63
0.7,0,90,88,90,89,1708826562.67
0.7,0,90,88,90,89,1708826562.81
0.7,0,90,88,90,89,1708826562.9
0.7,0,90,88,90,89,1708826562.95
0.7,0,87,86,85,87,1708826563.01
0.7,0,89,87,88,85,1708826563.12
0.7,0,89,87,88,85,1708826563.21
0.7,0,89,87,88,85,1708826563.29
0.7,0,89,87,88,85,1708826563.41
0.7,0,89,87,88,85,1708826563.52
0.7,0,88,86,86,87,1708826563.67
0.7,0,88,86,86,87,1708826563.73
0.7,0,89,86,87,87,1708826563.83
0.7,0,90,87,88,86,1708826564.02
0.7,0,90,87,88,86,1708826564.13
0.7,0,90,87,88,86,1708826564.13
0.7,0,90,87,88,86,1708826564.2
0.7,0,90,87,88,86,1708826564.32
0.7,0,90,87,88,86,1708826564.43
0.7,0,90,87,88,86,1708826564.53
0.7,0,90,87,88,86,1708826564.71
0.7,0,90,87,88,86,1708826564.76
0.7,0,88,87,87,85,1708826564.93
0.7,0,88,87,87,85,1708826564.98
0.7,0,88,87,87,85,1708826565.19
0.7,0,88,87,87,85,1708826565.19
0.7,0,89,87,89,86,1708826565.28
0.7,0,89,88,89,86,1708826565.4
0.7,0,89,88,89,86,1708826565.46
0.7,0,89,88,89,86,1708826565.53
0.7,0,89,88,89,86,1708826565.67
0.7,0,89,88,89,86,1708826565.77
0.7,0,89,88,89,86,1708826565.84
0.7,0,89,88,89,86,1708826565.94
0.7,0,90,87,89,87,1708826566.07
0.7,0,90,87,89,87,1708826566.18
0.7,0,90,87,89,87,1708826566.25
0.7,0.35,90,87,89,87,1708826566.42
0.7,0.35,90,87,89,87,1708826566.5
0.7,0,90,87,89,87,1708826566.57
0.7,0,79,96,79,95,1708826566.71
0.7,0,73,101,73,103,1708826566.76
0.7,0,73,101,73,103,1708826566.85
0.7,0,73,101,73,103,1708826566.95
0.7,0,73,101,73,103,1708826567.18
0.7,0,73,101,73,103,1708826567.24
0.7,0,73,101,73,103,1708826567.33
0.7,0,73,101,73,103,1708826567.42
0.7,0,73,101,73,103,1708826567.53
0.7,0,73,101,73,103,1708826567.7
0.7,0,73,101,73,103,1708826567.75
0.7,0,73,101,73,103,1708826567.81
0.7,0,73,101,73,103,1708826567.9
0.7,0,73,101,73,103,1708826568.04
0.7,0,73,101,73,103,1708826568.12
0.7,0,90,90,90,89,1708826568.22
0.7,0,90,90,90,89,1708826568.32
0.7,0,92,90,89,90,1708826568.42
0.7,0,92,90,89,90,1708826568.5
0.7,0,92,87,87,88,1708826568.63
0.7,0,92,87,87,88,1708826568.73
0.7,0,92,87,87,88,1708826568.83
0.7,0,89,87,87,87,1708826569.03
0.7,0,89,87,87,87,1708826569.08
0.7,0,88,87,86,86,1708826569.16
0.7,0,87,86,86,84,1708826569.25
0.7,0,87,86,86,84,1708826569.33
0.7,0,87,86,86,84,1708826569.43
0.7,0,87,86,86,84,1708826569.53
0.7,0,87,86,86,84,1708826569.67
0.7,0,87,86,86,84,1708826569.76
0.7,0,87,86,86,84,1708826569.84
0.7,0,87,86,86,84,1708826569.94
0.7,0,87,86,86,84,1708826570.05
0.7,0,88,87,87,85,1708826570.17
0.7,0,87,86,86,84,1708826570.27
0.7,0,86,86,86,83,1708826570.34
0.7,0,86,86,86,83,1708826570.44
0.7,0,87,86,85,86,1708826570.56
0.7,0,87,86,85,86,1708826570.71
0.7,0,87,86,85,86,1708826570.75
0.7,0,87,86,85,86,1708826570.85
0.7,0,87,86,85,86,1708826570.98
0.7,0,87,86,86,85,1708826571.11
0.7,0,88,87,86,87,1708826571.16
0.7,0,88,87,86,87,1708826571.28
0.7,0,88,87,86,87,1708826571.36
0.7,0,88,87,86,87,1708826571.51
0.7,0,88,87,86,87,1708826571.57
0.7,0,88,87,86,87,1708826571.73
0.7,0,88,87,86,87,1708826571.78
0.7,0,87,84,85,86,1708826571.86
0.7,0,87,86,85,86,1708826571.96
0.7,0,89,86,86,84,1708826572.1
0.7,0,89,86,86,84,1708826572.31
0.7,0,87,87,86,86,1708826572.42
0.7,0,87,87,86,86,1708826572.48
0.7,0,87,87,86,86,1708826572.67
0.7,0,87,87,86,86,1708826572.67
0.7,0,87,87,86,86,1708826572.72
0.7,0,87,87,86,86,1708826572.79
0.7,0,87,87,86,86,1708826572.9
0.7,0,87,87,86,86,1708826572.99
0.7,0,87,87,86,86,1708826573.18
0.7,0,87,87,86,86,1708826573.22
0.7,0,88,86,85,86,1708826573.3
0.7,0.35,88,86,85,86,1708826573.41
0.7,0.35,88,86,85,86,1708826573.51
0.7,0,88,88,88,86,1708826573.67
0.7,0,88,88,88,86,1708826573.73
0.7,0,88,88,88,86,1708826573.8
0.7,0,88,88,88,86,1708826573.91
0.7,0,88,88,88,86,1708826574.04
0.7,0,88,88,88,86,1708826574.11
0.7,0,93,91,93,90,1708826574.23
0.7,0,93,91,93,90,1708826574.31
0.7,0,93,91,93,90,1708826574.41
0.7,0,92,89,89,89,1708826574.52
0.7,0,90,89,87,88,1708826574.67
0.7,0,90,89,87,88,1708826574.72
0.7,0,90,89,87,88,1708826574.82
0.7,0,90,89,87,88,1708826574.97
0.7,0,90,89,87,88,1708826575.08
0.7,0,90,89,87,88,1708826575.13
0.7,0,89,88,87,87,1708826575.27
0.7,0,90,88,88,88,1708826575.38
0.7,0,90,88,88,88,1708826575.44
0.7,0,90,90,90,88,1708826575.56
0.7,0,90,90,90,88,1708826575.72
0.7,0,90,90,90,88,1708826575.77
0.7,0,90,90,90,88,1708826575.85
0.7,0,90,90,90,88,1708826575.95
0.7,0,90,90,90,88,1708826576.18
0.7,0,90,90,90,88,1708826576.18
0.7,0,90,90,90,88,1708826576.28
0.7,0.35,90,90,90,88,1708826576.37
0.7,0.35,90,90,90,88,1708826576.51
0.7,0,90,90,90,88,1708826576.66
0.7,0,90,90,90,88,1708826576.71
0.7,0,90,90,90,88,1708826576.84
0.7,0,80,103,80,97,1708826576.93
0.7,0,80,103,80,97,1708826577
0.7,0,92,90,90,89,1708826577.16
0.7,0,92,90,90,89,1708826577.23
0.7,0,92,90,90,89,1708826577.32
0.7,0,92,90,90,89,1708826577.41
0.7,0,92,90,90,89,1708826577.51
0.7,0,92,90,90,89,1708826577.68
0.7,0.35,92,90,90,89,1708826577.72
0.7,0.35,92,90,90,89,1708826577.81
0.7,0.35,92,90,90,89,1708826577.91
0.7,0,92,90,90,89,1708826578.07
0.7,0,92,90,90,89,1708826578.13
0.7,0,92,90,90,89,1708826578.21
0.7,0,92,90,90,89,1708826578.33
0.7,0,92,90,90,89,1708826578.42
0.7,0,101,95,96,95,1708826578.51
0.7,0,91,89,88,90,1708826578.67
0.7,0,91,89,88,90,1708826578.72
0.7,0,91,89,88,90,1708826578.87
0.7,0,91,89,88,90,1708826578.93
0.7,0,91,89,88,90,1708826579.04
0.7,0,91,89,88,90,1708826579.19
0.7,0,90,90,88,88,1708826579.29
0.7,0,90,90,88,88,1708826579.35
0.7,0,90,90,88,88,1708826579.44
0.7,0,90,90,88,88,1708826579.53
0.7,0,90,90,88,88,1708826579.67
0.7,0,90,90,88,88,1708826579.77
0.7,0,90,90,88,88,1708826579.88
0.7,0,90,90,88,88,1708826579.99
0.7,0,91,89,87,89,1708826580.11
0.7,0,91,89,87,89,1708826580.16
0.7,0,91,89,87,89,1708826580.29
0.7,0,90,89,90,87,1708826580.41
0.7,0.35,90,89,90,87,1708826580.47
0.7,0.35,89,86,89,86,1708826580.64
0.7,0,89,86,89,86,1708826580.74
0.7,0,89,86,89,86,1708826580.8
0.7,0,89,86,89,86,1708826580.95
0.7,0,89,86,89,86,1708826581.02
0.7,0,99,90,92,92,1708826581.14
0.7,0,99,90,92,92,1708826581.21
0.7,0,99,90,92,92,1708826581.36
0.7,0,90,88,86,86,1708826581.45
0.7,0,90,88,86,86,1708826581.53
0.7,0,90,88,86,86,1708826581.67
0.7,0,90,88,86,86,1708826581.76
0.7,0,90,88,86,86,1708826581.83
0.7,-0.35,90,88,86,86,1708826581.96
0.7,-0.3,91,88,88,87,1708826582.07
0.7,0,101,78,98,76,1708826582.18
0.7,0,101,78,98,76,1708826582.24
0.7,0,101,78,98,76,1708826582.39
0.7,0,101,78,98,76,1708826582.48
0.7,0,101,78,98,76,1708826582.56
0.7,0,101,78,98,76,1708826582.68
0.7,0,92,90,89,90,1708826582.77
0.7,0,92,90,89,90,1708826582.83
0.7,0,92,90,89,89,1708826582.98
0.7,0,91,90,91,89,1708826583.08
0.7,0,91,89,90,89,1708826583.19
0.7,0,91,89,90,89,1708826583.36
0.7,0,91,89,90,89,1708826583.41
0.7,0.35,91,89,90,89,1708826583.48
0.7,0.35,91,90,90,89,1708826583.54
0.7,0,91,90,90,89,1708826583.64
0.7,0,86,93,86,92,1708826583.73
0.7,0,86,93,86,92,1708826583.81
0.7,0,86,93,86,92,1708826583.94
0.7,0,86,93,86,92,1708826584.08
0.7,0,86,93,86,92,1708826584.15
0.7,0,86,93,86,92,1708826584.25
0.7,0,86,93,86,92,1708826584.33
0.7,0,90,89,90,87,1708826584.51
0.7,0,90,88,89,88,1708826584.66
0.7,0,90,88,89,88,1708826584.72
0.7,0,90,88,89,88,1708826584.79
0.7,0,90,88,89,88,1708826584.95
0.7,0,90,88,89,88,1708826584.99
0.7,0.35,90,88,90,87,1708826585.12
0.7,0.35,92,89,90,90,1708826585.25
0.7,0,92,89,90,90,1708826585.43
0.7,0,92,89,90,90,1708826585.43
0.7,0,92,89,90,90,1708826585.49
0.7,0,70,105,67,100,1708826585.59
0.7,0,70,105,67,100,1708826585.67
0.7,0,70,105,67,100,1708826585.75
0.7,0,93,92,93,92,1708826585.84
0.7,0,92,90,90,89,1708826585.96
0.7,0,90,88,87,87,1708826586.08
0.7,0,90,88,87,87,1708826586.23
0.7,0,90,88,87,87,1708826586.28
0.7,0,90,88,87,87,1708826586.37
0.7,0,90,88,87,87,1708826586.55
0.7,0,90,88,87,87,1708826586.68
0.7,0,90,88,87,87,1708826586.87
0.7,0,90,88,87,87,1708826586.95
0.7,0,90,88,87,87,1708826586.95
0.7,0,90,88,87,87,1708826587.01
0.7,0,92,89,91,89,1708826587.07
0.7,0,92,89,91,89,1708826587.21
0.7,0,92,90,89,89,1708826587.32
0.7,0.35,92,90,89,89,1708826587.44
0.7,0.35,92,90,89,89,1708826587.53
0.7,0,92,90,89,89,1708826587.71
0.7,0,92,90,89,89,1708826587.71
0.7,0,92,90,89,89,1708826587.79
0.7,0,92,90,89,89,1708826587.88
0.7,0,92,90,89,89,1708826588.07
0.7,0,92,90,89,89,1708826588.25
0.7,0,92,90,89,89,1708826588.29
0.7,0,92,90,91,90,1708826588.4
0.7,0,92,90,91,90,1708826588.45
0.7,0,92,90,91,90,1708826588.55
0.7,0,92,90,91,90,1708826588.68
0.7,0,90,89,88,87,1708826588.77
0.7,0,92,89,89,89,1708826588.87
0.7,0,92,89,89,89,1708826588.97
0.7,0,92,89,89,89,1708826589.09
0.7,0,92,89,89,89,1708826589.19
0.7,0,92,89,89,89,1708826589.27
0.7,0,92,89,89,89,1708826589.36
0.7,0,91,90,89,89,1708826589.49
0.7,0,92,89,89,90,1708826589.66
0.7,0,92,89,89,90,1708826589.73
0.7,0,88,87,88,87,1708826589.91
0.7,0,89,87,87,86,1708826589.96
0.7,0,87,86,86,84,1708826590.18
0.7,0,87,86,86,84,1708826590.18
0.7,0,87,86,86,84,1708826590.25
0.7,0,88,86,87,85,1708826590.4
0.7,0,88,86,87,85,1708826590.5
0.7,0,88,86,87,85,1708826590.55
0.7,0,90,87,87,87,1708826590.71
0.7,0,90,87,87,87,1708826590.76
0.7,0,88,86,86,86,1708826590.87
0.7,0,88,86,86,86,1708826590.96
0.7,0,89,86,85,86,1708826591.15
0.7,0,89,86,85,86,1708826591.19
0.7,0,89,86,87,86,1708826591.32
0.7,0,87,86,86,85,1708826591.43
0.7,0,87,86,86,85,1708826591.51
0.7,0,87,86,86,85,1708826591.57
0.7,0,87,86,86,85,1708826591.65
0.7,0,89,87,86,86,1708826591.75
0.7,0,89,87,86,86,1708826591.93
0.7,0,89,87,86,86,1708826591.97
0.7,0,89,87,86,86,1708826592.04
0.7,0,89,87,86,86,1708826592.19
0.7,0,89,87,86,86,1708826592.25
0.7,0,89,87,86,86,1708826592.32
0.7,0,87,86,86,85,1708826592.44
0.7,0,87,86,86,85,1708826592.55
0.7,0.28,89,87,87,86,1708826592.74
0.7,0.35,89,87,87,86,1708826592.79
0.7,0,88,87,86,86,1708826592.84
0.7,0,88,87,86,86,1708826592.96
0.7,0,88,87,86,86,1708826593.08
0.7,0,89,98,86,104,1708826593.23
0.7,0,98,95,95,94,1708826593.28
0.7,0,98,95,95,94,1708826593.41
0.7,0,98,95,95,94,1708826593.51
0.7,0,98,95,95,94,1708826593.59
0.7,0,98,95,95,94,1708826593.73
0.7,0,98,95,95,94,1708826593.81
0.7,0,98,95,95,94,1708826593.91
0.7,0,98,95,95,94,1708826594.04
0.7,0,98,95,95,94,1708826594.11
0.7,0,98,95,95,94,1708826594.23
0.7,0,92,90,87,89,1708826594.34
0.7,0,92,90,87,89,1708826594.46
0.7,0,92,90,87,89,1708826594.58
0.7,0,92,90,90,89,1708826594.71
0.7,0,92,90,90,89,1708826594.77
0.7,0,92,90,90,89,1708826594.84
0.7,0,92,90,90,89,1708826594.97
0.7,0.35,92,90,90,89,1708826595.09
0.7,0.35,88,86,88,87,1708826595.26
0.7,0,88,86,88,87,1708826595.3
0.7,0,88,86,88,87,1708826595.36
0.7,0,88,86,88,87,1708826595.46
0.7,0,88,86,88,87,1708826595.59
0.7,0,98,99,95,95,1708826595.81
0.7,0,98,99,95,95,1708826595.81
0.7,0,98,99,95,95,1708826595.99
0.7,0,98,99,95,95,1708826596.07
0.7,0,98,99,95,95,1708826596.13
0.7,0,98,99,95,95,1708826596.19
0.7,0,98,99,95,95,1708826596.31
0.7,0,98,99,95,95,1708826596.39
0.7,0,98,99,95,95,1708826596.48
0.7,0,93,90,90,89,1708826596.61
0.7,0,93,90,90,89,1708826596.76
0.7,0,93,90,90,89,1708826596.81
0.7,0,93,90,90,89,1708826596.89
0.7,0,90,88,87,88,1708826597.08
0.7,0,91,89,89,89,1708826597.17
0.7,0,91,89,89,89,1708826597.27
0.7,0,91,89,89,89,1708826597.39
0.7,0,91,89,89,89,1708826597.51
0.7,0,91,89,89,89,1708826597.57
0.7,0,91,89,89,89,1708826597.71
0.7,0,91,89,89,89,1708826597.79
0.7,0,91,89,89,89,1708826597.87
0.7,0,88,85,87,85,1708826598.08
0.7,0,88,85,87,85,1708826598.13
0.7,0,88,85,87,85,1708826598.28
0.7,0,87,86,85,85,1708826598.35
0.7,0,87,85,86,85,1708826598.44
0.7,0,87,85,86,85,1708826598.48
0.7,0,87,85,86,85,1708826598.55
0.7,0,87,85,86,85,1708826598.75
0.7,0,87,85,86,85,1708826598.79
0.7,0,88,87,87,86,1708826598.9
0.7,0,87,86,86,84,1708826599.09
0.7,0,87,86,86,84,1708826599.15
0.7,0,87,86,86,84,1708826599.21
0.7,0,87,86,86,84,1708826599.27
0.7,0,87,86,86,84,1708826599.38
0.7,0,87,86,86,84,1708826599.46
0.7,0,87,86,86,84,1708826599.59
0.7,0,87,86,86,84,1708826599.75
0.7,0,87,86,86,84,1708826599.79
0.7,0,87,86,86,84,1708826599.88
0.7,0,88,85,84,85,1708826599.99
0.7,0,88,85,84,85,1708826600.12
0.7,0,88,83,85,83,1708826600.26
0.7,0,89,87,87,86,1708826600.32
0.7,0,89,87,87,86,1708826600.37
0.7,0,89,87,87,86,1708826600.47
0.7,0,89,87,87,86,1708826600.6
0.7,0,89,86,88,87,1708826600.75
0.7,0,89,86,88,87,1708826600.79
0.7,0,89,86,88,87,1708826600.88
0.7,0,89,86,88,87,1708826601.06
0.7,0,89,86,88,87,1708826601.12
0.7,0,89,86,88,87,1708826601.2
0.7,0,88,86,86,85,1708826601.36
0.7,0,90,87,88,87,1708826601.41
0.7,0,90,87,88,87,1708826601.51
0.7,0,90,87,88,87,1708826601.59
0.7,0,90,87,88,87,1708826601.8
0.7,0,90,87,88,87,1708826601.85
0.7,0,87,84,85,86,1708826601.96
0.7,0,87,84,85,86,1708826602.19
0.7,0,87,84,85,86,1708826602.26
0.7,0,88,86,87,86,1708826602.36
0.7,0,89,87,86,86,1708826602.42
0.7,0,89,87,86,86,1708826602.5
0.7,0,89,87,86,86,1708826602.68
0.7,0,90,87,89,86,1708826602.74
0.7,0,90,87,89,86,1708826602.8
0.7,0,89,86,88,86,1708826602.87
0.7,0,89,86,88,86,1708826602.98
0.7,0,86,86,86,86,1708826603.11
0.7,0,86,86,86,86,1708826603.23
0.7,0,86,86,86,86,1708826603.29
0.7,0,89,86,86,85,1708826603.37
0.7,0,89,87,86,85,1708826603.49
0.7,0,89,87,86,85,1708826603.6
0.7,0,89,87,88,86,1708826603.75
0.7,0,88,86,87,84,1708826603.81
0.7,0,88,86,87,84,1708826603.89
0.7,0,88,86,87,84,1708826604.1
0.7,0,88,86,87,84,1708826604.1
0.7,0,88,86,87,84,1708826604.28
0.7,0,88,86,87,84,1708826604.34
0.7,0,88,86,87,84,1708826604.41
0.7,0,88,86,87,84,1708826604.55
0.7,0,88,86,87,84,1708826604.68
0.7,0,89,86,87,86,1708826604.74
0.7,0,89,86,87,86,1708826604.83
0.7,0,89,86,87,86,1708826604.93
0.7,0,87,87,87,87,1708826605.08
0.7,0,87,87,87,87,1708826605.14
0.7,0.35,87,87,87,87,1708826605.25
0.7,0.35,87,87,87,87,1708826605.46
0.7,0,87,87,87,87,1708826605.52
0.7,0,87,87,87,87,1708826605.6
0.7,0,87,87,87,87,1708826605.73
0.7,0,87,87,87,87,1708826605.79
0.7,0,87,87,87,87,1708826605.88
0.7,0,95,94,93,92,1708826605.97
0.7,0,95,94,93,92,1708826606.11
0.7,0,93,90,90,91,1708826606.25
0.7,0,93,90,90,91,1708826606.31
0.7,0,93,90,90,91,1708826606.39
0.7,0,93,90,90,91,1708826606.51
0.7,0,93,90,90,91,1708826606.59
0.7,0,93,90,90,91,1708826606.78
0.7,0,92,89,90,89,1708826606.83
0.7,0,92,89,90,89,1708826606.9
0.7,0,91,89,91,89,1708826607.09
0.7,0,91,89,91,89,1708826607.15
0.7,0,91,89,91,89,1708826607.3
0.7,0,91,89,91,89,1708826607.44
0.7,0,91,89,91,89,1708826607.52
0.7,0,89,88,89,87,1708826607.7
0.7,0,89,88,89,87,1708826607.7
0.7,0,89,88,89,87,1708826607.76
0.7,0,89,88,89,87,1708826607.83
0.7,0,89,88,89,87,1708826607.95
0.7,0,88,85,84,84,1708826608.09
0.7,0,87,86,84,83,1708826608.19
0.7,0,87,86,84,83,1708826608.31
0.7,0,87,86,84,83,1708826608.39
0.7,0,87,86,84,83,1708826608.52
0.7,0,87,86,84,83,1708826608.63
0.7,0,87,86,84,83,1708826608.78
0.7,0,87,86,84,83,1708826608.83
0.7,0,87,86,84,83,1708826608.91
0.7,0,87,86,84,83,1708826609.09
0.7,0,87,86,84,83,1708826609.17
0.7,0,87,86,84,83,1708826609.32
0.7,0,87,86,84,83,1708826609.38
0.7,0,87,86,84,83,1708826609.47
0.7,0,87,86,84,83,1708826609.57
0.7,0.35,90,88,88,87,1708826609.77
0.7,0.35,90,88,88,87,1708826609.81
0.7,0,90,88,88,87,1708826609.87
0.7,0,90,88,88,87,1708826610
0.7,0,90,88,88,87,1708826610.15
0.7,0,102,99,98,96,1708826610.29
0.7,0,102,99,98,96,1708826610.34
0.7,0,102,99,98,96,1708826610.4
0.7,0,102,99,98,96,1708826610.5
0.7,0,102,99,98,96,1708826610.6
0.7,0,102,99,98,96,1708826610.74
0.7,0,90,89,88,87,1708826610.84
0.7,0,90,89,88,87,1708826610.95
0.7,0,90,89,88,87,1708826611.07
0.7,0,90,89,88,87,1708826611.16
0.7,0,90,89,88,87,1708826611.33
0.7,0,90,89,88,87,1708826611.38
0.7,0,90,89,88,87,1708826611.51
0.7,0.34,92,89,89,87,1708826611.63
0.7,0.35,91,89,90,89,1708826611.81
0.7,0.35,86,94,86,92,1708826611.89
0.7,0.35,86,94,86,92,1708826612.01
0.7,0.35,86,94,86,92,1708826612.09
0.7,0.35,86,94,86,92,1708826612.15
0.7,0.35,86,94,86,92,1708826612.31
0.7,0.35,65,112,60,106,1708826612.39
0.7,0.35,65,112,60,106,1708826612.51
0.7,0.35,62,110,60,110,1708826612.63
0.7,0,61,109,59,109,1708826612.79
0.7,0,61,109,59,109,1708826612.85
0.7,0,61,109,59,109,1708826613.04
0.7,0,61,109,59,109,1708826613.13
0.7,0,98,96,98,92,1708826613.24
0.7,-0.35,98,96,98,92,1708826613.36
0.7,-0.35,98,96,98,92,1708826613.51
0.7,-0.16,98,96,98,92,1708826613.56
0.7,0,101,77,99,77,1708826613.62
0.7,0,101,77,99,77,1708826613.76
0.7,0,101,77,99,77,1708826613.89
0.7,0,102,92,96,90,1708826613.97
0.7,0,96,95,95,93,1708826614.05
0.7,0,96,95,95,93,1708826614.14
0.7,0,96,95,95,93,1708826614.31
0.7,0,96,95,95,93,1708826614.35
0.7,0,91,89,90,90,1708826614.43
0.7,0,91,89,90,90,1708826614.55
0.7,0,91,89,90,90,1708826614.64
0.7,0,91,90,90,89,1708826614.8
0.7,0,91,90,90,89,1708826614.85
0.7,0,91,90,90,89,1708826614.95
0.7,0,90,89,88,87,1708826615.07
0.7,-0.08,90,89,88,87,1708826615.24
0.7,-0.35,90,89,88,87,1708826615.38
0.7,-0.35,90,89,88,87,1708826615.38
0.7,-0.35,90,89,88,87,1708826615.47
0.7,-0.35,90,89,88,87,1708826615.61
0.7,0,90,89,88,87,1708826615.67
0.7,0,90,89,88,87,1708826615.83
0.7,0,116,72,107,70,1708826615.91
0.7,0,116,72,107,70,1708826616.04
0.7,0,116,72,107,70,1708826616.15
0.7,0,97,95,95,94,1708826616.29
0.7,0,92,90,90,90,1708826616.34
0.7,0,92,90,90,90,1708826616.47
0.7,0,92,90,90,90,1708826616.56
0.7,0,92,90,90,90,1708826616.64
0.7,0,92,89,89,87,1708826616.88
0.7,0,92,89,89,87,1708826616.88
0.7,0,90,89,88,88,1708826616.97
0.7,-0.35,91,86,87,86,1708826617.12
0.7,-0.35,91,86,87,86,1708826617.34
0.7,-0.35,91,86,87,86,1708826617.34
0.7,0,91,86,87,86,1708826617.4
0.7,0,103,75,99,74,1708826617.49
0.7,0,103,75,99,74,1708826617.6
0.7,0,111,67,104,66,1708826617.8
0.7,0,111,67,104,66,1708826617.85
0.7,0,102,96,96,96,1708826617.92
0.7,0,102,96,96,96,1708826618.11
0.7,0,102,96,96,96,1708826618.16
0.7,0,102,96,96,96,1708826618.23
0.7,0,92,87,85,90,1708826618.39
0.7,0,90,89,91,89,1708826618.48
0.7,0,89,89,93,85,1708826618.62
0.7,0,89,89,93,85,1708826618.78
0.7,0,90,88,86,86,1708826618.84
0.7,0,90,88,86,86,1708826618.92
0.7,0,90,88,86,86,1708826619.08
0.7,-0.27,90,88,86,86,1708826619.12
0.7,-0.35,90,88,86,86,1708826619.28
0.7,-0.35,92,87,90,84,1708826619.33
0.7,0,92,87,90,84,1708826619.43
0.7,0,92,87,90,84,1708826619.54
0.7,0,111,76,103,73,1708826619.67
0.7,0,111,76,103,73,1708826619.91
0.7,0,95,93,93,93,1708826619.96
0.7,0,95,93,93,93,1708826620.04
0.7,0,94,92,92,92,1708826620.08
0.7,0,94,92,92,92,1708826620.32
0.7,0,94,92,92,92,1708826620.32
0.7,0,90,90,90,88,1708826620.47
0.7,0,90,90,89,88,1708826620.51
0.7,0,90,90,89,88,1708826620.61
0.7,0,90,90,89,88,1708826620.77
0.7,0,90,90,89,88,1708826620.84
0.7,0,90,90,89,88,1708826620.95
0.7,0,90,90,90,89,1708826621.16
0.7,0,90,90,90,89,1708826621.16
0.7,0,91,89,89,88,1708826621.33
0.7,0,92,89,87,89,1708826621.47
0.7,0,92,89,87,89,1708826621.56
0.7,0,91,87,88,87,1708826621.76
0.7,0,91,87,88,87,1708826621.83
0.7,0,91,87,88,87,1708826621.91
0.7,0,89,85,87,86,1708826622.07
0.7,0,89,85,87,86,1708826622.15
0.7,0,87,85,86,86,1708826622.27
0.7,0,87,85,86,86,1708826622.37
0.7,0,88,87,87,87,1708826622.45
0.7,0,88,87,87,87,1708826622.55
0.7,0,88,87,87,87,1708826622.64
0.7,0,88,87,87,87,1708826622.8
0.7,0,87,87,86,86,1708826622.9
0.7,0,87,87,86,86,1708826623.06
0.7,0,89,87,86,85,1708826623.13
0.7,0,89,86,87,86,1708826623.29
0.7,0,89,86,87,86,1708826623.33
0.7,0,89,86,87,86,1708826623.46
0.7,0,87,86,85,85,1708826623.56
0.7,0,87,86,85,85,1708826623.76
0.7,0,87,86,85,85,1708826623.83
0.7,0,87,86,85,85,1708826623.91
0.7,0,88,86,87,86,1708826624.07
0.7,0,88,86,87,86,1708826624.19
0.7,0,86,87,84,84,1708826624.36
0.7,0,88,87,87,86,1708826624.4
0.7,0,88,87,87,86,1708826624.51
0.7,0,88,87,87,86,1708826624.58
0.7,0,89,84,82,87,1708826624.68
0.7,0,90,88,89,87,1708826624.84
0.7,0,90,88,89,87,1708826624.93
0.7,0,90,88,89,87,1708826624.99
0.7,0,90,88,89,87,1708826625.08
0.7,0.23,90,88,89,87,1708826625.17
0.7,0.35,86,86,90,83,1708826625.3
0.7,0.35,86,86,90,83,1708826625.4
0.7,0.35,81,92,81,87,1708826625.49
0.7,0.35,81,92,81,87,1708826625.59
0.7,0.35,67,110,61,101,1708826625.8
0.7,0.11,67,110,61,101,1708826625.87
0.7,0,67,110,61,101,1708826625.97
0.7,0,67,110,61,101,1708826626.11
0.7,0,91,92,87,100,1708826626.25
0.7,0,91,92,87,100,1708826626.31
0.7,0,101,93,93,92,1708826626.39
0.7,0,92,92,90,91,1708826626.51
0.7,0,92,92,90,91,1708826626.63
0.7,0,92,92,90,91,1708826626.78
0.7,0,92,92,90,91,1708826626.82
0.7,0,92,92,90,91,1708826626.9
0.7,0,92,92,90,91,1708826627.14
0.7,0,91,89,89,89,1708826627.3
0.7,0,91,89,89,89,1708826627.36
0.7,0,91,89,89,89,1708826627.45
0.7,0,91,89,89,89,1708826627.51
0.7,0,91,89,89,89,1708826627.68
0.7,0,91,89,89,89,1708826627.84
0.7,0,91,89,89,89,1708826627.88
0.7,-0.35,91,89,89,89,1708826627.99
0.7,-0.35,91,89,89,89,1708826628.26
0.7,0,91,89,89,89,1708826628.26
0.7,0,91,89,89,89,1708826628.33
0.7,0,101,74,97,73,1708826628.39
0.7,0,101,74,95,74,1708826628.44
0.7,0,101,74,95,74,1708826628.57
0.7,0,104,93,101,90,1708826628.66
0.7,0,104,93,101,90,1708826628.79
0.7,0,104,93,101,90,1708826628.95
0.7,0,104,93,101,90,1708826629
0.7,0,104,93,101,90,1708826629.14
0.7,0,91,89,89,89,1708826629.3
0.7,0,92,89,90,89,1708826629.46
0.7,0,91,89,90,89,1708826629.55
0.7,0,91,89,90,89,1708826629.63
0.7,0,91,89,90,89,1708826629.67
0.7,0,90,89,89,88,1708826629.84
0.7,0,90,89,89,88,1708826629.89
0.7,0,90,89,89,88,1708826630.04
0.7,0,90,89,89,88,1708826630.15
0.7,0,92,90,91,89,1708826630.36
0.7,0,92,90,91,89,1708826630.36
0.7,0.35,90,89,88,88,1708826630.55
0.7,0.35,90,89,88,88,1708826630.67
0.7,0,90,89,88,88,1708826630.84
0.7,0,90,89,88,88,1708826630.89
0.7,0,72,104,71,100,1708826630.95
0.7,0,72,104,71,100,1708826631.19
0.7,0,72,104,71,100,1708826631.25
0.7,0,72,104,71,100,1708826631.32
0.7,0,72,104,71,100,1708826631.51
0.7,0,91,90,90,89,1708826631.58
0.7,0,91,90,90,89,1708826631.63
0.7,0,89,89,89,87,1708826631.8
0.7,0,92,87,86,91,1708826631.87
0.7,0,92,87,86,91,1708826631.94
0.7,0,92,87,86,91,1708826632.13
0.7,0,92,87,86,91,1708826632.2
0.7,0,90,87,87,87,1708826632.4
0.7,0,90,87,87,87,1708826632.51
0.7,0,91,89,92,89,1708826632.6
0.7,0,91,89,92,89,1708826632.69
0.7,0,91,89,92,89,1708826632.85
0.7,0,91,89,92,89,1708826632.92
0.7,0,91,89,92,89,1708826633
0.7,0,91,89,92,89,1708826633.08
0.7,0,91,89,92,89,1708826633.3
0.7,0,89,84,86,86,1708826633.38
0.7,0,89,84,86,86,1708826633.47
0.7,0,89,86,88,86,1708826633.7
0.7,0,89,86,88,86,1708826633.87
0.7,0,89,86,88,86,1708826633.95
0.7,0,89,86,88,86,1708826634.02
0.7,0,90,86,83,83,1708826634.16
0.7,0,89,87,88,86,1708826634.37
0.7,0,89,87,88,86,1708826634.52
0.7,0,89,87,88,86,1708826634.57
0.7,0,89,87,88,86,1708826634.68
0.7,0,89,87,88,86,1708826634.84
0.7,0,89,87,88,86,1708826634.89
0.7,0,89,87,88,86,1708826634.99
0.7,0,89,87,88,86,1708826635.11
0.7,0,89,87,88,86,1708826635.16
0.7,0,87,84,84,83,1708826635.23
0.7,0,87,84,84,83,1708826635.29
0.7,0,87,86,86,87,1708826635.43
0.7,0,87,86,86,87,1708826635.57
0.7,0,89,88,88,87,1708826635.62
0.7,0,89,88,88,87,1708826635.7
0.7,0,89,88,88,87,1708826635.91
0.7,0,89,88,88,87,1708826635.97
0.7,0,89,88,88,87,1708826636.08
0.7,0,89,88,88,87,1708826636.21
0.7,0,90,87,88,87,1708826636.39
0.7,0,89,86,86,86,1708826636.51
0.7,0,89,86,86,86,1708826636.69
0.7,0,89,86,86,86,1708826636.76
0.7,0,89,86,86,86,1708826636.82
0.7,0,88,85,86,85,1708826636.92
0.7,0,89,88,88,87,1708826637.09
0.7,0.35,89,88,88,87,1708826637.2
0.7,0.35,89,88,88,87,1708826637.36
0.7,0.35,78,96,78,98,1708826637.51
0.7,0.35,78,96,78,98,1708826637.55
0.7,0.35,78,96,78,98,1708826637.67
0.7,0.35,78,96,78,98,1708826637.81
0.7,0.35,78,96,78,98,1708826637.91
0.7,0.35,78,96,78,98,1708826637.97
0.7,0.35,78,96,78,98,1708826638.11
0.7,0.35,78,96,78,98,1708826638.23
0.7,0,64,112,58,110,1708826638.4
0.7,0,64,112,58,110,1708826638.45
0.7,0,64,112,58,110,1708826638.64
0.7,0,64,112,58,110,1708826638.84
0.7,-0.35,64,112,58,110,1708826638.96
0.7,-0.35,64,112,58,110,1708826639.01
0.7,-0.35,64,112,58,110,1708826639.08
0.7,0,96,85,94,85,1708826639.32
0.7,0,96,85,94,85,1708826639.32
0.7,0,112,63,112,61,1708826639.45
0.7,0,108,85,101,83,1708826639.57
0.7,0,108,85,101,83,1708826639.7
0.7,0,91,90,92,90,1708826639.84
0.7,0,91,90,92,90,1708826639.88
0.7,0,92,89,90,89,1708826639.97
0.7,0,92,89,90,89,1708826640.13
0.7,0,92,89,87,89,1708826640.39
0.7,0,92,89,87,89,1708826640.39
0.7,0,92,89,87,89,1708826640.51
0.7,0,92,89,87,89,1708826640.57
0.7,-0.35,91,89,90,90,1708826640.82
0.7,-0.35,91,89,90,90,1708826640.87
0.7,-0.35,91,89,90,90,1708826640.93
0.7,0,91,89,90,90,1708826641
0.7,0,91,89,90,90,1708826641.08
0.7,0,103,73,106,74,1708826641.21
0.7,0,103,73,106,74,1708826641.29
0.7,0,103,73,106,74,1708826641.37
0.7,0,98,98,96,96,1708826641.62
0.7,0,98,98,96,96,1708826641.69
0.7,0,98,98,96,96,1708826641.86
0.7,0,98,98,96,96,1708826641.96
0.7,0,98,98,96,96,1708826642.09
0.7,0,98,98,96,96,1708826642.24
0.7,0,90,89,89,87,1708826642.42
0.7,-0.35,91,89,90,89,1708826642.69
0.7,0,91,89,90,89,1708826642.75
0.7,0,91,89,88,88,1708826642.84
0.7,0,96,84,93,83,1708826642.98
0.7,0,96,84,93,83,1708826643.11
0.7,0,96,84,93,83,1708826643.19
0.7,0,95,92,93,93,1708826643.33
0.7,0,95,92,93,93,1708826643.43
0.7,0,95,92,93,93,1708826643.57
0.7,0,91,89,89,87,1708826643.67
0.7,0,91,89,89,87,1708826643.83
0.7,0,93,90,91,90,1708826643.97
0.7,0,93,90,91,90,1708826644.2
0.7,0,93,90,91,90,1708826644.28
0.7,0,93,90,91,90,1708826644.34
0.7,0,93,90,91,90,1708826644.49
0.7,0,93,90,91,90,1708826644.6
0.7,0,93,90,91,90,1708826644.68
0.7,0,92,89,89,88,1708826644.87
0.7,0,92,89,89,88,1708826644.92
0.7,0,91,90,90,89,1708826645.09
0.7,0,91,90,90,89,1708826645.19
0.7,0,91,90,90,89,1708826645.32
0.7,0,91,90,90,89,1708826645.37
0.7,0,90,89,87,87,1708826645.51
0.7,0,90,89,87,87,1708826645.65
0.7,0,90,89,87,87,1708826645.75
0.7,0,88,87,89,84,1708826645.92
0.7,0,88,87,89,84,1708826646
0.7,0,88,87,89,84,1708826646.11
0.7,0,88,86,86,86,1708826646.23
0.7,0,89,89,87,86,1708826646.37
0.7,0,89,89,87,86,1708826646.45
0.7,0,89,87,88,86,1708826646.54
0.7,0,89,87,88,86,1708826646.67
0.7,0,89,86,85,84,1708826646.8
0.7,0,89,86,85,84,1708826646.96
0.7,0,89,87,88,86,1708826647.12
0.7,0,89,87,88,86,1708826647.12
0.7,0,89,87,88,86,1708826647.35
0.7,0,89,87,88,86,1708826647.39
0.7,0,89,87,88,86,1708826647.48
0.7,0,89,87,88,86,1708826647.6
0.7,0,88,87,87,86,1708826647.71
0.7,0,88,87,87,86,1708826647.85
0.7,0,88,87,87,86,1708826647.93
0.7,0,88,87,87,86,1708826648.1
0.7,0,88,87,87,86,1708826648.2
0.7,0,88,87,87,86,1708826648.29
0.7,0,87,89,87,86,1708826648.43
0.7,0,87,89,87,86,1708826648.57
0.7,0,90,88,89,87,1708826648.69
0.7,0,90,88,89,87,1708826648.84
0.7,0,90,88,89,87,1708826648.88
0.7,0.35,89,87,86,87,1708826649.09
0.7,0.35,89,87,86,87,1708826649.33
0.7,0,89,87,86,87,1708826649.39
0.7,0,89,87,86,87,1708826649.48
0.7,0,89,87,86,87,1708826649.65
0.7,0,98,96,96,95,1708826649.71
0.7,0,96,95,96,94,1708826649.86
0.7,0,96,95,96,94,1708826649.93
0.7,0,96,95,96,94,1708826650.09
0.7,0,96,95,96,94,1708826650.26
0.7,0,90,90,87,88,1708826650.4
0.7,0,90,90,87,88,1708826650.45
0.7,0,90,90,87,88,1708826650.55
0.7,0,92,88,90,89,1708826650.71
0.7,0,92,88,90,89,1708826650.87
0.7,0,92,88,90,89,1708826650.92
0.7,0,92,88,90,89,1708826651.06
0.7,0,92,88,90,89,1708826651.16
0.7,0,91,89,89,87,1708826651.29
0.7,0,91,89,89,87,1708826651.44
0.7,0,91,89,89,87,1708826651.69
0.7,0,90,89,90,89,1708826651.85
0.7,0,90,88,89,86,1708826651.97
0.7,0,90,88,89,86,1708826652.12
0.7,0,89,86,86,87,1708826652.25
0.7,0,89,86,86,87,1708826652.34
0.7,0,89,86,86,87,1708826652.39
0.7,0,89,86,86,87,1708826652.47
0.7,0,89,86,86,87,1708826652.59
0.7,0,89,86,86,87,1708826652.68
0.7,0,89,86,86,87,1708826652.77
0.7,0,89,86,86,87,1708826652.93
0.7,0,89,86,86,87,1708826653.08
0.7,0.35,90,88,87,88,1708826653.2
0.7,0.35,89,87,89,86,1708826653.3
0.7,0,89,89,87,88,1708826653.46
0.7,0,89,89,87,88,1708826653.56
0.7,0,90,101,84,101,1708826653.65
0.7,0,101,98,98,98,1708826653.75
0.7,0,101,98,98,98,1708826653.91
0.7,0,101,98,98,98,1708826654.07
0.7,0,92,91,92,91,1708826654.17
0.7,0,92,91,92,91,1708826654.28
0.7,0,90,89,88,87,1708826654.45
0.7,0,90,89,88,87,1708826654.5
0.7,0,90,89,88,87,1708826654.63
0.7,0,90,89,88,87,1708826654.73
0.7,0,90,89,88,87,1708826654.88
0.7,0,90,89,88,87,1708826655.11
0.7,0,90,89,88,87,1708826655.22
0.7,0,92,89,91,89,1708826655.39
0.7,0,92,89,91,89,1708826655.51
0.7,0,92,89,91,89,1708826655.57
0.7,0,92,89,91,89,1708826655.7
0.7,0.35,90,89,88,88,1708826655.79
0.7,0,90,89,88,88,1708826656.01
0.7,0,76,98,76,100,1708826656.13
0.7,0,76,98,76,100,1708826656.2
0.7,0,76,98,76,100,1708826656.36
0.7,0,76,98,76,100,1708826656.5
0.7,0,76,98,76,100,1708826656.56
0.7,0,76,98,76,100,1708826656.63
0.7,0,92,89,90,89,1708826656.79
0.7,0,92,89,90,89,1708826656.92
0.7,0,88,89,87,86,1708826657.03
0.7,0,92,89,89,89,1708826657.16
0.7,0,91,88,89,88,1708826657.27
0.7,0,91,88,89,88,1708826657.48
0.7,0,90,89,89,87,1708826657.62
0.7,0,90,89,89,87,1708826657.72
0.7,0,92,90,89,89,1708826657.78
0.7,0,92,90,89,89,1708826657.99
0.7,0,92,90,90,89,1708826658.04
0.7,0,92,90,90,89,1708826658.17
0.7,0,92,90,90,89,1708826658.27
0.7,0,92,90,90,89,1708826658.51
0.7,0,92,90,90,89,1708826658.51
0.7,0,92,90,90,89,1708826658.67
0.7,0,92,90,90,89,1708826658.73
0.7,0,88,86,87,84,1708826658.79
0.7,0.35,89,87,87,87,1708826658.94
0.7,0.35,89,87,87,87,1708826659.05
0.7,0,89,87,87,87,1708826659.11
0.7,0,89,87,87,87,1708826659.22
0.7,0,89,87,87,87,1708826659.4
0.7,0,89,87,87,87,1708826659.47
0.7,0,96,95,96,93,1708826659.6
0.7,0,96,95,96,93,1708826659.72
0.7,0,92,89,90,89,1708826659.86
0.7,0,92,89,90,89,1708826659.99
0.7,0,92,89,90,89,1708826660.12
0.7,0,92,89,90,89,1708826660.23
0.7,0,92,89,90,89,1708826660.34
0.7,0,92,89,90,89,1708826660.54
0.7,0,92,89,90,89,1708826660.6
0.7,0,92,89,90,89,1708826660.7
0.7,0,92,89,90,89,1708826660.81
0.7,0,92,89,90,89,1708826661.01
0.7,0,90,88,88,87,1708826661.2
0.7,0,90,88,88,87,1708826661.2
0.7,0,90,88,88,87,1708826661.27
0.7,0.35,92,86,89,90,1708826661.4
0.7,0,90,89,89,87,1708826661.51
0.7,0,90,89,89,87,1708826661.67
0.7,0,81,98,80,96,1708826661.76
0.7,0,81,98,80,96,1708826661.91
0.7,0,81,98,80,96,1708826662.01
0.7,0,81,98,80,96,1708826662.07
0.7,0,81,98,80,96,1708826662.39
0.7,0,81,98,80,96,1708826662.43
0.7,0,91,89,86,89,1708826662.51
0.7,0,91,89,86,89,1708826662.56
0.7,0,90,87,90,87,1708826662.68
0.7,0,90,87,90,87,1708826662.78
0.7,0,90,90,90,89,1708826662.93
0.7,0,90,90,90,89,1708826663.08
0.7,0.35,90,89,87,88,1708826663.15
0.7,0,90,89,87,88,1708826663.27
0.7,0,79,98,78,95,1708826663.43
0.7,0,79,98,78,95,1708826663.53
0.7,0,79,98,78,95,1708826663.65
0.7,0,79,98,78,95,1708826663.77
0.7,0,79,98,78,95,1708826663.91
0.7,0,79,98,78,95,1708826664.03
0.7,0,90,89,90,89,1708826664.15
0.7,0,90,89,90,89,1708826664.21
0.7,0,90,89,90,88,1708826664.42
0.7,0,90,89,90,88,1708826664.48
0.7,0,90,89,90,88,1708826664.58
0.7,0,90,89,90,88,1708826664.71
0.7,0.35,91,90,91,90,1708826664.87
0.7,0.35,91,90,91,90,1708826664.93
0.7,0,91,90,91,90,1708826665.17
0.7,0,91,90,91,90,1708826665.25
0.7,0,91,90,91,90,1708826665.32
0.7,0,91,90,91,90,1708826665.43
0.7,0,91,90,91,90,1708826665.54
0.7,0,91,90,91,90,1708826665.61
0.7,0,91,90,91,90,1708826665.67
0.7,0,91,90,91,90,1708826665.79
0.7,0,91,90,91,90,1708826665.99
0.7,0,91,90,91,90,1708826665.99
0.7,0,91,90,91,90,1708826666.23
0.7,0,91,90,91,90,1708826666.23
0.7,0,91,90,91,90,1708826666.31
0.7,0,90,90,89,89,1708826666.47
0.7,0,90,90,89,89,1708826666.57
0.7,0,90,89,89,89,1708826666.65
0.7,0,92,89,90,89,1708826666.76
0.7,0,92,89,90,89,1708826666.92
0.7,0,92,90,90,90,1708826667.11
0.7,0,90,88,88,89,1708826667.2
0.7,0,91,88,89,87,1708826667.31
0.7,0,91,88,89,87,1708826667.46
0.7,0.35,87,86,87,84,1708826667.51
0.7,0.35,87,86,87,84,1708826667.64
0.7,0,85,90,84,89,1708826667.78
0.7,0,85,90,84,89,1708826667.96
0.7,0,85,90,84,89,1708826667.96
0.7,0,85,90,84,89,1708826668.1
0.7,0,104,98,99,98,1708826668.21
0.7,0,104,98,99,98,1708826668.28
0.7,0,93,93,92,90,1708826668.44
0.7,0,91,88,87,88,1708826668.55
0.7,0,91,88,87,88,1708826668.71
0.7,0,89,90,91,85,1708826668.82
0.7,0,89,89,89,87,1708826668.95
0.7,0,89,89,89,87,1708826669.05
0.7,0,89,89,89,87,1708826669.16
0.7,0,89,89,89,87,1708826669.23
0.7,0,91,90,89,89,1708826669.4
0.7,0,91,90,89,89,1708826669.49
0.7,0,91,90,90,89,1708826669.6
0.7,0,91,90,90,89,1708826669.71
0.7,0,91,90,90,89,1708826669.92
0.7,0,91,90,90,89,1708826669.96
0.7,0,90,89,89,89,1708826670.08
0.7,0,90,89,89,89,1708826670.23
0.7,0,89,88,88,87,1708826670.36
0.7,0,89,88,88,87,1708826670.47
0.7,0,89,88,88,87,1708826670.57
0.7,0.35,89,88,88,87,1708826670.65
0.7,0.35,88,87,87,86,1708826670.79
0.7,0,85,90,84,89,1708826670.95
0.7,0,85,90,84,89,1708826671.05
0.7,0,96,100,91,100,1708826671.17
0.7,0,101,100,100,98,1708826671.3
0.7,0,101,100,100,98,1708826671.4
0.7,0,101,100,100,98,1708826671.54
0.7,0,101,100,100,98,1708826671.68
0.7,0,101,100,100,98,1708826671.75
0.7,0,101,100,100,98,1708826671.92
0.7,0,101,100,100,98,1708826671.99
0.7,0,91,89,90,89,1708826672.11
0.7,0,90,90,90,88,1708826672.24
0.7,-0.35,90,90,90,88,1708826672.43
0.7,0,90,90,90,88,1708826672.48
0.7,0,98,81,93,80,1708826672.65
0.7,0,98,81,93,80,1708826672.76
0.7,0,98,81,93,80,1708826672.91
0.7,0,98,81,93,80,1708826672.97
0.7,0,93,92,93,90,1708826673.11
0.7,0,93,92,93,90,1708826673.21
0.7,0,93,92,93,90,1708826673.32
0.7,0,93,92,93,90,1708826673.52
0.7,0,93,92,93,90,1708826673.59
0.7,0.35,93,92,93,90,1708826673.71
0.7,0.35,92,89,87,89,1708826673.91
0.7,0,92,89,87,89,1708826673.99
0.7,0,92,89,87,89,1708826674.24
0.7,0,92,89,87,89,1708826674.29
0.7,0,92,89,87,89,1708826674.44
0.7,0,100,96,97,96,1708826674.55
0.7,0,93,91,91,92,1708826674.71
0.7,0,93,91,91,92,1708826674.81
0.7,0,90,90,92,88,1708826674.97
0.7,0,90,90,92,88,1708826675.12
0.7,0,90,90,92,88,1708826675.19
0.7,-0.35,90,90,92,88,1708826675.27
0.7,0,90,90,92,88,1708826675.43
0.7,0,100,80,100,80,1708826675.56
0.7,0,100,80,100,80,1708826675.62
0.7,0,98,96,96,95,1708826675.75
0.7,0,98,96,96,95,1708826675.9
0.7,0,98,96,96,95,1708826676.04
0.7,0,98,96,96,95,1708826676.17
0.7,0,92,89,91,89,1708826676.31
0.7,0,92,89,91,89,1708826676.5
0.7,0,91,90,90,89,1708826676.68
0.7,0,91,90,90,89,1708826676.8
0.7,0,91,90,90,89,1708826676.85
0.7,0,91,90,90,89,1708826677.01
0.7,0,91,90,90,89,1708826677.2
0.7,0,91,90,90,89,1708826677.25
0.7,0,91,90,90,89,1708826677.38
0.7,0,91,90,90,89,1708826677.51
0.7,0,91,90,90,89,1708826677.62
0.7,0,91,90,90,89,1708826677.7
0.7,0,91,90,90,89,1708826677.8
0.7,0,89,87,87,87,1708826677.96
0.7,0,88,87,86,86,1708826678.18
0.7,0,89,87,87,85,1708826678.27
0.7,0,89,87,87,85,1708826678.31
0.7,0.35,89,87,87,85,1708826678.42
0.7,0.35,89,87,87,85,1708826678.58
0.7,0,85,93,84,92,1708826678.71
0.7,0,85,93,84,92,1708826678.8
0.7,0,99,101,96,101,1708826678.95
0.7,0,101,98,100,98,1708826679.32
0.7,0,92,92,92,90,1708826679.49
0.7,0,92,92,92,90,1708826679.62
0.7,0,92,92,92,90,1708826679.73
0.7,0,91,90,89,88,1708826679.81
0.7,0,91,90,89,88,1708826679.97
0.7,0,90,90,89,89,1708826680.12
0.7,0,90,90,90,87,1708826680.25
0.7,0,90,90,90,87,1708826680.33
0.7,0,90,90,90,87,1708826680.51
0.7,0,90,90,90,87,1708826680.6
0.7,0,90,90,90,87,1708826680.68
0.7,0,90,91,89,89,1708826680.79
0.7,0,92,90,90,89,1708826680.89
0.7,0,92,90,90,89,1708826681.09
0.7,0,92,90,90,89,1708826681.17
0.7,0,90,89,87,87,1708826681.27
0.7,0,89,89,87,87,1708826681.4
0.7,0,89,89,87,87,1708826681.57
0.7,0,89,89,87,87,1708826681.67
0.7,0,89,89,87,87,1708826681.76
0.7,0,88,87,86,85,1708826681.99
0.7,0,88,87,86,85,1708826682.04
0.7,0,88,87,87,86,1708826682.15
0.7,0,88,87,87,86,1708826682.31
0.7,0,88,86,87,86,1708826682.37
0.7,0,88,86,87,86,1708826682.53
0.7,0,87,87,86,86,1708826682.68
0.7,0,87,87,86,86,1708826682.85
0.7,0,87,87,86,86,1708826682.89
0.7,0,87,87,86,86,1708826683.07
0.7,0,87,87,86,86,1708826683.19
0.7,0,87,87,86,86,1708826683.25
0.7,0,87,87,86,86,1708826683.35
0.7,0,87,87,86,86,1708826683.47
0.7,0.35,87,87,86,86,1708826683.53
0.7,0.26,87,87,86,86,1708826683.62
0.7,0,87,87,86,86,1708826683.78
0.7,0,87,87,86,86,1708826683.94
0.7,0,91,99,85,102,1708826684.02
0.7,0,91,99,85,102,1708826684.15
0.7,0,91,99,85,102,1708826684.23
0.7,0,97,96,96,94,1708826684.34
0.7,0,97,96,96,94,1708826684.52
0.7,0,97,96,96,94,1708826684.64
0.7,0,97,96,96,94,1708826684.77
0.7,0,90,89,89,88,1708826684.82
0.7,0,90,89,89,88,1708826684.99
0.7,0,93,89,91,90,1708826685.15
0.7,0,93,89,91,90,1708826685.28
0.7,0,93,89,91,90,1708826685.37
0.7,0,93,89,91,90,1708826685.56
0.7,0,93,89,91,90,1708826685.61
0.7,0,93,89,91,90,1708826685.71
0.7,0,93,89,91,90,1708826685.92
0.7,0,90,90,89,89,1708826686.12
0.7,0,90,89,90,89,1708826686.16
0.7,0,90,89,90,89,1708826686.53
0.7,0,90,89,90,89,1708826686.64
0.7,0,90,89,90,89,1708826686.77
0.7,0,90,89,90,89,1708826686.92
0.7,0,90,89,90,89,1708826687
0.7,0,90,89,90,89,1708826687.17
0.7,0,90,89,90,89,1708826687.23
0.7,0,89,86,86,84,1708826687.33
0.7,0,89,86,86,84,1708826687.47
0.7,0,88,86,86,86,1708826687.63
0.7,0,88,86,86,86,1708826687.72
0.7,0,90,87,88,86,1708826687.83
0.7,0.35,88,86,87,86,1708826688
0.7,0,88,86,87,86,1708826688.12
0.7,0,83,93,82,92,1708826688.26
0.7,0,83,93,82,92,1708826688.4
0.7,0,95,94,94,93,1708826688.55
0.7,0,95,94,94,93,1708826688.6
0.7,0,95,94,94,93,1708826688.71
0.7,0,95,94,94,93,1708826688.87
0.7,0,95,94,94,93,1708826689.01
0.7,0,95,94,94,93,1708826689.16
0.7,0,90,89,89,87,1708826689.27
0.7,0,90,89,89,87,1708826689.31
0.7,0,90,89,89,87,1708826689.6
0.7,0,90,89,89,87,1708826689.6
0.7,0,90,89,89,87,1708826689.7
0.7,0,92,89,90,89,1708826689.84
0.7,0,92,89,90,89,1708826690.04
0.7,0,92,89,90,89,1708826690.11
0.7,0,89,88,87,88,1708826690.28
0.7,0,89,88,87,88,1708826690.36
0.7,0,89,88,87,88,1708826690.54
0.7,0,87,87,86,86,1708826690.63
0.7,0,87,87,86,86,1708826690.71
0.7,0.16,87,87,86,86,1708826690.87
0.7,0.35,87,87,86,86,1708826691.03
0.7,0.35,87,87,86,86,1708826691.16
0.7,0,87,87,86,86,1708826691.23
0.7,0,87,87,86,86,1708826691.37
0.7,0,77,104,71,109,1708826691.55
0.7,0,77,104,71,109,1708826691.6
0.7,0,77,104,71,109,1708826691.69
0.7,0,77,104,71,109,1708826691.87
0.7,0,77,104,71,109,1708826692
0.7,0,77,104,71,109,1708826692.15
0.7,0,77,104,71,109,1708826692.25
0.7,0,77,104,71,109,1708826692.34
0.7,0,91,88,90,88,1708826692.46
0.7,0,90,89,90,88,1708826692.6
0.7,0,92,91,90,89,1708826692.72
0.7,0,92,91,90,89,1708826692.88
0.7,0,92,91,90,89,1708826693.01
0.7,0,90,87,89,87,1708826693.23
0.7,0,90,87,89,87,1708826693.58
0.7,0,90,87,89,87,1708826693.69
0.7,0,90,87,89,87,1708826693.81
0.7,0,92,89,90,89,1708826693.99
0.7,0,92,89,90,89,1708826694.11
0.7,0.35,89,87,87,86,1708826694.28
0.7,0.35,89,87,87,86,1708826694.34
0.7,0,84,90,84,92,1708826694.52
0.7,0,84,90,84,92,1708826694.63
0.7,0,98,101,93,100,1708826694.79
0.7,0,98,101,93,100,1708826694.88
0.7,0,98,96,96,94,1708826695.11
0.7,0,98,96,96,94,1708826695.17
0.7,0,92,89,90,88,1708826695.29
0.7,0,89,89,89,89,1708826695.65
0.7,0,89,89,89,89,1708826695.7
0.7,0,89,89,89,89,1708826695.81
0.7,0,89,89,89,89,1708826695.88
0.7,0,91,90,90,87,1708826696.01
0.7,0,91,90,90,87,1708826696.13
0.7,0,90,89,88,88,1708826696.28
0.7,0,92,89,90,89,1708826696.4
0.7,0,92,89,90,89,1708826696.55
0.7,0,92,89,90,89,1708826696.64
0.7,0,91,91,90,88,1708826696.79
0.7,0,91,91,90,88,1708826696.88
0.7,0,92,89,89,89,1708826697.13
0.7,0,92,89,89,89,1708826697.28
0.7,0,92,89,89,89,1708826697.33
0.7,0,87,87,87,87,1708826697.49
0.7,0,90,87,86,87,1708826697.65
0.7,0,90,87,86,87,1708826697.71
0.7,0,90,87,86,87,1708826697.83
0.7,0,90,87,86,87,1708826697.99
0.7,0,89,89,88,87,1708826698.1
0.7,0,89,89,88,87,1708826698.29
0.7,0,89,89,88,87,1708826698.51
0.7,0,87,86,87,86,1708826698.66
0.7,0,88,88,87,87,1708826698.74
0.7,0,88,88,87,87,1708826698.79
0.7,0,87,86,84,86,1708826698.99
0.7,0,89,86,87,86,1708826699.11
0.7,0,89,86,87,86,1708826699.22
0.7,0,89,86,87,86,1708826699.32
0.7,0,87,87,86,86,1708826699.46
0.7,0,87,87,86,86,1708826699.56
0.7,0,89,87,86,86,1708826699.65
0.7,0,89,87,86,86,1708826699.83
0.7,0,88,87,88,86,1708826700
0.7,0,88,88,87,86,1708826700.15
0.7,0.35,88,88,87,86,1708826700.71
0.7,0.35,88,88,87,86,1708826700.81
0.7,0,15,14,9,9,1708826700.9
0.7,0,15,14,9,9,1708826701.04
0.7,0,15,14,9,9,1708826701.13
0.7,0,15,14,9,9,1708826701.22
0.7,0,96,93,94,93,1708826701.33
0.7,0.35,96,93,94,93,1708826701.48
0.7,0.35,96,93,94,93,1708826701.53
0.7,0.35,96,93,94,93,1708826701.64
0.7,0.35,77,99,76,98,1708826701.75
0.7,0.35,77,99,76,98,1708826701.81
0.7,0.35,77,99,76,98,1708826701.91
0.7,0.35,65,107,62,112,1708826702.08
0.7,0.35,65,107,62,112,1708826702.13
0.7,0.35,63,109,60,112,1708826702.23
0.7,0.35,63,109,60,112,1708826702.32
0.7,0.35,63,109,60,112,1708826702.44
0.7,0.35,63,109,60,112,1708826702.61
0.7,0.35,61,110,58,109,1708826702.66
0.7,0.35,61,110,58,109,1708826702.81
0.7,0.35,61,109,59,109,1708826702.92
0.7,0.35,61,109,59,109,1708826703.07
0.7,0.35,61,110,60,105,1708826703.17
0.7,0.35,61,110,60,105,1708826703.25
0.7,0.35,61,110,60,105,1708826703.32
0.7,0.35,61,110,60,105,1708826703.57
0.7,0.35,61,110,60,105,1708826703.63
0.7,0.35,63,112,58,110,1708826703.68
0.7,0,63,117,55,107,1708826703.81
0.7,0,63,117,55,107,1708826704
0.7,0,63,117,55,107,1708826704.07
0.7,0,71,111,63,107,1708826704.12
0.7,0,71,111,63,107,1708826704.21
0.7,0,71,111,63,107,1708826704.28
0.7,0.35,71,111,63,107,1708826704.44
0.7,0.35,91,89,89,88,1708826704.52
0.7,0.35,91,89,89,88,1708826704.61
0.7,0.35,84,95,81,96,1708826704.69
0.7,0.35,76,100,75,101,1708826704.8
0.7,0.35,76,100,75,101,1708826704.9
0.7,0.35,76,100,75,101,1708826705.03
0.7,0.35,76,100,75,101,1708826705.1
0.7,0.35,76,100,75,101,1708826705.17
0.7,0.35,60,107,60,112,1708826705.28
0.7,0.35,60,107,60,112,1708826705.51
0.7,0.35,60,107,60,112,1708826705.51
0.7,0.35,61,108,60,110,1708826705.65
0.7,0.35,61,107,58,110,1708826705.72
0.7,0.35,61,107,58,110,1708826705.8
0.7,0.35,61,107,58,110,1708826705.89
0.7,0.35,63,112,60,107,1708826706.05
0.7,0.35,63,112,60,107,1708826706.12
0.7,0.35,63,112,60,107,1708826706.19
0.7,0.35,63,112,60,107,1708826706.31
0.7,0.35,63,112,60,107,1708826706.4
0.7,0.35,63,109,58,109,1708826706.51
0.7,0.35,63,109,58,109,1708826706.59
0.7,0.35,63,109,58,109,1708826706.69
0.7,0,63,109,58,109,1708826706.79
0.7,0,61,109,60,105,1708826706.92
0.7,0,61,109,60,105,1708826707.06
0.7,0,61,109,60,105,1708826707.2
0.7,0,61,109,60,105,1708826707.35
0.7,0,92,90,91,91,1708826707.48
0.7,0,92,90,91,91,1708826707.53
0.7,0,92,90,91,91,1708826707.61
0.7,0,92,90,91,91,1708826707.71
0.7,0,92,90,91,91,1708826707.81
0.7,0,92,90,91,91,1708826707.81
0.7,0,90,89,88,87,1708826707.91
0.7,0,90,89,88,87,1708826708.04
0.7,0,92,87,88,88,1708826708.13
0.7,0,92,87,88,88,1708826708.21
0.7,0,90,88,90,88,1708826708.32
0.7,-0.35,90,88,90,88,1708826708.41
0.7,-0.35,90,89,88,87,1708826708.55
0.7,0,90,89,88,87,1708826708.63
0.7,0,94,86,91,85,1708826708.72
0.7,0,106,79,105,79,1708826708.85
0.7,0,106,79,105,79,1708826708.93
0.7,0,97,94,96,95,1708826709.07
0.7,0,97,94,96,95,1708826709.15
0.7,0,97,94,96,95,1708826709.24
0.7,0,97,94,96,95,1708826709.35
0.7,0,97,94,96,95,1708826709.45
0.7,0,91,89,89,89,1708826709.61
0.7,0,91,89,89,89,1708826709.7
0.7,0,92,89,90,89,1708826709.85
0.7,0,92,89,90,89,1708826709.89
0.7,0,90,89,88,87,1708826709.97
0.7,0,91,90,90,90,1708826710.08
0.7,0,91,90,90,90,1708826710.15
0.7,0,91,90,90,90,1708826710.28
0.7,0,91,90,90,90,1708826710.39
0.7,0,91,90,90,90,1708826710.47
0.7,0,91,90,90,90,1708826710.56
0.7,0,91,90,90,90,1708826710.71
0.7,0,91,90,90,90,1708826710.76
0.7,0,88,86,88,87,1708826710.87
0.7,0,88,86,88,87,1708826711.05
0.7,0,88,86,88,87,1708826711.19
0.7,0,88,86,88,87,1708826711.28
0.7,0,87,87,87,86,1708826711.33
0.7,0.35,87,87,87,86,1708826711.4
0.7,0.35,86,87,90,86,1708826711.56
0.7,0,86,87,90,86,1708826711.67
0.7,0,75,94,74,103,1708826711.73
0.7,0,75,94,74,103,1708826711.8
0.7,0,73,95,72,108,1708826711.91
0.7,0,73,95,72,108,1708826712.12
0.7,0,73,95,72,108,1708826712.17
0.7,0,73,95,72,108,1708826712.31
0.7,0,91,89,91,88,1708826712.4
0.7,0,91,89,91,88,1708826712.44
0.7,0,91,89,91,88,1708826712.49
0.7,0,91,89,91,88,1708826712.61
0.7,0,91,89,91,88,1708826712.71
0.7,0,91,89,91,88,1708826712.79
0.7,0,90,89,90,90,1708826712.89
0.7,0,90,89,90,90,1708826713.02
0.7,0,92,90,90,89,1708826713.11
0.7,0,92,90,90,89,1708826713.19
0.7,0,88,89,87,86,1708826713.29
0.7,0,88,89,87,86,1708826713.43
0.7,0,92,88,86,91,1708826713.57
0.7,0,90,86,86,90,1708826713.65
0.7,0,90,84,87,89,1708826713.75
0.7,0,90,84,87,89,1708826713.94
0.7,0,88,85,83,84,1708826713.99
0.7,0,88,85,83,84,1708826714.07
0.7,0,88,84,84,85,1708826714.18
0.7,0,90,83,82,84,1708826714.28
0.7,0,90,83,82,84,1708826714.37
0.7,0,87,86,86,82,1708826714.42
0.7,0,87,86,86,82,1708826714.57
0.7,0,87,86,86,82,1708826714.62
0.7,0,87,86,85,86,1708826714.82
0.7,0,87,86,85,86,1708826714.9
0.7,0,87,86,85,86,1708826715.06
0.7,0,87,86,85,86,1708826715.13
0.7,0,87,86,85,86,1708826715.2
0.7,0,87,86,86,85,1708826715.31
0.7,0,87,86,86,85,1708826715.44
0.7,0,87,86,86,87,1708826715.53
0.7,0,87,86,86,87,1708826715.67
0.7,0,87,86,86,87,1708826715.71
0.7,0,87,86,86,87,1708826715.81
0.7,0,87,86,86,87,1708826715.91
0.7,0,87,86,85,85,1708826716.08
0.7,0,87,86,85,85,1708826716.15
0.7,0,87,86,85,85,1708826716.21
0.7,0,88,86,86,87,1708826716.32
0.7,0,89,86,87,85,1708826716.41
0.7,0,89,86,87,85,1708826716.57
0.7,0,89,86,87,85,1708826716.65
0.7,0,87,86,86,85,1708826716.75
0.7,0,88,88,86,87,1708826716.85
0.7,0,88,88,86,87,1708826717.01
0.7,0,88,88,86,87,1708826717.06
0.7,0,88,88,86,87,1708826717.15
0.7,0,88,88,86,87,1708826717.26
0.7,0,88,88,86,87,1708826717.35
0.7,0,86,86,84,84,1708826717.43
0.7,0,86,86,84,84,1708826717.57
0.7,0,86,86,84,84,1708826717.67
0.7,0,86,86,84,84,1708826717.75
0.7,0,86,86,84,84,1708826717.85
0.7,0,86,86,84,84,1708826718.03
0.7,0,88,87,87,86,1708826718.15
0.7,0,88,87,87,86,1708826718.27
0.7,0,89,86,86,86,1708826718.39
0.7,0,87,84,84,83,1708826718.52
0.7,0,87,84,84,83,1708826718.59
0.7,0,87,84,84,83,1708826718.65
0.7,0,87,84,84,83,1708826718.71
0.7,0,87,84,84,83,1708826718.81
0.7,0,85,86,84,84,1708826718.96
0.7,0,85,86,84,84,1708826719.01
0.7,0,89,86,87,87,1708826719.14
0.7,0,89,86,87,87,1708826719.22
0.7,0,89,86,87,87,1708826719.32
0.7,0,90,88,89,87,1708826719.43
0.7,0,87,87,86,86,1708826719.56
0.7,0,88,87,86,86,1708826719.71
0.7,0,88,87,86,86,1708826719.81
0.7,0,88,87,86,86,1708826719.81
0.7,0,88,87,86,86,1708826719.88
0.7,0,89,87,87,86,1708826720.06
0.7,0,89,87,87,86,1708826720.1
0.7,0,87,87,86,86,1708826720.2
0.7,0,87,87,86,86,1708826720.31
0.7,0,87,87,86,86,1708826720.39
0.7,0,87,87,86,86,1708826720.53
0.7,0,89,87,87,86,1708826720.63
0.7,0,89,87,87,86,1708826720.69
0.7,0,87,86,88,87,1708826720.81
0.7,0,87,87,86,85,1708826720.91
0.7,0,87,87,86,85,1708826721.03
0.7,0,87,87,86,85,1708826721.1
0.7,0,87,87,86,85,1708826721.22
0.7,0,87,87,86,85,1708826721.32
0.7,0,87,87,87,86,1708826721.39
0.7,0,87,87,87,86,1708826721.57
0.7,0,87,86,85,86,1708826721.63
0.7,0,87,86,85,86,1708826721.72
0.7,0,87,86,85,86,1708826721.83
0.7,0,87,86,85,86,1708826721.91
0.7,0,87,86,85,86,1708826722.07
0.7,0,87,86,85,86,1708826722.15
0.7,0,88,87,87,87,1708826722.25
0.7,0,88,87,87,87,1708826722.37
0.7,0,88,87,87,87,1708826722.55
0.7,0,88,87,87,87,1708826722.6
0.7,0,88,87,87,87,1708826722.65
0.7,0,88,87,87,87,1708826722.71
0.7,0,89,87,88,86,1708826722.83
0.7,0,89,87,88,86,1708826722.91
0.7,0,88,87,86,86,1708826723.04
0.7,0.35,88,87,86,86,1708826723.11
0.7,0.35,89,87,86,87,1708826723.22
0.7,0.35,89,87,86,87,1708826723.35
0.7,0,89,87,86,87,1708826723.51
0.7,0,89,87,86,87,1708826723.56
0.7,0,89,87,86,87,1708826723.62
0.7,0,72,104,67,102,1708826723.75
0.7,0,72,104,67,102,1708826723.83
0.7,0,95,92,92,92,1708826723.92
0.7,0,95,92,92,92,1708826724.08
0.7,0,95,92,92,92,1708826724.15
0.7,0,95,92,92,92,1708826724.27
0.7,0,95,92,92,92,1708826724.37
0.7,0,95,92,92,92,1708826724.44
0.7,0,95,92,92,92,1708826724.6
0.7,0,95,92,92,92,1708826724.68
0.7,0,95,92,92,92,1708826724.76
0.7,0,90,90,90,89,1708826724.87
0.7,0,90,90,90,89,1708826724.95
0.7,0,90,90,90,89,1708826725.12
0.7,0,90,90,90,89,1708826725.24
0.7,0,90,90,90,89,1708826725.39
0.7,0,90,90,90,89,1708826725.43
0.7,0,90,90,90,89,1708826725.49
0.7,0.35,90,90,90,89,1708826725.73
0.7,0.35,90,90,90,89,1708826725.73
0.7,0.35,88,87,86,86,1708826725.89
0.7,0,88,87,86,86,1708826725.94
0.7,0,88,87,86,86,1708826726
0.7,0,73,102,70,102,1708826726.08
0.7,0,78,104,76,106,1708826726.2
0.7,0,78,104,76,106,1708826726.31
0.7,0,78,104,76,106,1708826726.41
0.7,0,78,104,76,106,1708826726.48
0.7,0,78,104,76,106,1708826726.63
0.7,0,93,90,91,90,1708826726.72
0.7,0,93,90,91,90,1708826726.79
0.7,0,93,90,91,90,1708826726.89
0.7,0,93,90,91,90,1708826727.01
0.7,0,93,90,91,90,1708826727.12
0.7,0,93,90,91,90,1708826727.22
0.7,0,89,89,88,89,1708826727.32
0.7,0,89,89,88,89,1708826727.4
0.7,0,89,89,88,89,1708826727.65
0.7,0,89,89,88,89,1708826727.65
0.7,0,89,89,88,89,1708826727.71
0.7,0,89,89,88,89,1708826727.86
0.7,0,89,89,88,89,1708826727.92
0.7,0,89,89,88,89,1708826728.07
0.7,0,89,89,88,89,1708826728.11
0.7,0,89,87,88,87,1708826728.23
0.7,0,89,87,88,87,1708826728.32
0.7,0,88,86,86,85,1708826728.41
0.7,0,86,85,85,86,1708826728.59
0.7,0,86,85,85,86,1708826728.64
0.7,0,86,85,85,86,1708826728.72
0.7,0,86,85,85,86,1708826728.84
0.7,0,86,85,85,86,1708826728.95
0.7,0,86,88,86,82,1708826729.07
0.7,0,86,86,85,86,1708826729.16
0.7,0,86,86,85,86,1708826729.25
0.7,0,86,86,85,86,1708826729.35
0.7,0,86,86,85,86,1708826729.43
0.7,0,86,86,85,86,1708826729.57
0.7,0,89,87,87,86,1708826729.68
0.7,0,89,87,87,86,1708826729.77
0.7,0,89,86,86,86,1708826729.85
0.7,0.35,90,86,83,89,1708826729.95
0.7,0.35,89,86,87,87,1708826730.09
0.7,0,78,95,78,100,1708826730.2
0.7,0,78,95,78,100,1708826730.3
0.7,0,71,98,72,108,1708826730.39
0.7,0,71,98,72,108,1708826730.47
0.7,0,96,93,94,93,1708826730.61
0.7,0,96,93,94,93,1708826730.77
0.7,0,96,93,94,93,1708826730.82
0.7,0,92,90,90,88,1708826730.87
0.7,0,92,87,90,88,1708826731.01
0.7,0,92,87,90,88,1708826731.11
0.7,0,92,87,90,88,1708826731.19
0.7,0,92,87,90,88,1708826731.28
0.7,0,89,87,93,85,1708826731.41
0.7,0,89,87,93,85,1708826731.52
0.7,0,90,90,95,89,1708826731.67
0.7,0,90,90,95,89,1708826731.73
0.7,0,90,90,95,89,1708826731.81
0.7,0,90,90,95,89,1708826731.91
0.7,0,90,90,95,89,1708826732.08
0.7,0,90,90,95,89,1708826732.13
0.7,0,90,90,95,89,1708826732.23
0.7,0,90,90,95,89,1708826732.32
0.7,0,90,90,95,89,1708826732.42
0.7,0,87,87,87,87,1708826732.58
0.7,0,87,87,87,87,1708826732.63
0.7,0,87,87,87,87,1708826732.76
0.7,0,87,87,87,87,1708826732.88
0.7,0,87,87,87,87,1708826733.03
0.7,0,87,87,87,87,1708826733.08
0.7,0,88,86,86,85,1708826733.2
0.7,0,88,86,83,84,1708826733.29
0.7,0,88,86,83,84,1708826733.33
0.7,0,87,87,84,86,1708826733.43
0.7,0,87,85,85,85,1708826733.59
0.7,0,88,87,88,87,1708826733.65
0.7,0,88,87,88,87,1708826733.8
0.7,0,88,87,88,87,1708826733.84
0.7,0,88,87,88,87,1708826733.91
0.7,0,88,87,88,87,1708826734.05
0.7,0,88,87,88,87,1708826734.13
0.7,0,89,87,87,86,1708826734.23
0.7,0,89,87,87,86,1708826734.32
0.7,0,89,86,86,86,1708826734.44
0.7,0,88,87,87,86,1708826734.55
0.7,0,88,87,87,86,1708826734.71
0.7,0,88,87,87,86,1708826734.77
0.7,0,88,87,87,86,1708826734.83
0.7,0,87,86,85,85,1708826734.95
0.7,0,87,86,85,85,1708826735.12
0.7,0,87,86,85,85,1708826735.17
0.7,0.35,87,86,85,85,1708826735.23
0.7,0.35,87,86,85,85,1708826735.35
0.7,0,87,86,85,85,1708826735.45
0.7,0,83,94,82,92,1708826735.56
0.7,0,75,104,76,98,1708826735.72
0.7,0,75,104,76,98,1708826735.79
0.7,0,75,104,76,98,1708826735.88
0.7,0,96,93,94,95,1708826735.93
0.7,0,96,93,94,95,1708826736.08
0.7,0,96,93,94,95,1708826736.15
0.7,0,92,90,90,88,1708826736.26
0.7,0,92,90,90,88,1708826736.37
0.7,0,92,90,90,88,1708826736.45
0.7,0,92,90,90,88,1708826736.57
0.7,0,91,89,87,88,1708826736.68
0.7,0,89,89,87,87,1708826736.75
0.7,0,89,89,87,87,1708826736.85
0.7,0.09,90,89,89,88,1708826737.04
0.7,0.35,90,89,89,88,1708826737.11
0.7,0.35,90,89,89,88,1708826737.23
0.7,0,90,89,89,88,1708826737.32
0.7,0,90,89,89,88,1708826737.4
0.7,0,70,104,68,103,1708826737.59
0.7,0,70,104,68,103,1708826737.65
0.7,0,101,101,100,97,1708826737.72
0.7,0,101,101,100,97,1708826737.83
0.7,0,101,101,100,97,1708826737.89
0.7,0,101,101,100,97,1708826737.99
0.7,0,101,101,100,97,1708826738.11
0.7,0,101,101,100,97,1708826738.17
0.7,0,90,90,90,89,1708826738.3
0.7,0,91,90,90,89,1708826738.39
0.7,0,91,90,90,89,1708826738.51
0.7,0,90,88,88,88,1708826738.64
0.7,0,90,88,88,88,1708826738.68
0.7,0,90,88,88,88,1708826738.79
0.7,0,90,88,88,88,1708826738.88
0.7,0,90,88,88,88,1708826739.07
0.7,0,90,88,88,88,1708826739.12
0.7,0,90,88,88,88,1708826739.19
0.7,0,90,88,88,88,1708826739.31
0.7,0,90,88,88,88,1708826739.41
0.7,0,90,88,88,88,1708826739.49
0.7,0,90,88,88,88,1708826739.59
0.7,0,90,88,88,88,1708826739.69
0.7,0,89,87,87,87,1708826739.83
0.7,0,89,87,87,87,1708826739.91
0.7,0,89,87,87,87,1708826740.05
0.7,0,89,87,87,87,1708826740.12
0.7,0,89,87,87,87,1708826740.19
0.7,0,87,86,86,85,1708826740.31
0.7,0,87,86,86,85,1708826740.42
0.7,0,87,86,86,85,1708826740.55
0.7,0,87,86,86,85,1708826740.64
0.7,0,87,86,86,85,1708826740.71
0.7,0,88,83,83,84,1708826740.83
0.7,0,88,86,86,85,1708826740.92
0.7,0,87,86,86,85,1708826741.12
0.7,0,87,86,86,85,1708826741.17
0.7,0,87,86,86,85,1708826741.24
0.7,0,90,88,89,87,1708826741.35
0.7,0,89,86,86,87,1708826741.48
0.7,0,89,86,86,87,1708826741.63
0.7,0,87,87,86,85,1708826741.68
0.7,0.35,87,87,86,85,1708826741.75
0.7,0.35,87,87,86,85,1708826741.83
0.7,0.35,87,87,86,85,1708826741.93
0.7,0,88,85,87,85,1708826742.09
0.7,0,88,85,87,85,1708826742.16
0.7,0,88,85,87,85,1708826742.26
0.7,0,88,85,87,85,1708826742.34
0.7,0,88,85,87,85,1708826742.43
0.7,0,88,85,87,85,1708826742.58
0.7,0,94,93,92,91,1708826742.66
0.7,0,94,93,92,91,1708826742.74
0.7,0,94,93,92,91,1708826742.84
0.7,0,91,90,89,88,1708826742.95
0.7,0,90,90,89,90,1708826743.14
0.7,0,90,90,89,90,1708826743.19
0.7,0,90,90,89,90,1708826743.25
0.7,0,91,89,89,89,1708826743.38
0.7,0,91,89,89,89,1708826743.48
0.7,0,91,89,89,89,1708826743.55
0.7,0,91,89,89,89,1708826743.78
0.7,0,91,89,89,89,1708826743.84
0.7,0,91,89,89,89,1708826743.95
0.7,0,91,89,89,89,1708826744.03
0.7,0,92,90,91,90,1708826744.08
0.7,0,92,90,91,90,1708826744.18
0.7,0,92,90,91,90,1708826744.31
0.7,0,92,90,91,90,1708826744.41
0.7,0,87,86,86,85,1708826744.59
0.7,0,89,87,87,88,1708826744.63
0.7,0,89,87,87,88,1708826744.71
0.7,0,89,87,87,88,1708826744.82
0.7,0,89,87,87,88,1708826744.91
0.7,0,88,87,87,87,1708826745.07
0.7,0,88,87,87,87,1708826745.13
0.7,0,87,86,87,86,1708826745.26
0.7,0,87,86,87,86,1708826745.36
0.7,0,89,87,87,87,1708826745.44
0.7,0,89,87,87,87,1708826745.52
0.7,0.35,89,87,87,87,1708826745.63
0.7,0.35,89,87,87,87,1708826745.83
0.7,0,89,87,87,87,1708826745.87
0.7,0,89,87,87,87,1708826746.03
0.7,0,76,101,74,98,1708826746.07
0.7,0,76,101,74,98,1708826746.15
0.7,0,98,96,95,94,1708826746.33
0.7,0,95,95,93,93,1708826746.4
0.7,0,95,95,93,93,1708826746.58
0.7,0,95,95,93,93,1708826746.63
0.7,0,95,95,93,93,1708826746.7
0.7,0,93,90,91,90,1708826746.81
0.7,0,93,90,91,90,1708826746.91
0.7,0,93,90,91,90,1708826747.11
0.7,0,93,90,91,90,1708826747.11
0.7,0,91,88,88,88,1708826747.23
0.7,0.12,91,88,88,88,1708826747.29
0.7,0.35,91,88,88,88,1708826747.39
0.7,0.35,91,88,88,88,1708826747.48
0.7,0,91,88,88,88,1708826747.61
0.7,0,91,88,88,88,1708826747.71
0.7,0,91,88,88,88,1708826747.8
0.7,0,91,88,88,88,1708826747.91
0.7,0,91,88,88,88,1708826748.13
0.7,0,92,92,91,90,1708826748.18
0.7,0,92,92,91,90,1708826748.29
0.7,0,92,92,91,90,1708826748.37
0.7,0,92,92,91,90,1708826748.47
0.7,0,90,89,90,89,1708826748.63
0.7,0,90,89,90,89,1708826748.67
0.7,0,90,89,90,89,1708826748.77
0.7,0,90,89,90,89,1708826748.83
0.7,0,90,89,90,89,1708826748.88
0.7,0,90,90,89,89,1708826748.96
0.7,0,90,90,89,89,1708826749.12
0.7,0,90,90,89,89,1708826749.2
0.7,0,90,90,89,89,1708826749.29
0.7,0,92,89,89,89,1708826749.43
0.7,0,92,89,89,89,1708826749.59
0.7,0,92,89,89,89,1708826749.63
0.7,0,89,89,87,87,1708826749.7
0.7,0,89,86,87,87,1708826749.83
0.7,0,89,86,87,87,1708826749.91
0.7,0,89,86,87,87,1708826750.03
0.7,0,89,86,87,87,1708826750.15
0.7,0,89,86,87,87,1708826750.21
0.7,0,89,87,86,86,1708826750.31
0.7,0,87,87,86,86,1708826750.41
0.7,0,87,87,86,86,1708826750.6
0.7,0,88,87,87,86,1708826750.64
0.7,0,88,87,87,86,1708826750.72
0.7,0,88,87,87,86,1708826750.82
0.7,0,87,87,85,84,1708826750.95
0.7,0,87,87,85,84,1708826751.04
0.7,0,87,87,85,84,1708826751.24
0.7,0,87,87,85,84,1708826751.29
0.7,0,87,87,85,84,1708826751.38
0.7,0,88,87,88,86,1708826751.43
0.7,0,88,87,88,86,1708826751.56
0.7,0,88,86,86,86,1708826751.71
0.7,0,88,86,86,86,1708826751.76
0.7,0.35,87,84,84,84,1708826751.83
0.7,0.35,87,84,84,84,1708826751.93
0.7,0,89,86,86,86,1708826752.15
0.7,0,89,86,86,86,1708826752.2
0.7,0,89,86,86,86,1708826752.32
0.7,0,86,104,81,99,1708826752.43
0.7,0,86,104,81,99,1708826752.52
0.7,0,93,91,92,90,1708826752.67
0.7,0,93,91,92,90,1708826752.72
0.7,0,92,90,90,89,1708826752.9
0.7,0,92,90,90,89,1708826752.97
0.7,0,90,90,89,89,1708826753.13
0.7,0,90,90,89,89,1708826753.13
0.7,0,90,90,89,89,1708826753.21
0.7,0,91,90,89,88,1708826753.35
0.7,0,91,90,89,88,1708826753.48
0.7,0,91,90,90,88,1708826753.56
0.7,0,90,89,88,86,1708826753.72
0.7,0,90,89,88,86,1708826753.77
0.7,0,90,89,88,86,1708826753.85
0.7,0,90,89,88,86,1708826753.99
0.7,0,90,89,88,86,1708826754.04
0.7,0,92,89,91,89,1708826754.2
0.7,0,89,87,89,87,1708826754.33
0.7,0,89,87,89,87,1708826754.4
0.7,0,89,87,89,87,1708826754.44
0.7,0,89,87,89,87,1708826754.55
0.7,0,89,87,89,87,1708826754.71
0.7,0,87,86,86,84,1708826754.79
0.7,0,87,86,86,84,1708826754.85
0.7,0,87,86,86,84,1708826754.98
0.7,0,87,86,86,84,1708826755.09
0.7,0,87,88,84,86,1708826755.16
0.7,0,87,88,84,86,1708826755.24
0.7,0,87,88,84,86,1708826755.33
0.7,0,88,87,87,85,1708826755.44
0.7,0,88,87,87,85,1708826755.51
0.7,0,88,87,87,85,1708826755.62
0.7,0,87,86,85,84,1708826755.76
0.7,0,87,86,85,84,1708826755.84
0.7,0,87,86,85,84,1708826755.91
0.7,0,89,84,82,88,1708826756.04
0.7,0.28,88,85,86,85,1708826756.15
0.7,0.35,88,85,86,85,1708826756.27
0.7,0.07,88,85,86,85,1708826756.36
0.7,0,86,88,83,87,1708826756.44
0.7,0,86,88,83,87,1708826756.66
0.7,0,86,88,83,87,1708826756.74
0.7,0,86,88,83,87,1708826756.8
0.7,0,86,88,83,87,1708826756.97
0.7,0,86,88,83,87,1708826757.12
0.7,0,86,88,83,87,1708826757.19
0.7,0,86,88,83,87,1708826757.31
0.7,0,86,88,83,87,1708826757.31
0.7,0,86,88,83,87,1708826757.39
0.7,0,86,88,83,87,1708826757.49
0.7,0,86,88,83,87,1708826757.7
0.7,0,86,88,83,87,1708826757.75
0.7,0,86,88,83,87,1708826757.88
0.7,0,86,88,83,87,1708826757.95
0.7,0,91,89,89,87,1708826758.12
0.7,0,91,89,89,87,1708826758.16
0.7,0,91,89,89,87,1708826758.31
0.7,0,91,89,89,87,1708826758.35
0.7,0,90,90,90,90,1708826758.51
0.7,0,90,90,90,90,1708826758.56
0.7,0,90,90,90,90,1708826758.77
0.7,0,90,90,90,90,1708826758.83
0.7,0,90,90,90,90,1708826758.95
0.7,0,90,90,90,90,1708826759.03
0.7,0,90,90,90,90,1708826759.15
0.7,0,90,90,90,90,1708826759.2
0.7,0,90,90,90,90,1708826759.27
0.7,0,90,90,90,90,1708826759.35
0.7,0,90,90,90,90,1708826759.44
0.7,0,90,90,90,90,1708826759.62
0.7,0,87,87,87,86,1708826759.69
0.7,0,87,87,87,86,1708826759.78
0.7,0,87,87,87,86,1708826759.87
0.7,0,87,87,87,86,1708826759.96
0.7,0,87,87,87,86,1708826760.14
0.7,0,87,87,87,86,1708826760.31
0.7,0,87,87,87,86,1708826760.39
0.7,0,87,87,87,86,1708826760.39
0.7,0,89,87,86,85,1708826760.47
0.7,0,89,87,86,85,1708826760.63
0.7,0,89,87,86,85,1708826760.75
0.7,0,89,87,86,85,1708826760.84
0.7,0,89,87,86,85,1708826760.91
0.7,0,89,87,86,85,1708826761.12
0.7,0,89,87,86,85,1708826761.17
0.7,0,89,87,86,85,1708826761.27
0.7,0,89,87,86,85,1708826761.37
0.7,0,89,87,86,85,1708826761.44
0.7,0,89,87,86,85,1708826761.65
0.7,0,89,87,86,85,1708826761.7
0.7,0.33,89,87,86,85,1708826761.76
0.7,0.35,88,87,88,86,1708826761.89
0.7,0,88,87,88,86,1708826762.05
0.7,0,83,90,83,90,1708826762.18
0.7,0,83,90,83,90,1708826762.24
0.7,0,107,100,98,98,1708826762.36
0.7,0,107,100,98,98,1708826762.44
0.7,0,102,100,99,98,1708826762.54
0.7,0,102,100,99,98,1708826762.67
0.7,0,92,89,88,88,1708826762.76
0.7,0,92,89,88,88,1708826762.86
0.7,0,92,89,88,88,1708826762.92
0.7,0,92,89,88,88,1708826762.99
0.7,0,92,89,88,88,1708826763.15
0.7,0,92,89,88,88,1708826763.28
0.7,0,92,89,88,88,1708826763.33
0.7,0,90,89,89,89,1708826763.4
0.7,0,92,91,90,90,1708826763.68
0.7,0,92,91,90,90,1708826763.73
0.7,0,91,90,91,89,1708826763.82
0.7,0,91,89,89,89,1708826763.91
0.7,0,90,90,87,86,1708826764.08
0.7,0,90,90,87,86,1708826764.08
0.7,0,90,90,87,86,1708826764.17
0.7,0,90,90,87,86,1708826764.25
0.7,0,90,90,87,86,1708826764.39
0.7,0,89,87,88,86,1708826764.48
0.7,0,89,87,88,86,1708826764.62
0.7,0.35,89,87,88,86,1708826764.68
0.7,0.35,89,87,88,86,1708826764.75
0.7,0,89,87,88,86,1708826764.85
0.7,0,89,87,88,86,1708826764.98
0.7,0,79,102,78,101,1708826765.08
0.7,0,79,102,78,101,1708826765.16
0.7,0,79,102,78,101,1708826765.28
0.7,0,79,102,78,101,1708826765.39
0.7,0,79,102,78,101,1708826765.51
0.7,0,91,90,89,89,1708826765.65
0.7,0,90,88,89,88,1708826765.79
0.7,0,90,88,89,88,1708826765.79
0.7,0,90,88,89,88,1708826765.88
0.7,0,90,88,89,88,1708826765.99
0.7,0,90,88,89,88,1708826766.19
0.7,0,90,89,90,87,1708826766.34
0.7,0,90,89,90,87,1708826766.43
0.7,0,90,89,90,87,1708826766.43
0.7,0,90,89,90,87,1708826766.49
0.7,0,90,89,90,87,1708826766.74
0.7,0.09,90,89,90,87,1708826766.8
0.7,0.35,92,90,89,90,1708826766.92
0.7,0.34,92,90,89,89,1708826767.01
0.7,0,92,90,89,89,1708826767.16
0.7,0,92,90,89,89,1708826767.23
0.7,0,74,101,72,105,1708826767.36
0.7,0,74,101,72,105,1708826767.44
0.7,0,74,101,72,105,1708826767.53
0.7,0,74,101,72,105,1708826767.67
0.7,0,74,101,72,105,1708826767.73
0.7,0,92,92,93,90,1708826767.8
0.7,0,92,92,93,90,1708826767.85
0.7,0,92,92,93,90,1708826767.99
0.7,0,92,92,93,90,1708826768.11
0.7,0,92,92,93,90,1708826768.18
0.7,0,91,89,88,89,1708826768.23
0.7,0,91,89,88,89,1708826768.36
0.7,0,91,89,88,89,1708826768.47
0.7,0,91,90,89,87,1708826768.65
0.7,0,91,90,89,87,1708826768.69
0.7,0,91,90,89,87,1708826768.75
0.7,0,91,90,89,87,1708826768.88
0.7,0,91,90,89,87,1708826768.98
0.7,0,91,90,89,87,1708826769.09
0.7,0,89,90,90,87,1708826769.16
0.7,0,89,90,90,87,1708826769.27
0.7,0,89,90,90,87,1708826769.39
0.7,0,89,90,90,87,1708826769.49
0.7,0,89,90,90,87,1708826769.58
0.7,0,89,90,90,87,1708826769.69
0.7,0,89,90,90,87,1708826769.76
0.7,0,90,83,83,88,1708826769.87
0.7,0,91,84,84,89,1708826770
0.7,0,90,85,86,85,1708826770.13
0.7,0,90,85,86,85,1708826770.18
0.7,0,90,85,86,85,1708826770.31
0.7,0,90,85,86,85,1708826770.47
0.7,-0.35,90,85,86,85,1708826770.53
0.7,-0.35,87,86,86,84,1708826770.64
0.7,0,87,86,86,84,1708826770.78
0.7,0,87,86,86,84,1708826770.82
0.7,0,87,86,86,84,1708826770.92
0.7,0,87,86,86,84,1708826771.12
0.7,0,87,86,86,84,1708826771.17
0.7,0,95,93,93,92,1708826771.23
0.7,0,95,93,93,92,1708826771.36
0.7,0,95,93,93,92,1708826771.46
0.7,0,95,93,93,92,1708826771.53
0.7,0,91,90,90,90,1708826771.69
0.7,0,91,90,90,90,1708826771.78
0.7,0,91,90,90,90,1708826771.86
0.7,0,91,90,90,90,1708826771.97
0.7,0,89,89,87,87,1708826772.2
0.7,0,89,89,87,87,1708826772.24
0.7,0,90,90,89,89,1708826772.32
0.7,0,90,90,89,89,1708826772.39
0.7,0,90,90,90,89,1708826772.51
0.7,0,90,90,90,89,1708826772.69
0.7,0,90,89,89,88,1708826772.76
0.7,-0.35,90,89,89,88,1708826772.84
0.7,-0.35,90,89,89,88,1708826772.91
0.7,0,90,89,89,88,1708826773.14
0.7,0,90,89,89,88,1708826773.19
0.7,0,90,89,89,88,1708826773.25
0.7,0,90,89,89,88,1708826773.35
0.7,0,110,82,100,80,1708826773.43
0.7,0,110,82,100,80,1708826773.52
0.7,0,110,82,100,80,1708826773.64
0.7,0,110,82,100,80,1708826773.76
0.7,0,110,82,100,80,1708826773.91
0.7,0,110,82,100,80,1708826773.97
0.7,0,110,82,100,80,1708826774.08
0.7,0,110,82,100,80,1708826774.17
0.7,0,110,82,100,80,1708826774.27
0.7,0,110,82,100,80,1708826774.39
0.7,0,91,89,91,89,1708826774.49
0.7,0,91,89,91,89,1708826774.57
0.7,0,91,89,91,89,1708826774.73
0.7,0,91,89,91,89,1708826774.81
0.7,0,91,89,91,89,1708826774.91
0.7,0,91,89,91,89,1708826775.04
0.7,0,91,89,91,89,1708826775.19
0.7,0,90,87,87,87,1708826775.25
0.7,0,90,87,87,87,1708826775.35
0.7,0,90,87,87,87,1708826775.45
0.7,0,90,87,87,87,1708826775.67
0.7,0,90,87,87,87,1708826775.71
0.7,0,88,87,87,87,1708826775.79
0.7,0.35,88,87,87,87,1708826775.89
0.7,0.35,88,87,87,87,1708826776.04
0.7,0,88,87,87,87,1708826776.11
0.7,0,88,87,87,87,1708826776.23
0.7,0,83,101,81,105,1708826776.35
0.7,0,83,101,81,105,1708826776.43
0.7,0,83,101,81,105,1708826776.53
0.7,0,98,93,94,92,1708826776.69
0.7,0,98,93,94,92,1708826776.78
0.7,0,88,92,87,86,1708826776.87
0.7,0,89,89,90,87,1708826777
0.7,0,89,89,90,87,1708826777.15
0.7,0,89,89,90,87,1708826777.23
0.7,0,89,89,90,87,1708826777.45
0.7,0,89,89,90,87,1708826777.52
0.7,0,89,89,87,87,1708826777.59
0.7,0,89,89,87,87,1708826777.67
0.7,0,92,90,92,90,1708826777.83
0.7,0,92,90,92,90,1708826777.94
0.7,0,92,90,92,90,1708826778.04
0.7,0,92,90,92,90,1708826778.04
0.7,0,90,87,87,87,1708826778.11
0.7,0,90,87,87,87,1708826778.24
0.7,0,90,87,87,87,1708826778.36
0.7,0,90,87,87,87,1708826778.47
0.7,0,90,87,87,87,1708826778.55
0.7,0,88,86,86,86,1708826778.82
0.7,0,88,86,86,86,1708826778.87
0.7,0,88,86,86,86,1708826778.99
0.7,0,88,86,86,86,1708826779.04
0.7,0,88,86,86,86,1708826779.09
0.7,0,88,86,87,86,1708826779.31
0.7,0,88,86,87,86,1708826779.36
0.7,0,88,86,87,86,1708826779.43
0.7,0,86,86,84,84,1708826779.55
0.7,0,86,86,84,84,1708826779.7
0.7,0,86,86,84,84,1708826779.8
0.7,0,86,86,84,84,1708826779.89
0.7,0,86,86,84,84,1708826779.99
0.7,0,88,86,86,86,1708826780.11
0.7,0,88,86,86,86,1708826780.25
0.7,0,91,84,83,86,1708826780.35
0.7,0.35,91,84,83,86,1708826780.44
0.7,0.35,91,84,83,86,1708826780.54
0.7,0,91,84,83,86,1708826780.77
0.7,0,91,84,83,86,1708826780.82
0.7,0,91,84,83,86,1708826780.89
0.7,0,91,84,83,86,1708826781
0.7,0,91,84,83,86,1708826781.08
0.7,0,91,84,83,86,1708826781.24
0.7,0,94,92,92,92,1708826781.35
0.7,0,94,92,92,92,1708826781.44
0.7,0,94,92,92,92,1708826781.53
0.7,0,90,87,88,86,1708826781.68
0.7,0,90,87,88,86,1708826781.79
0.7,0,91,89,90,87,1708826781.91
0.7,0,91,89,90,87,1708826782.01
0.7,0,91,89,90,87,1708826782.2
0.7,0,91,89,90,87,1708826782.28
0.7,0,91,89,90,87,1708826782.37
0.7,0,90,89,88,89,1708826782.47
0.7,0,91,90,89,89,1708826782.55
0.7,0,91,90,89,89,1708826782.69
0.7,0,91,90,90,89,1708826782.91
0.7,0,91,90,90,89,1708826782.96
0.7,0,91,90,90,89,1708826783.08
0.7,0,91,90,90,89,1708826783.24
0.7,0,91,90,90,89,1708826783.31
0.7,0,91,90,90,89,1708826783.44
0.7,0,91,90,90,89,1708826783.52
0.7,0,91,90,90,89,1708826783.63
0.7,0,91,90,90,89,1708826783.78
0.7,0,89,87,87,87,1708826783.87
0.7,0,89,87,87,87,1708826784
0.7,0,89,87,87,87,1708826784.13
0.7,0,87,87,87,86,1708826784.21
0.7,0,87,87,87,86,1708826784.32
0.7,0,87,87,87,86,1708826784.45
0.7,0,87,87,87,86,1708826784.56
0.7,0,87,87,87,86,1708826784.69
0.7,0,89,87,88,87,1708826784.79
0.7,0,89,87,88,87,1708826784.87
0.7,0,89,87,88,87,1708826784.96
0.7,0,87,87,87,86,1708826785.17
0.7,0,89,87,87,87,1708826785.22
0.7,0,89,87,87,87,1708826785.32
0.7,0,89,87,87,87,1708826785.43
0.7,0,89,87,87,87,1708826785.51
0.7,0,88,87,87,86,1708826785.67
0.7,0,88,87,87,86,1708826785.78
0.7,0,88,87,87,86,1708826785.88
0.7,0,88,87,87,86,1708826786.01
0.7,0,88,87,87,86,1708826786.2
0.7,0,88,87,87,86,1708826786.29
0.7,0,88,87,87,86,1708826786.39
0.7,0,85,87,84,81,1708826786.56
0.7,0.35,85,87,84,81,1708826786.6
0.7,0,90,87,87,87,1708826786.71
0.7,0,84,90,83,91,1708826786.83
0.7,0,84,90,83,91,1708826786.91
0.7,0,84,90,83,91,1708826787.19
0.7,0,84,90,83,91,1708826787.24
0.7,0,84,90,83,91,1708826787.37
0.7,0,91,89,90,89,1708826787.51
0.7,0,92,89,90,89,1708826787.59
0.7,0,92,89,90,89,1708826787.75
0.7,0,89,89,87,87,1708826787.94
0.7,0,89,89,87,87,1708826788.01
0.7,0,89,89,87,87,1708826788.16
0.7,0,89,89,87,87,1708826788.23
0.7,0.21,89,89,87,87,1708826788.27
0.7,0.19,89,89,87,87,1708826788.36
0.7,0,89,89,87,87,1708826788.47
0.7,0,89,89,87,87,1708826788.56
0.7,0,89,89,87,87,1708826788.64
0.7,0,89,89,87,87,1708826788.82
0.7,0,98,91,93,91,1708826788.91
0.7,0,93,92,93,90,1708826789.04
0.7,0,89,89,87,87,1708826789.17
0.7,0,90,89,87,87,1708826789.28
0.7,0,90,89,87,87,1708826789.43
0.7,0,90,89,87,87,1708826789.51
0.7,0,90,89,87,87,1708826789.68
0.7,0,90,88,87,85,1708826789.75
0.7,0,90,88,87,85,1708826789.81
0.7,0,89,89,85,88,1708826789.91
0.7,0.35,89,89,85,88,1708826790.04
0.7,0.35,89,89,85,88,1708826790.13
0.7,0,89,89,85,88,1708826790.29
0.7,0,69,101,68,106,1708826790.53
0.7,0,69,101,68,106,1708826790.71
0.7,0,103,101,103,101,1708826790.76
0.7,0,103,101,103,101,1708826790.89
0.7,0,93,92,92,89,1708826791.01
0.7,0,93,92,92,89,1708826791.1
0.7,0,93,92,92,89,1708826791.27
0.7,0,93,92,92,89,1708826791.36
0.7,0,93,92,92,89,1708826791.49
0.7,0,89,90,88,84,1708826791.59
0.7,0,89,90,88,84,1708826791.74
0.7,0,90,90,89,86,1708826791.78
0.7,0,90,90,89,86,1708826791.88
0.7,0,90,90,89,86,1708826791.99
0.7,0,90,90,89,86,1708826792.09
0.7,0,93,87,86,87,1708826792.24
0.7,0,93,87,86,87,1708826792.29
0.7,0,93,87,86,87,1708826792.39
0.7,0,93,87,86,87,1708826792.55
0.7,0,93,87,86,87,1708826792.71
0.7,0,93,87,86,87,1708826792.76
0.7,0,88,87,88,86,1708826792.87
0.7,0,88,87,88,86,1708826792.95
0.7,0.35,88,87,88,86,1708826793.05
0.7,0.35,88,87,88,86,1708826793.26
0.7,0.07,88,87,88,86,1708826793.3
0.7,0,88,87,88,86,1708826793.4
0.7,0,88,87,88,86,1708826793.51
0.7,0,88,87,88,86,1708826793.7
0.7,0,88,87,88,86,1708826793.77
0.7,0,88,87,88,86,1708826793.84
0.7,0,88,87,88,86,1708826793.95
0.7,0,88,87,88,86,1708826794.11
0.7,0,90,89,90,89,1708826794.25
0.7,0,90,89,90,89,1708826794.36
0.7,0,90,89,90,89,1708826794.44
0.7,0,91,89,90,87,1708826794.53
0.7,0,91,89,90,87,1708826794.76
0.7,0,91,89,90,87,1708826794.82
0.7,0,91,89,90,87,1708826794.89
0.7,0,91,89,90,87,1708826795.05
0.7,0,91,89,90,87,1708826795.12
0.7,0,91,89,90,87,1708826795.31
0.7,0,91,89,90,87,1708826795.43
0.7,0,90,89,90,88,1708826795.58
0.7,0,90,89,90,88,1708826795.71
0.7,0,90,89,90,88,1708826795.77
0.7,0,90,89,90,88,1708826795.86
0.7,0.35,90,89,90,88,1708826795.96
0.7,0.35,90,89,90,88,1708826796.09
0.7,0,90,89,90,88,1708826796.26
0.7,0,73,104,70,102,1708826796.32
0.7,0,73,104,70,102,1708826796.4
0.7,0,73,104,70,102,1708826796.51
0.7,0,73,104,70,102,1708826796.65
0.7,0,93,92,91,91,1708826796.8
0.7,0,93,92,91,91,1708826796.85
0.7,0,93,92,91,91,1708826796.95
0.7,0,93,92,91,91,1708826797.08
0.7,0,90,89,88,89,1708826797.24
0.7,0,90,89,88,89,1708826797.55
0.7,0,90,89,88,89,1708826797.73
0.7,0,90,90,89,87,1708826797.84
0.7,0,90,90,89,87,1708826797.99
0.7,0,92,89,86,89,1708826798.09
0.7,0,92,89,86,89,1708826798.23
0.7,0,92,89,86,89,1708826798.31
0.7,0,92,89,86,89,1708826798.48
0.7,0,92,89,86,89,1708826798.54
0.7,0,92,89,86,89,1708826798.63
0.7,0,92,89,86,89,1708826798.79
0.7,0,92,89,86,89,1708826798.84
0.7,0,89,89,90,87,1708826799.03
0.7,0,88,87,89,86,1708826799.07
0.7,0,88,87,89,86,1708826799.15
0.7,0,88,87,89,86,1708826799.25
0.7,0,87,86,86,86,1708826799.35
0.7,0,87,86,86,86,1708826799.45
0.7,0,87,86,86,86,1708826799.59
0.7,0,87,86,86,86,1708826799.64
0.7,0,89,87,87,86,1708826799.8
0.7,0,89,87,87,85,1708826800.07
0.7,0,89,87,86,86,1708826800.24
0.7,0,89,87,86,86,1708826800.24
0.7,0,89,87,86,86,1708826800.4
0.7,0,88,86,87,85,1708826800.5
0.7,0,88,86,87,85,1708826800.5
0.7,0.35,88,86,87,85,1708826800.61
0.7,0.35,88,86,87,85,1708826800.76
0.7,0,86,88,84,87,1708826800.92
0.7,0,86,88,84,87,1708826800.96
0.7,0,86,88,84,87,1708826801.07
0.7,0,86,88,84,87,1708826801.25
0.7,0,86,88,84,87,1708826801.31
0.7,0,96,93,93,93,1708826801.39
0.7,0,96,93,93,93,1708826801.51
0.7,0,96,93,93,93,1708826801.62
0.7,0,96,93,93,93,1708826801.7
0.7,0,91,91,90,89,1708826801.87
0.7,0,91,91,90,89,1708826801.96
0.7,0,92,89,88,89,1708826802.15
0.7,0,92,89,88,89,1708826802.28
0.7,0,92,89,88,89,1708826802.35
0.7,0,92,89,88,89,1708826802.43
0.7,0,92,89,88,89,1708826802.58
0.7,0,91,89,89,88,1708826802.79
0.7,0,91,89,89,88,1708826802.84
0.7,0,91,90,90,89,1708826803.05
0.7,0,91,90,90,89,1708826803.11
0.7,0,91,89,90,87,1708826803.22
0.7,0,89,87,87,87,1708826803.3
0.7,0,89,87,87,87,1708826803.42
0.7,0,89,87,87,87,1708826803.65
0.7,0,89,87,87,87,1708826803.79
0.7,0,89,87,87,87,1708826803.87
0.7,0,89,87,87,87,1708826803.93
0.7,0,89,87,87,87,1708826803.99
0.7,0,87,86,86,87,1708826804.15
0.7,0,87,86,86,87,1708826804.3
0.7,0,88,87,87,86,1708826804.36
0.7,0,88,87,87,86,1708826804.47
0.7,0,88,87,87,86,1708826804.57
0.7,0,89,88,89,86,1708826804.68
0.7,0,88,85,86,86,1708826804.84
0.7,0,88,85,86,86,1708826805.09
0.7,0,89,87,87,85,1708826805.25
0.7,0.08,89,87,87,85,1708826805.36
0.7,0.35,88,85,84,86,1708826805.48
0.7,0.35,88,85,84,86,1708826805.56
0.7,0,88,85,84,86,1708826805.75
0.7,0,88,85,84,86,1708826805.87
0.7,0,88,85,84,86,1708826805.91
0.7,0,85,103,81,101,1708826806.08
0.7,0,85,103,81,101,1708826806.17
0.7,0,85,103,81,101,1708826806.31
0.7,0,85,103,81,101,1708826806.37
0.7,0,85,103,81,101,1708826806.47
0.7,0,92,89,90,89,1708826806.62
0.7,0,92,89,90,89,1708826806.68
0.7,0,92,89,90,89,1708826806.84
0.7,0,92,89,90,89,1708826806.93
0.7,0,92,89,90,89,1708826807.03
0.7,0,90,89,89,87,1708826807.24
0.7,0,90,89,89,87,1708826807.24
0.7,0,90,89,89,87,1708826807.35
0.7,0,90,87,89,89,1708826807.42
0.7,0,90,87,89,89,1708826807.55
0.7,0,90,87,89,89,1708826807.62
0.7,0,91,90,89,88,1708826807.8
0.7,0,91,90,89,88,1708826807.87
0.7,0,91,90,89,88,1708826807.95
0.7,0,91,90,89,88,1708826808.12
0.7,0,89,87,87,87,1708826808.23
0.7,0,89,87,87,87,1708826808.32
0.7,0,89,87,87,87,1708826808.42
0.7,0,88,87,87,86,1708826808.56
0.7,0,88,87,87,86,1708826808.71
0.7,0,88,87,87,86,1708826808.79
0.7,0,88,87,87,86,1708826808.87
0.7,0,88,87,86,86,1708826809
0.7,0,87,88,87,86,1708826809.15
0.7,0,87,88,87,86,1708826809.29
0.7,0,90,87,88,87,1708826809.35
0.7,0,90,87,88,87,1708826809.43
0.7,0,90,87,88,87,1708826809.54
0.7,0,90,87,88,87,1708826809.64
0.7,0,88,88,87,86,1708826809.81
0.7,0,87,87,87,84,1708826809.88
0.7,0,87,87,87,84,1708826809.97
0.7,0,87,87,87,84,1708826810.12
0.7,0.35,87,87,87,84,1708826810.19
0.7,0.35,87,86,85,85,1708826810.36
0.7,0,84,92,84,91,1708826810.43
0.7,0,73,102,72,100,1708826810.56
0.7,0,83,103,81,101,1708826810.67
0.7,0,83,103,81,101,1708826810.78
0.7,0,94,94,93,92,1708826810.92
0.7,0,94,94,93,92,1708826810.99
0.7,0,94,94,93,92,1708826811.1
0.7,0,94,94,93,92,1708826811.19
0.7,0,94,94,93,92,1708826811.38
0.7,0,92,90,90,90,1708826811.44
0.7,0,91,87,87,88,1708826811.55
0.7,0,91,87,87,88,1708826811.69
0.7,0,91,87,87,88,1708826811.84
0.7,0,92,90,91,87,1708826812.23
0.7,0,92,90,91,87,1708826812.29
0.7,0,92,90,91,87,1708826812.39
0.7,0,92,90,91,87,1708826812.5
0.7,0,92,90,91,87,1708826812.63
0.7,0,92,90,91,87,1708826812.79
0.7,0.35,90,89,89,89,1708826812.88
0.7,0.35,90,89,89,89,1708826812.95
0.7,0,90,89,89,89,1708826813.08
0.7,0,90,89,89,89,1708826813.25
0.7,0,90,89,89,89,1708826813.36
0.7,0,100,97,99,98,1708826813.45
0.7,0,100,97,99,98,1708826813.55
0.7,0,100,97,99,98,1708826813.67
0.7,0,90,90,89,89,1708826813.84
0.7,0,90,90,89,89,1708826814.04
0.7,0,90,90,89,89,1708826814.09
0.7,0,90,90,89,89,1708826814.15
0.7,0,89,89,88,87,1708826814.34
0.7,0.35,91,90,89,89,1708826814.41
0.7,0.35,91,90,89,89,1708826814.51
0.7,0,91,90,89,89,1708826814.66
0.7,0,91,90,89,89,1708826814.8
0.7,0,91,90,89,89,1708826814.87
0.7,0,105,101,101,100,1708826814.96
0.7,0,103,102,101,101,1708826815.14
0.7,0,103,102,101,101,1708826815.28
0.7,0,92,89,91,90,1708826815.33
0.7,0,92,89,91,90,1708826815.43
0.7,0,91,89,90,90,1708826815.59
0.7,0,91,89,90,90,1708826815.67
0.7,0,91,90,89,89,1708826815.76
0.7,0,91,89,89,88,1708826815.91
0.7,0,92,90,90,89,1708826816
0.7,0,90,89,89,88,1708826816.16
0.7,0,90,89,89,88,1708826816.31
0.7,0,90,89,89,88,1708826816.39
0.7,0,90,90,89,88,1708826816.51
0.7,0,90,90,89,88,1708826816.6
0.7,0,90,90,89,88,1708826816.67
0.7,0,90,89,90,89,1708826816.84
0.7,0,90,90,89,89,1708826816.9
0.7,0,90,90,89,89,1708826817.04
0.7,0,90,90,89,89,1708826817.11
0.7,0,89,87,87,85,1708826817.2
0.7,0,88,86,86,84,1708826817.4
0.7,0,88,86,86,84,1708826817.48
0.7,0,88,86,86,84,1708826817.59
0.7,0,88,86,86,84,1708826817.81
0.7,0,88,86,86,84,1708826817.86
0.7,0,88,86,86,84,1708826817.94
0.7,0,89,87,87,87,1708826818.08
0.7,0,89,87,87,87,1708826818.13
0.7,0,88,87,87,86,1708826818.27
0.7,0.35,88,87,85,86,1708826818.38
0.7,0.35,88,87,85,86,1708826818.5
0.7,0.35,88,87,85,86,1708826818.63
0.7,0.35,88,87,85,86,1708826818.67
0.7,0,79,99,78,97,1708826818.84
0.7,0,79,99,78,97,1708826819.24
0.7,0,108,104,104,103,1708826819.31
0.7,0,108,104,104,103,1708826819.48
0.7,0,108,104,104,103,1708826819.57
0.7,0,92,92,91,91,1708826819.74
0.7,0,90,89,88,87,1708826819.83
0.7,0,90,89,88,87,1708826819.88
0.7,0,90,89,88,87,1708826820.04
0.7,0,90,89,88,87,1708826820.11
0.7,0,91,90,89,89,1708826820.18
0.7,0,91,90,89,89,1708826820.34
0.7,0,92,88,87,88,1708826820.47
0.7,0,92,89,89,88,1708826820.56
0.7,0,92,89,89,88,1708826820.65
0.7,0,92,89,89,88,1708826820.86
0.7,0,90,90,89,88,1708826820.92
0.7,0,90,90,89,88,1708826821.04
0.7,0,92,90,89,89,1708826821.13
0.7,0,93,90,90,89,1708826821.28
0.7,0,93,90,90,89,1708826821.36
0.7,0,93,90,90,89,1708826821.44
0.7,0,93,90,90,89,1708826821.55
0.7,0,93,90,90,89,1708826821.69
0.7,0,93,90,90,89,1708826821.84
0.7,0,93,90,90,89,1708826821.88
0.7,0,93,90,90,89,1708826821.99
0.7,0,87,87,87,86,1708826822.11
0.7,0,87,87,87,86,1708826822.34
0.7,0,87,87,87,86,1708826822.4
0.7,0,88,88,86,85,1708826822.47
0.7,0,89,86,86,85,1708826822.54
0.7,0,89,86,86,85,1708826822.66
0.7,0,89,86,86,85,1708826822.79
0.7,0,89,86,86,85,1708826822.9
0.7,0,89,86,86,85,1708826823.07
0.7,-0.35,89,86,86,85,1708826823.27
0.7,-0.31,89,86,86,85,1708826823.31
0.7,0,89,86,86,85,1708826823.4
0.7,0,89,86,86,85,1708826823.48
0.7,0,101,77,98,76,1708826823.56
0.7,0,101,77,98,76,1708826823.67
0.7,0,97,95,94,94,1708826823.8
0.7,0,97,95,94,94,1708826823.91
0.7,0,94,91,92,90,1708826823.97
0.7,0,92,90,91,90,1708826824.12
0.7,0,92,90,91,90,1708826824.28
0.7,0,92,90,91,90,1708826824.37
0.7,0,92,90,91,90,1708826824.43
0.7,0,92,90,91,90,1708826824.54
0.7,0,92,90,91,90,1708826824.72
0.7,0,89,89,89,88,1708826824.87
0.7,0,89,89,89,88,1708826824.96
0.7,0,89,89,89,88,1708826825.08
0.7,0,89,89,89,88,1708826825.14
0.7,0,89,89,89,88,1708826825.3
0.7,0.35,89,89,89,88,1708826825.39
0.7,0,89,89,89,88,1708826825.51
0.7,0,89,89,89,88,1708826825.65
0.7,0,89,89,89,88,1708826825.71
0.7,0,90,96,86,96,1708826825.92
0.7,0,93,91,92,90,1708826826.23
0.7,0,89,89,87,87,1708826826.35
0.7,0,89,89,87,87,1708826826.49
0.7,0,89,89,87,87,1708826826.6
0.7,0,90,88,89,87,1708826826.76
0.7,0,90,88,89,87,1708826826.83
0.7,0,90,88,89,87,1708826826.92
0.7,0,89,88,88,87,1708826827.11
0.7,0,92,90,88,89,1708826827.19
0.7,0,91,90,90,89,1708826827.34
0.7,0,91,90,90,89,1708826827.39
0.7,0,90,89,90,89,1708826827.49
0.7,0,90,89,90,89,1708826827.59
0.7,0,90,89,90,89,1708826827.69
0.7,0,90,89,88,87,1708826827.88
0.7,0,90,89,88,87,1708826827.95
0.7,0,90,87,88,87,1708826828.07
0.7,0,90,87,88,87,1708826828.2
0.7,0,88,88,87,86,1708826828.36
0.7,0,89,87,86,85,1708826828.48
0.7,0,89,87,86,85,1708826828.56
0.7,0,89,87,86,85,1708826828.66
0.7,0.29,89,87,86,85,1708826828.84
0.7,0.35,87,87,88,86,1708826828.91
0.7,0.25,81,96,78,93,1708826829.09
0.7,0,74,105,70,98,1708826829.15
0.7,0,74,105,70,98,1708826829.32
0.7,0,78,103,75,98,1708826829.44
0.7,0,78,103,75,98,1708826829.68
0.7,0,93,93,92,90,1708826829.73
0.7,0,93,90,90,91,1708826829.88
0.7,0,93,90,90,91,1708826829.92
0.7,0,93,90,90,91,1708826830.05
0.7,0,93,90,90,91,1708826830.15
0.7,0,93,90,90,91,1708826830.36
0.7,0,93,90,90,91,1708826830.42
0.7,0,92,90,89,89,1708826830.53
0.7,0,91,89,90,89,1708826830.67
0.7,0,92,90,90,89,1708826830.8
0.7,0,92,90,90,89,1708826831
0.7,0,90,88,87,89,1708826831.13
0.7,0,90,87,89,87,1708826831.23
0.7,0,90,87,89,87,1708826831.32
0.7,0,90,89,89,87,1708826831.48
0.7,0,91,90,91,90,1708826831.56
0.7,0,90,89,89,87,1708826831.68
0.7,0,90,89,89,87,1708826831.83
0.7,0,90,89,89,87,1708826831.88
0.7,0,89,86,86,86,1708826831.99
0.7,0,88,87,88,85,1708826832.15
0.7,0,89,87,89,87,1708826832.28
0.7,0,89,87,89,87,1708826832.39
0.7,0,89,87,89,87,1708826832.49
0.7,0,88,87,84,87,1708826832.64
0.7,0,89,86,86,86,1708826832.78
0.7,0,89,86,86,86,1708826832.87
0.7,0,89,86,86,86,1708826832.95
0.7,0,89,86,86,86,1708826833.08
0.7,0,89,86,86,86,1708826833.2
0.7,0,88,86,86,84,1708826833.38
0.7,0,88,86,86,84,1708826833.47
0.7,0,87,87,88,86,1708826833.57
0.7,0,87,87,88,86,1708826833.84
0.7,0,87,87,88,86,1708826833.88
0.7,0,87,87,88,86,1708826833.94
0.7,0,87,87,88,86,1708826834.09
0.7,0,87,86,89,85,1708826834.19
0.7,0,87,86,89,85,1708826834.34
0.7,0,88,87,85,85,1708826834.47
0.7,0.35,88,87,85,85,1708826834.59
0.7,0,88,87,85,85,1708826834.71
0.7,0,88,87,85,85,1708826834.87
0.7,0,92,96,92,96,1708826834.97
0.7,0,92,96,92,96,1708826835.13
0.7,0,94,92,91,90,1708826835.18
0.7,0,94,92,91,90,1708826835.24
0.7,0,94,92,91,90,1708826835.43
0.7,0,94,92,91,90,1708826835.51
0.7,0,90,89,89,89,1708826835.65
0.7,0,90,89,89,89,1708826835.91
0.7,0,90,89,89,89,1708826835.97
0.7,0,90,89,89,89,1708826836.06
0.7,0.35,90,89,89,89,1708826836.1
0.7,0.35,90,89,89,89,1708826836.18
0.7,0.14,92,90,92,90,1708826836.39
0.7,0,92,90,92,90,1708826836.43
0.7,0,92,90,92,90,1708826836.55
0.7,0,92,90,92,90,1708826836.65
0.7,0,83,102,79,90,1708826836.75
0.7,0,98,97,97,93,1708826836.95
0.7,0,98,97,97,93,1708826837.09
0.7,0,98,97,97,93,1708826837.16
0.7,0,98,97,97,93,1708826837.23
0.7,0,98,97,97,93,1708826837.44
0.7,0,89,90,89,88,1708826837.52
0.7,0,89,90,89,88,1708826837.61
0.7,0,89,90,93,86,1708826837.81
0.7,0,89,92,86,84,1708826837.87
0.7,0,89,92,86,84,1708826837.97
0.7,0,89,92,86,84,1708826838.16
0.7,0,89,92,86,84,1708826838.21
0.7,0.09,89,92,86,84,1708826838.36
0.7,0.35,89,92,86,84,1708826838.5
0.7,0,89,92,86,84,1708826838.6
0.7,0,89,92,86,84,1708826838.66
0.7,0,81,93,80,92,1708826838.83
0.7,0,81,93,80,92,1708826838.93
0.7,0,94,93,93,92,1708826839.06
0.7,0,94,91,92,90,1708826839.2
0.7,0,94,91,92,90,1708826839.25
0.7,0,94,91,92,90,1708826839.44
0.7,0,94,91,92,90,1708826839.54
0.7,0,94,91,92,90,1708826839.63
0.7,0,91,90,91,89,1708826839.82
0.7,0,91,89,88,89,1708826839.89
0.7,0,91,89,88,89,1708826840.31
0.7,0.34,93,87,86,89,1708826840.43
0.7,0.35,93,87,86,89,1708826840.56
0.7,0.35,93,87,86,89,1708826840.69
0.7,0,73,103,70,97,1708826840.82
0.7,0,73,103,70,97,1708826840.99
0.7,0,73,103,70,97,1708826841.04
0.7,0,73,103,70,97,1708826841.12
0.7,0,73,103,70,97,1708826841.22
0.7,0,73,103,70,97,1708826841.51
0.7,0,73,103,70,97,1708826841.56
0.7,0,90,91,89,91,1708826841.67
0.7,0,92,89,90,88,1708826841.8
0.7,0,92,89,90,88,1708826841.89
0.7,0,92,89,90,88,1708826841.96
0.7,0,90,89,89,88,1708826842.08
0.7,0,91,90,89,89,1708826842.17
0.7,0,90,90,89,89,1708826842.31
0.7,0,90,90,89,89,1708826842.39
0.7,0,90,90,89,89,1708826842.49
0.7,0,91,90,90,89,1708826842.57
0.7,0,92,89,89,87,1708826842.67
0.7,0,92,89,89,87,1708826842.77
0.7,0,92,89,89,87,1708826842.92
0.7,0,92,89,89,87,1708826843
0.7,0,92,89,89,87,1708826843.11
0.7,0,90,87,87,87,1708826843.18
0.7,0,90,87,87,87,1708826843.28
0.7,0,90,87,87,87,1708826843.42
0.7,0,90,87,87,87,1708826843.51
0.7,0,89,87,86,86,1708826843.63
0.7,0,89,87,86,86,1708826843.68
0.7,0,88,87,90,85,1708826843.87
0.7,0,88,87,90,85,1708826843.91
0.7,0,88,87,90,85,1708826844
0.7,0,88,87,90,85,1708826844.11
0.7,-0.35,88,87,90,85,1708826844.23
0.7,-0.35,88,87,90,85,1708826844.4
0.7,0,88,87,90,85,1708826844.47
0.7,0,88,87,90,85,1708826844.63
0.7,0,88,87,90,85,1708826844.68
0.7,0,88,87,90,85,1708826844.73
0.7,0,104,100,98,100,1708826844.88
0.7,0,104,100,98,100,1708826844.93
0.7,0,104,100,98,100,1708826845.01
0.7,0,94,90,92,92,1708826845.11
0.7,0,94,90,92,92,1708826845.24
0.7,0,90,87,88,87,1708826845.41
0.7,0,88,89,87,87,1708826845.48
0.7,0,88,89,87,87,1708826845.53
0.7,0.35,88,89,87,87,1708826845.64
0.7,0.35,88,89,87,87,1708826845.92
0.7,0.35,88,89,87,87,1708826845.92
0.7,0.35,80,100,78,98,1708826846.05
0.7,0,69,107,66,101,1708826846.15
0.7,0,66,109,62,108,1708826846.33
0.7,0,66,109,62,108,1708826846.33
0.7,0,76,107,73,104,1708826846.37
0.7,0,103,103,101,100,1708826846.47
0.7,0,103,103,101,100,1708826846.56
0.7,0,95,93,93,92,1708826846.66
0.7,0,95,93,93,92,1708826846.83
0.7,0,95,93,93,92,1708826846.88
0.7,0,95,93,93,92,1708826846.97
0.7,0,90,87,89,87,1708826847.12
0.7,0,90,87,89,87,1708826847.22
0.7,0,90,87,89,87,1708826847.37
0.7,0,90,87,89,87,1708826847.37
0.7,0,90,87,89,87,1708826847.59
0.7,0,90,87,89,87,1708826847.63
0.7,-0.35,90,87,89,87,1708826847.68
0.7,-0.05,92,90,91,89,1708826847.83
0.7,0,92,89,90,88,1708826847.87
0.7,0,92,89,90,88,1708826847.95
0.7,0,99,84,97,82,1708826848.08
0.7,0,98,98,95,93,1708826848.16
0.7,0,96,94,93,94,1708826848.28
0.7,0,96,94,93,94,1708826848.44
0.7,0,96,94,93,94,1708826848.48
0.7,0,92,90,91,89,1708826848.57
0.7,0,92,90,91,89,1708826848.71
0.7,0,92,90,91,89,1708826848.77
0.7,0,90,90,88,88,1708826848.92
0.7,0,90,90,88,88,1708826849
0.7,0,92,88,88,89,1708826849.11
0.7,0.35,90,87,89,89,1708826849.19
0.7,0.35,90,87,89,89,1708826849.38
0.7,0,90,87,89,89,1708826849.43
0.7,0,90,87,89,89,1708826849.51
0.7,0,90,87,89,89,1708826849.61
0.7,0,90,87,89,89,1708826849.7
0.7,0,90,87,89,89,1708826849.79
0.7,0,91,97,98,88,1708826849.94
0.7,0,89,88,87,87,1708826850.07
0.7,0,89,88,87,87,1708826850.13
0.7,0,89,88,87,87,1708826850.2
0.7,0,92,89,87,88,1708826850.37
0.7,0,92,89,89,88,1708826850.47
0.7,0,91,89,89,88,1708826850.56
0.7,0.35,90,89,89,87,1708826850.67
0.7,0.35,90,89,89,87,1708826850.73
0.7,0.35,90,89,89,87,1708826850.85
0.7,0.35,90,89,89,87,1708826850.99
0.7,0.35,90,89,89,87,1708826851.04
0.7,0,90,89,89,87,1708826851.13
0.7,0,90,89,89,87,1708826851.23
0.7,0,90,89,89,87,1708826851.35
0.7,0,104,102,103,101,1708826851.5
0.7,0,104,102,103,101,1708826851.54
0.7,0,104,102,103,101,1708826851.61
0.7,0,104,102,103,101,1708826851.72
0.7,0,104,102,103,101,1708826851.82
0.7,0,104,102,103,101,1708826851.97
0.7,0,90,89,90,88,1708826852.14
0.7,0,90,89,90,88,1708826852.14
0.7,0,90,89,90,88,1708826852.23
0.7,-0.35,90,89,90,88,1708826852.35
0.7,-0.35,90,89,90,88,1708826852.51
0.7,0,90,89,90,88,1708826852.61
0.7,0,98,81,93,81,1708826852.71
0.7,0,98,81,93,81,1708826852.77
0.7,0,98,81,93,81,1708826852.92
0.7,0,99,97,95,97,1708826852.97
0.7,0,99,97,95,97,1708826853.07
0.7,0,99,97,95,97,1708826853.15
0.7,0,99,97,95,97,1708826853.31
0.7,0,89,90,92,87,1708826853.37
0.7,0,89,90,92,87,1708826853.48
0.7,0,89,90,92,87,1708826853.55
0.7,-0.35,90,88,87,88,1708826853.68
0.7,-0.35,90,89,87,87,1708826853.85
0.7,-0.35,90,89,87,87,1708826853.89
0.7,0,90,89,87,87,1708826853.96
0.7,0,90,89,87,87,1708826854.12
0.7,0,90,89,87,87,1708826854.16
0.7,0,109,90,96,90,1708826854.28
0.7,0,95,93,94,92,1708826854.43
0.7,0,95,93,94,92,1708826854.47
0.7,0,95,93,94,92,1708826854.56
0.7,0,95,93,94,92,1708826854.69
0.7,0,95,93,94,92,1708826854.76
0.7,0,90,89,88,89,1708826854.9
0.7,0,90,89,88,89,1708826855
0.7,0,90,89,88,89,1708826855.08
0.7,0,90,89,90,87,1708826855.17
0.7,0,90,89,89,87,1708826855.28
0.7,0,90,89,89,87,1708826855.4
0.7,0,90,89,87,89,1708826855.51
0.7,0,90,89,87,89,1708826855.58
0.7,0,90,89,87,89,1708826855.68
0.7,0,90,89,87,89,1708826855.78
0.7,0,91,91,91,89,1708826855.99
0.7,0,91,91,91,89,1708826856.04
0.7,0,87,87,86,86,1708826856.11
0.7,0,87,87,86,86,1708826856.21
0.7,0,87,87,86,86,1708826856.31
0.7,0,89,86,87,86,1708826856.45
0.7,0.32,89,86,87,86,1708826856.52
0.7,0.35,87,87,87,85,1708826856.59
0.7,0.35,87,87,87,85,1708826856.7
0.7,0.35,87,87,87,85,1708826856.79
0.7,0.35,87,87,87,85,1708826856.93
0.7,0.35,69,104,66,109,1708826857.15
0.7,0.35,64,107,62,110,1708826857.2
0.7,0.35,64,107,62,110,1708826857.31
0.7,0.35,64,107,62,110,1708826857.47
0.7,0.35,64,107,62,110,1708826857.47
0.7,0.35,64,107,62,110,1708826857.53
0.7,0.35,61,110,59,106,1708826857.62
0.7,0,61,110,59,106,1708826857.71
0.7,0,61,109,58,109,1708826857.81
0.7,0,61,109,58,109,1708826857.97
0.7,0,61,109,58,109,1708826858.1
0.7,0,102,98,98,95,1708826858.16
0.7,0,102,98,98,95,1708826858.23
0.7,0,98,95,96,92,1708826858.32
0.7,0,90,91,89,88,1708826858.45
0.7,0,91,89,89,86,1708826858.55
0.7,0,91,89,89,86,1708826858.64
0.7,0,91,89,89,86,1708826858.73
0.7,0,91,89,89,86,1708826858.88
0.7,0,91,89,89,86,1708826858.96
0.7,0,90,89,91,88,1708826859.07
0.7,0,90,90,90,87,1708826859.16
0.7,0,91,90,87,87,1708826859.26
0.7,0,91,90,87,87,1708826859.35
0.7,0,91,90,87,87,1708826859.44
0.7,0,91,88,89,87,1708826859.55
0.7,0,90,90,91,89,1708826859.66
0.7,0,90,90,91,89,1708826859.77
0.7,0,90,90,91,89,1708826859.92
0.7,0,90,90,91,89,1708826859.96
0.7,0.35,87,86,86,86,1708826860.11
0.7,0.35,86,86,87,86,1708826860.17
0.7,0.35,86,86,87,86,1708826860.28
0.7,0.35,78,96,78,96,1708826860.37
0.7,0.35,73,101,71,107,1708826860.48
0.7,0.35,73,101,71,107,1708826860.57
0.7,0.35,73,101,71,107,1708826860.66
0.7,0.35,63,111,58,107,1708826860.75
0.7,0.35,63,117,58,102,1708826860.95
0.7,0.35,63,117,58,102,1708826861
0.7,0,63,117,58,102,1708826861.11
0.7,0,63,110,60,107,1708826861.28
0.7,0,77,109,75,101,1708826861.41
0.7,0,77,109,75,101,1708826861.48
0.7,0,77,109,75,101,1708826861.59
0.7,0,95,95,91,92,1708826861.68
0.7,0,95,95,91,92,1708826861.72
0.7,0,94,90,89,90,1708826861.81
0.7,0,94,90,89,90,1708826861.91
0.7,0,90,89,90,87,1708826862.05
0.7,0,90,89,90,87,1708826862.11
0.7,0,90,89,90,87,1708826862.26
0.7,0,87,89,84,84,1708826862.35
0.7,0,92,89,91,89,1708826862.51
0.7,0,91,89,90,89,1708826862.55
0.7,0,91,89,90,89,1708826862.61
0.7,0,90,89,89,88,1708826862.69
0.7,0,92,90,90,89,1708826862.92
0.7,0,92,90,90,89,1708826862.92
0.7,0,91,87,88,89,1708826863.09
0.7,0,91,87,88,89,1708826863.15
0.7,0,91,87,88,89,1708826863.22
0.7,0,91,87,88,89,1708826863.35
0.7,0,91,87,88,89,1708826863.43
0.7,0,91,87,88,89,1708826863.52
0.7,0,91,87,88,89,1708826863.59
0.7,0,87,87,86,85,1708826863.69
0.7,0,87,86,86,81,1708826863.81
0.7,0,87,86,86,81,1708826863.97
0.7,0,87,84,83,86,1708826864.05
0.7,0,87,84,83,86,1708826864.12
0.7,0,87,87,84,87,1708826864.23
0.7,0,87,87,84,87,1708826864.33
0.7,0,87,86,86,83,1708826864.47
0.7,0,87,86,86,83,1708826864.51
0.7,0,90,87,89,87,1708826864.61
0.7,0,88,86,91,86,1708826864.73
0.7,0,88,86,91,86,1708826864.88
0.7,0,88,86,91,86,1708826864.92
0.7,0,86,87,85,84,1708826865.02
0.7,0,86,87,85,84,1708826865.11
0.7,0,86,87,85,84,1708826865.24
0.7,0,86,87,85,84,1708826865.32
0.7,0,89,87,88,86,1708826865.47
0.7,0,89,87,88,86,1708826865.52
0.7,0,87,86,86,85,1708826865.68
0.7,0,87,86,86,85,1708826865.77
0.7,0,87,86,86,85,1708826865.83
0.7,0,87,86,86,85,1708826866.04
0.7,0,87,86,86,85,1708826866.11
0.7,0,87,86,86,85,1708826866.2
0.7,0,87,86,86,85,1708826866.23
0.7,0,87,86,86,85,1708826866.33
0.7,0,87,87,86,85,1708826866.46
0.7,0,87,87,86,85,1708826866.56
0.7,0,88,87,87,86,1708826866.63
0.7,0,88,87,87,86,1708826866.73
0.7,0.17,88,87,87,86,1708826866.9
0.7,0.35,88,87,87,86,1708826866.96
0.7,0.35,87,87,86,84,1708826867.08
0.7,0,87,87,86,84,1708826867.16
0.7,0,77,99,76,95,1708826867.27
0.7,0,77,99,76,95,1708826867.4
0.7,0,77,99,76,95,1708826867.47
0.7,0,102,98,98,96,1708826867.57
0.7,0,102,98,98,96,1708826867.64
0.7,0,100,98,96,96,1708826867.75
0.7,0,100,98,96,96,1708826867.93
0.7,0,100,98,96,96,1708826867.97
0.7,0,100,98,96,96,1708826868.05
0.7,0,100,98,96,96,1708826868.15
0.7,0,100,98,96,96,1708826868.27
0.7,0,100,98,96,96,1708826868.38
0.7,0.35,92,90,89,88,1708826868.52
0.7,0.35,92,90,89,88,1708826868.57
0.7,0,92,90,89,88,1708826868.66
0.7,0,92,90,89,88,1708826868.77
0.7,0,92,90,89,88,1708826868.93
0.7,0,98,98,96,95,1708826869.07
0.7,0,98,98,96,95,1708826869.11
0.7,0,98,98,96,95,1708826869.19
0.7,0,98,98,96,95,1708826869.3
0.7,0,92,90,90,89,1708826869.43
0.7,0,92,90,90,89,1708826869.53
0.7,0,92,90,90,89,1708826869.6
0.7,0,91,90,89,89,1708826869.7
0.7,0.35,91,90,89,89,1708826869.89
0.7,0.35,91,90,89,89,1708826869.96
0.7,0.23,91,90,89,89,1708826870.07
0.7,0,91,90,89,89,1708826870.18
0.7,0,91,90,89,89,1708826870.24
0.7,0,72,102,69,105,1708826870.4
0.7,0,86,96,78,104,1708826870.49
0.7,0,96,91,90,90,1708826870.65
0.7,0,96,91,90,90,1708826870.71
0.7,0,96,91,90,90,1708826870.76
0.7,0,92,90,90,88,1708826870.84
0.7,0,92,90,90,88,1708826870.96
0.7,0,92,90,90,88,1708826871.07
0.7,0,90,88,88,87,1708826871.16
0.7,0,89,89,88,87,1708826871.25
0.7,0,89,89,88,87,1708826871.48
0.7,0,89,89,88,87,1708826871.54
0.7,0,89,89,88,87,1708826871.6
0.7,0,90,91,88,86,1708826871.68
0.7,0,91,90,89,89,1708826871.79
0.7,0,90,89,89,89,1708826871.95
0.7,0,90,89,89,89,1708826872.01
0.7,0,90,89,89,89,1708826872.15
0.7,0,90,89,89,89,1708826872.26
0.7,0,90,89,89,89,1708826872.37
0.7,0,90,89,89,89,1708826872.44
0.7,0,90,89,89,89,1708826872.54
0.7,0,90,89,89,89,1708826872.67
0.7,0,90,89,89,89,1708826872.72
0.7,0,89,87,88,85,1708826872.91
0.7,0,89,87,88,85,1708826872.99
0.7,0,89,87,88,85,1708826873.07
0.7,0,89,87,88,85,1708826873.17
0.7,0,87,87,86,86,1708826873.25
0.7,0,87,87,86,86,1708826873.38
0.7,0,87,87,86,86,1708826873.44
0.7,0,89,87,87,87,1708826873.54
0.7,0,89,87,86,86,1708826873.67
0.7,0,89,85,85,84,1708826873.91
0.7,0,89,85,85,84,1708826873.95
0.7,0,89,87,87,86,1708826874.07
0.7,0,89,87,87,86,1708826874.11
0.7,0.35,89,88,88,87,1708826874.19
0.7,0.35,89,88,88,87,1708826874.31
0.7,0,89,88,88,87,1708826874.47
0.7,0,89,88,88,87,1708826874.52
0.7,0,89,88,88,87,1708826874.58
0.7,0,99,100,95,96,1708826874.71
0.7,0,99,100,95,96,1708826874.82
0.7,0,96,94,95,93,1708826874.96
0.7,0,95,93,93,92,1708826875.01
0.7,0,95,93,93,92,1708826875.11
0.7,0,95,93,93,92,1708826875.2
0.7,0,95,93,93,92,1708826875.39
0.7,0,95,93,93,92,1708826875.44
0.7,0,95,93,93,92,1708826875.53
0.7,0,95,93,93,92,1708826875.64
0.7,0,95,93,93,92,1708826875.76
0.7,0,95,93,93,92,1708826875.9
0.7,0,95,93,93,92,1708826875.96
0.7,0,95,93,93,92,1708826876.07
0.7,0,95,93,93,92,1708826876.15
0.7,0,95,93,93,92,1708826876.28
0.7,0,92,90,90,90,1708826876.36
0.7,0,89,88,88,87,1708826876.51
0.7,0,87,87,86,86,1708826876.59
0.7,0,87,87,86,86,1708826876.68
0.7,0,87,87,86,86,1708826876.79
0.7,0,89,87,87,86,1708826876.99
0.7,0,89,87,87,86,1708826877.07
0.7,0,89,88,88,87,1708826877.14
0.7,0,89,88,88,87,1708826877.23
0.7,0,89,88,88,87,1708826877.32
0.7,0,89,88,88,87,1708826877.47
0.7,0,89,88,88,87,1708826877.51
0.7,0,89,88,87,86,1708826877.63
0.7,0.35,89,88,87,86,1708826877.71
0.7,0.19,89,88,87,86,1708826877.83
0.7,0,89,88,87,86,1708826877.96
0.7,0,89,88,87,86,1708826878.1
0.7,0,89,88,87,86,1708826878.15
0.7,0,84,94,81,98,1708826878.25
0.7,0,84,94,81,98,1708826878.45
0.7,0,84,94,81,98,1708826878.5
0.7,0,84,94,81,98,1708826878.56
0.7,0,90,90,88,88,1708826878.69
0.7,0,90,90,88,88,1708826878.8
0.7,0,92,89,91,87,1708826878.88
0.7,0,92,89,91,87,1708826879.03
0.7,0,92,89,91,87,1708826879.16
0.7,0,93,88,86,88,1708826879.24
0.7,0,93,88,86,88,1708826879.43
0.7,0,93,88,86,88,1708826879.43
0.7,0,91,89,89,89,1708826879.51
0.7,0,91,89,89,89,1708826879.6
0.7,0.35,91,89,89,89,1708826879.73
0.7,0.35,91,89,89,89,1708826879.84
0.7,0,91,89,89,89,1708826879.92
0.7,0,91,89,89,89,1708826880.07
0.7,0,86,101,82,103,1708826880.15
0.7,0,86,101,82,103,1708826880.23
0.7,0,86,101,82,103,1708826880.33
0.7,0,93,94,93,87,1708826880.47
0.7,0,87,92,87,85,1708826880.57
0.7,0,87,92,87,85,1708826880.64
0.7,0,90,90,88,89,1708826880.75
0.7,0,91,90,89,89,1708826880.87
0.7,0,91,90,90,89,1708826880.96
0.7,0,91,90,90,89,1708826881.09
0.7,0,91,90,90,89,1708826881.16
0.7,0,89,89,89,87,1708826881.29
0.7,0,90,89,86,88,1708826881.44
0.7,0,92,88,84,87,1708826881.48
0.7,0,92,88,84,87,1708826881.59
0.7,0,92,88,84,87,1708826881.69
0.7,0,92,88,84,87,1708826881.78
0.7,0,92,88,84,87,1708826881.96
0.7,0,90,89,89,89,1708826882.04
0.7,0,90,89,89,89,1708826882.09
0.7,0,90,89,89,89,1708826882.22
0.7,0,89,87,86,86,1708826882.33
0.7,0,89,86,86,86,1708826882.45
0.7,0,89,86,86,86,1708826882.55
0.7,0,89,86,86,86,1708826882.61
0.7,0,89,86,86,86,1708826882.72
0.7,0,89,86,86,86,1708826882.85
0.7,0,88,87,87,84,1708826883
0.7,0,88,87,88,86,1708826883.07
0.7,0,88,87,88,86,1708826883.16
0.7,0,88,87,88,86,1708826883.27
0.7,0,88,87,88,86,1708826883.37
0.7,0,89,87,86,87,1708826883.48
0.7,0,89,87,86,87,1708826883.59
0.7,0,89,87,86,87,1708826883.66
0.7,0,89,87,86,87,1708826883.76
0.7,0,88,86,88,86,1708826883.92
0.7,0,89,86,86,86,1708826884
0.7,0,89,86,86,86,1708826884.12
0.7,0,89,86,84,86,1708826884.27
0.7,0,89,86,84,86,1708826884.32
0.7,0,90,87,87,87,1708826884.38
0.7,0,89,87,87,88,1708826884.51
0.7,0,89,87,87,88,1708826884.62
0.7,0.35,88,86,87,86,1708826884.7
0.7,0.34,88,86,87,86,1708826884.8
0.7,0,88,86,87,86,1708826884.91
0.7,0,73,101,73,97,1708826885.08
0.7,0,73,101,73,97,1708826885.12
0.7,0,78,100,76,107,1708826885.21
0.7,0,96,96,95,92,1708826885.39
0.7,0,95,93,92,92,1708826885.53
0.7,0,95,93,92,92,1708826885.59
0.7,0,95,93,92,92,1708826885.65
0.7,0,95,93,92,92,1708826885.77
0.7,0,95,93,92,92,1708826885.85
0.7,0,87,90,88,85,1708826886.07
0.7,0,87,90,88,85,1708826886.11
0.7,0,87,90,88,85,1708826886.21
0.7,0,90,87,86,90,1708826886.3
0.7,0,92,89,90,87,1708826886.52
0.7,0,92,89,90,87,1708826886.52
0.7,0,92,89,90,87,1708826886.58
0.7,0,90,91,89,87,1708826886.71
0.7,0,90,91,89,87,1708826886.82
0.7,0,95,87,82,89,1708826886.99
0.7,0,91,87,89,90,1708826887.04
0.7,0,91,87,89,90,1708826887.11
0.7,0,91,87,89,90,1708826887.23
0.7,0,91,87,89,90,1708826887.33
0.7,0,91,87,89,90,1708826887.48
0.7,0,88,87,86,85,1708826887.59
0.7,0,88,87,86,85,1708826887.72
0.7,0,87,87,88,85,1708826887.96
0.7,0,87,87,88,85,1708826887.96
0.7,0,87,87,88,85,1708826888.07
0.7,0,87,87,88,85,1708826888.12
0.7,0,87,87,88,85,1708826888.35
0.7,0,87,87,88,85,1708826888.41
0.7,0,87,87,88,85,1708826888.59
0.7,0,87,87,88,85,1708826888.59
0.7,0,87,87,88,85,1708826888.66
0.7,0,89,87,84,86,1708826888.76
0.7,0,89,87,84,86,1708826888.98
0.7,0,89,87,84,86,1708826889.03
0.7,0,87,86,86,85,1708826889.09
0.7,0,87,86,86,85,1708826889.2
0.7,0,87,86,86,85,1708826889.31
0.7,0,88,86,83,84,1708826889.46
0.7,0,88,86,85,86,1708826889.51
0.7,0,88,86,85,86,1708826889.6
0.7,0,88,86,85,86,1708826889.72
0.7,0,88,86,85,86,1708826889.8
0.7,0,88,86,89,87,1708826889.98
0.7,0,88,86,89,87,1708826890.04
0.7,0,88,86,89,87,1708826890.12
0.7,0,90,87,87,86,1708826890.22
0.7,0,88,87,86,87,1708826890.34
0.7,0,88,87,86,87,1708826890.49
0.7,0,88,87,86,87,1708826890.53
0.7,0,89,87,88,86,1708826890.63
0.7,0,89,87,88,86,1708826890.73
0.7,0.35,90,87,86,86,1708826890.87
0.7,0.35,90,87,86,86,1708826890.93
0.7,0.35,90,87,86,86,1708826891.17
0.7,0,90,87,86,86,1708826891.29
0.7,0,90,87,86,86,1708826891.33
0.7,0,67,108,67,104,1708826891.39
0.7,0,101,101,98,100,1708826891.51
0.7,0,101,101,98,100,1708826891.57
0.7,0,101,101,98,100,1708826891.66
0.7,0,101,101,98,100,1708826891.77
0.7,0,101,101,98,100,1708826891.98
0.7,0,101,101,98,100,1708826892.07
0.7,0,101,101,98,100,1708826892.19
0.7,0,101,101,98,100,1708826892.25
0.7,0,92,89,90,90,1708826892.32
0.7,-0.17,92,89,90,90,1708826892.45
0.7,-0.35,92,89,90,90,1708826892.55
0.7,-0.35,91,90,89,89,1708826892.69
0.7,0,105,75,102,73,1708826892.85
0.7,0,105,75,102,73,1708826892.9
0.7,0,105,67,106,67,1708826893.07
0.7,0,105,67,106,67,1708826893.11
0.7,0,105,67,106,67,1708826893.16
0.7,0,100,98,100,98,1708826893.27
0.7,0,100,98,100,98,1708826893.36
0.7,0,93,91,91,89,1708826893.49
0.7,0,93,91,91,89,1708826893.59
0.7,0,93,91,91,89,1708826893.69
0.7,0,89,89,86,87,1708826893.83
0.7,0,90,89,90,89,1708826893.96
0.7,0,90,89,90,89,1708826894.01
0.7,0,90,89,90,89,1708826894.1
0.7,0.35,90,89,90,89,1708826894.21
0.7,0.35,92,90,87,90,1708826894.35
0.7,0,92,90,87,90,1708826894.43
0.7,0,92,90,87,90,1708826894.52
0.7,0,76,101,74,100,1708826894.62
0.7,0,76,101,74,100,1708826894.76
0.7,0,76,101,74,100,1708826894.87
0.7,0,95,95,93,93,1708826895.02
0.7,0,95,95,93,93,1708826895.06
0.7,0,95,95,93,93,1708826895.14
0.7,0,91,90,91,89,1708826895.25
0.7,0,91,89,90,89,1708826895.37
0.7,0,91,89,90,89,1708826895.63
0.7,0,91,89,90,89,1708826895.63
0.7,0,91,89,90,89,1708826895.67
0.7,0,91,89,90,89,1708826895.78
0.7,0,91,89,90,89,1708826895.91
0.7,0,92,90,90,89,1708826896.09
0.7,0,92,90,90,89,1708826896.09
0.7,0,92,90,89,87,1708826896.19
0.7,0,90,89,87,88,1708826896.32
0.7,0,90,89,87,88,1708826896.4
0.7,0,90,89,87,88,1708826896.57
0.7,0,90,89,87,88,1708826896.66
0.7,0,90,89,87,88,1708826896.71
0.7,0,89,87,86,86,1708826896.99
0.7,0.34,89,87,86,86,1708826896.99
0.7,0.35,89,87,86,86,1708826897.13
0.7,0,88,86,87,85,1708826897.2
0.7,0,72,101,72,104,1708826897.31
0.7,0,72,101,72,104,1708826897.38
0.7,0,72,101,72,104,1708826897.53
0.7,0,100,95,95,95,1708826897.64
0.7,0,92,92,90,90,1708826897.72
0.7,0,89,90,89,89,1708826897.85
0.7,0,92,89,91,89,1708826898.03
0.7,0,92,89,91,89,1708826898.09
0.7,0,91,89,87,89,1708826898.27
0.7,0,91,89,87,89,1708826898.27
0.7,0,91,89,87,89,1708826898.36
0.7,0,92,87,85,89,1708826898.46
0.7,0,92,87,85,89,1708826898.61
0.7,0,92,91,90,87,1708826898.67
0.7,0,90,89,91,84,1708826898.77
0.7,0,90,89,91,84,1708826898.88
0.7,0,90,89,91,84,1708826899.04
0.7,0.35,90,89,91,84,1708826899.16
0.7,0.35,90,89,91,84,1708826899.22
0.7,0,93,90,93,87,1708826899.32
0.7,0,93,90,93,87,1708826899.42
0.7,0,93,90,93,87,1708826899.52
0.7,0,72,96,73,112,1708826899.6
0.7,0,98,91,89,89,1708826899.73
0.7,0,95,93,93,92,1708826899.89
0.7,0,92,90,91,90,1708826900.05
0.7,0,92,90,91,90,1708826900.05
0.7,0,92,90,91,90,1708826900.13
0.7,0,92,90,90,89,1708826900.32
0.7,0,92,90,90,89,1708826900.37
0.7,0,92,90,90,89,1708826900.44
0.7,0,92,90,90,89,1708826900.55
0.7,0,92,90,90,88,1708826900.68
0.7,0,92,89,90,87,1708826900.79
0.7,0,92,89,90,87,1708826900.95
0.7,0,90,89,89,89,1708826901.1
0.7,0,90,89,89,89,1708826901.1
0.7,0,90,89,89,89,1708826901.19
0.7,0,90,89,89,89,1708826901.31
0.7,0,90,89,89,87,1708826901.51
0.7,0,90,89,89,87,1708826901.56
0.7,0,90,89,89,87,1708826901.64
0.7,0,90,89,89,87,1708826901.75
0.7,0,90,89,89,87,1708826901.84
0.7,0,90,89,89,87,1708826901.94
0.7,0,92,87,89,87,1708826902.09
0.7,0,92,87,89,87,1708826902.18
0.7,0,92,87,89,87,1708826902.28
0.7,0,92,87,89,87,1708826902.52
0.7,0,92,87,89,87,1708826902.57
0.7,0,92,87,89,87,1708826902.67
0.7,0,88,84,86,84,1708826902.71
0.7,0,88,84,86,84,1708826902.82
0.7,0,88,84,86,84,1708826903
0.7,0,88,84,86,84,1708826903.06
0.7,0,88,86,86,89,1708826903.13
0.7,0,88,86,86,89,1708826903.24
0.7,0,88,86,86,89,1708826903.37
0.7,0,88,86,86,89,1708826903.61
0.7,0,88,86,86,89,1708826903.65
0.7,0,88,86,86,89,1708826903.71
0.7,0,88,86,86,89,1708826903.8
0.7,0,88,86,86,89,1708826903.91
0.7,0,88,86,86,89,1708826903.97
0.7,0,90,87,87,87,1708826904.09
0.7,0,90,87,87,87,1708826904.21
0.7,0,89,88,88,87,1708826904.34
0.7,0,88,87,86,87,1708826904.55
0.7,0,88,87,86,87,1708826904.55
0.7,0.35,88,87,86,87,1708826904.61
0.7,0.35,89,86,87,85,1708826904.71
0.7,0,89,86,87,85,1708826904.85
0.7,0,80,95,81,91,1708826905.01
0.7,0,74,101,73,102,1708826905.07
0.7,0,74,101,73,102,1708826905.13
0.7,0,74,101,73,102,1708826905.25
0.7,0,74,101,73,102,1708826905.36
0.7,0,74,101,73,102,1708826905.6
0.7,0,74,101,73,102,1708826905.6
0.7,0,74,101,73,102,1708826905.65
0.7,0,74,101,73,102,1708826905.75
0.7,0,90,90,90,89,1708826905.88
0.7,0,90,90,90,89,1708826906.09
0.7,0,90,90,90,89,1708826906.09
0.7,0,90,90,90,89,1708826906.16
0.7,0,90,90,90,89,1708826906.27
0.7,0,90,90,90,89,1708826906.4
0.7,0,90,90,90,89,1708826906.58
0.7,0,90,90,90,89,1708826906.62
0.7,0,92,89,89,89,1708826906.69
0.7,0,92,89,89,89,1708826906.82
0.7,0,91,89,89,88,1708826906.97
0.7,0,91,89,89,88,1708826907.01
0.7,0.11,90,89,89,88,1708826907.11
0.7,0.35,90,85,83,88,1708826907.22
0.7,0.35,90,86,84,87,1708826907.35
0.7,0,90,86,84,87,1708826907.53
0.7,0,90,86,84,87,1708826907.57
0.7,0,70,106,68,106,1708826907.65
0.7,0,91,103,87,100,1708826907.76
0.7,0,91,103,87,100,1708826907.87
0.7,0,96,94,93,93,1708826908.03
0.7,0,96,94,93,93,1708826908.08
0.7,0,96,94,93,93,1708826908.16
0.7,0,96,94,93,93,1708826908.27
0.7,0,93,90,93,90,1708826908.37
0.7,0,93,90,93,90,1708826908.56
0.7,0,93,90,93,90,1708826908.61
0.7,0,90,89,87,88,1708826908.71
0.7,0,91,90,90,88,1708826908.87
0.7,0,91,90,91,89,1708826909.04
0.7,0,91,90,91,89,1708826909.16
0.7,0,91,90,91,89,1708826909.16
0.7,0,91,90,91,89,1708826909.28
0.7,0,91,90,91,89,1708826909.39
0.7,0,91,90,91,89,1708826909.6
0.7,0,91,90,91,89,1708826909.6
0.7,0,91,90,90,90,1708826909.69
0.7,-0.35,91,90,90,90,1708826909.84
0.7,0,91,90,90,90,1708826909.92
0.7,0,91,90,90,90,1708826910.08
0.7,0,91,90,90,90,1708826910.16
0.7,0,91,90,90,90,1708826910.29
0.7,0,95,93,95,93,1708826910.39
0.7,0,95,93,95,93,1708826910.59
0.7,0,95,93,95,93,1708826910.64
0.7,0,92,90,90,89,1708826910.71
0.7,0,92,90,90,89,1708826910.82
0.7,0,92,90,90,89,1708826910.92
0.7,0,89,91,90,88,1708826911.11
0.7,0,89,91,90,88,1708826911.23
0.7,0,89,91,90,88,1708826911.28
0.7,0,89,91,90,88,1708826911.36
0.7,0,89,91,90,88,1708826911.49
0.7,0,89,91,90,88,1708826911.6
0.7,0,92,90,92,90,1708826911.67
0.7,0,92,90,92,90,1708826911.81
0.7,0,92,90,92,90,1708826911.91
0.7,0,92,90,89,88,1708826912.1
0.7,0,92,90,89,88,1708826912.15
0.7,0,90,88,89,87,1708826912.35
0.7,0,90,88,89,87,1708826912.41
0.7,0,90,87,87,87,1708826912.55
0.7,0,90,87,87,87,1708826912.59
0.7,0,90,87,86,86,1708826912.68
0.7,0,90,89,89,87,1708826912.79
0.7,0,90,89,89,87,1708826912.95
0.7,0,89,87,88,86,1708826913.01
0.7,0,89,87,88,86,1708826913.08
0.7,0,89,85,86,86,1708826913.19
0.7,0,88,86,84,85,1708826913.29
0.7,0,90,87,87,86,1708826913.42
0.7,0,90,87,87,86,1708826913.59
0.7,0,90,87,87,86,1708826913.63
0.7,0,90,87,87,86,1708826913.71
0.7,0,90,87,87,86,1708826913.93
0.7,0,90,87,87,86,1708826913.98
0.7,0,90,87,87,86,1708826914.04
0.7,0,90,89,88,87,1708826914.15
0.7,0,90,89,88,87,1708826914.28
0.7,0,90,89,88,87,1708826914.37
0.7,0,89,86,87,87,1708826914.56
0.7,0,89,86,87,87,1708826914.6
0.7,0,88,86,84,86,1708826914.71
0.7,0,88,86,84,86,1708826914.79
0.7,0,88,86,84,86,1708826914.88
0.7,0.05,88,86,84,86,1708826915.07
0.7,0.35,88,86,84,86,1708826915.27
0.7,0.35,91,89,89,89,1708826915.37
0.7,0,91,89,89,89,1708826915.53
0.7,0,75,100,73,101,1708826915.61
0.7,0,98,102,98,101,1708826915.71
0.7,0,98,102,98,101,1708826915.85
0.7,0,98,102,98,101,1708826916.08
0.7,0,98,102,98,101,1708826916.08
0.7,0,98,102,98,101,1708826916.15
0.7,0,91,90,90,89,1708826916.24
0.7,0,91,90,90,89,1708826916.38
0.7,0,91,90,91,90,1708826916.58
0.7,0,91,90,91,90,1708826916.63
0.7,0,91,90,91,90,1708826916.72
0.7,0,92,90,89,87,1708826916.88
0.7,0,92,91,92,90,1708826917.03
0.7,0,92,91,92,90,1708826917.14
0.7,0,92,91,92,90,1708826917.21
0.7,0,92,91,92,90,1708826917.63
0.7,0,91,92,92,89,1708826917.75
0.7,0,91,92,92,89,1708826917.88
0.7,0,91,92,92,89,1708826917.95
0.7,0,92,89,88,89,1708826918.15
0.7,0,92,89,88,89,1708826918.21
0.7,0,92,89,88,89,1708826918.34
0.7,0,92,89,88,89,1708826918.5
0.7,0,92,89,88,89,1708826918.57
0.7,0.35,92,89,88,89,1708826918.76
0.7,0.35,92,89,88,89,1708826918.83
0.7,0,92,89,88,89,1708826918.99
0.7,0,76,101,76,99,1708826919.14
0.7,0,101,100,95,97,1708826919.18
0.7,0,101,100,95,97,1708826919.28
0.7,0,101,100,95,97,1708826919.42
0.7,0,101,100,95,97,1708826919.57
0.7,0,101,100,95,97,1708826919.68
0.7,0,101,100,95,97,1708826919.91
0.7,0,101,100,95,97,1708826920.04
0.7,0,101,100,95,97,1708826920.04
0.7,0,91,90,88,89,1708826920.27
0.7,0,91,90,91,90,1708826920.42
0.7,0,91,90,91,90,1708826920.47
0.7,0,91,90,91,90,1708826920.55
0.7,0,91,89,89,89,1708826920.71
0.7,0,91,89,89,89,1708826920.8
0.7,0,91,89,89,89,1708826920.89
0.7,0,91,89,89,89,1708826921.12
0.7,0,91,89,89,89,1708826921.18
0.7,0,91,89,89,89,1708826921.3
0.7,0,91,89,89,89,1708826921.43
0.7,0,90,89,87,89,1708826921.65
0.7,0,89,88,89,87,1708826921.7
0.7,0,89,88,89,87,1708826921.8
0.7,0,90,87,87,87,1708826921.93
0.7,0,88,86,86,85,1708826922.08
0.7,0,88,86,86,85,1708826922.2
0.7,0,88,86,86,85,1708826922.33
0.7,0,88,86,86,85,1708826922.45
0.7,0,88,86,86,85,1708826922.6
0.7,0,88,86,86,85,1708826922.66
0.7,0,87,89,87,81,1708826922.74
0.7,0,86,89,88,77,1708826922.9
0.7,0,86,89,88,77,1708826923.05
0.7,0,92,86,86,90,1708826923.12
0.7,0,92,86,86,90,1708826923.22
0.7,0,92,86,86,90,1708826923.32
0.7,0,92,86,86,90,1708826923.57
0.7,0,92,86,86,90,1708826923.57
0.7,0,87,88,86,80,1708826923.67
0.7,0,87,88,86,80,1708826923.84
0.7,0,89,84,82,83,1708826923.92
0.7,0,87,84,83,86,1708826924.15
0.7,0,87,84,83,86,1708826924.21
0.7,0,92,86,78,85,1708826924.37
0.7,0,92,86,78,85,1708826924.47
0.7,0,92,86,78,85,1708826924.64
0.7,0.35,92,86,78,85,1708826924.72
0.7,0.35,92,86,78,85,1708826924.81
0.7,0.35,92,86,78,85,1708826924.9
0.7,0,74,104,73,98,1708826925.08
0.7,0,69,106,67,106,1708826925.15
0.7,0,69,106,67,106,1708826925.27
0.7,0,103,101,100,98,1708826925.55
0.7,0,103,101,100,98,1708826925.6
0.7,0,92,93,93,90,1708826925.65
0.7,0,92,93,93,90,1708826925.72
0.7,0,92,93,93,90,1708826925.85
0.7,0,92,93,93,90,1708826925.98
0.7,0,93,91,90,90,1708826926.18
0.7,0,93,91,90,90,1708826926.26
0.7,0,91,89,87,88,1708826926.31
0.7,0,91,89,87,88,1708826926.43
0.7,0,91,89,87,88,1708826926.58
0.7,0,93,90,92,87,1708826926.68
0.7,0,93,90,92,87,1708826926.77
0.7,0,93,90,92,87,1708826926.92
0.7,0,93,90,92,87,1708826927.07
0.7,0,93,90,92,87,1708826927.22
0.7,0,91,90,90,88,1708826927.38
0.7,0,91,90,90,88,1708826927.52
0.7,0,91,90,90,88,1708826927.68
0.7,0,91,90,90,88,1708826927.75
0.7,0,91,89,90,89,1708826927.84
0.7,0,90,87,88,87,1708826928.04
0.7,0,90,87,88,87,1708826928.09
0.7,0,90,87,88,87,1708826928.21
0.7,0,90,87,88,87,1708826928.33
0.7,0,90,87,88,87,1708826928.45
0.7,0,90,87,88,87,1708826928.52
0.7,0,90,87,88,87,1708826928.68
0.7,0,90,87,88,87,1708826928.77
0.7,0,90,87,88,87,1708826928.87
0.7,0,88,87,86,86,1708826928.97
0.7,0.35,88,87,86,86,1708826929.16
0.7,0.35,88,87,86,86,1708826929.33
0.7,0.35,88,87,86,86,1708826929.52
0.7,0.35,88,87,86,86,1708826929.6
0.7,0.35,88,87,86,86,1708826929.64
0.7,0.35,88,87,86,86,1708826929.72
0.7,0.35,65,108,63,108,1708826929.93
0.7,0.35,65,108,63,108,1708826930.12
0.7,0.35,65,108,63,108,1708826930.19
0.7,0.35,65,108,63,108,1708826930.24
0.7,0.35,61,107,60,113,1708826930.33
0.7,0.35,61,107,60,113,1708826930.56
0.7,0.35,63,110,59,110,1708826930.62
0.7,0.35,63,110,59,110,1708826930.68
0.7,0.35,63,110,59,110,1708826930.83
0.7,0.35,61,105,60,115,1708826930.92
0.7,0.35,61,105,60,115,1708826931.08
0.7,0.35,61,105,60,115,1708826931.16
0.7,0.35,61,105,60,115,1708826931.27
0.7,0.35,61,105,60,115,1708826931.39
0.7,0.35,63,111,58,108,1708826931.57
0.7,0.35,63,111,58,108,1708826931.62
0.7,0.35,63,111,58,108,1708826931.69
0.7,0.35,63,111,58,108,1708826931.86
0.7,0.35,63,111,58,108,1708826931.93
0.7,0.35,63,110,59,104,1708826932.08
0.7,0.35,64,112,59,107,1708826932.2
0.7,0.35,64,112,59,107,1708826932.31
0.7,0.35,60,111,56,111,1708826932.4
0.7,0.35,60,111,56,111,1708826932.59
0.7,0.35,60,111,56,111,1708826932.64
0.7,0.35,61,111,55,105,1708826932.74
0.7,0.35,61,111,55,105,1708826932.84
0.7,0.35,61,111,55,105,1708826932.93
0.7,0.35,55,109,56,113,1708826933.09
0.7,0.35,55,109,56,113,1708826933.18
0.7,0.35,55,109,56,113,1708826933.28
0.7,0.35,55,109,56,113,1708826933.39
0.7,0.35,60,101,54,122,1708826933.61
0.7,0.35,60,101,54,122,1708826933.69
0.7,0.35,60,101,54,122,1708826933.75
0.7,0.35,63,107,56,114,1708826933.86
0.7,0.35,62,104,55,120,1708826934.04
0.7,0.35,60,105,60,120,1708826934.12
0.7,0.35,60,105,60,120,1708826934.27
0.7,0.35,63,117,58,104,1708826934.37
0.7,0.35,63,117,58,104,1708826934.56
0.7,0.35,61,107,59,113,1708826934.6
0.7,0.35,61,107,59,113,1708826934.71
0.7,0,61,107,59,113,1708826934.81
0.7,0,61,107,59,113,1708826934.99
0.7,0,104,104,96,98,1708826935.13
0.7,0,104,104,96,98,1708826935.23
0.7,0,104,104,96,98,1708826935.31
0.7,0,98,95,98,93,1708826935.45
0.7,0,90,88,83,89,1708826935.59
0.7,0,89,86,92,86,1708826935.69
0.7,0,89,86,92,86,1708826935.83
0.7,0,91,90,89,88,1708826935.88
0.7,0,92,87,86,87,1708826936.03
0.7,0,92,87,86,87,1708826936.18
0.7,0,92,87,86,87,1708826936.24
0.7,0,92,87,86,87,1708826936.38
0.7,0,89,90,92,82,1708826936.47
0.7,0,90,88,91,89,1708826936.63
0.7,0,90,88,91,89,1708826936.73
0.7,0,90,88,91,89,1708826936.8
0.7,0,90,88,91,89,1708826936.9
0.7,0,92,89,92,90,1708826937.04
0.7,0,93,89,84,89,1708826937.19
0.7,0,92,81,84,89,1708826937.34
0.7,0,92,81,84,89,1708826937.43
0.7,0,88,87,86,86,1708826937.6
0.7,0,88,87,86,86,1708826937.65
0.7,0,87,87,85,83,1708826937.79
0.7,0,88,86,91,84,1708826937.92
0.7,0,88,86,91,84,1708826937.97
0.7,-0.35,88,86,91,84,1708826938.11
0.7,-0.35,88,86,91,84,1708826938.23
0.7,-0.35,101,75,87,81,1708826938.35
0.7,-0.35,101,75,87,81,1708826938.61
0.36,-0.72,101,75,87,81,1708826938.67
0,-0.7,113,63,113,61,1708826938.72
0,-0.7,113,63,113,61,1708826938.78
0,-0.7,113,63,113,61,1708826938.98
0,-0.7,82,72,103,72,1708826939.12
0,-0.7,82,72,103,72,1708826939.17
0,-0.7,46,44,44,45,1708826939.27
0,-0.7,46,44,44,45,1708826939.37
0,0,46,44,44,45,1708826939.49
0,0,7,-1,0,0,1708826939.65
0,0,7,-1,0,0,1708826939.84
0,0,7,-1,0,0,1708826939.95
0,0,7,-1,0,0,1708826940.11
0,0,7,-1,0,0,1708826940.21
0,0,7,-1,0,0,1708826940.36
0,-0.7,7,-1,0,0,1708826940.47
0,-0.7,7,-1,0,0,1708826940.6
0,-0.7,7,-1,0,0,1708826940.71
0,-0.7,7,-1,0,0,1708826940.84
0,-0.7,7,-1,0,0,1708826940.95
0,-0.7,6,0,0,3,1708826941.11
0,-0.7,6,0,0,3,1708826941.35
0,-0.7,18,-1,0,-15,1708826941.52
0,-0.7,18,-1,0,-15,1708826941.57
0,-0.7,18,-1,0,-15,1708826941.76
0,-0.7,18,-1,0,-15,1708826941.83
0,-0.7,18,-1,0,-15,1708826941.91
0,-0.7,18,-1,0,-15,1708826942
0,-0.7,18,-1,0,-15,1708826942.16
0,0,21,-5,0,-20,1708826942.31
0,0,21,-5,0,-20,1708826942.37
0,0,18,0,0,-18,1708826942.47
-0.3,0,1,0,0,0,1708826942.63
-0.7,0,1,0,0,0,1708826942.74
-0.7,0,1,0,0,0,1708826942.91
-0.7,0,-11,-3,-7,-8,1708826943.11
-0.7,0,-11,-3,-7,-8,1708826943.15
-0.7,0,-39,-38,-38,-39,1708826943.32
-0.7,0,-44,-46,-46,-44,1708826943.39
-0.7,0,-44,-46,-46,-44,1708826943.44
-0.7,0,-44,-46,-46,-44,1708826943.59
-0.7,0,-44,-46,-46,-44,1708826943.69
0,0,-44,-46,-46,-44,1708826943.77
0,0,-75,-66,-76,-70,1708826943.88
0,0,-75,-66,-76,-70,1708826944.01
0,0,-75,-66,-76,-70,1708826944.11
0,0,-55,-55,-55,-55,1708826944.32
0,-0.7,-30,-29,-29,-29,1708826944.42
0,-0.7,-30,-29,-29,-29,1708826944.49
0,-0.7,-30,-29,-29,-29,1708826944.64
0,-0.7,-30,-29,-29,-29,1708826944.74
0,-0.7,-30,-29,-29,-29,1708826944.88
0,-0.7,-30,-29,-29,-29,1708826944.97
0,-0.7,-2,0,0,0,1708826945.14
0,-0.1,-2,0,0,0,1708826945.29
0,0.7,6,0,0,-4,1708826945.39
0,0.7,6,0,0,-4,1708826945.46
0,0.7,6,0,0,-4,1708826945.65
0,0.7,6,0,0,-4,1708826945.72
-0.7,0.35,-13,4,0,11,1708826945.83
-0.7,0.35,-16,0,0,16,1708826945.99
-0.7,0.35,-16,0,0,16,1708826946.12
-0.7,0.35,-16,0,0,16,1708826946.19
-0.7,0.35,-24,-35,-23,-46,1708826946.38
-0.7,0.35,-24,-35,-23,-46,1708826946.47
