frame_id,timestamp
0,1708826446.106
1,1708826446.156
2,1708826446.206
3,1708826446.256
4,1708826446.306
5,1708826446.356
6,1708826446.406
7,1708826446.456
8,1708826446.506
9,1708826446.556
10,1708826446.606
11,1708826446.656
12,1708826446.706
13,1708826446.756
14,1708826446.806
15,1708826446.856
16,1708826446.906
17,1708826446.956
18,1708826447.006
19,1708826447.056
20,1708826447.106
21,1708826447.156
22,1708826447.206
23,1708826447.256
24,1708826447.306
25,1708826447.356
26,1708826447.406
27,1708826447.456
28,1708826447.506
29,1708826447.556
30,1708826447.606
31,1708826447.656
32,1708826447.706
33,1708826447.756
34,1708826447.806
35,1708826447.856
36,1708826447.906
37,1708826447.956
38,1708826448.006
39,1708826448.056
40,1708826448.106
41,1708826448.156
42,1708826448.206
43,1708826448.256
44,1708826448.306
45,1708826448.356
46,1708826448.406
47,1708826448.456
48,1708826448.506
49,1708826448.556
50,1708826448.606
51,1708826448.656
52,1708826448.706
53,1708826448.756
54,1708826448.806
55,1708826448.856
56,1708826448.906
57,1708826448.956
58,1708826449.006
59,1708826449.056
60,1708826449.106
61,1708826449.156
62,1708826449.206
63,1708826449.256
64,1708826449.306
65,1708826449.356
66,1708826449.406
67,1708826449.456
68,1708826449.506
69,1708826449.556
70,1708826449.606
71,1708826449.656
72,1708826449.706
73,1708826449.756
74,1708826449.806
75,1708826449.856
76,1708826449.906
77,1708826449.956
78,1708826450.006
79,1708826450.056
80,1708826450.106
81,1708826450.156
82,1708826450.206
83,1708826450.256
84,1708826450.306
85,1708826450.356
86,1708826450.406
87,1708826450.456
88,1708826450.506
89,1708826450.556
90,1708826450.606
91,1708826450.656
92,1708826450.706
93,1708826450.756
94,1708826450.806
95,1708826450.856
96,1708826450.906
97,1708826450.956
98,1708826451.006
99,1708826451.056
100,1708826451.106
101,1708826451.156
102,1708826451.206
103,1708826451.256
104,1708826451.306
105,1708826451.356
106,1708826451.406
107,1708826451.456
108,1708826451.506
109,1708826451.556
110,1708826451.606
111,1708826451.656
112,1708826451.706
113,1708826451.756
114,1708826451.806
115,1708826451.856
116,1708826451.906
117,1708826451.956
118,1708826452.006
119,1708826452.056
120,1708826452.106
121,1708826452.156
122,1708826452.206
123,1708826452.256
124,1708826452.306
125,1708826452.356
126,1708826452.406
127,1708826452.456
128,1708826452.506
129,1708826452.556
130,1708826452.606
131,1708826452.656
132,1708826452.706
133,1708826452.756
134,1708826452.806
135,1708826452.856
136,1708826452.906
137,1708826452.956
138,1708826453.006
139,1708826453.056
140,1708826453.106
141,1708826453.156
142,1708826453.206
143,1708826453.256
144,1708826453.306
145,1708826453.356
146,1708826453.406
147,1708826453.456
148,1708826453.506
149,1708826453.556
150,1708826453.606
151,1708826453.656
152,1708826453.706
153,1708826453.756
154,1708826453.806
155,1708826453.856
156,1708826453.906
157,1708826453.956
158,1708826454.006
159,1708826454.056
160,1708826454.106
161,1708826454.156
162,1708826454.206
163,1708826454.256
164,1708826454.306
165,1708826454.356
166,1708826454.406
167,1708826454.456
168,1708826454.506
169,1708826454.556
170,1708826454.606
171,1708826454.656
172,1708826454.706
173,1708826454.756
174,1708826454.806
175,1708826454.856
176,1708826454.906
177,1708826454.956
178,1708826455.006
179,1708826455.056
180,1708826455.106
181,1708826455.156
182,1708826455.206
183,1708826455.256
184,1708826455.306
185,1708826455.356
186,1708826455.406
187,1708826455.456
188,1708826455.506
189,1708826455.556
190,1708826455.606
191,1708826455.656
192,1708826455.706
193,1708826455.756
194,1708826455.806
195,1708826455.856
196,1708826455.906
197,1708826455.956
198,1708826456.006
199,1708826456.056
200,1708826456.106
201,1708826456.156
202,1708826456.206
203,1708826456.256
204,1708826456.306
205,1708826456.356
206,1708826456.406
207,1708826456.456
208,1708826456.506
209,1708826456.556
210,1708826456.606
211,1708826456.656
212,1708826456.706
213,1708826456.756
214,1708826456.806
215,1708826456.856
216,1708826456.906
217,1708826456.956
218,1708826457.006
219,1708826457.056
220,1708826457.106
221,1708826457.156
222,1708826457.206
223,1708826457.256
224,1708826457.306
225,1708826457.356
226,1708826457.406
227,1708826457.456
228,1708826457.506
229,1708826457.556
230,1708826457.606
231,1708826457.656
232,1708826457.706
233,1708826457.756
234,1708826457.806
235,1708826457.856
236,1708826457.906
237,1708826457.956
238,1708826458.006
239,1708826458.056
240,1708826458.106
241,1708826458.156
242,1708826458.206
243,1708826458.256
244,1708826458.306
245,1708826458.356
246,1708826458.406
247,1708826458.456
248,1708826458.506
249,1708826458.556
250,1708826458.606
251,1708826458.656
252,1708826458.706
253,1708826458.756
254,1708826458.806
255,1708826458.856
256,1708826458.906
257,1708826458.956
258,1708826459.006
259,1708826459.056
260,1708826459.106
261,1708826459.156
262,1708826459.206
263,1708826459.256
264,1708826459.306
265,1708826459.356
266,1708826459.406
267,1708826459.456
268,1708826459.506
269,1708826459.556
270,1708826459.606
271,1708826459.656
272,1708826459.706
273,1708826459.756
274,1708826459.806
275,1708826459.856
276,1708826459.906
277,1708826459.956
278,1708826460.006
279,1708826460.056
280,1708826460.106
281,1708826460.156
282,1708826460.206
283,1708826460.256
284,1708826460.306
285,1708826460.356
286,1708826460.406
287,1708826460.456
288,1708826460.506
289,1708826460.556
290,1708826460.606
291,1708826460.656
292,1708826460.706
293,1708826460.756
294,1708826460.806
295,1708826460.856
296,1708826460.906
297,1708826460.956
298,1708826461.006
299,1708826461.056
300,1708826461.106
301,1708826461.156
302,1708826461.206
303,1708826461.256
304,1708826461.306
305,1708826461.356
306,1708826461.406
307,1708826461.456
308,1708826461.506
309,1708826461.556
310,1708826461.606
311,1708826461.656
312,1708826461.706
313,1708826461.756
314,1708826461.806
315,1708826461.856
316,1708826461.906
317,1708826461.956
318,1708826462.006
319,1708826462.056
320,1708826462.106
321,1708826462.156
322,1708826462.206
323,1708826462.256
324,1708826462.306
325,1708826462.356
326,1708826462.406
327,1708826462.456
328,1708826462.506
329,1708826462.556
330,1708826462.606
331,1708826462.656
332,1708826462.706
333,1708826462.756
334,1708826462.806
335,1708826462.856
336,1708826462.906
337,1708826462.956
338,1708826463.006
339,1708826463.056
340,1708826463.106
341,1708826463.156
342,1708826463.206
343,1708826463.256
344,1708826463.306
345,1708826463.356
346,1708826463.406
347,1708826463.456
348,1708826463.506
349,1708826463.556
350,1708826463.606
351,1708826463.656
352,1708826463.706
353,1708826463.756
354,1708826463.806
355,1708826463.856
356,1708826463.906
357,1708826463.956
358,1708826464.006
359,1708826464.056
360,1708826464.106
361,1708826464.156
362,1708826464.206
363,1708826464.256
364,1708826464.306
365,1708826464.356
366,1708826464.406
367,1708826464.456
368,1708826464.506
369,1708826464.556
370,1708826464.606
371,1708826464.656
372,1708826464.706
373,1708826464.756
374,1708826464.806
375,1708826464.856
376,1708826464.906
377,1708826464.956
378,1708826465.006
379,1708826465.056
380,1708826465.106
381,1708826465.156
382,1708826465.206
383,1708826465.256
384,1708826465.306
385,1708826465.356
386,1708826465.406
387,1708826465.456
388,1708826465.506
389,1708826465.556
390,1708826465.606
391,1708826465.656
392,1708826465.706
393,1708826465.756
394,1708826465.806
395,1708826465.856
396,1708826465.906
397,1708826465.956
398,1708826466.006
399,1708826466.056
400,1708826466.106
401,1708826466.156
402,1708826466.206
403,1708826466.256
404,1708826466.306
405,1708826466.356
406,1708826466.406
407,1708826466.456
408,1708826466.506
409,1708826466.556
410,1708826466.606
411,1708826466.656
412,1708826466.706
413,1708826466.756
414,1708826466.806
415,1708826466.856
416,1708826466.906
417,1708826466.956
418,1708826467.006
419,1708826467.056
420,1708826467.106
421,1708826467.156
422,1708826467.206
423,1708826467.256
424,1708826467.306
425,1708826467.356
426,1708826467.406
427,1708826467.456
428,1708826467.506
429,1708826467.556
430,1708826467.606
431,1708826467.656
432,1708826467.706
433,1708826467.756
434,1708826467.806
435,1708826467.856
436,1708826467.906
437,1708826467.956
438,1708826468.006
439,1708826468.056
440,1708826468.106
441,1708826468.156
442,1708826468.206
443,1708826468.256
444,1708826468.306
445,1708826468.356
446,1708826468.406
447,1708826468.456
448,1708826468.506
449,1708826468.556
450,1708826468.606
451,1708826468.656
452,1708826468.706
453,1708826468.756
454,1708826468.806
455,1708826468.856
456,1708826468.906
457,1708826468.956
458,1708826469.006
459,1708826469.056
460,1708826469.106
461,1708826469.156
462,1708826469.206
463,1708826469.256
464,1708826469.306
465,1708826469.356
466,1708826469.406
467,1708826469.456
468,1708826469.506
469,1708826469.556
470,1708826469.606
471,1708826469.656
472,1708826469.706
473,1708826469.756
474,1708826469.806
475,1708826469.856
476,1708826469.906
477,1708826469.956
478,1708826470.006
479,1708826470.056
480,1708826470.106
481,1708826470.156
482,1708826470.206
483,1708826470.256
484,1708826470.306
485,1708826470.356
486,1708826470.406
487,1708826470.456
488,1708826470.506
489,1708826470.556
490,1708826470.606
491,1708826470.656
492,1708826470.706
493,1708826470.756
494,1708826470.806
495,1708826470.856
496,1708826470.906
497,1708826470.956
498,1708826471.006
499,1708826471.056
500,1708826471.106
501,1708826471.156
502,1708826471.206
503,1708826471.256
504,1708826471.306
505,1708826471.356
506,1708826471.406
507,1708826471.456
508,1708826471.506
509,1708826471.556
510,1708826471.606
511,1708826471.656
512,1708826471.706
513,1708826471.756
514,1708826471.806
515,1708826471.856
516,1708826471.906
517,1708826471.956
518,1708826472.006
519,1708826472.056
520,1708826472.106
521,1708826472.156
522,1708826472.206
523,1708826472.256
524,1708826472.306
525,1708826472.356
526,1708826472.406
527,1708826472.456
528,1708826472.506
529,1708826472.556
530,1708826472.606
531,1708826472.656
532,1708826472.706
533,1708826472.756
534,1708826472.806
535,1708826472.856
536,1708826472.906
537,1708826472.956
538,1708826473.006
539,1708826473.056
540,1708826473.106
541,1708826473.156
542,1708826473.206
543,1708826473.256
544,1708826473.306
545,1708826473.356
546,1708826473.406
547,1708826473.456
548,1708826473.506
549,1708826473.556
550,1708826473.606
551,1708826473.656
552,1708826473.706
553,1708826473.756
554,1708826473.806
555,1708826473.856
556,1708826473.906
557,1708826473.956
558,1708826474.006
559,1708826474.056
560,1708826474.106
561,1708826474.156
562,1708826474.206
563,1708826474.256
564,1708826474.306
565,1708826474.356
566,1708826474.406
567,1708826474.456
568,1708826474.506
569,1708826474.556
570,1708826474.606
571,1708826474.656
572,1708826474.706
573,1708826474.756
574,1708826474.806
575,1708826474.856
576,1708826474.906
577,1708826474.956
578,1708826475.006
579,1708826475.056
580,1708826475.106
581,1708826475.156
582,1708826475.206
583,1708826475.256
584,1708826475.306
585,1708826475.356
586,1708826475.406
587,1708826475.456
588,1708826475.506
589,1708826475.556
590,1708826475.606
591,1708826475.656
592,1708826475.706
593,1708826475.756
594,1708826475.806
595,1708826475.856
596,1708826475.906
597,1708826475.956
598,1708826476.006
599,1708826476.056
600,1708826476.106
601,1708826476.156
602,1708826476.206
603,1708826476.256
604,1708826476.306
605,1708826476.356
606,1708826476.406
607,1708826476.456
608,1708826476.506
609,1708826476.556
610,1708826476.606
611,1708826476.656
612,1708826476.706
613,1708826476.756
614,1708826476.806
615,1708826476.856
616,1708826476.906
617,1708826476.956
618,1708826477.006
619,1708826477.056
620,1708826477.106
621,1708826477.156
622,1708826477.206
623,1708826477.256
624,1708826477.306
625,1708826477.356
626,1708826477.406
627,1708826477.456
628,1708826477.506
629,1708826477.556
630,1708826477.606
631,1708826477.656
632,1708826477.706
633,1708826477.756
634,1708826477.806
635,1708826477.856
636,1708826477.906
637,1708826477.956
638,1708826478.006
639,1708826478.056
640,1708826478.106
641,1708826478.156
642,1708826478.206
643,1708826478.256
644,1708826478.306
645,1708826478.356
646,1708826478.406
647,1708826478.456
648,1708826478.506
649,1708826478.556
650,1708826478.606
651,1708826478.656
652,1708826478.706
653,1708826478.756
654,1708826478.806
655,1708826478.856
656,1708826478.906
657,1708826478.956
658,1708826479.006
659,1708826479.056
660,1708826479.106
661,1708826479.156
662,1708826479.206
663,1708826479.256
664,1708826479.306
665,1708826479.356
666,1708826479.406
667,1708826479.456
668,1708826479.506
669,1708826479.556
670,1708826479.606
671,1708826479.656
672,1708826479.706
673,1708826479.756
674,1708826479.806
675,1708826479.856
676,1708826479.906
677,1708826479.956
678,1708826480.006
679,1708826480.056
680,1708826480.106
681,1708826480.156
682,1708826480.206
683,1708826480.256
684,1708826480.306
685,1708826480.356
686,1708826480.406
687,1708826480.456
688,1708826480.506
689,1708826480.556
690,1708826480.606
691,1708826480.656
692,1708826480.706
693,1708826480.756
694,1708826480.806
695,1708826480.856
696,1708826480.906
697,1708826480.956
698,1708826481.006
699,1708826481.056
700,1708826481.106
701,1708826481.156
702,1708826481.206
703,1708826481.256
704,1708826481.306
705,1708826481.356
706,1708826481.406
707,1708826481.456
708,1708826481.506
709,1708826481.556
710,1708826481.606
711,1708826481.656
712,1708826481.706
713,1708826481.756
714,1708826481.806
715,1708826481.856
716,1708826481.906
717,1708826481.956
718,1708826482.006
719,1708826482.056
720,1708826482.106
721,1708826482.156
722,1708826482.206
723,1708826482.256
724,1708826482.306
725,1708826482.356
726,1708826482.406
727,1708826482.456
728,1708826482.506
729,1708826482.556
730,1708826482.606
731,1708826482.656
732,1708826482.706
733,1708826482.756
734,1708826482.806
735,1708826482.856
736,1708826482.906
737,1708826482.956
738,1708826483.006
739,1708826483.056
740,1708826483.106
741,1708826483.156
742,1708826483.206
743,1708826483.256
744,1708826483.306
745,1708826483.356
746,1708826483.406
747,1708826483.456
748,1708826483.506
749,1708826483.556
750,1708826483.606
751,1708826483.656
752,1708826483.706
753,1708826483.756
754,1708826483.806
755,1708826483.856
756,1708826483.906
757,1708826483.956
758,1708826484.006
759,1708826484.056
760,1708826484.106
761,1708826484.156
762,1708826484.206
763,1708826484.256
764,1708826484.306
765,1708826484.356
766,1708826484.406
767,1708826484.456
768,1708826484.506
769,1708826484.556
770,1708826484.606
771,1708826484.656
772,1708826484.706
773,1708826484.756
774,1708826484.806
775,1708826484.856
776,1708826484.906
777,1708826484.956
778,1708826485.006
779,1708826485.056
780,1708826485.106
781,1708826485.156
782,1708826485.206
783,1708826485.256
784,1708826485.306
785,1708826485.356
786,1708826485.406
787,1708826485.456
788,1708826485.506
789,1708826485.556
790,1708826485.606
791,1708826485.656
792,1708826485.706
793,1708826485.756
794,1708826485.806
795,1708826485.856
796,1708826485.906
797,1708826485.956
798,1708826486.006
799,1708826486.056
800,1708826486.106
801,1708826486.156
802,1708826486.206
803,1708826486.256
804,1708826486.306
805,1708826486.356
806,1708826486.406
807,1708826486.456
808,1708826486.506
809,1708826486.556
810,1708826486.606
811,1708826486.656
812,1708826486.706
813,1708826486.756
814,1708826486.806
815,1708826486.856
816,1708826486.906
817,1708826486.956
818,1708826487.006
819,1708826487.056
820,1708826487.106
821,1708826487.156
822,1708826487.206
823,1708826487.256
824,1708826487.306
825,1708826487.356
826,1708826487.406
827,1708826487.456
828,1708826487.506
829,1708826487.556
830,1708826487.606
831,1708826487.656
832,1708826487.706
833,1708826487.756
834,1708826487.806
835,1708826487.856
836,1708826487.906
837,1708826487.956
838,1708826488.006
839,1708826488.056
840,1708826488.106
841,1708826488.156
842,1708826488.206
843,1708826488.256
844,1708826488.306
845,1708826488.356
846,1708826488.406
847,1708826488.456
848,1708826488.506
849,1708826488.556
850,1708826488.606
851,1708826488.656
852,1708826488.706
853,1708826488.756
854,1708826488.806
855,1708826488.856
856,1708826488.906
857,1708826488.956
858,1708826489.006
859,1708826489.056
860,1708826489.106
861,1708826489.156
862,1708826489.206
863,1708826489.256
864,1708826489.306
865,1708826489.356
866,1708826489.406
867,1708826489.456
868,1708826489.506
869,1708826489.556
870,1708826489.606
871,1708826489.656
872,1708826489.706
873,1708826489.756
874,1708826489.806
875,1708826489.856
876,1708826489.906
877,1708826489.956
878,1708826490.006
879,1708826490.056
880,1708826490.106
881,1708826490.156
882,1708826490.206
883,1708826490.256
884,1708826490.306
885,1708826490.356
886,1708826490.406
887,1708826490.456
888,1708826490.506
889,1708826490.556
890,1708826490.606
891,1708826490.656
892,1708826490.706
893,1708826490.756
894,1708826490.806
895,1708826490.856
896,1708826490.906
897,1708826490.956
898,1708826491.006
899,1708826491.056
900,1708826491.106
901,1708826491.156
902,1708826491.206
903,1708826491.256
904,1708826491.306
905,1708826491.356
906,1708826491.406
907,1708826491.456
908,1708826491.506
909,1708826491.556
910,1708826491.606
911,1708826491.656
912,1708826491.706
913,1708826491.756
914,1708826491.806
915,1708826491.856
916,1708826491.906
917,1708826491.956
918,1708826492.006
919,1708826492.056
920,1708826492.106
921,1708826492.156
922,1708826492.206
923,1708826492.256
924,1708826492.306
925,1708826492.356
926,1708826492.406
927,1708826492.456
928,1708826492.506
929,1708826492.556
930,1708826492.606
931,1708826492.656
932,1708826492.706
933,1708826492.756
934,1708826492.806
935,1708826492.856
936,1708826492.906
937,1708826492.956
938,1708826493.006
939,1708826493.056
940,1708826493.106
941,1708826493.156
942,1708826493.206
943,1708826493.256
944,1708826493.306
945,1708826493.356
946,1708826493.406
947,1708826493.456
948,1708826493.506
949,1708826493.556
950,1708826493.606
951,1708826493.656
952,1708826493.706
953,1708826493.756
954,1708826493.806
955,1708826493.856
956,1708826493.906
957,1708826493.956
958,1708826494.006
959,1708826494.056
960,1708826494.106
961,1708826494.156
962,1708826494.206
963,1708826494.256
964,1708826494.306
965,1708826494.356
966,1708826494.406
967,1708826494.456
968,1708826494.506
969,1708826494.556
970,1708826494.606
971,1708826494.656
972,1708826494.706
973,1708826494.756
974,1708826494.806
975,1708826494.856
976,1708826494.906
977,1708826494.956
978,1708826495.006
979,1708826495.056
980,1708826495.106
981,1708826495.156
982,1708826495.206
983,1708826495.256
984,1708826495.306
985,1708826495.356
986,1708826495.406
987,1708826495.456
988,1708826495.506
989,1708826495.556
990,1708826495.606
991,1708826495.656
992,1708826495.706
993,1708826495.756
994,1708826495.806
995,1708826495.856
996,1708826495.906
997,1708826495.956
998,1708826496.006
999,1708826496.056
1000,1708826496.106
1001,1708826496.156
1002,1708826496.206
1003,1708826496.256
1004,1708826496.306
1005,1708826496.356
1006,1708826496.406
1007,1708826496.456
1008,1708826496.506
1009,1708826496.556
1010,1708826496.606
1011,1708826496.656
1012,1708826496.706
1013,1708826496.756
1014,1708826496.806
1015,1708826496.856
1016,1708826496.906
1017,1708826496.956
1018,1708826497.006
1019,1708826497.056
1020,1708826497.106
1021,1708826497.156
1022,1708826497.206
1023,1708826497.256
1024,1708826497.306
1025,1708826497.356
1026,1708826497.406
1027,1708826497.456
1028,1708826497.506
1029,1708826497.556
1030,1708826497.606
1031,1708826497.656
1032,1708826497.706
1033,1708826497.756
1034,1708826497.806
1035,1708826497.856
1036,1708826497.906
1037,1708826497.956
1038,1708826498.006
1039,1708826498.056
1040,1708826498.106
1041,1708826498.156
1042,1708826498.206
1043,1708826498.256
1044,1708826498.306
1045,1708826498.356
1046,1708826498.406
1047,1708826498.456
1048,1708826498.506
1049,1708826498.556
1050,1708826498.606
1051,1708826498.656
1052,1708826498.706
1053,1708826498.756
1054,1708826498.806
1055,1708826498.856
1056,1708826498.906
1057,1708826498.956
1058,1708826499.006
1059,1708826499.056
1060,1708826499.106
1061,1708826499.156
1062,1708826499.206
1063,1708826499.256
1064,1708826499.306
1065,1708826499.356
1066,1708826499.406
1067,1708826499.456
1068,1708826499.506
1069,1708826499.556
1070,1708826499.606
1071,1708826499.656
1072,1708826499.706
1073,1708826499.756
1074,1708826499.806
1075,1708826499.856
1076,1708826499.906
1077,1708826499.956
1078,1708826500.006
1079,1708826500.056
1080,1708826500.106
1081,1708826500.156
1082,1708826500.206
1083,1708826500.256
1084,1708826500.306
1085,1708826500.356
1086,1708826500.406
1087,1708826500.456
1088,1708826500.506
1089,1708826500.556
1090,1708826500.606
1091,1708826500.656
1092,1708826500.706
1093,1708826500.756
1094,1708826500.806
1095,1708826500.856
1096,1708826500.906
1097,1708826500.956
1098,1708826501.006
1099,1708826501.056
1100,1708826501.106
1101,1708826501.156
1102,1708826501.206
1103,1708826501.256
1104,1708826501.306
1105,1708826501.356
1106,1708826501.406
1107,1708826501.456
1108,1708826501.506
1109,1708826501.556
1110,1708826501.606
1111,1708826501.656
1112,1708826501.706
1113,1708826501.756
1114,1708826501.806
1115,1708826501.856
1116,1708826501.906
1117,1708826501.956
1118,1708826502.006
1119,1708826502.056
1120,1708826502.106
1121,1708826502.156
1122,1708826502.206
1123,1708826502.256
1124,1708826502.306
1125,1708826502.356
1126,1708826502.406
1127,1708826502.456
1128,1708826502.506
1129,1708826502.556
1130,1708826502.606
1131,1708826502.656
1132,1708826502.706
1133,1708826502.756
1134,1708826502.806
1135,1708826502.856
1136,1708826502.906
1137,1708826502.956
1138,1708826503.006
1139,1708826503.056
1140,1708826503.106
1141,1708826503.156
1142,1708826503.206
1143,1708826503.256
1144,1708826503.306
1145,1708826503.356
1146,1708826503.406
1147,1708826503.456
1148,1708826503.506
1149,1708826503.556
1150,1708826503.606
1151,1708826503.656
1152,1708826503.706
1153,1708826503.756
1154,1708826503.806
1155,1708826503.856
1156,1708826503.906
1157,1708826503.956
1158,1708826504.006
1159,1708826504.056
1160,1708826504.106
1161,1708826504.156
1162,1708826504.206
1163,1708826504.256
1164,1708826504.306
1165,1708826504.356
1166,1708826504.406
1167,1708826504.456
1168,1708826504.506
1169,1708826504.556
1170,1708826504.606
1171,1708826504.656
1172,1708826504.706
1173,1708826504.756
1174,1708826504.806
1175,1708826504.856
1176,1708826504.906
1177,1708826504.956
1178,1708826505.006
1179,1708826505.056
1180,1708826505.106
1181,1708826505.156
1182,1708826505.206
1183,1708826505.256
1184,1708826505.306
1185,1708826505.356
1186,1708826505.406
1187,1708826505.456
1188,1708826505.506
1189,1708826505.556
1190,1708826505.606
1191,1708826505.656
1192,1708826505.706
1193,1708826505.756
1194,1708826505.806
1195,1708826505.856
1196,1708826505.906
1197,1708826505.956
1198,1708826506.006
1199,1708826506.056
1200,1708826506.106
1201,1708826506.156
1202,1708826506.206
1203,1708826506.256
1204,1708826506.306
1205,1708826506.356
1206,1708826506.406
1207,1708826506.456
1208,1708826506.506
1209,1708826506.556
1210,1708826506.606
1211,1708826506.656
1212,1708826506.706
1213,1708826506.756
1214,1708826506.806
1215,1708826506.856
1216,1708826506.906
1217,1708826506.956
1218,1708826507.006
1219,1708826507.056
1220,1708826507.106
1221,1708826507.156
1222,1708826507.206
1223,1708826507.256
1224,1708826507.306
1225,1708826507.356
1226,1708826507.406
1227,1708826507.456
1228,1708826507.506
1229,1708826507.556
1230,1708826507.606
1231,1708826507.656
1232,1708826507.706
1233,1708826507.756
1234,1708826507.806
1235,1708826507.856
1236,1708826507.906
1237,1708826507.956
1238,1708826508.006
1239,1708826508.056
1240,1708826508.106
1241,1708826508.156
1242,1708826508.206
1243,1708826508.256
1244,1708826508.306
1245,1708826508.356
1246,1708826508.406
1247,1708826508.456
1248,1708826508.506
1249,1708826508.556
1250,1708826508.606
1251,1708826508.656
1252,1708826508.706
1253,1708826508.756
1254,1708826508.806
1255,1708826508.856
1256,1708826508.906
1257,1708826508.956
1258,1708826509.006
1259,1708826509.056
1260,1708826509.106
1261,1708826509.156
1262,1708826509.206
1263,1708826509.256
1264,1708826509.306
1265,1708826509.356
1266,1708826509.406
1267,1708826509.456
1268,1708826509.506
1269,1708826509.556
1270,1708826509.606
1271,1708826509.656
1272,1708826509.706
1273,1708826509.756
1274,1708826509.806
1275,1708826509.856
1276,1708826509.906
1277,1708826509.956
1278,1708826510.006
1279,1708826510.056
1280,1708826510.106
1281,1708826510.156
1282,1708826510.206
1283,1708826510.256
1284,1708826510.306
1285,1708826510.356
1286,1708826510.406
1287,1708826510.456
1288,1708826510.506
1289,1708826510.556
1290,1708826510.606
1291,1708826510.656
1292,1708826510.706
1293,1708826510.756
1294,1708826510.806
1295,1708826510.856
1296,1708826510.906
1297,1708826510.956
1298,1708826511.006
1299,1708826511.056
1300,1708826511.106
1301,1708826511.156
1302,1708826511.206
1303,1708826511.256
1304,1708826511.306
1305,1708826511.356
1306,1708826511.406
1307,1708826511.456
1308,1708826511.506
1309,1708826511.556
1310,1708826511.606
1311,1708826511.656
1312,1708826511.706
1313,1708826511.756
1314,1708826511.806
1315,1708826511.856
1316,1708826511.906
1317,1708826511.956
1318,1708826512.006
1319,1708826512.056
1320,1708826512.106
1321,1708826512.156
1322,1708826512.206
1323,1708826512.256
1324,1708826512.306
1325,1708826512.356
1326,1708826512.406
1327,1708826512.456
1328,1708826512.506
1329,1708826512.556
1330,1708826512.606
1331,1708826512.656
1332,1708826512.706
1333,1708826512.756
1334,1708826512.806
1335,1708826512.856
1336,1708826512.906
1337,1708826512.956
1338,1708826513.006
1339,1708826513.056
1340,1708826513.106
1341,1708826513.156
1342,1708826513.206
1343,1708826513.256
1344,1708826513.306
1345,1708826513.356
1346,1708826513.406
1347,1708826513.456
1348,1708826513.506
1349,1708826513.556
1350,1708826513.606
1351,1708826513.656
1352,1708826513.706
1353,1708826513.756
1354,1708826513.806
1355,1708826513.856
1356,1708826513.906
1357,1708826513.956
1358,1708826514.006
1359,1708826514.056
1360,1708826514.106
1361,1708826514.156
1362,1708826514.206
1363,1708826514.256
1364,1708826514.306
1365,1708826514.356
1366,1708826514.406
1367,1708826514.456
1368,1708826514.506
1369,1708826514.556
1370,1708826514.606
1371,1708826514.656
1372,1708826514.706
1373,1708826514.756
1374,1708826514.806
1375,1708826514.856
1376,1708826514.906
1377,1708826514.956
1378,1708826515.006
1379,1708826515.056
1380,1708826515.106
1381,1708826515.156
1382,1708826515.206
1383,1708826515.256
1384,1708826515.306
1385,1708826515.356
1386,1708826515.406
1387,1708826515.456
1388,1708826515.506
1389,1708826515.556
1390,1708826515.606
1391,1708826515.656
1392,1708826515.706
1393,1708826515.756
1394,1708826515.806
1395,1708826515.856
1396,1708826515.906
1397,1708826515.956
1398,1708826516.006
1399,1708826516.056
1400,1708826516.106
1401,1708826516.156
1402,1708826516.206
1403,1708826516.256
1404,1708826516.306
1405,1708826516.356
1406,1708826516.406
1407,1708826516.456
1408,1708826516.506
1409,1708826516.556
1410,1708826516.606
1411,1708826516.656
1412,1708826516.706
1413,1708826516.756
1414,1708826516.806
1415,1708826516.856
1416,1708826516.906
1417,1708826516.956
1418,1708826517.006
1419,1708826517.056
1420,1708826517.106
1421,1708826517.156
1422,1708826517.206
1423,1708826517.256
1424,1708826517.306
1425,1708826517.356
1426,1708826517.406
1427,1708826517.456
1428,1708826517.506
1429,1708826517.556
1430,1708826517.606
1431,1708826517.656
1432,1708826517.706
1433,1708826517.756
1434,1708826517.806
1435,1708826517.856
1436,1708826517.906
1437,1708826517.956
1438,1708826518.006
1439,1708826518.056
1440,1708826518.106
1441,1708826518.156
1442,1708826518.206
1443,1708826518.256
1444,1708826518.306
1445,1708826518.356
1446,1708826518.406
1447,1708826518.456
1448,1708826518.506
1449,1708826518.556
1450,1708826518.606
1451,1708826518.656
1452,1708826518.706
1453,1708826518.756
1454,1708826518.806
1455,1708826518.856
1456,1708826518.906
1457,1708826518.956
1458,1708826519.006
1459,1708826519.056
1460,1708826519.106
1461,1708826519.156
1462,1708826519.206
1463,1708826519.256
1464,1708826519.306
1465,1708826519.356
1466,1708826519.406
1467,1708826519.456
1468,1708826519.506
1469,1708826519.556
1470,1708826519.606
1471,1708826519.656
1472,1708826519.706
1473,1708826519.756
1474,1708826519.806
1475,1708826519.856
1476,1708826519.906
1477,1708826519.956
1478,1708826520.006
1479,1708826520.056
1480,1708826520.106
1481,1708826520.156
1482,1708826520.206
1483,1708826520.256
1484,1708826520.306
1485,1708826520.356
1486,1708826520.406
1487,1708826520.456
1488,1708826520.506
1489,1708826520.556
1490,1708826520.606
1491,1708826520.656
1492,1708826520.706
1493,1708826520.756
1494,1708826520.806
1495,1708826520.856
1496,1708826520.906
1497,1708826520.956
1498,1708826521.006
1499,1708826521.056
1500,1708826521.106
1501,1708826521.156
1502,1708826521.206
1503,1708826521.256
1504,1708826521.306
1505,1708826521.356
1506,1708826521.406
1507,1708826521.456
1508,1708826521.506
1509,1708826521.556
1510,1708826521.606
1511,1708826521.656
1512,1708826521.706
1513,1708826521.756
1514,1708826521.806
1515,1708826521.856
1516,1708826521.906
1517,1708826521.956
1518,1708826522.006
1519,1708826522.056
1520,1708826522.106
1521,1708826522.156
1522,1708826522.206
1523,1708826522.256
1524,1708826522.306
1525,1708826522.356
1526,1708826522.406
1527,1708826522.456
1528,1708826522.506
1529,1708826522.556
1530,1708826522.606
1531,1708826522.656
1532,1708826522.706
1533,1708826522.756
1534,1708826522.806
1535,1708826522.856
1536,1708826522.906
1537,1708826522.956
1538,1708826523.006
1539,1708826523.056
1540,1708826523.106
1541,1708826523.156
1542,1708826523.206
1543,1708826523.256
1544,1708826523.306
1545,1708826523.356
1546,1708826523.406
1547,1708826523.456
1548,1708826523.506
1549,1708826523.556
1550,1708826523.606
1551,1708826523.656
1552,1708826523.706
1553,1708826523.756
1554,1708826523.806
1555,1708826523.856
1556,1708826523.906
1557,1708826523.956
1558,1708826524.006
1559,1708826524.056
1560,1708826524.106
1561,1708826524.156
1562,1708826524.206
1563,1708826524.256
1564,1708826524.306
1565,1708826524.356
1566,1708826524.406
1567,1708826524.456
1568,1708826524.506
1569,1708826524.556
1570,1708826524.606
1571,1708826524.656
1572,1708826524.706
1573,1708826524.756
1574,1708826524.806
1575,1708826524.856
1576,1708826524.906
1577,1708826524.956
1578,1708826525.006
1579,1708826525.056
1580,1708826525.106
1581,1708826525.156
1582,1708826525.206
1583,1708826525.256
1584,1708826525.306
1585,1708826525.356
1586,1708826525.406
1587,1708826525.456
1588,1708826525.506
1589,1708826525.556
1590,1708826525.606
1591,1708826525.656
1592,1708826525.706
1593,1708826525.756
1594,1708826525.806
1595,1708826525.856
1596,1708826525.906
1597,1708826525.956
1598,1708826526.006
1599,1708826526.056
1600,1708826526.106
1601,1708826526.156
1602,1708826526.206
1603,1708826526.256
1604,1708826526.306
1605,1708826526.356
1606,1708826526.406
1607,1708826526.456
1608,1708826526.506
1609,1708826526.556
1610,1708826526.606
1611,1708826526.656
1612,1708826526.706
1613,1708826526.756
1614,1708826526.806
1615,1708826526.856
1616,1708826526.906
1617,1708826526.956
1618,1708826527.006
1619,1708826527.056
1620,1708826527.106
1621,1708826527.156
1622,1708826527.206
1623,1708826527.256
1624,1708826527.306
1625,1708826527.356
1626,1708826527.406
1627,1708826527.456
1628,1708826527.506
1629,1708826527.556
1630,1708826527.606
1631,1708826527.656
1632,1708826527.706
1633,1708826527.756
1634,1708826527.806
1635,1708826527.856
1636,1708826527.906
1637,1708826527.956
1638,1708826528.006
1639,1708826528.056
1640,1708826528.106
1641,1708826528.156
1642,1708826528.206
1643,1708826528.256
1644,1708826528.306
1645,1708826528.356
1646,1708826528.406
1647,1708826528.456
1648,1708826528.506
1649,1708826528.556
1650,1708826528.606
1651,1708826528.656
1652,1708826528.706
1653,1708826528.756
1654,1708826528.806
1655,1708826528.856
1656,1708826528.906
1657,1708826528.956
1658,1708826529.006
1659,1708826529.056
1660,1708826529.106
1661,1708826529.156
1662,1708826529.206
1663,1708826529.256
1664,1708826529.306
1665,1708826529.356
1666,1708826529.406
1667,1708826529.456
1668,1708826529.506
1669,1708826529.556
1670,1708826529.606
1671,1708826529.656
1672,1708826529.706
1673,1708826529.756
1674,1708826529.806
1675,1708826529.856
1676,1708826529.906
1677,1708826529.956
1678,1708826530.006
1679,1708826530.056
1680,1708826530.106
1681,1708826530.156
1682,1708826530.206
1683,1708826530.256
1684,1708826530.306
1685,1708826530.356
1686,1708826530.406
1687,1708826530.456
1688,1708826530.506
1689,1708826530.556
1690,1708826530.606
1691,1708826530.656
1692,1708826530.706
1693,1708826530.756
1694,1708826530.806
1695,1708826530.856
1696,1708826530.906
1697,1708826530.956
1698,1708826531.006
1699,1708826531.056
1700,1708826531.106
1701,1708826531.156
1702,1708826531.206
1703,1708826531.256
1704,1708826531.306
1705,1708826531.356
1706,1708826531.406
1707,1708826531.456
1708,1708826531.506
1709,1708826531.556
1710,1708826531.606
1711,1708826531.656
1712,1708826531.706
1713,1708826531.756
1714,1708826531.806
1715,1708826531.856
1716,1708826531.906
1717,1708826531.956
1718,1708826532.006
1719,1708826532.056
1720,1708826532.106
1721,1708826532.156
1722,1708826532.206
1723,1708826532.256
1724,1708826532.306
1725,1708826532.356
1726,1708826532.406
1727,1708826532.456
1728,1708826532.506
1729,1708826532.556
1730,1708826532.606
1731,1708826532.656
1732,1708826532.706
1733,1708826532.756
1734,1708826532.806
1735,1708826532.856
1736,1708826532.906
1737,1708826532.956
1738,1708826533.006
1739,1708826533.056
1740,1708826533.106
1741,1708826533.156
1742,1708826533.206
1743,1708826533.256
1744,1708826533.306
1745,1708826533.356
1746,1708826533.406
1747,1708826533.456
1748,1708826533.506
1749,1708826533.556
1750,1708826533.606
1751,1708826533.656
1752,1708826533.706
1753,1708826533.756
1754,1708826533.806
1755,1708826533.856
1756,1708826533.906
1757,1708826533.956
1758,1708826534.006
1759,1708826534.056
1760,1708826534.106
1761,1708826534.156
1762,1708826534.206
1763,1708826534.256
1764,1708826534.306
1765,1708826534.356
1766,1708826534.406
1767,1708826534.456
1768,1708826534.506
1769,1708826534.556
1770,1708826534.606
1771,1708826534.656
1772,1708826534.706
1773,1708826534.756
1774,1708826534.806
1775,1708826534.856
1776,1708826534.906
1777,1708826534.956
1778,1708826535.006
1779,1708826535.056
1780,1708826535.106
1781,1708826535.156
1782,1708826535.206
1783,1708826535.256
1784,1708826535.306
1785,1708826535.356
1786,1708826535.406
1787,1708826535.456
1788,1708826535.506
1789,1708826535.556
1790,1708826535.606
1791,1708826535.656
1792,1708826535.706
1793,1708826535.756
1794,1708826535.806
1795,1708826535.856
1796,1708826535.906
1797,1708826535.956
1798,1708826536.006
1799,1708826536.056
1800,1708826536.106
1801,1708826536.156
1802,1708826536.206
1803,1708826536.256
1804,1708826536.306
1805,1708826536.356
1806,1708826536.406
1807,1708826536.456
1808,1708826536.506
1809,1708826536.556
1810,1708826536.606
1811,1708826536.656
1812,1708826536.706
1813,1708826536.756
1814,1708826536.806
1815,1708826536.856
1816,1708826536.906
1817,1708826536.956
1818,1708826537.006
1819,1708826537.056
1820,1708826537.106
1821,1708826537.156
1822,1708826537.206
1823,1708826537.256
1824,1708826537.306
1825,1708826537.356
1826,1708826537.406
1827,1708826537.456
1828,1708826537.506
1829,1708826537.556
1830,1708826537.606
1831,1708826537.656
1832,1708826537.706
1833,1708826537.756
1834,1708826537.806
1835,1708826537.856
1836,1708826537.906
1837,1708826537.956
1838,1708826538.006
1839,1708826538.056
1840,1708826538.106
1841,1708826538.156
1842,1708826538.206
1843,1708826538.256
1844,1708826538.306
1845,1708826538.356
1846,1708826538.406
1847,1708826538.456
1848,1708826538.506
1849,1708826538.556
1850,1708826538.606
1851,1708826538.656
1852,1708826538.706
1853,1708826538.756
1854,1708826538.806
1855,1708826538.856
1856,1708826538.906
1857,1708826538.956
1858,1708826539.006
1859,1708826539.056
1860,1708826539.106
1861,1708826539.156
1862,1708826539.206
1863,1708826539.256
1864,1708826539.306
1865,1708826539.356
1866,1708826539.406
1867,1708826539.456
1868,1708826539.506
1869,1708826539.556
1870,1708826539.606
1871,1708826539.656
1872,1708826539.706
1873,1708826539.756
1874,1708826539.806
1875,1708826539.856
1876,1708826539.906
1877,1708826539.956
1878,1708826540.006
1879,1708826540.056
1880,1708826540.106
1881,1708826540.156
1882,1708826540.206
1883,1708826540.256
1884,1708826540.306
1885,1708826540.356
1886,1708826540.406
1887,1708826540.456
1888,1708826540.506
1889,1708826540.556
1890,1708826540.606
1891,1708826540.656
1892,1708826540.706
1893,1708826540.756
1894,1708826540.806
1895,1708826540.856
1896,1708826540.906
1897,1708826540.956
1898,1708826541.006
1899,1708826541.056
1900,1708826541.106
1901,1708826541.156
1902,1708826541.206
1903,1708826541.256
1904,1708826541.306
1905,1708826541.356
1906,1708826541.406
1907,1708826541.456
1908,1708826541.506
1909,1708826541.556
1910,1708826541.606
1911,1708826541.656
1912,1708826541.706
1913,1708826541.756
1914,1708826541.806
1915,1708826541.856
1916,1708826541.906
1917,1708826541.956
1918,1708826542.006
1919,1708826542.056
1920,1708826542.106
1921,1708826542.156
1922,1708826542.206
1923,1708826542.256
1924,1708826542.306
1925,1708826542.356
1926,1708826542.406
1927,1708826542.456
1928,1708826542.506
1929,1708826542.556
1930,1708826542.606
1931,1708826542.656
1932,1708826542.706
1933,1708826542.756
1934,1708826542.806
1935,1708826542.856
1936,1708826542.906
1937,1708826542.956
1938,1708826543.006
1939,1708826543.056
1940,1708826543.106
1941,1708826543.156
1942,1708826543.206
1943,1708826543.256
1944,1708826543.306
1945,1708826543.356
1946,1708826543.406
1947,1708826543.456
1948,1708826543.506
1949,1708826543.556
1950,1708826543.606
1951,1708826543.656
1952,1708826543.706
1953,1708826543.756
1954,1708826543.806
1955,1708826543.856
1956,1708826543.906
1957,1708826543.956
1958,1708826544.006
1959,1708826544.056
1960,1708826544.106
1961,1708826544.156
1962,1708826544.206
1963,1708826544.256
1964,1708826544.306
1965,1708826544.356
1966,1708826544.406
1967,1708826544.456
1968,1708826544.506
1969,1708826544.556
1970,1708826544.606
1971,1708826544.656
1972,1708826544.706
1973,1708826544.756
1974,1708826544.806
1975,1708826544.856
1976,1708826544.906
1977,1708826544.956
1978,1708826545.006
1979,1708826545.056
1980,1708826545.106
1981,1708826545.156
1982,1708826545.206
1983,1708826545.256
1984,1708826545.306
1985,1708826545.356
1986,1708826545.406
1987,1708826545.456
1988,1708826545.506
1989,1708826545.556
1990,1708826545.606
1991,1708826545.656
1992,1708826545.706
1993,1708826545.756
1994,1708826545.806
1995,1708826545.856
1996,1708826545.906
1997,1708826545.956
1998,1708826546.006
1999,1708826546.056
2000,1708826546.106
2001,1708826546.156
2002,1708826546.206
2003,1708826546.256
2004,1708826546.306
2005,1708826546.356
2006,1708826546.406
2007,1708826546.456
2008,1708826546.506
2009,1708826546.556
2010,1708826546.606
2011,1708826546.656
2012,1708826546.706
2013,1708826546.756
2014,1708826546.806
2015,1708826546.856
2016,1708826546.906
2017,1708826546.956
2018,1708826547.006
2019,1708826547.056
2020,1708826547.106
2021,1708826547.156
2022,1708826547.206
2023,1708826547.256
2024,1708826547.306
2025,1708826547.356
2026,1708826547.406
2027,1708826547.456
2028,1708826547.506
2029,1708826547.556
2030,1708826547.606
2031,1708826547.656
2032,1708826547.706
2033,1708826547.756
2034,1708826547.806
2035,1708826547.856
2036,1708826547.906
2037,1708826547.956
2038,1708826548.006
2039,1708826548.056
2040,1708826548.106
2041,1708826548.156
2042,1708826548.206
2043,1708826548.256
2044,1708826548.306
2045,1708826548.356
2046,1708826548.406
2047,1708826548.456
2048,1708826548.506
2049,1708826548.556
2050,1708826548.606
2051,1708826548.656
2052,1708826548.706
2053,1708826548.756
2054,1708826548.806
2055,1708826548.856
2056,1708826548.906
2057,1708826548.956
2058,1708826549.006
2059,1708826549.056
2060,1708826549.106
2061,1708826549.156
2062,1708826549.206
2063,1708826549.256
2064,1708826549.306
2065,1708826549.356
2066,1708826549.406
2067,1708826549.456
2068,1708826549.506
2069,1708826549.556
2070,1708826549.606
2071,1708826549.656
2072,1708826549.706
2073,1708826549.756
2074,1708826549.806
2075,1708826549.856
2076,1708826549.906
2077,1708826549.956
2078,1708826550.006
2079,1708826550.056
2080,1708826550.106
2081,1708826550.156
2082,1708826550.206
2083,1708826550.256
2084,1708826550.306
2085,1708826550.356
2086,1708826550.406
2087,1708826550.456
2088,1708826550.506
2089,1708826550.556
2090,1708826550.606
2091,1708826550.656
2092,1708826550.706
2093,1708826550.756
2094,1708826550.806
2095,1708826550.856
2096,1708826550.906
2097,1708826550.956
2098,1708826551.006
2099,1708826551.056
2100,1708826551.106
2101,1708826551.156
2102,1708826551.206
2103,1708826551.256
2104,1708826551.306
2105,1708826551.356
2106,1708826551.406
2107,1708826551.456
2108,1708826551.506
2109,1708826551.556
2110,1708826551.606
2111,1708826551.656
2112,1708826551.706
2113,1708826551.756
2114,1708826551.806
2115,1708826551.856
2116,1708826551.906
2117,1708826551.956
2118,1708826552.006
2119,1708826552.056
2120,1708826552.106
2121,1708826552.156
2122,1708826552.206
2123,1708826552.256
2124,1708826552.306
2125,1708826552.356
2126,1708826552.406
2127,1708826552.456
2128,1708826552.506
2129,1708826552.556
2130,1708826552.606
2131,1708826552.656
2132,1708826552.706
2133,1708826552.756
2134,1708826552.806
2135,1708826552.856
2136,1708826552.906
2137,1708826552.956
2138,1708826553.006
2139,1708826553.056
2140,1708826553.106
2141,1708826553.156
2142,1708826553.206
2143,1708826553.256
2144,1708826553.306
2145,1708826553.356
2146,1708826553.406
2147,1708826553.456
2148,1708826553.506
2149,1708826553.556
2150,1708826553.606
2151,1708826553.656
2152,1708826553.706
2153,1708826553.756
2154,1708826553.806
2155,1708826553.856
2156,1708826553.906
2157,1708826553.956
2158,1708826554.006
2159,1708826554.056
2160,1708826554.106
2161,1708826554.156
2162,1708826554.206
2163,1708826554.256
2164,1708826554.306
2165,1708826554.356
2166,1708826554.406
2167,1708826554.456
2168,1708826554.506
2169,1708826554.556
2170,1708826554.606
2171,1708826554.656
2172,1708826554.706
2173,1708826554.756
2174,1708826554.806
2175,1708826554.856
2176,1708826554.906
2177,1708826554.956
2178,1708826555.006
2179,1708826555.056
2180,1708826555.106
2181,1708826555.156
2182,1708826555.206
2183,1708826555.256
2184,1708826555.306
2185,1708826555.356
2186,1708826555.406
2187,1708826555.456
2188,1708826555.506
2189,1708826555.556
2190,1708826555.606
2191,1708826555.656
2192,1708826555.706
2193,1708826555.756
2194,1708826555.806
2195,1708826555.856
2196,1708826555.906
2197,1708826555.956
2198,1708826556.006
2199,1708826556.056
2200,1708826556.106
2201,1708826556.156
2202,1708826556.206
2203,1708826556.256
2204,1708826556.306
2205,1708826556.356
2206,1708826556.406
2207,1708826556.456
2208,1708826556.506
2209,1708826556.556
2210,1708826556.606
2211,1708826556.656
2212,1708826556.706
2213,1708826556.756
2214,1708826556.806
2215,1708826556.856
2216,1708826556.906
2217,1708826556.956
2218,1708826557.006
2219,1708826557.056
2220,1708826557.106
2221,1708826557.156
2222,1708826557.206
2223,1708826557.256
2224,1708826557.306
2225,1708826557.356
2226,1708826557.406
2227,1708826557.456
2228,1708826557.506
2229,1708826557.556
2230,1708826557.606
2231,1708826557.656
2232,1708826557.706
2233,1708826557.756
2234,1708826557.806
2235,1708826557.856
2236,1708826557.906
2237,1708826557.956
2238,1708826558.006
2239,1708826558.056
2240,1708826558.106
2241,1708826558.156
2242,1708826558.206
2243,1708826558.256
2244,1708826558.306
2245,1708826558.356
2246,1708826558.406
2247,1708826558.456
2248,1708826558.506
2249,1708826558.556
2250,1708826558.606
2251,1708826558.656
2252,1708826558.706
2253,1708826558.756
2254,1708826558.806
2255,1708826558.856
2256,1708826558.906
2257,1708826558.956
2258,1708826559.006
2259,1708826559.056
2260,1708826559.106
2261,1708826559.156
2262,1708826559.206
2263,1708826559.256
2264,1708826559.306
2265,1708826559.356
2266,1708826559.406
2267,1708826559.456
2268,1708826559.506
2269,1708826559.556
2270,1708826559.606
2271,1708826559.656
2272,1708826559.706
2273,1708826559.756
2274,1708826559.806
2275,1708826559.856
2276,1708826559.906
2277,1708826559.956
2278,1708826560.006
2279,1708826560.056
2280,1708826560.106
2281,1708826560.156
2282,1708826560.206
2283,1708826560.256
2284,1708826560.306
2285,1708826560.356
2286,1708826560.406
2287,1708826560.456
2288,1708826560.506
2289,1708826560.556
2290,1708826560.606
2291,1708826560.656
2292,1708826560.706
2293,1708826560.756
2294,1708826560.806
2295,1708826560.856
2296,1708826560.906
2297,1708826560.956
2298,1708826561.006
2299,1708826561.056
2300,1708826561.106
2301,1708826561.156
2302,1708826561.206
2303,1708826561.256
2304,1708826561.306
2305,1708826561.356
2306,1708826561.406
2307,1708826561.456
2308,1708826561.506
2309,1708826561.556
2310,1708826561.606
2311,1708826561.656
2312,1708826561.706
2313,1708826561.756
2314,1708826561.806
2315,1708826561.856
2316,1708826561.906
2317,1708826561.956
2318,1708826562.006
2319,1708826562.056
2320,1708826562.106
2321,1708826562.156
2322,1708826562.206
2323,1708826562.256
2324,1708826562.306
2325,1708826562.356
2326,1708826562.406
2327,1708826562.456
2328,1708826562.506
2329,1708826562.556
2330,1708826562.606
2331,1708826562.656
2332,1708826562.706
2333,1708826562.756
2334,1708826562.806
2335,1708826562.856
2336,1708826562.906
2337,1708826562.956
2338,1708826563.006
2339,1708826563.056
2340,1708826563.106
2341,1708826563.156
2342,1708826563.206
2343,1708826563.256
2344,1708826563.306
2345,1708826563.356
2346,1708826563.406
2347,1708826563.456
2348,1708826563.506
2349,1708826563.556
2350,1708826563.606
2351,1708826563.656
2352,1708826563.706
2353,1708826563.756
2354,1708826563.806
2355,1708826563.856
2356,1708826563.906
2357,1708826563.956
2358,1708826564.006
2359,1708826564.056
2360,1708826564.106
2361,1708826564.156
2362,1708826564.206
2363,1708826564.256
2364,1708826564.306
2365,1708826564.356
2366,1708826564.406
2367,1708826564.456
2368,1708826564.506
2369,1708826564.556
2370,1708826564.606
2371,1708826564.656
2372,1708826564.706
2373,1708826564.756
2374,1708826564.806
2375,1708826564.856
2376,1708826564.906
2377,1708826564.956
2378,1708826565.006
2379,1708826565.056
2380,1708826565.106
2381,1708826565.156
2382,1708826565.206
2383,1708826565.256
2384,1708826565.306
2385,1708826565.356
2386,1708826565.406
2387,1708826565.456
2388,1708826565.506
2389,1708826565.556
2390,1708826565.606
2391,1708826565.656
2392,1708826565.706
2393,1708826565.756
2394,1708826565.806
2395,1708826565.856
2396,1708826565.906
2397,1708826565.956
2398,1708826566.006
2399,1708826566.056
2400,1708826566.106
2401,1708826566.156
2402,1708826566.206
2403,1708826566.256
2404,1708826566.306
2405,1708826566.356
2406,1708826566.406
2407,1708826566.456
2408,1708826566.506
2409,1708826566.556
2410,1708826566.606
2411,1708826566.656
2412,1708826566.706
2413,1708826566.756
2414,1708826566.806
2415,1708826566.856
2416,1708826566.906
2417,1708826566.956
2418,1708826567.006
2419,1708826567.056
2420,1708826567.106
2421,1708826567.156
2422,1708826567.206
2423,1708826567.256
2424,1708826567.306
2425,1708826567.356
2426,1708826567.406
2427,1708826567.456
2428,1708826567.506
2429,1708826567.556
2430,1708826567.606
2431,1708826567.656
2432,1708826567.706
2433,1708826567.756
2434,1708826567.806
2435,1708826567.856
2436,1708826567.906
2437,1708826567.956
2438,1708826568.006
2439,1708826568.056
2440,1708826568.106
2441,1708826568.156
2442,1708826568.206
2443,1708826568.256
2444,1708826568.306
2445,1708826568.356
2446,1708826568.406
2447,1708826568.456
2448,1708826568.506
2449,1708826568.556
2450,1708826568.606
2451,1708826568.656
2452,1708826568.706
2453,1708826568.756
2454,1708826568.806
2455,1708826568.856
2456,1708826568.906
2457,1708826568.956
2458,1708826569.006
2459,1708826569.056
2460,1708826569.106
2461,1708826569.156
2462,1708826569.206
2463,1708826569.256
2464,1708826569.306
2465,1708826569.356
2466,1708826569.406
2467,1708826569.456
2468,1708826569.506
2469,1708826569.556
2470,1708826569.606
2471,1708826569.656
2472,1708826569.706
2473,1708826569.756
2474,1708826569.806
2475,1708826569.856
2476,1708826569.906
2477,1708826569.956
2478,1708826570.006
2479,1708826570.056
2480,1708826570.106
2481,1708826570.156
2482,1708826570.206
2483,1708826570.256
2484,1708826570.306
2485,1708826570.356
2486,1708826570.406
2487,1708826570.456
2488,1708826570.506
2489,1708826570.556
2490,1708826570.606
2491,1708826570.656
2492,1708826570.706
2493,1708826570.756
2494,1708826570.806
2495,1708826570.856
2496,1708826570.906
2497,1708826570.956
2498,1708826571.006
2499,1708826571.056
2500,1708826571.106
2501,1708826571.156
2502,1708826571.206
2503,1708826571.256
2504,1708826571.306
2505,1708826571.356
2506,1708826571.406
2507,1708826571.456
2508,1708826571.506
2509,1708826571.556
2510,1708826571.606
2511,1708826571.656
2512,1708826571.706
2513,1708826571.756
2514,1708826571.806
2515,1708826571.856
2516,1708826571.906
2517,1708826571.956
2518,1708826572.006
2519,1708826572.056
2520,1708826572.106
2521,1708826572.156
2522,1708826572.206
2523,1708826572.256
2524,1708826572.306
2525,1708826572.356
2526,1708826572.406
2527,1708826572.456
2528,1708826572.506
2529,1708826572.556
2530,1708826572.606
2531,1708826572.656
2532,1708826572.706
2533,1708826572.756
2534,1708826572.806
2535,1708826572.856
2536,1708826572.906
2537,1708826572.956
2538,1708826573.006
2539,1708826573.056
2540,1708826573.106
2541,1708826573.156
2542,1708826573.206
2543,1708826573.256
2544,1708826573.306
2545,1708826573.356
2546,1708826573.406
2547,1708826573.456
2548,1708826573.506
2549,1708826573.556
2550,1708826573.606
2551,1708826573.656
2552,1708826573.706
2553,1708826573.756
2554,1708826573.806
2555,1708826573.856
2556,1708826573.906
2557,1708826573.956
2558,1708826574.006
2559,1708826574.056
2560,1708826574.106
2561,1708826574.156
2562,1708826574.206
2563,1708826574.256
2564,1708826574.306
2565,1708826574.356
2566,1708826574.406
2567,1708826574.456
2568,1708826574.506
2569,1708826574.556
2570,1708826574.606
2571,1708826574.656
2572,1708826574.706
2573,1708826574.756
2574,1708826574.806
2575,1708826574.856
2576,1708826574.906
2577,1708826574.956
2578,1708826575.006
2579,1708826575.056
2580,1708826575.106
2581,1708826575.156
2582,1708826575.206
2583,1708826575.256
2584,1708826575.306
2585,1708826575.356
2586,1708826575.406
2587,1708826575.456
2588,1708826575.506
2589,1708826575.556
2590,1708826575.606
2591,1708826575.656
2592,1708826575.706
2593,1708826575.756
2594,1708826575.806
2595,1708826575.856
2596,1708826575.906
2597,1708826575.956
2598,1708826576.006
2599,1708826576.056
2600,1708826576.106
2601,1708826576.156
2602,1708826576.206
2603,1708826576.256
2604,1708826576.306
2605,1708826576.356
2606,1708826576.406
2607,1708826576.456
2608,1708826576.506
2609,1708826576.556
2610,1708826576.606
2611,1708826576.656
2612,1708826576.706
2613,1708826576.756
2614,1708826576.806
2615,1708826576.856
2616,1708826576.906
2617,1708826576.956
2618,1708826577.006
2619,1708826577.056
2620,1708826577.106
2621,1708826577.156
2622,1708826577.206
2623,1708826577.256
2624,1708826577.306
2625,1708826577.356
2626,1708826577.406
2627,1708826577.456
2628,1708826577.506
2629,1708826577.556
2630,1708826577.606
2631,1708826577.656
2632,1708826577.706
2633,1708826577.756
2634,1708826577.806
2635,1708826577.856
2636,1708826577.906
2637,1708826577.956
2638,1708826578.006
2639,1708826578.056
2640,1708826578.106
2641,1708826578.156
2642,1708826578.206
2643,1708826578.256
2644,1708826578.306
2645,1708826578.356
2646,1708826578.406
2647,1708826578.456
2648,1708826578.506
2649,1708826578.556
2650,1708826578.606
2651,1708826578.656
2652,1708826578.706
2653,1708826578.756
2654,1708826578.806
2655,1708826578.856
2656,1708826578.906
2657,1708826578.956
2658,1708826579.006
2659,1708826579.056
2660,1708826579.106
2661,1708826579.156
2662,1708826579.206
2663,1708826579.256
2664,1708826579.306
2665,1708826579.356
2666,1708826579.406
2667,1708826579.456
2668,1708826579.506
2669,1708826579.556
2670,1708826579.606
2671,1708826579.656
2672,1708826579.706
2673,1708826579.756
2674,1708826579.806
2675,1708826579.856
2676,1708826579.906
2677,1708826579.956
2678,1708826580.006
2679,1708826580.056
2680,1708826580.106
2681,1708826580.156
2682,1708826580.206
2683,1708826580.256
2684,1708826580.306
2685,1708826580.356
2686,1708826580.406
2687,1708826580.456
2688,1708826580.506
2689,1708826580.556
2690,1708826580.606
2691,1708826580.656
2692,1708826580.706
2693,1708826580.756
2694,1708826580.806
2695,1708826580.856
2696,1708826580.906
2697,1708826580.956
2698,1708826581.006
2699,1708826581.056
2700,1708826581.106
2701,1708826581.156
2702,1708826581.206
2703,1708826581.256
2704,1708826581.306
2705,1708826581.356
2706,1708826581.406
2707,1708826581.456
2708,1708826581.506
2709,1708826581.556
2710,1708826581.606
2711,1708826581.656
2712,1708826581.706
2713,1708826581.756
2714,1708826581.806
2715,1708826581.856
2716,1708826581.906
2717,1708826581.956
2718,1708826582.006
2719,1708826582.056
2720,1708826582.106
2721,1708826582.156
2722,1708826582.206
2723,1708826582.256
2724,1708826582.306
2725,1708826582.356
2726,1708826582.406
2727,1708826582.456
2728,1708826582.506
2729,1708826582.556
2730,1708826582.606
2731,1708826582.656
2732,1708826582.706
2733,1708826582.756
2734,1708826582.806
2735,1708826582.856
2736,1708826582.906
2737,1708826582.956
2738,1708826583.006
2739,1708826583.056
2740,1708826583.106
2741,1708826583.156
2742,1708826583.206
2743,1708826583.256
2744,1708826583.306
2745,1708826583.356
2746,1708826583.406
2747,1708826583.456
2748,1708826583.506
2749,1708826583.556
2750,1708826583.606
2751,1708826583.656
2752,1708826583.706
2753,1708826583.756
2754,1708826583.806
2755,1708826583.856
2756,1708826583.906
2757,1708826583.956
2758,1708826584.006
2759,1708826584.056
2760,1708826584.106
2761,1708826584.156
2762,1708826584.206
2763,1708826584.256
2764,1708826584.306
2765,1708826584.356
2766,1708826584.406
2767,1708826584.456
2768,1708826584.506
2769,1708826584.556
2770,1708826584.606
2771,1708826584.656
2772,1708826584.706
2773,1708826584.756
2774,1708826584.806
2775,1708826584.856
2776,1708826584.906
2777,1708826584.956
2778,1708826585.006
2779,1708826585.056
2780,1708826585.106
2781,1708826585.156
2782,1708826585.206
2783,1708826585.256
2784,1708826585.306
2785,1708826585.356
2786,1708826585.406
2787,1708826585.456
2788,1708826585.506
2789,1708826585.556
2790,1708826585.606
2791,1708826585.656
2792,1708826585.706
2793,1708826585.756
2794,1708826585.806
2795,1708826585.856
2796,1708826585.906
2797,1708826585.956
2798,1708826586.006
2799,1708826586.056
2800,1708826586.106
2801,1708826586.156
2802,1708826586.206
2803,1708826586.256
2804,1708826586.306
2805,1708826586.356
2806,1708826586.406
2807,1708826586.456
2808,1708826586.506
2809,1708826586.556
2810,1708826586.606
2811,1708826586.656
2812,1708826586.706
2813,1708826586.756
2814,1708826586.806
2815,1708826586.856
2816,1708826586.906
2817,1708826586.956
2818,1708826587.006
2819,1708826587.056
2820,1708826587.106
2821,1708826587.156
2822,1708826587.206
2823,1708826587.256
2824,1708826587.306
2825,1708826587.356
2826,1708826587.406
2827,1708826587.456
2828,1708826587.506
2829,1708826587.556
2830,1708826587.606
2831,1708826587.656
2832,1708826587.706
2833,1708826587.756
2834,1708826587.806
2835,1708826587.856
2836,1708826587.906
2837,1708826587.956
2838,1708826588.006
2839,1708826588.056
2840,1708826588.106
2841,1708826588.156
2842,1708826588.206
2843,1708826588.256
2844,1708826588.306
2845,1708826588.356
2846,1708826588.406
2847,1708826588.456
2848,1708826588.506
2849,1708826588.556
2850,1708826588.606
2851,1708826588.656
2852,1708826588.706
2853,1708826588.756
2854,1708826588.806
2855,1708826588.856
2856,1708826588.906
2857,1708826588.956
2858,1708826589.006
2859,1708826589.056
2860,1708826589.106
2861,1708826589.156
2862,1708826589.206
2863,1708826589.256
2864,1708826589.306
2865,1708826589.356
2866,1708826589.406
2867,1708826589.456
2868,1708826589.506
2869,1708826589.556
2870,1708826589.606
2871,1708826589.656
2872,1708826589.706
2873,1708826589.756
2874,1708826589.806
2875,1708826589.856
2876,1708826589.906
2877,1708826589.956
2878,1708826590.006
2879,1708826590.056
2880,1708826590.106
2881,1708826590.156
2882,1708826590.206
2883,1708826590.256
2884,1708826590.306
2885,1708826590.356
2886,1708826590.406
2887,1708826590.456
2888,1708826590.506
2889,1708826590.556
2890,1708826590.606
2891,1708826590.656
2892,1708826590.706
2893,1708826590.756
2894,1708826590.806
2895,1708826590.856
2896,1708826590.906
2897,1708826590.956
2898,1708826591.006
2899,1708826591.056
2900,1708826591.106
2901,1708826591.156
2902,1708826591.206
2903,1708826591.256
2904,1708826591.306
2905,1708826591.356
2906,1708826591.406
2907,1708826591.456
2908,1708826591.506
2909,1708826591.556
2910,1708826591.606
2911,1708826591.656
2912,1708826591.706
2913,1708826591.756
2914,1708826591.806
2915,1708826591.856
2916,1708826591.906
2917,1708826591.956
2918,1708826592.006
2919,1708826592.056
2920,1708826592.106
2921,1708826592.156
2922,1708826592.206
2923,1708826592.256
2924,1708826592.306
2925,1708826592.356
2926,1708826592.406
2927,1708826592.456
2928,1708826592.506
2929,1708826592.556
2930,1708826592.606
2931,1708826592.656
2932,1708826592.706
2933,1708826592.756
2934,1708826592.806
2935,1708826592.856
2936,1708826592.906
2937,1708826592.956
2938,1708826593.006
2939,1708826593.056
2940,1708826593.106
2941,1708826593.156
2942,1708826593.206
2943,1708826593.256
2944,1708826593.306
2945,1708826593.356
2946,1708826593.406
2947,1708826593.456
2948,1708826593.506
2949,1708826593.556
2950,1708826593.606
2951,1708826593.656
2952,1708826593.706
2953,1708826593.756
2954,1708826593.806
2955,1708826593.856
2956,1708826593.906
2957,1708826593.956
2958,1708826594.006
2959,1708826594.056
2960,1708826594.106
2961,1708826594.156
2962,1708826594.206
2963,1708826594.256
2964,1708826594.306
2965,1708826594.356
2966,1708826594.406
2967,1708826594.456
2968,1708826594.506
2969,1708826594.556
2970,1708826594.606
2971,1708826594.656
2972,1708826594.706
2973,1708826594.756
2974,1708826594.806
2975,1708826594.856
2976,1708826594.906
2977,1708826594.956
2978,1708826595.006
2979,1708826595.056
2980,1708826595.106
2981,1708826595.156
2982,1708826595.206
2983,1708826595.256
2984,1708826595.306
2985,1708826595.356
2986,1708826595.406
2987,1708826595.456
2988,1708826595.506
2989,1708826595.556
2990,1708826595.606
2991,1708826595.656
2992,1708826595.706
2993,1708826595.756
2994,1708826595.806
2995,1708826595.856
2996,1708826595.906
2997,1708826595.956
2998,1708826596.006
2999,1708826596.056
3000,1708826596.106
3001,1708826596.156
3002,1708826596.206
3003,1708826596.256
3004,1708826596.306
3005,1708826596.356
3006,1708826596.406
3007,1708826596.456
3008,1708826596.506
3009,1708826596.556
3010,1708826596.606
3011,1708826596.656
3012,1708826596.706
3013,1708826596.756
3014,1708826596.806
3015,1708826596.856
3016,1708826596.906
3017,1708826596.956
3018,1708826597.006
3019,1708826597.056
3020,1708826597.106
3021,1708826597.156
3022,1708826597.206
3023,1708826597.256
3024,1708826597.306
3025,1708826597.356
3026,1708826597.406
3027,1708826597.456
3028,1708826597.506
3029,1708826597.556
3030,1708826597.606
3031,1708826597.656
3032,1708826597.706
3033,1708826597.756
3034,1708826597.806
3035,1708826597.856
3036,1708826597.906
3037,1708826597.956
3038,1708826598.006
3039,1708826598.056
3040,1708826598.106
3041,1708826598.156
3042,1708826598.206
3043,1708826598.256
3044,1708826598.306
3045,1708826598.356
3046,1708826598.406
3047,1708826598.456
3048,1708826598.506
3049,1708826598.556
3050,1708826598.606
3051,1708826598.656
3052,1708826598.706
3053,1708826598.756
3054,1708826598.806
3055,1708826598.856
3056,1708826598.906
3057,1708826598.956
3058,1708826599.006
3059,1708826599.056
3060,1708826599.106
3061,1708826599.156
3062,1708826599.206
3063,1708826599.256
3064,1708826599.306
3065,1708826599.356
3066,1708826599.406
3067,1708826599.456
3068,1708826599.506
3069,1708826599.556
3070,1708826599.606
3071,1708826599.656
3072,1708826599.706
3073,1708826599.756
3074,1708826599.806
3075,1708826599.856
3076,1708826599.906
3077,1708826599.956
3078,1708826600.006
3079,1708826600.056
3080,1708826600.106
3081,1708826600.156
3082,1708826600.206
3083,1708826600.256
3084,1708826600.306
3085,1708826600.356
3086,1708826600.406
3087,1708826600.456
3088,1708826600.506
3089,1708826600.556
3090,1708826600.606
3091,1708826600.656
3092,1708826600.706
3093,1708826600.756
3094,1708826600.806
3095,1708826600.856
3096,1708826600.906
3097,1708826600.956
3098,1708826601.006
3099,1708826601.056
3100,1708826601.106
3101,1708826601.156
3102,1708826601.206
3103,1708826601.256
3104,1708826601.306
3105,1708826601.356
3106,1708826601.406
3107,1708826601.456
3108,1708826601.506
3109,1708826601.556
3110,1708826601.606
3111,1708826601.656
3112,1708826601.706
3113,1708826601.756
3114,1708826601.806
3115,1708826601.856
3116,1708826601.906
3117,1708826601.956
3118,1708826602.006
3119,1708826602.056
3120,1708826602.106
3121,1708826602.156
3122,1708826602.206
3123,1708826602.256
3124,1708826602.306
3125,1708826602.356
3126,1708826602.406
3127,1708826602.456
3128,1708826602.506
3129,1708826602.556
3130,1708826602.606
3131,1708826602.656
3132,1708826602.706
3133,1708826602.756
3134,1708826602.806
3135,1708826602.856
3136,1708826602.906
3137,1708826602.956
3138,1708826603.006
3139,1708826603.056
3140,1708826603.106
3141,1708826603.156
3142,1708826603.206
3143,1708826603.256
3144,1708826603.306
3145,1708826603.356
3146,1708826603.406
3147,1708826603.456
3148,1708826603.506
3149,1708826603.556
3150,1708826603.606
3151,1708826603.656
3152,1708826603.706
3153,1708826603.756
3154,1708826603.806
3155,1708826603.856
3156,1708826603.906
3157,1708826603.956
3158,1708826604.006
3159,1708826604.056
3160,1708826604.106
3161,1708826604.156
3162,1708826604.206
3163,1708826604.256
3164,1708826604.306
3165,1708826604.356
3166,1708826604.406
3167,1708826604.456
3168,1708826604.506
3169,1708826604.556
3170,1708826604.606
3171,1708826604.656
3172,1708826604.706
3173,1708826604.756
3174,1708826604.806
3175,1708826604.856
3176,1708826604.906
3177,1708826604.956
3178,1708826605.006
3179,1708826605.056
3180,1708826605.106
3181,1708826605.156
3182,1708826605.206
3183,1708826605.256
3184,1708826605.306
3185,1708826605.356
3186,1708826605.406
3187,1708826605.456
3188,1708826605.506
3189,1708826605.556
3190,1708826605.606
3191,1708826605.656
3192,1708826605.706
3193,1708826605.756
3194,1708826605.806
3195,1708826605.856
3196,1708826605.906
3197,1708826605.956
3198,1708826606.006
3199,1708826606.056
3200,1708826606.106
3201,1708826606.156
3202,1708826606.206
3203,1708826606.256
3204,1708826606.306
3205,1708826606.356
3206,1708826606.406
3207,1708826606.456
3208,1708826606.506
3209,1708826606.556
3210,1708826606.606
3211,1708826606.656
3212,1708826606.706
3213,1708826606.756
3214,1708826606.806
3215,1708826606.856
3216,1708826606.906
3217,1708826606.956
3218,1708826607.006
3219,1708826607.056
3220,1708826607.106
3221,1708826607.156
3222,1708826607.206
3223,1708826607.256
3224,1708826607.306
3225,1708826607.356
3226,1708826607.406
3227,1708826607.456
3228,1708826607.506
3229,1708826607.556
3230,1708826607.606
3231,1708826607.656
3232,1708826607.706
3233,1708826607.756
3234,1708826607.806
3235,1708826607.856
3236,1708826607.906
3237,1708826607.956
3238,1708826608.006
3239,1708826608.056
3240,1708826608.106
3241,1708826608.156
3242,1708826608.206
3243,1708826608.256
3244,1708826608.306
3245,1708826608.356
3246,1708826608.406
3247,1708826608.456
3248,1708826608.506
3249,1708826608.556
3250,1708826608.606
3251,1708826608.656
3252,1708826608.706
3253,1708826608.756
3254,1708826608.806
3255,1708826608.856
3256,1708826608.906
3257,1708826608.956
3258,1708826609.006
3259,1708826609.056
3260,1708826609.106
3261,1708826609.156
3262,1708826609.206
3263,1708826609.256
3264,1708826609.306
3265,1708826609.356
3266,1708826609.406
3267,1708826609.456
3268,1708826609.506
3269,1708826609.556
3270,1708826609.606
3271,1708826609.656
3272,1708826609.706
3273,1708826609.756
3274,1708826609.806
3275,1708826609.856
3276,1708826609.906
3277,1708826609.956
3278,1708826610.006
3279,1708826610.056
3280,1708826610.106
3281,1708826610.156
3282,1708826610.206
3283,1708826610.256
3284,1708826610.306
3285,1708826610.356
3286,1708826610.406
3287,1708826610.456
3288,1708826610.506
3289,1708826610.556
3290,1708826610.606
3291,1708826610.656
3292,1708826610.706
3293,1708826610.756
3294,1708826610.806
3295,1708826610.856
3296,1708826610.906
3297,1708826610.956
3298,1708826611.006
3299,1708826611.056
3300,1708826611.106
3301,1708826611.156
3302,1708826611.206
3303,1708826611.256
3304,1708826611.306
3305,1708826611.356
3306,1708826611.406
3307,1708826611.456
3308,1708826611.506
3309,1708826611.556
3310,1708826611.606
3311,1708826611.656
3312,1708826611.706
3313,1708826611.756
3314,1708826611.806
3315,1708826611.856
3316,1708826611.906
3317,1708826611.956
3318,1708826612.006
3319,1708826612.056
3320,1708826612.106
3321,1708826612.156
3322,1708826612.206
3323,1708826612.256
3324,1708826612.306
3325,1708826612.356
3326,1708826612.406
3327,1708826612.456
3328,1708826612.506
3329,1708826612.556
3330,1708826612.606
3331,1708826612.656
3332,1708826612.706
3333,1708826612.756
3334,1708826612.806
3335,1708826612.856
3336,1708826612.906
3337,1708826612.956
3338,1708826613.006
3339,1708826613.056
3340,1708826613.106
3341,1708826613.156
3342,1708826613.206
3343,1708826613.256
3344,1708826613.306
3345,1708826613.356
3346,1708826613.406
3347,1708826613.456
3348,1708826613.506
3349,1708826613.556
3350,1708826613.606
3351,1708826613.656
3352,1708826613.706
3353,1708826613.756
3354,1708826613.806
3355,1708826613.856
3356,1708826613.906
3357,1708826613.956
3358,1708826614.006
3359,1708826614.056
3360,1708826614.106
3361,1708826614.156
3362,1708826614.206
3363,1708826614.256
3364,1708826614.306
3365,1708826614.356
3366,1708826614.406
3367,1708826614.456
3368,1708826614.506
3369,1708826614.556
3370,1708826614.606
3371,1708826614.656
3372,1708826614.706
3373,1708826614.756
3374,1708826614.806
3375,1708826614.856
3376,1708826614.906
3377,1708826614.956
3378,1708826615.006
3379,1708826615.056
3380,1708826615.106
3381,1708826615.156
3382,1708826615.206
3383,1708826615.256
3384,1708826615.306
3385,1708826615.356
3386,1708826615.406
3387,1708826615.456
3388,1708826615.506
3389,1708826615.556
3390,1708826615.606
3391,1708826615.656
3392,1708826615.706
3393,1708826615.756
3394,1708826615.806
3395,1708826615.856
3396,1708826615.906
3397,1708826615.956
3398,1708826616.006
3399,1708826616.056
3400,1708826616.106
3401,1708826616.156
3402,1708826616.206
3403,1708826616.256
3404,1708826616.306
3405,1708826616.356
3406,1708826616.406
3407,1708826616.456
3408,1708826616.506
3409,1708826616.556
3410,1708826616.606
3411,1708826616.656
3412,1708826616.706
3413,1708826616.756
3414,1708826616.806
3415,1708826616.856
3416,1708826616.906
3417,1708826616.956
3418,1708826617.006
3419,1708826617.056
3420,1708826617.106
3421,1708826617.156
3422,1708826617.206
3423,1708826617.256
3424,1708826617.306
3425,1708826617.356
3426,1708826617.406
3427,1708826617.456
3428,1708826617.506
3429,1708826617.556
3430,1708826617.606
3431,1708826617.656
3432,1708826617.706
3433,1708826617.756
3434,1708826617.806
3435,1708826617.856
3436,1708826617.906
3437,1708826617.956
3438,1708826618.006
3439,1708826618.056
3440,1708826618.106
3441,1708826618.156
3442,1708826618.206
3443,1708826618.256
3444,1708826618.306
3445,1708826618.356
3446,1708826618.406
3447,1708826618.456
3448,1708826618.506
3449,1708826618.556
3450,1708826618.606
3451,1708826618.656
3452,1708826618.706
3453,1708826618.756
3454,1708826618.806
3455,1708826618.856
3456,1708826618.906
3457,1708826618.956
3458,1708826619.006
3459,1708826619.056
3460,1708826619.106
3461,1708826619.156
3462,1708826619.206
3463,1708826619.256
3464,1708826619.306
3465,1708826619.356
3466,1708826619.406
3467,1708826619.456
3468,1708826619.506
3469,1708826619.556
3470,1708826619.606
3471,1708826619.656
3472,1708826619.706
3473,1708826619.756
3474,1708826619.806
3475,1708826619.856
3476,1708826619.906
3477,1708826619.956
3478,1708826620.006
3479,1708826620.056
3480,1708826620.106
3481,1708826620.156
3482,1708826620.206
3483,1708826620.256
3484,1708826620.306
3485,1708826620.356
3486,1708826620.406
3487,1708826620.456
3488,1708826620.506
3489,1708826620.556
3490,1708826620.606
3491,1708826620.656
3492,1708826620.706
3493,1708826620.756
3494,1708826620.806
3495,1708826620.856
3496,1708826620.906
3497,1708826620.956
3498,1708826621.006
3499,1708826621.056
3500,1708826621.106
3501,1708826621.156
3502,1708826621.206
3503,1708826621.256
3504,1708826621.306
3505,1708826621.356
3506,1708826621.406
3507,1708826621.456
3508,1708826621.506
3509,1708826621.556
3510,1708826621.606
3511,1708826621.656
3512,1708826621.706
3513,1708826621.756
3514,1708826621.806
3515,1708826621.856
3516,1708826621.906
3517,1708826621.956
3518,1708826622.006
3519,1708826622.056
3520,1708826622.106
3521,1708826622.156
3522,1708826622.206
3523,1708826622.256
3524,1708826622.306
3525,1708826622.356
3526,1708826622.406
3527,1708826622.456
3528,1708826622.506
3529,1708826622.556
3530,1708826622.606
3531,1708826622.656
3532,1708826622.706
3533,1708826622.756
3534,1708826622.806
3535,1708826622.856
3536,1708826622.906
3537,1708826622.956
3538,1708826623.006
3539,1708826623.056
3540,1708826623.106
3541,1708826623.156
3542,1708826623.206
3543,1708826623.256
3544,1708826623.306
3545,1708826623.356
3546,1708826623.406
3547,1708826623.456
3548,1708826623.506
3549,1708826623.556
3550,1708826623.606
3551,1708826623.656
3552,1708826623.706
3553,1708826623.756
3554,1708826623.806
3555,1708826623.856
3556,1708826623.906
3557,1708826623.956
3558,1708826624.006
3559,1708826624.056
3560,1708826624.106
3561,1708826624.156
3562,1708826624.206
3563,1708826624.256
3564,1708826624.306
3565,1708826624.356
3566,1708826624.406
3567,1708826624.456
3568,1708826624.506
3569,1708826624.556
3570,1708826624.606
3571,1708826624.656
3572,1708826624.706
3573,1708826624.756
3574,1708826624.806
3575,1708826624.856
3576,1708826624.906
3577,1708826624.956
3578,1708826625.006
3579,1708826625.056
3580,1708826625.106
3581,1708826625.156
3582,1708826625.206
3583,1708826625.256
3584,1708826625.306
3585,1708826625.356
3586,1708826625.406
3587,1708826625.456
3588,1708826625.506
3589,1708826625.556
3590,1708826625.606
3591,1708826625.656
3592,1708826625.706
3593,1708826625.756
3594,1708826625.806
3595,1708826625.856
3596,1708826625.906
3597,1708826625.956
3598,1708826626.006
3599,1708826626.056
3600,1708826626.106
3601,1708826626.156
3602,1708826626.206
3603,1708826626.256
3604,1708826626.306
3605,1708826626.356
3606,1708826626.406
3607,1708826626.456
3608,1708826626.506
3609,1708826626.556
3610,1708826626.606
3611,1708826626.656
3612,1708826626.706
3613,1708826626.756
3614,1708826626.806
3615,1708826626.856
3616,1708826626.906
3617,1708826626.956
3618,1708826627.006
3619,1708826627.056
3620,1708826627.106
3621,1708826627.156
3622,1708826627.206
3623,1708826627.256
3624,1708826627.306
3625,1708826627.356
3626,1708826627.406
3627,1708826627.456
3628,1708826627.506
3629,1708826627.556
3630,1708826627.606
3631,1708826627.656
3632,1708826627.706
3633,1708826627.756
3634,1708826627.806
3635,1708826627.856
3636,1708826627.906
3637,1708826627.956
3638,1708826628.006
3639,1708826628.056
3640,1708826628.106
3641,1708826628.156
3642,1708826628.206
3643,1708826628.256
3644,1708826628.306
3645,1708826628.356
3646,1708826628.406
3647,1708826628.456
3648,1708826628.506
3649,1708826628.556
3650,1708826628.606
3651,1708826628.656
3652,1708826628.706
3653,1708826628.756
3654,1708826628.806
3655,1708826628.856
3656,1708826628.906
3657,1708826628.956
3658,1708826629.006
3659,1708826629.056
3660,1708826629.106
3661,1708826629.156
3662,1708826629.206
3663,1708826629.256
3664,1708826629.306
3665,1708826629.356
3666,1708826629.406
3667,1708826629.456
3668,1708826629.506
3669,1708826629.556
3670,1708826629.606
3671,1708826629.656
3672,1708826629.706
3673,1708826629.756
3674,1708826629.806
3675,1708826629.856
3676,1708826629.906
3677,1708826629.956
3678,1708826630.006
3679,1708826630.056
3680,1708826630.106
3681,1708826630.156
3682,1708826630.206
3683,1708826630.256
3684,1708826630.306
3685,1708826630.356
3686,1708826630.406
3687,1708826630.456
3688,1708826630.506
3689,1708826630.556
3690,1708826630.606
3691,1708826630.656
3692,1708826630.706
3693,1708826630.756
3694,1708826630.806
3695,1708826630.856
3696,1708826630.906
3697,1708826630.956
3698,1708826631.006
3699,1708826631.056
3700,1708826631.106
3701,1708826631.156
3702,1708826631.206
3703,1708826631.256
3704,1708826631.306
3705,1708826631.356
3706,1708826631.406
3707,1708826631.456
3708,1708826631.506
3709,1708826631.556
3710,1708826631.606
3711,1708826631.656
3712,1708826631.706
3713,1708826631.756
3714,1708826631.806
3715,1708826631.856
3716,1708826631.906
3717,1708826631.956
3718,1708826632.006
3719,1708826632.056
3720,1708826632.106
3721,1708826632.156
3722,1708826632.206
3723,1708826632.256
3724,1708826632.306
3725,1708826632.356
3726,1708826632.406
3727,1708826632.456
3728,1708826632.506
3729,1708826632.556
3730,1708826632.606
3731,1708826632.656
3732,1708826632.706
3733,1708826632.756
3734,1708826632.806
3735,1708826632.856
3736,1708826632.906
3737,1708826632.956
3738,1708826633.006
3739,1708826633.056
3740,1708826633.106
3741,1708826633.156
3742,1708826633.206
3743,1708826633.256
3744,1708826633.306
3745,1708826633.356
3746,1708826633.406
3747,1708826633.456
3748,1708826633.506
3749,1708826633.556
3750,1708826633.606
3751,1708826633.656
3752,1708826633.706
3753,1708826633.756
3754,1708826633.806
3755,1708826633.856
3756,1708826633.906
3757,1708826633.956
3758,1708826634.006
3759,1708826634.056
3760,1708826634.106
3761,1708826634.156
3762,1708826634.206
3763,1708826634.256
3764,1708826634.306
3765,1708826634.356
3766,1708826634.406
3767,1708826634.456
3768,1708826634.506
3769,1708826634.556
3770,1708826634.606
3771,1708826634.656
3772,1708826634.706
3773,1708826634.756
3774,1708826634.806
3775,1708826634.856
3776,1708826634.906
3777,1708826634.956
3778,1708826635.006
3779,1708826635.056
3780,1708826635.106
3781,1708826635.156
3782,1708826635.206
3783,1708826635.256
3784,1708826635.306
3785,1708826635.356
3786,1708826635.406
3787,1708826635.456
3788,1708826635.506
3789,1708826635.556
3790,1708826635.606
3791,1708826635.656
3792,1708826635.706
3793,1708826635.756
3794,1708826635.806
3795,1708826635.856
3796,1708826635.906
3797,1708826635.956
3798,1708826636.006
3799,1708826636.056
3800,1708826636.106
3801,1708826636.156
3802,1708826636.206
3803,1708826636.256
3804,1708826636.306
3805,1708826636.356
3806,1708826636.406
3807,1708826636.456
3808,1708826636.506
3809,1708826636.556
3810,1708826636.606
3811,1708826636.656
3812,1708826636.706
3813,1708826636.756
3814,1708826636.806
3815,1708826636.856
3816,1708826636.906
3817,1708826636.956
3818,1708826637.006
3819,1708826637.056
3820,1708826637.106
3821,1708826637.156
3822,1708826637.206
3823,1708826637.256
3824,1708826637.306
3825,1708826637.356
3826,1708826637.406
3827,1708826637.456
3828,1708826637.506
3829,1708826637.556
3830,1708826637.606
3831,1708826637.656
3832,1708826637.706
3833,1708826637.756
3834,1708826637.806
3835,1708826637.856
3836,1708826637.906
3837,1708826637.956
3838,1708826638.006
3839,1708826638.056
3840,1708826638.106
3841,1708826638.156
3842,1708826638.206
3843,1708826638.256
3844,1708826638.306
3845,1708826638.356
3846,1708826638.406
3847,1708826638.456
3848,1708826638.506
3849,1708826638.556
3850,1708826638.606
3851,1708826638.656
3852,1708826638.706
3853,1708826638.756
3854,1708826638.806
3855,1708826638.856
3856,1708826638.906
3857,1708826638.956
3858,1708826639.006
3859,1708826639.056
3860,1708826639.106
3861,1708826639.156
3862,1708826639.206
3863,1708826639.256
3864,1708826639.306
3865,1708826639.356
3866,1708826639.406
3867,1708826639.456
3868,1708826639.506
3869,1708826639.556
3870,1708826639.606
3871,1708826639.656
3872,1708826639.706
3873,1708826639.756
3874,1708826639.806
3875,1708826639.856
3876,1708826639.906
3877,1708826639.956
3878,1708826640.006
3879,1708826640.056
3880,1708826640.106
3881,1708826640.156
3882,1708826640.206
3883,1708826640.256
3884,1708826640.306
3885,1708826640.356
3886,1708826640.406
3887,1708826640.456
3888,1708826640.506
3889,1708826640.556
3890,1708826640.606
3891,1708826640.656
3892,1708826640.706
3893,1708826640.756
3894,1708826640.806
3895,1708826640.856
3896,1708826640.906
3897,1708826640.956
3898,1708826641.006
3899,1708826641.056
3900,1708826641.106
3901,1708826641.156
3902,1708826641.206
3903,1708826641.256
3904,1708826641.306
3905,1708826641.356
3906,1708826641.406
3907,1708826641.456
3908,1708826641.506
3909,1708826641.556
3910,1708826641.606
3911,1708826641.656
3912,1708826641.706
3913,1708826641.756
3914,1708826641.806
3915,1708826641.856
3916,1708826641.906
3917,1708826641.956
3918,1708826642.006
3919,1708826642.056
3920,1708826642.106
3921,1708826642.156
3922,1708826642.206
3923,1708826642.256
3924,1708826642.306
3925,1708826642.356
3926,1708826642.406
3927,1708826642.456
3928,1708826642.506
3929,1708826642.556
3930,1708826642.606
3931,1708826642.656
3932,1708826642.706
3933,1708826642.756
3934,1708826642.806
3935,1708826642.856
3936,1708826642.906
3937,1708826642.956
3938,1708826643.006
3939,1708826643.056
3940,1708826643.106
3941,1708826643.156
3942,1708826643.206
3943,1708826643.256
3944,1708826643.306
3945,1708826643.356
3946,1708826643.406
3947,1708826643.456
3948,1708826643.506
3949,1708826643.556
3950,1708826643.606
3951,1708826643.656
3952,1708826643.706
3953,1708826643.756
3954,1708826643.806
3955,1708826643.856
3956,1708826643.906
3957,1708826643.956
3958,1708826644.006
3959,1708826644.056
3960,1708826644.106
3961,1708826644.156
3962,1708826644.206
3963,1708826644.256
3964,1708826644.306
3965,1708826644.356
3966,1708826644.406
3967,1708826644.456
3968,1708826644.506
3969,1708826644.556
3970,1708826644.606
3971,1708826644.656
3972,1708826644.706
3973,1708826644.756
3974,1708826644.806
3975,1708826644.856
3976,1708826644.906
3977,1708826644.956
3978,1708826645.006
3979,1708826645.056
3980,1708826645.106
3981,1708826645.156
3982,1708826645.206
3983,1708826645.256
3984,1708826645.306
3985,1708826645.356
3986,1708826645.406
3987,1708826645.456
3988,1708826645.506
3989,1708826645.556
3990,1708826645.606
3991,1708826645.656
3992,1708826645.706
3993,1708826645.756
3994,1708826645.806
3995,1708826645.856
3996,1708826645.906
3997,1708826645.956
3998,1708826646.006
3999,1708826646.056
4000,1708826646.106
4001,1708826646.156
4002,1708826646.206
4003,1708826646.256
4004,1708826646.306
4005,1708826646.356
4006,1708826646.406
4007,1708826646.456
4008,1708826646.506
4009,1708826646.556
4010,1708826646.606
4011,1708826646.656
4012,1708826646.706
4013,1708826646.756
4014,1708826646.806
4015,1708826646.856
4016,1708826646.906
4017,1708826646.956
4018,1708826647.006
4019,1708826647.056
4020,1708826647.106
4021,1708826647.156
4022,1708826647.206
4023,1708826647.256
4024,1708826647.306
4025,1708826647.356
4026,1708826647.406
4027,1708826647.456
4028,1708826647.506
4029,1708826647.556
4030,1708826647.606
4031,1708826647.656
4032,1708826647.706
4033,1708826647.756
4034,1708826647.806
4035,1708826647.856
4036,1708826647.906
4037,1708826647.956
4038,1708826648.006
4039,1708826648.056
4040,1708826648.106
4041,1708826648.156
4042,1708826648.206
4043,1708826648.256
4044,1708826648.306
4045,1708826648.356
4046,1708826648.406
4047,1708826648.456
4048,1708826648.506
4049,1708826648.556
4050,1708826648.606
4051,1708826648.656
4052,1708826648.706
4053,1708826648.756
4054,1708826648.806
4055,1708826648.856
4056,1708826648.906
4057,1708826648.956
4058,1708826649.006
4059,1708826649.056
4060,1708826649.106
4061,1708826649.156
4062,1708826649.206
4063,1708826649.256
4064,1708826649.306
4065,1708826649.356
4066,1708826649.406
4067,1708826649.456
4068,1708826649.506
4069,1708826649.556
4070,1708826649.606
4071,1708826649.656
4072,1708826649.706
4073,1708826649.756
4074,1708826649.806
4075,1708826649.856
4076,1708826649.906
4077,1708826649.956
4078,1708826650.006
4079,1708826650.056
4080,1708826650.106
4081,1708826650.156
4082,1708826650.206
4083,1708826650.256
4084,1708826650.306
4085,1708826650.356
4086,1708826650.406
4087,1708826650.456
4088,1708826650.506
4089,1708826650.556
4090,1708826650.606
4091,1708826650.656
4092,1708826650.706
4093,1708826650.756
4094,1708826650.806
4095,1708826650.856
4096,1708826650.906
4097,1708826650.956
4098,1708826651.006
4099,1708826651.056
4100,1708826651.106
4101,1708826651.156
4102,1708826651.206
4103,1708826651.256
4104,1708826651.306
4105,1708826651.356
4106,1708826651.406
4107,1708826651.456
4108,1708826651.506
4109,1708826651.556
4110,1708826651.606
4111,1708826651.656
4112,1708826651.706
4113,1708826651.756
4114,1708826651.806
4115,1708826651.856
4116,1708826651.906
4117,1708826651.956
4118,1708826652.006
4119,1708826652.056
4120,1708826652.106
4121,1708826652.156
4122,1708826652.206
4123,1708826652.256
4124,1708826652.306
4125,1708826652.356
4126,1708826652.406
4127,1708826652.456
4128,1708826652.506
4129,1708826652.556
4130,1708826652.606
4131,1708826652.656
4132,1708826652.706
4133,1708826652.756
4134,1708826652.806
4135,1708826652.856
4136,1708826652.906
4137,1708826652.956
4138,1708826653.006
4139,1708826653.056
4140,1708826653.106
4141,1708826653.156
4142,1708826653.206
4143,1708826653.256
4144,1708826653.306
4145,1708826653.356
4146,1708826653.406
4147,1708826653.456
4148,1708826653.506
4149,1708826653.556
4150,1708826653.606
4151,1708826653.656
4152,1708826653.706
4153,1708826653.756
4154,1708826653.806
4155,1708826653.856
4156,1708826653.906
4157,1708826653.956
4158,1708826654.006
4159,1708826654.056
4160,1708826654.106
4161,1708826654.156
4162,1708826654.206
4163,1708826654.256
4164,1708826654.306
4165,1708826654.356
4166,1708826654.406
4167,1708826654.456
4168,1708826654.506
4169,1708826654.556
4170,1708826654.606
4171,1708826654.656
4172,1708826654.706
4173,1708826654.756
4174,1708826654.806
4175,1708826654.856
4176,1708826654.906
4177,1708826654.956
4178,1708826655.006
4179,1708826655.056
4180,1708826655.106
4181,1708826655.156
4182,1708826655.206
4183,1708826655.256
4184,1708826655.306
4185,1708826655.356
4186,1708826655.406
4187,1708826655.456
4188,1708826655.506
4189,1708826655.556
4190,1708826655.606
4191,1708826655.656
4192,1708826655.706
4193,1708826655.756
4194,1708826655.806
4195,1708826655.856
4196,1708826655.906
4197,1708826655.956
4198,1708826656.006
4199,1708826656.056
4200,1708826656.106
4201,1708826656.156
4202,1708826656.206
4203,1708826656.256
4204,1708826656.306
4205,1708826656.356
4206,1708826656.406
4207,1708826656.456
4208,1708826656.506
4209,1708826656.556
4210,1708826656.606
4211,1708826656.656
4212,1708826656.706
4213,1708826656.756
4214,1708826656.806
4215,1708826656.856
4216,1708826656.906
4217,1708826656.956
4218,1708826657.006
4219,1708826657.056
4220,1708826657.106
4221,1708826657.156
4222,1708826657.206
4223,1708826657.256
4224,1708826657.306
4225,1708826657.356
4226,1708826657.406
4227,1708826657.456
4228,1708826657.506
4229,1708826657.556
4230,1708826657.606
4231,1708826657.656
4232,1708826657.706
4233,1708826657.756
4234,1708826657.806
4235,1708826657.856
4236,1708826657.906
4237,1708826657.956
4238,1708826658.006
4239,1708826658.056
4240,1708826658.106
4241,1708826658.156
4242,1708826658.206
4243,1708826658.256
4244,1708826658.306
4245,1708826658.356
4246,1708826658.406
4247,1708826658.456
4248,1708826658.506
4249,1708826658.556
4250,1708826658.606
4251,1708826658.656
4252,1708826658.706
4253,1708826658.756
4254,1708826658.806
4255,1708826658.856
4256,1708826658.906
4257,1708826658.956
4258,1708826659.006
4259,1708826659.056
4260,1708826659.106
4261,1708826659.156
4262,1708826659.206
4263,1708826659.256
4264,1708826659.306
4265,1708826659.356
4266,1708826659.406
4267,1708826659.456
4268,1708826659.506
4269,1708826659.556
4270,1708826659.606
4271,1708826659.656
4272,1708826659.706
4273,1708826659.756
4274,1708826659.806
4275,1708826659.856
4276,1708826659.906
4277,1708826659.956
4278,1708826660.006
4279,1708826660.056
4280,1708826660.106
4281,1708826660.156
4282,1708826660.206
4283,1708826660.256
4284,1708826660.306
4285,1708826660.356
4286,1708826660.406
4287,1708826660.456
4288,1708826660.506
4289,1708826660.556
4290,1708826660.606
4291,1708826660.656
4292,1708826660.706
4293,1708826660.756
4294,1708826660.806
4295,1708826660.856
4296,1708826660.906
4297,1708826660.956
4298,1708826661.006
4299,1708826661.056
4300,1708826661.106
4301,1708826661.156
4302,1708826661.206
4303,1708826661.256
4304,1708826661.306
4305,1708826661.356
4306,1708826661.406
4307,1708826661.456
4308,1708826661.506
4309,1708826661.556
4310,1708826661.606
4311,1708826661.656
4312,1708826661.706
4313,1708826661.756
4314,1708826661.806
4315,1708826661.856
4316,1708826661.906
4317,1708826661.956
4318,1708826662.006
4319,1708826662.056
4320,1708826662.106
4321,1708826662.156
4322,1708826662.206
4323,1708826662.256
4324,1708826662.306
4325,1708826662.356
4326,1708826662.406
4327,1708826662.456
4328,1708826662.506
4329,1708826662.556
4330,1708826662.606
4331,1708826662.656
4332,1708826662.706
4333,1708826662.756
4334,1708826662.806
4335,1708826662.856
4336,1708826662.906
4337,1708826662.956
4338,1708826663.006
4339,1708826663.056
4340,1708826663.106
4341,1708826663.156
4342,1708826663.206
4343,1708826663.256
4344,1708826663.306
4345,1708826663.356
4346,1708826663.406
4347,1708826663.456
4348,1708826663.506
4349,1708826663.556
4350,1708826663.606
4351,1708826663.656
4352,1708826663.706
4353,1708826663.756
4354,1708826663.806
4355,1708826663.856
4356,1708826663.906
4357,1708826663.956
4358,1708826664.006
4359,1708826664.056
4360,1708826664.106
4361,1708826664.156
4362,1708826664.206
4363,1708826664.256
4364,1708826664.306
4365,1708826664.356
4366,1708826664.406
4367,1708826664.456
4368,1708826664.506
4369,1708826664.556
4370,1708826664.606
4371,1708826664.656
4372,1708826664.706
4373,1708826664.756
4374,1708826664.806
4375,1708826664.856
4376,1708826664.906
4377,1708826664.956
4378,1708826665.006
4379,1708826665.056
4380,1708826665.106
4381,1708826665.156
4382,1708826665.206
4383,1708826665.256
4384,1708826665.306
4385,1708826665.356
4386,1708826665.406
4387,1708826665.456
4388,1708826665.506
4389,1708826665.556
4390,1708826665.606
4391,1708826665.656
4392,1708826665.706
4393,1708826665.756
4394,1708826665.806
4395,1708826665.856
4396,1708826665.906
4397,1708826665.956
4398,1708826666.006
4399,1708826666.056
4400,1708826666.106
4401,1708826666.156
4402,1708826666.206
4403,1708826666.256
4404,1708826666.306
4405,1708826666.356
4406,1708826666.406
4407,1708826666.456
4408,1708826666.506
4409,1708826666.556
4410,1708826666.606
4411,1708826666.656
4412,1708826666.706
4413,1708826666.756
4414,1708826666.806
4415,1708826666.856
4416,1708826666.906
4417,1708826666.956
4418,1708826667.006
4419,1708826667.056
4420,1708826667.106
4421,1708826667.156
4422,1708826667.206
4423,1708826667.256
4424,1708826667.306
4425,1708826667.356
4426,1708826667.406
4427,1708826667.456
4428,1708826667.506
4429,1708826667.556
4430,1708826667.606
4431,1708826667.656
4432,1708826667.706
4433,1708826667.756
4434,1708826667.806
4435,1708826667.856
4436,1708826667.906
4437,1708826667.956
4438,1708826668.006
4439,1708826668.056
4440,1708826668.106
4441,1708826668.156
4442,1708826668.206
4443,1708826668.256
4444,1708826668.306
4445,1708826668.356
4446,1708826668.406
4447,1708826668.456
4448,1708826668.506
4449,1708826668.556
4450,1708826668.606
4451,1708826668.656
4452,1708826668.706
4453,1708826668.756
4454,1708826668.806
4455,1708826668.856
4456,1708826668.906
4457,1708826668.956
4458,1708826669.006
4459,1708826669.056
4460,1708826669.106
4461,1708826669.156
4462,1708826669.206
4463,1708826669.256
4464,1708826669.306
4465,1708826669.356
4466,1708826669.406
4467,1708826669.456
4468,1708826669.506
4469,1708826669.556
4470,1708826669.606
4471,1708826669.656
4472,1708826669.706
4473,1708826669.756
4474,1708826669.806
4475,1708826669.856
4476,1708826669.906
4477,1708826669.956
4478,1708826670.006
4479,1708826670.056
4480,1708826670.106
4481,1708826670.156
4482,1708826670.206
4483,1708826670.256
4484,1708826670.306
4485,1708826670.356
4486,1708826670.406
4487,1708826670.456
4488,1708826670.506
4489,1708826670.556
4490,1708826670.606
4491,1708826670.656
4492,1708826670.706
4493,1708826670.756
4494,1708826670.806
4495,1708826670.856
4496,1708826670.906
4497,1708826670.956
4498,1708826671.006
4499,1708826671.056
4500,1708826671.106
4501,1708826671.156
4502,1708826671.206
4503,1708826671.256
4504,1708826671.306
4505,1708826671.356
4506,1708826671.406
4507,1708826671.456
4508,1708826671.506
4509,1708826671.556
4510,1708826671.606
4511,1708826671.656
4512,1708826671.706
4513,1708826671.756
4514,1708826671.806
4515,1708826671.856
4516,1708826671.906
4517,1708826671.956
4518,1708826672.006
4519,1708826672.056
4520,1708826672.106
4521,1708826672.156
4522,1708826672.206
4523,1708826672.256
4524,1708826672.306
4525,1708826672.356
4526,1708826672.406
4527,1708826672.456
4528,1708826672.506
4529,1708826672.556
4530,1708826672.606
4531,1708826672.656
4532,1708826672.706
4533,1708826672.756
4534,1708826672.806
4535,1708826672.856
4536,1708826672.906
4537,1708826672.956
4538,1708826673.006
4539,1708826673.056
4540,1708826673.106
4541,1708826673.156
4542,1708826673.206
4543,1708826673.256
4544,1708826673.306
4545,1708826673.356
4546,1708826673.406
4547,1708826673.456
4548,1708826673.506
4549,1708826673.556
4550,1708826673.606
4551,1708826673.656
4552,1708826673.706
4553,1708826673.756
4554,1708826673.806
4555,1708826673.856
4556,1708826673.906
4557,1708826673.956
4558,1708826674.006
4559,1708826674.056
4560,1708826674.106
4561,1708826674.156
4562,1708826674.206
4563,1708826674.256
4564,1708826674.306
4565,1708826674.356
4566,1708826674.406
4567,1708826674.456
4568,1708826674.506
4569,1708826674.556
4570,1708826674.606
4571,1708826674.656
4572,1708826674.706
4573,1708826674.756
4574,1708826674.806
4575,1708826674.856
4576,1708826674.906
4577,1708826674.956
4578,1708826675.006
4579,1708826675.056
4580,1708826675.106
4581,1708826675.156
4582,1708826675.206
4583,1708826675.256
4584,1708826675.306
4585,1708826675.356
4586,1708826675.406
4587,1708826675.456
4588,1708826675.506
4589,1708826675.556
4590,1708826675.606
4591,1708826675.656
4592,1708826675.706
4593,1708826675.756
4594,1708826675.806
4595,1708826675.856
4596,1708826675.906
4597,1708826675.956
4598,1708826676.006
4599,1708826676.056
4600,1708826676.106
4601,1708826676.156
4602,1708826676.206
4603,1708826676.256
4604,1708826676.306
4605,1708826676.356
4606,1708826676.406
4607,1708826676.456
4608,1708826676.506
4609,1708826676.556
4610,1708826676.606
4611,1708826676.656
4612,1708826676.706
4613,1708826676.756
4614,1708826676.806
4615,1708826676.856
4616,1708826676.906
4617,1708826676.956
4618,1708826677.006
4619,1708826677.056
4620,1708826677.106
4621,1708826677.156
4622,1708826677.206
4623,1708826677.256
4624,1708826677.306
4625,1708826677.356
4626,1708826677.406
4627,1708826677.456
4628,1708826677.506
4629,1708826677.556
4630,1708826677.606
4631,1708826677.656
4632,1708826677.706
4633,1708826677.756
4634,1708826677.806
4635,1708826677.856
4636,1708826677.906
4637,1708826677.956
4638,1708826678.006
4639,1708826678.056
4640,1708826678.106
4641,1708826678.156
4642,1708826678.206
4643,1708826678.256
4644,1708826678.306
4645,1708826678.356
4646,1708826678.406
4647,1708826678.456
4648,1708826678.506
4649,1708826678.556
4650,1708826678.606
4651,1708826678.656
4652,1708826678.706
4653,1708826678.756
4654,1708826678.806
4655,1708826678.856
4656,1708826678.906
4657,1708826678.956
4658,1708826679.006
4659,1708826679.056
4660,1708826679.106
4661,1708826679.156
4662,1708826679.206
4663,1708826679.256
4664,1708826679.306
4665,1708826679.356
4666,1708826679.406
4667,1708826679.456
4668,1708826679.506
4669,1708826679.556
4670,1708826679.606
4671,1708826679.656
4672,1708826679.706
4673,1708826679.756
4674,1708826679.806
4675,1708826679.856
4676,1708826679.906
4677,1708826679.956
4678,1708826680.006
4679,1708826680.056
4680,1708826680.106
4681,1708826680.156
4682,1708826680.206
4683,1708826680.256
4684,1708826680.306
4685,1708826680.356
4686,1708826680.406
4687,1708826680.456
4688,1708826680.506
4689,1708826680.556
4690,1708826680.606
4691,1708826680.656
4692,1708826680.706
4693,1708826680.756
4694,1708826680.806
4695,1708826680.856
4696,1708826680.906
4697,1708826680.956
4698,1708826681.006
4699,1708826681.056
4700,1708826681.106
4701,1708826681.156
4702,1708826681.206
4703,1708826681.256
4704,1708826681.306
4705,1708826681.356
4706,1708826681.406
4707,1708826681.456
4708,1708826681.506
4709,1708826681.556
4710,1708826681.606
4711,1708826681.656
4712,1708826681.706
4713,1708826681.756
4714,1708826681.806
4715,1708826681.856
4716,1708826681.906
4717,1708826681.956
4718,1708826682.006
4719,1708826682.056
4720,1708826682.106
4721,1708826682.156
4722,1708826682.206
4723,1708826682.256
4724,1708826682.306
4725,1708826682.356
4726,1708826682.406
4727,1708826682.456
4728,1708826682.506
4729,1708826682.556
4730,1708826682.606
4731,1708826682.656
4732,1708826682.706
4733,1708826682.756
4734,1708826682.806
4735,1708826682.856
4736,1708826682.906
4737,1708826682.956
4738,1708826683.006
4739,1708826683.056
4740,1708826683.106
4741,1708826683.156
4742,1708826683.206
4743,1708826683.256
4744,1708826683.306
4745,1708826683.356
4746,1708826683.406
4747,1708826683.456
4748,1708826683.506
4749,1708826683.556
4750,1708826683.606
4751,1708826683.656
4752,1708826683.706
4753,1708826683.756
4754,1708826683.806
4755,1708826683.856
4756,1708826683.906
4757,1708826683.956
4758,1708826684.006
4759,1708826684.056
4760,1708826684.106
4761,1708826684.156
4762,1708826684.206
4763,1708826684.256
4764,1708826684.306
4765,1708826684.356
4766,1708826684.406
4767,1708826684.456
4768,1708826684.506
4769,1708826684.556
4770,1708826684.606
4771,1708826684.656
4772,1708826684.706
4773,1708826684.756
4774,1708826684.806
4775,1708826684.856
4776,1708826684.906
4777,1708826684.956
4778,1708826685.006
4779,1708826685.056
4780,1708826685.106
4781,1708826685.156
4782,1708826685.206
4783,1708826685.256
4784,1708826685.306
4785,1708826685.356
4786,1708826685.406
4787,1708826685.456
4788,1708826685.506
4789,1708826685.556
4790,1708826685.606
4791,1708826685.656
4792,1708826685.706
4793,1708826685.756
4794,1708826685.806
4795,1708826685.856
4796,1708826685.906
4797,1708826685.956
4798,1708826686.006
4799,1708826686.056
4800,1708826686.106
4801,1708826686.156
4802,1708826686.206
4803,1708826686.256
4804,1708826686.306
4805,1708826686.356
4806,1708826686.406
4807,1708826686.456
4808,1708826686.506
4809,1708826686.556
4810,1708826686.606
4811,1708826686.656
4812,1708826686.706
4813,1708826686.756
4814,1708826686.806
4815,1708826686.856
4816,1708826686.906
4817,1708826686.956
4818,1708826687.006
4819,1708826687.056
4820,1708826687.106
4821,1708826687.156
4822,1708826687.206
4823,1708826687.256
4824,1708826687.306
4825,1708826687.356
4826,1708826687.406
4827,1708826687.456
4828,1708826687.506
4829,1708826687.556
4830,1708826687.606
4831,1708826687.656
4832,1708826687.706
4833,1708826687.756
4834,1708826687.806
4835,1708826687.856
4836,1708826687.906
4837,1708826687.956
4838,1708826688.006
4839,1708826688.056
4840,1708826688.106
4841,1708826688.156
4842,1708826688.206
4843,1708826688.256
4844,1708826688.306
4845,1708826688.356
4846,1708826688.406
4847,1708826688.456
4848,1708826688.506
4849,1708826688.556
4850,1708826688.606
4851,1708826688.656
4852,1708826688.706
4853,1708826688.756
4854,1708826688.806
4855,1708826688.856
4856,1708826688.906
4857,1708826688.956
4858,1708826689.006
4859,1708826689.056
4860,1708826689.106
4861,1708826689.156
4862,1708826689.206
4863,1708826689.256
4864,1708826689.306
4865,1708826689.356
4866,1708826689.406
4867,1708826689.456
4868,1708826689.506
4869,1708826689.556
4870,1708826689.606
4871,1708826689.656
4872,1708826689.706
4873,1708826689.756
4874,1708826689.806
4875,1708826689.856
4876,1708826689.906
4877,1708826689.956
4878,1708826690.006
4879,1708826690.056
4880,1708826690.106
4881,1708826690.156
4882,1708826690.206
4883,1708826690.256
4884,1708826690.306
4885,1708826690.356
4886,1708826690.406
4887,1708826690.456
4888,1708826690.506
4889,1708826690.556
4890,1708826690.606
4891,1708826690.656
4892,1708826690.706
4893,1708826690.756
4894,1708826690.806
4895,1708826690.856
4896,1708826690.906
4897,1708826690.956
4898,1708826691.006
4899,1708826691.056
4900,1708826691.106
4901,1708826691.156
4902,1708826691.206
4903,1708826691.256
4904,1708826691.306
4905,1708826691.356
4906,1708826691.406
4907,1708826691.456
4908,1708826691.506
4909,1708826691.556
4910,1708826691.606
4911,1708826691.656
4912,1708826691.706
4913,1708826691.756
4914,1708826691.806
4915,1708826691.856
4916,1708826691.906
4917,1708826691.956
4918,1708826692.006
4919,1708826692.056
4920,1708826692.106
4921,1708826692.156
4922,1708826692.206
4923,1708826692.256
4924,1708826692.306
4925,1708826692.356
4926,1708826692.406
4927,1708826692.456
4928,1708826692.506
4929,1708826692.556
4930,1708826692.606
4931,1708826692.656
4932,1708826692.706
4933,1708826692.756
4934,1708826692.806
4935,1708826692.856
4936,1708826692.906
4937,1708826692.956
4938,1708826693.006
4939,1708826693.056
4940,1708826693.106
4941,1708826693.156
4942,1708826693.206
4943,1708826693.256
4944,1708826693.306
4945,1708826693.356
4946,1708826693.406
4947,1708826693.456
4948,1708826693.506
4949,1708826693.556
4950,1708826693.606
4951,1708826693.656
4952,1708826693.706
4953,1708826693.756
4954,1708826693.806
4955,1708826693.856
4956,1708826693.906
4957,1708826693.956
4958,1708826694.006
4959,1708826694.056
4960,1708826694.106
4961,1708826694.156
4962,1708826694.206
4963,1708826694.256
4964,1708826694.306
4965,1708826694.356
4966,1708826694.406
4967,1708826694.456
4968,1708826694.506
4969,1708826694.556
4970,1708826694.606
4971,1708826694.656
4972,1708826694.706
4973,1708826694.756
4974,1708826694.806
4975,1708826694.856
4976,1708826694.906
4977,1708826694.956
4978,1708826695.006
4979,1708826695.056
4980,1708826695.106
4981,1708826695.156
4982,1708826695.206
4983,1708826695.256
4984,1708826695.306
4985,1708826695.356
4986,1708826695.406
4987,1708826695.456
4988,1708826695.506
4989,1708826695.556
4990,1708826695.606
4991,1708826695.656
4992,1708826695.706
4993,1708826695.756
4994,1708826695.806
4995,1708826695.856
4996,1708826695.906
4997,1708826695.956
4998,1708826696.006
4999,1708826696.056
5000,1708826696.106
5001,1708826696.156
5002,1708826696.206
5003,1708826696.256
5004,1708826696.306
5005,1708826696.356
5006,1708826696.406
5007,1708826696.456
5008,1708826696.506
5009,1708826696.556
5010,1708826696.606
5011,1708826696.656
5012,1708826696.706
5013,1708826696.756
5014,1708826696.806
5015,1708826696.856
5016,1708826696.906
5017,1708826696.956
5018,1708826697.006
5019,1708826697.056
5020,1708826697.106
5021,1708826697.156
5022,1708826697.206
5023,1708826697.256
5024,1708826697.306
5025,1708826697.356
5026,1708826697.406
5027,1708826697.456
5028,1708826697.506
5029,1708826697.556
5030,1708826697.606
5031,1708826697.656
5032,1708826697.706
5033,1708826697.756
5034,1708826697.806
5035,1708826697.856
5036,1708826697.906
5037,1708826697.956
5038,1708826698.006
5039,1708826698.056
5040,1708826698.106
5041,1708826698.156
5042,1708826698.206
5043,1708826698.256
5044,1708826698.306
5045,1708826698.356
5046,1708826698.406
5047,1708826698.456
5048,1708826698.506
5049,1708826698.556
5050,1708826698.606
5051,1708826698.656
5052,1708826698.706
5053,1708826698.756
5054,1708826698.806
5055,1708826698.856
5056,1708826698.906
5057,1708826698.956
5058,1708826699.006
5059,1708826699.056
5060,1708826699.106
5061,1708826699.156
5062,1708826699.206
5063,1708826699.256
5064,1708826699.306
5065,1708826699.356
5066,1708826699.406
5067,1708826699.456
5068,1708826699.506
5069,1708826699.556
5070,1708826699.606
5071,1708826699.656
5072,1708826699.706
5073,1708826699.756
5074,1708826699.806
5075,1708826699.856
5076,1708826699.906
5077,1708826699.956
5078,1708826700.006
5079,1708826700.056
5080,1708826700.106
5081,1708826700.156
5082,1708826700.206
5083,1708826700.256
5084,1708826700.306
5085,1708826700.356
5086,1708826700.406
5087,1708826700.456
5088,1708826700.506
5089,1708826700.556
5090,1708826700.606
5091,1708826700.656
5092,1708826700.706
5093,1708826700.756
5094,1708826700.806
5095,1708826700.856
5096,1708826700.906
5097,1708826700.956
5098,1708826701.006
5099,1708826701.056
5100,1708826701.106
5101,1708826701.156
5102,1708826701.206
5103,1708826701.256
5104,1708826701.306
5105,1708826701.356
5106,1708826701.406
5107,1708826701.456
5108,1708826701.506
5109,1708826701.556
5110,1708826701.606
5111,1708826701.656
5112,1708826701.706
5113,1708826701.756
5114,1708826701.806
5115,1708826701.856
5116,1708826701.906
5117,1708826701.956
5118,1708826702.006
5119,1708826702.056
5120,1708826702.106
5121,1708826702.156
5122,1708826702.206
5123,1708826702.256
5124,1708826702.306
5125,1708826702.356
5126,1708826702.406
5127,1708826702.456
5128,1708826702.506
5129,1708826702.556
5130,1708826702.606
5131,1708826702.656
5132,1708826702.706
5133,1708826702.756
5134,1708826702.806
5135,1708826702.856
5136,1708826702.906
5137,1708826702.956
5138,1708826703.006
5139,1708826703.056
5140,1708826703.106
5141,1708826703.156
5142,1708826703.206
5143,1708826703.256
5144,1708826703.306
5145,1708826703.356
5146,1708826703.406
5147,1708826703.456
5148,1708826703.506
5149,1708826703.556
5150,1708826703.606
5151,1708826703.656
5152,1708826703.706
5153,1708826703.756
5154,1708826703.806
5155,1708826703.856
5156,1708826703.906
5157,1708826703.956
5158,1708826704.006
5159,1708826704.056
5160,1708826704.106
5161,1708826704.156
5162,1708826704.206
5163,1708826704.256
5164,1708826704.306
5165,1708826704.356
5166,1708826704.406
5167,1708826704.456
5168,1708826704.506
5169,1708826704.556
5170,1708826704.606
5171,1708826704.656
5172,1708826704.706
5173,1708826704.756
5174,1708826704.806
5175,1708826704.856
5176,1708826704.906
5177,1708826704.956
5178,1708826705.006
5179,1708826705.056
5180,1708826705.106
5181,1708826705.156
5182,1708826705.206
5183,1708826705.256
5184,1708826705.306
5185,1708826705.356
5186,1708826705.406
5187,1708826705.456
5188,1708826705.506
5189,1708826705.556
5190,1708826705.606
5191,1708826705.656
5192,1708826705.706
5193,1708826705.756
5194,1708826705.806
5195,1708826705.856
5196,1708826705.906
5197,1708826705.956
5198,1708826706.006
5199,1708826706.056
5200,1708826706.106
5201,1708826706.156
5202,1708826706.206
5203,1708826706.256
5204,1708826706.306
5205,1708826706.356
5206,1708826706.406
5207,1708826706.456
5208,1708826706.506
5209,1708826706.556
5210,1708826706.606
5211,1708826706.656
5212,1708826706.706
5213,1708826706.756
5214,1708826706.806
5215,1708826706.856
5216,1708826706.906
5217,1708826706.956
5218,1708826707.006
5219,1708826707.056
5220,1708826707.106
5221,1708826707.156
5222,1708826707.206
5223,1708826707.256
5224,1708826707.306
5225,1708826707.356
5226,1708826707.406
5227,1708826707.456
5228,1708826707.506
5229,1708826707.556
5230,1708826707.606
5231,1708826707.656
5232,1708826707.706
5233,1708826707.756
5234,1708826707.806
5235,1708826707.856
5236,1708826707.906
5237,1708826707.956
5238,1708826708.006
5239,1708826708.056
5240,1708826708.106
5241,1708826708.156
5242,1708826708.206
5243,1708826708.256
5244,1708826708.306
5245,1708826708.356
5246,1708826708.406
5247,1708826708.456
5248,1708826708.506
5249,1708826708.556
5250,1708826708.606
5251,1708826708.656
5252,1708826708.706
5253,1708826708.756
5254,1708826708.806
5255,1708826708.856
5256,1708826708.906
5257,1708826708.956
5258,1708826709.006
5259,1708826709.056
5260,1708826709.106
5261,1708826709.156
5262,1708826709.206
5263,1708826709.256
5264,1708826709.306
5265,1708826709.356
5266,1708826709.406
5267,1708826709.456
5268,1708826709.506
5269,1708826709.556
5270,1708826709.606
5271,1708826709.656
5272,1708826709.706
5273,1708826709.756
5274,1708826709.806
5275,1708826709.856
5276,1708826709.906
5277,1708826709.956
5278,1708826710.006
5279,1708826710.056
5280,1708826710.106
5281,1708826710.156
5282,1708826710.206
5283,1708826710.256
5284,1708826710.306
5285,1708826710.356
5286,1708826710.406
5287,1708826710.456
5288,1708826710.506
5289,1708826710.556
5290,1708826710.606
5291,1708826710.656
5292,1708826710.706
5293,1708826710.756
5294,1708826710.806
5295,1708826710.856
5296,1708826710.906
5297,1708826710.956
5298,1708826711.006
5299,1708826711.056
5300,1708826711.106
5301,1708826711.156
5302,1708826711.206
5303,1708826711.256
5304,1708826711.306
5305,1708826711.356
5306,1708826711.406
5307,1708826711.456
5308,1708826711.506
5309,1708826711.556
5310,1708826711.606
5311,1708826711.656
5312,1708826711.706
5313,1708826711.756
5314,1708826711.806
5315,1708826711.856
5316,1708826711.906
5317,1708826711.956
5318,1708826712.006
5319,1708826712.056
5320,1708826712.106
5321,1708826712.156
5322,1708826712.206
5323,1708826712.256
5324,1708826712.306
5325,1708826712.356
5326,1708826712.406
5327,1708826712.456
5328,1708826712.506
5329,1708826712.556
5330,1708826712.606
5331,1708826712.656
5332,1708826712.706
5333,1708826712.756
5334,1708826712.806
5335,1708826712.856
5336,1708826712.906
5337,1708826712.956
5338,1708826713.006
5339,1708826713.056
5340,1708826713.106
5341,1708826713.156
5342,1708826713.206
5343,1708826713.256
5344,1708826713.306
5345,1708826713.356
5346,1708826713.406
5347,1708826713.456
5348,1708826713.506
5349,1708826713.556
5350,1708826713.606
5351,1708826713.656
5352,1708826713.706
5353,1708826713.756
5354,1708826713.806
5355,1708826713.856
5356,1708826713.906
5357,1708826713.956
5358,1708826714.006
5359,1708826714.056
5360,1708826714.106
5361,1708826714.156
5362,1708826714.206
5363,1708826714.256
5364,1708826714.306
5365,1708826714.356
5366,1708826714.406
5367,1708826714.456
5368,1708826714.506
5369,1708826714.556
5370,1708826714.606
5371,1708826714.656
5372,1708826714.706
5373,1708826714.756
5374,1708826714.806
5375,1708826714.856
5376,1708826714.906
5377,1708826714.956
5378,1708826715.006
5379,1708826715.056
5380,1708826715.106
5381,1708826715.156
5382,1708826715.206
5383,1708826715.256
5384,1708826715.306
5385,1708826715.356
5386,1708826715.406
5387,1708826715.456
5388,1708826715.506
5389,1708826715.556
5390,1708826715.606
5391,1708826715.656
5392,1708826715.706
5393,1708826715.756
5394,1708826715.806
5395,1708826715.856
5396,1708826715.906
5397,1708826715.956
5398,1708826716.006
5399,1708826716.056
5400,1708826716.106
5401,1708826716.156
5402,1708826716.206
5403,1708826716.256
5404,1708826716.306
5405,1708826716.356
5406,1708826716.406
5407,1708826716.456
5408,1708826716.506
5409,1708826716.556
5410,1708826716.606
5411,1708826716.656
5412,1708826716.706
5413,1708826716.756
5414,1708826716.806
5415,1708826716.856
5416,1708826716.906
5417,1708826716.956
5418,1708826717.006
5419,1708826717.056
5420,1708826717.106
5421,1708826717.156
5422,1708826717.206
5423,1708826717.256
5424,1708826717.306
5425,1708826717.356
5426,1708826717.406
5427,1708826717.456
5428,1708826717.506
5429,1708826717.556
5430,1708826717.606
5431,1708826717.656
5432,1708826717.706
5433,1708826717.756
5434,1708826717.806
5435,1708826717.856
5436,1708826717.906
5437,1708826717.956
5438,1708826718.006
5439,1708826718.056
5440,1708826718.106
5441,1708826718.156
5442,1708826718.206
5443,1708826718.256
5444,1708826718.306
5445,1708826718.356
5446,1708826718.406
5447,1708826718.456
5448,1708826718.506
5449,1708826718.556
5450,1708826718.606
5451,1708826718.656
5452,1708826718.706
5453,1708826718.756
5454,1708826718.806
5455,1708826718.856
5456,1708826718.906
5457,1708826718.956
5458,1708826719.006
5459,1708826719.056
5460,1708826719.106
5461,1708826719.156
5462,1708826719.206
5463,1708826719.256
5464,1708826719.306
5465,1708826719.356
5466,1708826719.406
5467,1708826719.456
5468,1708826719.506
5469,1708826719.556
5470,1708826719.606
5471,1708826719.656
5472,1708826719.706
5473,1708826719.756
5474,1708826719.806
5475,1708826719.856
5476,1708826719.906
5477,1708826719.956
5478,1708826720.006
5479,1708826720.056
5480,1708826720.106
5481,1708826720.156
5482,1708826720.206
5483,1708826720.256
5484,1708826720.306
5485,1708826720.356
5486,1708826720.406
5487,1708826720.456
5488,1708826720.506
5489,1708826720.556
5490,1708826720.606
5491,1708826720.656
5492,1708826720.706
5493,1708826720.756
5494,1708826720.806
5495,1708826720.856
5496,1708826720.906
5497,1708826720.956
5498,1708826721.006
5499,1708826721.056
5500,1708826721.106
5501,1708826721.156
5502,1708826721.206
5503,1708826721.256
5504,1708826721.306
5505,1708826721.356
5506,1708826721.406
5507,1708826721.456
5508,1708826721.506
5509,1708826721.556
5510,1708826721.606
5511,1708826721.656
5512,1708826721.706
5513,1708826721.756
5514,1708826721.806
5515,1708826721.856
5516,1708826721.906
5517,1708826721.956
5518,1708826722.006
5519,1708826722.056
5520,1708826722.106
5521,1708826722.156
5522,1708826722.206
5523,1708826722.256
5524,1708826722.306
5525,1708826722.356
5526,1708826722.406
5527,1708826722.456
5528,1708826722.506
5529,1708826722.556
5530,1708826722.606
5531,1708826722.656
5532,1708826722.706
5533,1708826722.756
5534,1708826722.806
5535,1708826722.856
5536,1708826722.906
5537,1708826722.956
5538,1708826723.006
5539,1708826723.056
5540,1708826723.106
5541,1708826723.156
5542,1708826723.206
5543,1708826723.256
5544,1708826723.306
5545,1708826723.356
5546,1708826723.406
5547,1708826723.456
5548,1708826723.506
5549,1708826723.556
5550,1708826723.606
5551,1708826723.656
5552,1708826723.706
5553,1708826723.756
5554,1708826723.806
5555,1708826723.856
5556,1708826723.906
5557,1708826723.956
5558,1708826724.006
5559,1708826724.056
5560,1708826724.106
5561,1708826724.156
5562,1708826724.206
5563,1708826724.256
5564,1708826724.306
5565,1708826724.356
5566,1708826724.406
5567,1708826724.456
5568,1708826724.506
5569,1708826724.556
5570,1708826724.606
5571,1708826724.656
5572,1708826724.706
5573,1708826724.756
5574,1708826724.806
5575,1708826724.856
5576,1708826724.906
5577,1708826724.956
5578,1708826725.006
5579,1708826725.056
5580,1708826725.106
5581,1708826725.156
5582,1708826725.206
5583,1708826725.256
5584,1708826725.306
5585,1708826725.356
5586,1708826725.406
5587,1708826725.456
5588,1708826725.506
5589,1708826725.556
5590,1708826725.606
5591,1708826725.656
5592,1708826725.706
5593,1708826725.756
5594,1708826725.806
5595,1708826725.856
5596,1708826725.906
5597,1708826725.956
5598,1708826726.006
5599,1708826726.056
5600,1708826726.106
5601,1708826726.156
5602,1708826726.206
5603,1708826726.256
5604,1708826726.306
5605,1708826726.356
5606,1708826726.406
5607,1708826726.456
5608,1708826726.506
5609,1708826726.556
5610,1708826726.606
5611,1708826726.656
5612,1708826726.706
5613,1708826726.756
5614,1708826726.806
5615,1708826726.856
5616,1708826726.906
5617,1708826726.956
5618,1708826727.006
5619,1708826727.056
5620,1708826727.106
5621,1708826727.156
5622,1708826727.206
5623,1708826727.256
5624,1708826727.306
5625,1708826727.356
5626,1708826727.406
5627,1708826727.456
5628,1708826727.506
5629,1708826727.556
5630,1708826727.606
5631,1708826727.656
5632,1708826727.706
5633,1708826727.756
5634,1708826727.806
5635,1708826727.856
5636,1708826727.906
5637,1708826727.956
5638,1708826728.006
5639,1708826728.056
5640,1708826728.106
5641,1708826728.156
5642,1708826728.206
5643,1708826728.256
5644,1708826728.306
5645,1708826728.356
5646,1708826728.406
5647,1708826728.456
5648,1708826728.506
5649,1708826728.556
5650,1708826728.606
5651,1708826728.656
5652,1708826728.706
5653,1708826728.756
5654,1708826728.806
5655,1708826728.856
5656,1708826728.906
5657,1708826728.956
5658,1708826729.006
5659,1708826729.056
5660,1708826729.106
5661,1708826729.156
5662,1708826729.206
5663,1708826729.256
5664,1708826729.306
5665,1708826729.356
5666,1708826729.406
5667,1708826729.456
5668,1708826729.506
5669,1708826729.556
5670,1708826729.606
5671,1708826729.656
5672,1708826729.706
5673,1708826729.756
5674,1708826729.806
5675,1708826729.856
5676,1708826729.906
5677,1708826729.956
5678,1708826730.006
5679,1708826730.056
5680,1708826730.106
5681,1708826730.156
5682,1708826730.206
5683,1708826730.256
5684,1708826730.306
5685,1708826730.356
5686,1708826730.406
5687,1708826730.456
5688,1708826730.506
5689,1708826730.556
5690,1708826730.606
5691,1708826730.656
5692,1708826730.706
5693,1708826730.756
5694,1708826730.806
5695,1708826730.856
5696,1708826730.906
5697,1708826730.956
5698,1708826731.006
5699,1708826731.056
5700,1708826731.106
5701,1708826731.156
5702,1708826731.206
5703,1708826731.256
5704,1708826731.306
5705,1708826731.356
5706,1708826731.406
5707,1708826731.456
5708,1708826731.506
5709,1708826731.556
5710,1708826731.606
5711,1708826731.656
5712,1708826731.706
5713,1708826731.756
5714,1708826731.806
5715,1708826731.856
5716,1708826731.906
5717,1708826731.956
5718,1708826732.006
5719,1708826732.056
5720,1708826732.106
5721,1708826732.156
5722,1708826732.206
5723,1708826732.256
5724,1708826732.306
5725,1708826732.356
5726,1708826732.406
5727,1708826732.456
5728,1708826732.506
5729,1708826732.556
5730,1708826732.606
5731,1708826732.656
5732,1708826732.706
5733,1708826732.756
5734,1708826732.806
5735,1708826732.856
5736,1708826732.906
5737,1708826732.956
5738,1708826733.006
5739,1708826733.056
5740,1708826733.106
5741,1708826733.156
5742,1708826733.206
5743,1708826733.256
5744,1708826733.306
5745,1708826733.356
5746,1708826733.406
5747,1708826733.456
5748,1708826733.506
5749,1708826733.556
5750,1708826733.606
5751,1708826733.656
5752,1708826733.706
5753,1708826733.756
5754,1708826733.806
5755,1708826733.856
5756,1708826733.906
5757,1708826733.956
5758,1708826734.006
5759,1708826734.056
5760,1708826734.106
5761,1708826734.156
5762,1708826734.206
5763,1708826734.256
5764,1708826734.306
5765,1708826734.356
5766,1708826734.406
5767,1708826734.456
5768,1708826734.506
5769,1708826734.556
5770,1708826734.606
5771,1708826734.656
5772,1708826734.706
5773,1708826734.756
5774,1708826734.806
5775,1708826734.856
5776,1708826734.906
5777,1708826734.956
5778,1708826735.006
5779,1708826735.056
5780,1708826735.106
5781,1708826735.156
5782,1708826735.206
5783,1708826735.256
5784,1708826735.306
5785,1708826735.356
5786,1708826735.406
5787,1708826735.456
5788,1708826735.506
5789,1708826735.556
5790,1708826735.606
5791,1708826735.656
5792,1708826735.706
5793,1708826735.756
5794,1708826735.806
5795,1708826735.856
5796,1708826735.906
5797,1708826735.956
5798,1708826736.006
5799,1708826736.056
5800,1708826736.106
5801,1708826736.156
5802,1708826736.206
5803,1708826736.256
5804,1708826736.306
5805,1708826736.356
5806,1708826736.406
5807,1708826736.456
5808,1708826736.506
5809,1708826736.556
5810,1708826736.606
5811,1708826736.656
5812,1708826736.706
5813,1708826736.756
5814,1708826736.806
5815,1708826736.856
5816,1708826736.906
5817,1708826736.956
5818,1708826737.006
5819,1708826737.056
5820,1708826737.106
5821,1708826737.156
5822,1708826737.206
5823,1708826737.256
5824,1708826737.306
5825,1708826737.356
5826,1708826737.406
5827,1708826737.456
5828,1708826737.506
5829,1708826737.556
5830,1708826737.606
5831,1708826737.656
5832,1708826737.706
5833,1708826737.756
5834,1708826737.806
5835,1708826737.856
5836,1708826737.906
5837,1708826737.956
5838,1708826738.006
5839,1708826738.056
5840,1708826738.106
5841,1708826738.156
5842,1708826738.206
5843,1708826738.256
5844,1708826738.306
5845,1708826738.356
5846,1708826738.406
5847,1708826738.456
5848,1708826738.506
5849,1708826738.556
5850,1708826738.606
5851,1708826738.656
5852,1708826738.706
5853,1708826738.756
5854,1708826738.806
5855,1708826738.856
5856,1708826738.906
5857,1708826738.956
5858,1708826739.006
5859,1708826739.056
5860,1708826739.106
5861,1708826739.156
5862,1708826739.206
5863,1708826739.256
5864,1708826739.306
5865,1708826739.356
5866,1708826739.406
5867,1708826739.456
5868,1708826739.506
5869,1708826739.556
5870,1708826739.606
5871,1708826739.656
5872,1708826739.706
5873,1708826739.756
5874,1708826739.806
5875,1708826739.856
5876,1708826739.906
5877,1708826739.956
5878,1708826740.006
5879,1708826740.056
5880,1708826740.106
5881,1708826740.156
5882,1708826740.206
5883,1708826740.256
5884,1708826740.306
5885,1708826740.356
5886,1708826740.406
5887,1708826740.456
5888,1708826740.506
5889,1708826740.556
5890,1708826740.606
5891,1708826740.656
5892,1708826740.706
5893,1708826740.756
5894,1708826740.806
5895,1708826740.856
5896,1708826740.906
5897,1708826740.956
5898,1708826741.006
5899,1708826741.056
5900,1708826741.106
5901,1708826741.156
5902,1708826741.206
5903,1708826741.256
5904,1708826741.306
5905,1708826741.356
5906,1708826741.406
5907,1708826741.456
5908,1708826741.506
5909,1708826741.556
5910,1708826741.606
5911,1708826741.656
5912,1708826741.706
5913,1708826741.756
5914,1708826741.806
5915,1708826741.856
5916,1708826741.906
5917,1708826741.956
5918,1708826742.006
5919,1708826742.056
5920,1708826742.106
5921,1708826742.156
5922,1708826742.206
5923,1708826742.256
5924,1708826742.306
5925,1708826742.356
5926,1708826742.406
5927,1708826742.456
5928,1708826742.506
5929,1708826742.556
5930,1708826742.606
5931,1708826742.656
5932,1708826742.706
5933,1708826742.756
5934,1708826742.806
5935,1708826742.856
5936,1708826742.906
5937,1708826742.956
5938,1708826743.006
5939,1708826743.056
5940,1708826743.106
5941,1708826743.156
5942,1708826743.206
5943,1708826743.256
5944,1708826743.306
5945,1708826743.356
5946,1708826743.406
5947,1708826743.456
5948,1708826743.506
5949,1708826743.556
5950,1708826743.606
5951,1708826743.656
5952,1708826743.706
5953,1708826743.756
5954,1708826743.806
5955,1708826743.856
5956,1708826743.906
5957,1708826743.956
5958,1708826744.006
5959,1708826744.056
5960,1708826744.106
5961,1708826744.156
5962,1708826744.206
5963,1708826744.256
5964,1708826744.306
5965,1708826744.356
5966,1708826744.406
5967,1708826744.456
5968,1708826744.506
5969,1708826744.556
5970,1708826744.606
5971,1708826744.656
5972,1708826744.706
5973,1708826744.756
5974,1708826744.806
5975,1708826744.856
5976,1708826744.906
5977,1708826744.956
5978,1708826745.006
5979,1708826745.056
5980,1708826745.106
5981,1708826745.156
5982,1708826745.206
5983,1708826745.256
5984,1708826745.306
5985,1708826745.356
5986,1708826745.406
5987,1708826745.456
5988,1708826745.506
5989,1708826745.556
5990,1708826745.606
5991,1708826745.656
5992,1708826745.706
5993,1708826745.756
5994,1708826745.806
5995,1708826745.856
5996,1708826745.906
5997,1708826745.956
5998,1708826746.006
5999,1708826746.056
6000,1708826746.106
6001,1708826746.156
6002,1708826746.206
6003,1708826746.256
6004,1708826746.306
6005,1708826746.356
6006,1708826746.406
6007,1708826746.456
6008,1708826746.506
6009,1708826746.556
6010,1708826746.606
6011,1708826746.656
6012,1708826746.706
6013,1708826746.756
6014,1708826746.806
6015,1708826746.856
6016,1708826746.906
6017,1708826746.956
6018,1708826747.006
6019,1708826747.056
6020,1708826747.106
6021,1708826747.156
6022,1708826747.206
6023,1708826747.256
6024,1708826747.306
6025,1708826747.356
6026,1708826747.406
6027,1708826747.456
6028,1708826747.506
6029,1708826747.556
6030,1708826747.606
6031,1708826747.656
6032,1708826747.706
6033,1708826747.756
6034,1708826747.806
6035,1708826747.856
6036,1708826747.906
6037,1708826747.956
6038,1708826748.006
6039,1708826748.056
6040,1708826748.106
6041,1708826748.156
6042,1708826748.206
6043,1708826748.256
6044,1708826748.306
6045,1708826748.356
6046,1708826748.406
6047,1708826748.456
6048,1708826748.506
6049,1708826748.556
6050,1708826748.606
6051,1708826748.656
6052,1708826748.706
6053,1708826748.756
6054,1708826748.806
6055,1708826748.856
6056,1708826748.906
6057,1708826748.956
6058,1708826749.006
6059,1708826749.056
6060,1708826749.106
6061,1708826749.156
6062,1708826749.206
6063,1708826749.256
6064,1708826749.306
6065,1708826749.356
6066,1708826749.406
6067,1708826749.456
6068,1708826749.506
6069,1708826749.556
6070,1708826749.606
6071,1708826749.656
6072,1708826749.706
6073,1708826749.756
6074,1708826749.806
6075,1708826749.856
6076,1708826749.906
6077,1708826749.956
6078,1708826750.006
6079,1708826750.056
6080,1708826750.106
6081,1708826750.156
6082,1708826750.206
6083,1708826750.256
6084,1708826750.306
6085,1708826750.356
6086,1708826750.406
6087,1708826750.456
6088,1708826750.506
6089,1708826750.556
6090,1708826750.606
6091,1708826750.656
6092,1708826750.706
6093,1708826750.756
6094,1708826750.806
6095,1708826750.856
6096,1708826750.906
6097,1708826750.956
6098,1708826751.006
6099,1708826751.056
6100,1708826751.106
6101,1708826751.156
6102,1708826751.206
6103,1708826751.256
6104,1708826751.306
6105,1708826751.356
6106,1708826751.406
6107,1708826751.456
6108,1708826751.506
6109,1708826751.556
6110,1708826751.606
6111,1708826751.656
6112,1708826751.706
6113,1708826751.756
6114,1708826751.806
6115,1708826751.856
6116,1708826751.906
6117,1708826751.956
6118,1708826752.006
6119,1708826752.056
6120,1708826752.106
6121,1708826752.156
6122,1708826752.206
6123,1708826752.256
6124,1708826752.306
6125,1708826752.356
6126,1708826752.406
6127,1708826752.456
6128,1708826752.506
6129,1708826752.556
6130,1708826752.606
6131,1708826752.656
6132,1708826752.706
6133,1708826752.756
6134,1708826752.806
6135,1708826752.856
6136,1708826752.906
6137,1708826752.956
6138,1708826753.006
6139,1708826753.056
6140,1708826753.106
6141,1708826753.156
6142,1708826753.206
6143,1708826753.256
6144,1708826753.306
6145,1708826753.356
6146,1708826753.406
6147,1708826753.456
6148,1708826753.506
6149,1708826753.556
6150,1708826753.606
6151,1708826753.656
6152,1708826753.706
6153,1708826753.756
6154,1708826753.806
6155,1708826753.856
6156,1708826753.906
6157,1708826753.956
6158,1708826754.006
6159,1708826754.056
6160,1708826754.106
6161,1708826754.156
6162,1708826754.206
6163,1708826754.256
6164,1708826754.306
6165,1708826754.356
6166,1708826754.406
6167,1708826754.456
6168,1708826754.506
6169,1708826754.556
6170,1708826754.606
6171,1708826754.656
6172,1708826754.706
6173,1708826754.756
6174,1708826754.806
6175,1708826754.856
6176,1708826754.906
6177,1708826754.956
6178,1708826755.006
6179,1708826755.056
6180,1708826755.106
6181,1708826755.156
6182,1708826755.206
6183,1708826755.256
6184,1708826755.306
6185,1708826755.356
6186,1708826755.406
6187,1708826755.456
6188,1708826755.506
6189,1708826755.556
6190,1708826755.606
6191,1708826755.656
6192,1708826755.706
6193,1708826755.756
6194,1708826755.806
6195,1708826755.856
6196,1708826755.906
6197,1708826755.956
6198,1708826756.006
6199,1708826756.056
6200,1708826756.106
6201,1708826756.156
6202,1708826756.206
6203,1708826756.256
6204,1708826756.306
6205,1708826756.356
6206,1708826756.406
6207,1708826756.456
6208,1708826756.506
6209,1708826756.556
6210,1708826756.606
6211,1708826756.656
6212,1708826756.706
6213,1708826756.756
6214,1708826756.806
6215,1708826756.856
6216,1708826756.906
6217,1708826756.956
6218,1708826757.006
6219,1708826757.056
6220,1708826757.106
6221,1708826757.156
6222,1708826757.206
6223,1708826757.256
6224,1708826757.306
6225,1708826757.356
6226,1708826757.406
6227,1708826757.456
6228,1708826757.506
6229,1708826757.556
6230,1708826757.606
6231,1708826757.656
6232,1708826757.706
6233,1708826757.756
6234,1708826757.806
6235,1708826757.856
6236,1708826757.906
6237,1708826757.956
6238,1708826758.006
6239,1708826758.056
6240,1708826758.106
6241,1708826758.156
6242,1708826758.206
6243,1708826758.256
6244,1708826758.306
6245,1708826758.356
6246,1708826758.406
6247,1708826758.456
6248,1708826758.506
6249,1708826758.556
6250,1708826758.606
6251,1708826758.656
6252,1708826758.706
6253,1708826758.756
6254,1708826758.806
6255,1708826758.856
6256,1708826758.906
6257,1708826758.956
6258,1708826759.006
6259,1708826759.056
6260,1708826759.106
6261,1708826759.156
6262,1708826759.206
6263,1708826759.256
6264,1708826759.306
6265,1708826759.356
6266,1708826759.406
6267,1708826759.456
6268,1708826759.506
6269,1708826759.556
6270,1708826759.606
6271,1708826759.656
6272,1708826759.706
6273,1708826759.756
6274,1708826759.806
6275,1708826759.856
6276,1708826759.906
6277,1708826759.956
6278,1708826760.006
6279,1708826760.056
6280,1708826760.106
6281,1708826760.156
6282,1708826760.206
6283,1708826760.256
6284,1708826760.306
6285,1708826760.356
6286,1708826760.406
6287,1708826760.456
6288,1708826760.506
6289,1708826760.556
6290,1708826760.606
6291,1708826760.656
6292,1708826760.706
6293,1708826760.756
6294,1708826760.806
6295,1708826760.856
6296,1708826760.906
6297,1708826760.956
6298,1708826761.006
6299,1708826761.056
6300,1708826761.106
6301,1708826761.156
6302,1708826761.206
6303,1708826761.256
6304,1708826761.306
6305,1708826761.356
6306,1708826761.406
6307,1708826761.456
6308,1708826761.506
6309,1708826761.556
6310,1708826761.606
6311,1708826761.656
6312,1708826761.706
6313,1708826761.756
6314,1708826761.806
6315,1708826761.856
6316,1708826761.906
6317,1708826761.956
6318,1708826762.006
6319,1708826762.056
6320,1708826762.106
6321,1708826762.156
6322,1708826762.206
6323,1708826762.256
6324,1708826762.306
6325,1708826762.356
6326,1708826762.406
6327,1708826762.456
6328,1708826762.506
6329,1708826762.556
6330,1708826762.606
6331,1708826762.656
6332,1708826762.706
6333,1708826762.756
6334,1708826762.806
6335,1708826762.856
6336,1708826762.906
6337,1708826762.956
6338,1708826763.006
6339,1708826763.056
6340,1708826763.106
6341,1708826763.156
6342,1708826763.206
6343,1708826763.256
6344,1708826763.306
6345,1708826763.356
6346,1708826763.406
6347,1708826763.456
6348,1708826763.506
6349,1708826763.556
6350,1708826763.606
6351,1708826763.656
6352,1708826763.706
6353,1708826763.756
6354,1708826763.806
6355,1708826763.856
6356,1708826763.906
6357,1708826763.956
6358,1708826764.006
6359,1708826764.056
6360,1708826764.106
6361,1708826764.156
6362,1708826764.206
6363,1708826764.256
6364,1708826764.306
6365,1708826764.356
6366,1708826764.406
6367,1708826764.456
6368,1708826764.506
6369,1708826764.556
6370,1708826764.606
6371,1708826764.656
6372,1708826764.706
6373,1708826764.756
6374,1708826764.806
6375,1708826764.856
6376,1708826764.906
6377,1708826764.956
6378,1708826765.006
6379,1708826765.056
6380,1708826765.106
6381,1708826765.156
6382,1708826765.206
6383,1708826765.256
6384,1708826765.306
6385,1708826765.356
6386,1708826765.406
6387,1708826765.456
6388,1708826765.506
6389,1708826765.556
6390,1708826765.606
6391,1708826765.656
6392,1708826765.706
6393,1708826765.756
6394,1708826765.806
6395,1708826765.856
6396,1708826765.906
6397,1708826765.956
6398,1708826766.006
6399,1708826766.056
6400,1708826766.106
6401,1708826766.156
6402,1708826766.206
6403,1708826766.256
6404,1708826766.306
6405,1708826766.356
6406,1708826766.406
6407,1708826766.456
6408,1708826766.506
6409,1708826766.556
6410,1708826766.606
6411,1708826766.656
6412,1708826766.706
6413,1708826766.756
6414,1708826766.806
6415,1708826766.856
6416,1708826766.906
6417,1708826766.956
6418,1708826767.006
6419,1708826767.056
6420,1708826767.106
6421,1708826767.156
6422,1708826767.206
6423,1708826767.256
6424,1708826767.306
6425,1708826767.356
6426,1708826767.406
6427,1708826767.456
6428,1708826767.506
6429,1708826767.556
6430,1708826767.606
6431,1708826767.656
6432,1708826767.706
6433,1708826767.756
6434,1708826767.806
6435,1708826767.856
6436,1708826767.906
6437,1708826767.956
6438,1708826768.006
6439,1708826768.056
6440,1708826768.106
6441,1708826768.156
6442,1708826768.206
6443,1708826768.256
6444,1708826768.306
6445,1708826768.356
6446,1708826768.406
6447,1708826768.456
6448,1708826768.506
6449,1708826768.556
6450,1708826768.606
6451,1708826768.656
6452,1708826768.706
6453,1708826768.756
6454,1708826768.806
6455,1708826768.856
6456,1708826768.906
6457,1708826768.956
6458,1708826769.006
6459,1708826769.056
6460,1708826769.106
6461,1708826769.156
6462,1708826769.206
6463,1708826769.256
6464,1708826769.306
6465,1708826769.356
6466,1708826769.406
6467,1708826769.456
6468,1708826769.506
6469,1708826769.556
6470,1708826769.606
6471,1708826769.656
6472,1708826769.706
6473,1708826769.756
6474,1708826769.806
6475,1708826769.856
6476,1708826769.906
6477,1708826769.956
6478,1708826770.006
6479,1708826770.056
6480,1708826770.106
6481,1708826770.156
6482,1708826770.206
6483,1708826770.256
6484,1708826770.306
6485,1708826770.356
6486,1708826770.406
6487,1708826770.456
6488,1708826770.506
6489,1708826770.556
6490,1708826770.606
6491,1708826770.656
6492,1708826770.706
6493,1708826770.756
6494,1708826770.806
6495,1708826770.856
6496,1708826770.906
6497,1708826770.956
6498,1708826771.006
6499,1708826771.056
6500,1708826771.106
6501,1708826771.156
6502,1708826771.206
6503,1708826771.256
6504,1708826771.306
6505,1708826771.356
6506,1708826771.406
6507,1708826771.456
6508,1708826771.506
6509,1708826771.556
6510,1708826771.606
6511,1708826771.656
6512,1708826771.706
6513,1708826771.756
6514,1708826771.806
6515,1708826771.856
6516,1708826771.906
6517,1708826771.956
6518,1708826772.006
6519,1708826772.056
6520,1708826772.106
6521,1708826772.156
6522,1708826772.206
6523,1708826772.256
6524,1708826772.306
6525,1708826772.356
6526,1708826772.406
6527,1708826772.456
6528,1708826772.506
6529,1708826772.556
6530,1708826772.606
6531,1708826772.656
6532,1708826772.706
6533,1708826772.756
6534,1708826772.806
6535,1708826772.856
6536,1708826772.906
6537,1708826772.956
6538,1708826773.006
6539,1708826773.056
6540,1708826773.106
6541,1708826773.156
6542,1708826773.206
6543,1708826773.256
6544,1708826773.306
6545,1708826773.356
6546,1708826773.406
6547,1708826773.456
6548,1708826773.506
6549,1708826773.556
6550,1708826773.606
6551,1708826773.656
6552,1708826773.706
6553,1708826773.756
6554,1708826773.806
6555,1708826773.856
6556,1708826773.906
6557,1708826773.956
6558,1708826774.006
6559,1708826774.056
6560,1708826774.106
6561,1708826774.156
6562,1708826774.206
6563,1708826774.256
6564,1708826774.306
6565,1708826774.356
6566,1708826774.406
6567,1708826774.456
6568,1708826774.506
6569,1708826774.556
6570,1708826774.606
6571,1708826774.656
6572,1708826774.706
6573,1708826774.756
6574,1708826774.806
6575,1708826774.856
6576,1708826774.906
6577,1708826774.956
6578,1708826775.006
6579,1708826775.056
6580,1708826775.106
6581,1708826775.156
6582,1708826775.206
6583,1708826775.256
6584,1708826775.306
6585,1708826775.356
6586,1708826775.406
6587,1708826775.456
6588,1708826775.506
6589,1708826775.556
6590,1708826775.606
6591,1708826775.656
6592,1708826775.706
6593,1708826775.756
6594,1708826775.806
6595,1708826775.856
6596,1708826775.906
6597,1708826775.956
6598,1708826776.006
6599,1708826776.056
6600,1708826776.106
6601,1708826776.156
6602,1708826776.206
6603,1708826776.256
6604,1708826776.306
6605,1708826776.356
6606,1708826776.406
6607,1708826776.456
6608,1708826776.506
6609,1708826776.556
6610,1708826776.606
6611,1708826776.656
6612,1708826776.706
6613,1708826776.756
6614,1708826776.806
6615,1708826776.856
6616,1708826776.906
6617,1708826776.956
6618,1708826777.006
6619,1708826777.056
6620,1708826777.106
6621,1708826777.156
6622,1708826777.206
6623,1708826777.256
6624,1708826777.306
6625,1708826777.356
6626,1708826777.406
6627,1708826777.456
6628,1708826777.506
6629,1708826777.556
6630,1708826777.606
6631,1708826777.656
6632,1708826777.706
6633,1708826777.756
6634,1708826777.806
6635,1708826777.856
6636,1708826777.906
6637,1708826777.956
6638,1708826778.006
6639,1708826778.056
6640,1708826778.106
6641,1708826778.156
6642,1708826778.206
6643,1708826778.256
6644,1708826778.306
6645,1708826778.356
6646,1708826778.406
6647,1708826778.456
6648,1708826778.506
6649,1708826778.556
6650,1708826778.606
6651,1708826778.656
6652,1708826778.706
6653,1708826778.756
6654,1708826778.806
6655,1708826778.856
6656,1708826778.906
6657,1708826778.956
6658,1708826779.006
6659,1708826779.056
6660,1708826779.106
6661,1708826779.156
6662,1708826779.206
6663,1708826779.256
6664,1708826779.306
6665,1708826779.356
6666,1708826779.406
6667,1708826779.456
6668,1708826779.506
6669,1708826779.556
6670,1708826779.606
6671,1708826779.656
6672,1708826779.706
6673,1708826779.756
6674,1708826779.806
6675,1708826779.856
6676,1708826779.906
6677,1708826779.956
6678,1708826780.006
6679,1708826780.056
6680,1708826780.106
6681,1708826780.156
6682,1708826780.206
6683,1708826780.256
6684,1708826780.306
6685,1708826780.356
6686,1708826780.406
6687,1708826780.456
6688,1708826780.506
6689,1708826780.556
6690,1708826780.606
6691,1708826780.656
6692,1708826780.706
6693,1708826780.756
6694,1708826780.806
6695,1708826780.856
6696,1708826780.906
6697,1708826780.956
6698,1708826781.006
6699,1708826781.056
6700,1708826781.106
6701,1708826781.156
6702,1708826781.206
6703,1708826781.256
6704,1708826781.306
6705,1708826781.356
6706,1708826781.406
6707,1708826781.456
6708,1708826781.506
6709,1708826781.556
6710,1708826781.606
6711,1708826781.656
6712,1708826781.706
6713,1708826781.756
6714,1708826781.806
6715,1708826781.856
6716,1708826781.906
6717,1708826781.956
6718,1708826782.006
6719,1708826782.056
6720,1708826782.106
6721,1708826782.156
6722,1708826782.206
6723,1708826782.256
6724,1708826782.306
6725,1708826782.356
6726,1708826782.406
6727,1708826782.456
6728,1708826782.506
6729,1708826782.556
6730,1708826782.606
6731,1708826782.656
6732,1708826782.706
6733,1708826782.756
6734,1708826782.806
6735,1708826782.856
6736,1708826782.906
6737,1708826782.956
6738,1708826783.006
6739,1708826783.056
6740,1708826783.106
6741,1708826783.156
6742,1708826783.206
6743,1708826783.256
6744,1708826783.306
6745,1708826783.356
6746,1708826783.406
6747,1708826783.456
6748,1708826783.506
6749,1708826783.556
6750,1708826783.606
6751,1708826783.656
6752,1708826783.706
6753,1708826783.756
6754,1708826783.806
6755,1708826783.856
6756,1708826783.906
6757,1708826783.956
6758,1708826784.006
6759,1708826784.056
6760,1708826784.106
6761,1708826784.156
6762,1708826784.206
6763,1708826784.256
6764,1708826784.306
6765,1708826784.356
6766,1708826784.406
6767,1708826784.456
6768,1708826784.506
6769,1708826784.556
6770,1708826784.606
6771,1708826784.656
6772,1708826784.706
6773,1708826784.756
6774,1708826784.806
6775,1708826784.856
6776,1708826784.906
6777,1708826784.956
6778,1708826785.006
6779,1708826785.056
6780,1708826785.106
6781,1708826785.156
6782,1708826785.206
6783,1708826785.256
6784,1708826785.306
6785,1708826785.356
6786,1708826785.406
6787,1708826785.456
6788,1708826785.506
6789,1708826785.556
6790,1708826785.606
6791,1708826785.656
6792,1708826785.706
6793,1708826785.756
6794,1708826785.806
6795,1708826785.856
6796,1708826785.906
6797,1708826785.956
6798,1708826786.006
6799,1708826786.056
6800,1708826786.106
6801,1708826786.156
6802,1708826786.206
6803,1708826786.256
6804,1708826786.306
6805,1708826786.356
6806,1708826786.406
6807,1708826786.456
6808,1708826786.506
6809,1708826786.556
6810,1708826786.606
6811,1708826786.656
6812,1708826786.706
6813,1708826786.756
6814,1708826786.806
6815,1708826786.856
6816,1708826786.906
6817,1708826786.956
6818,1708826787.006
6819,1708826787.056
6820,1708826787.106
6821,1708826787.156
6822,1708826787.206
6823,1708826787.256
6824,1708826787.306
6825,1708826787.356
6826,1708826787.406
6827,1708826787.456
6828,1708826787.506
6829,1708826787.556
6830,1708826787.606
6831,1708826787.656
6832,1708826787.706
6833,1708826787.756
6834,1708826787.806
6835,1708826787.856
6836,1708826787.906
6837,1708826787.956
6838,1708826788.006
6839,1708826788.056
6840,1708826788.106
6841,1708826788.156
6842,1708826788.206
6843,1708826788.256
6844,1708826788.306
6845,1708826788.356
6846,1708826788.406
6847,1708826788.456
6848,1708826788.506
6849,1708826788.556
6850,1708826788.606
6851,1708826788.656
6852,1708826788.706
6853,1708826788.756
6854,1708826788.806
6855,1708826788.856
6856,1708826788.906
6857,1708826788.956
6858,1708826789.006
6859,1708826789.056
6860,1708826789.106
6861,1708826789.156
6862,1708826789.206
6863,1708826789.256
6864,1708826789.306
6865,1708826789.356
6866,1708826789.406
6867,1708826789.456
6868,1708826789.506
6869,1708826789.556
6870,1708826789.606
6871,1708826789.656
6872,1708826789.706
6873,1708826789.756
6874,1708826789.806
6875,1708826789.856
6876,1708826789.906
6877,1708826789.956
6878,1708826790.006
6879,1708826790.056
6880,1708826790.106
6881,1708826790.156
6882,1708826790.206
6883,1708826790.256
6884,1708826790.306
6885,1708826790.356
6886,1708826790.406
6887,1708826790.456
6888,1708826790.506
6889,1708826790.556
6890,1708826790.606
6891,1708826790.656
6892,1708826790.706
6893,1708826790.756
6894,1708826790.806
6895,1708826790.856
6896,1708826790.906
6897,1708826790.956
6898,1708826791.006
6899,1708826791.056
6900,1708826791.106
6901,1708826791.156
6902,1708826791.206
6903,1708826791.256
6904,1708826791.306
6905,1708826791.356
6906,1708826791.406
6907,1708826791.456
6908,1708826791.506
6909,1708826791.556
6910,1708826791.606
6911,1708826791.656
6912,1708826791.706
6913,1708826791.756
6914,1708826791.806
6915,1708826791.856
6916,1708826791.906
6917,1708826791.956
6918,1708826792.006
6919,1708826792.056
6920,1708826792.106
6921,1708826792.156
6922,1708826792.206
6923,1708826792.256
6924,1708826792.306
6925,1708826792.356
6926,1708826792.406
6927,1708826792.456
6928,1708826792.506
6929,1708826792.556
6930,1708826792.606
6931,1708826792.656
6932,1708826792.706
6933,1708826792.756
6934,1708826792.806
6935,1708826792.856
6936,1708826792.906
6937,1708826792.956
6938,1708826793.006
6939,1708826793.056
6940,1708826793.106
6941,1708826793.156
6942,1708826793.206
6943,1708826793.256
6944,1708826793.306
6945,1708826793.356
6946,1708826793.406
6947,1708826793.456
6948,1708826793.506
6949,1708826793.556
6950,1708826793.606
6951,1708826793.656
6952,1708826793.706
6953,1708826793.756
6954,1708826793.806
6955,1708826793.856
6956,1708826793.906
6957,1708826793.956
6958,1708826794.006
6959,1708826794.056
6960,1708826794.106
6961,1708826794.156
6962,1708826794.206
6963,1708826794.256
6964,1708826794.306
6965,1708826794.356
6966,1708826794.406
6967,1708826794.456
6968,1708826794.506
6969,1708826794.556
6970,1708826794.606
6971,1708826794.656
6972,1708826794.706
6973,1708826794.756
6974,1708826794.806
6975,1708826794.856
6976,1708826794.906
6977,1708826794.956
6978,1708826795.006
6979,1708826795.056
6980,1708826795.106
6981,1708826795.156
6982,1708826795.206
6983,1708826795.256
6984,1708826795.306
6985,1708826795.356
6986,1708826795.406
6987,1708826795.456
6988,1708826795.506
6989,1708826795.556
6990,1708826795.606
6991,1708826795.656
6992,1708826795.706
6993,1708826795.756
6994,1708826795.806
6995,1708826795.856
6996,1708826795.906
6997,1708826795.956
6998,1708826796.006
6999,1708826796.056
7000,1708826796.106
7001,1708826796.156
7002,1708826796.206
7003,1708826796.256
7004,1708826796.306
7005,1708826796.356
7006,1708826796.406
7007,1708826796.456
7008,1708826796.506
7009,1708826796.556
7010,1708826796.606
7011,1708826796.656
7012,1708826796.706
7013,1708826796.756
7014,1708826796.806
7015,1708826796.856
7016,1708826796.906
7017,1708826796.956
7018,1708826797.006
7019,1708826797.056
7020,1708826797.106
7021,1708826797.156
7022,1708826797.206
7023,1708826797.256
7024,1708826797.306
7025,1708826797.356
7026,1708826797.406
7027,1708826797.456
7028,1708826797.506
7029,1708826797.556
7030,1708826797.606
7031,1708826797.656
7032,1708826797.706
7033,1708826797.756
7034,1708826797.806
7035,1708826797.856
7036,1708826797.906
7037,1708826797.956
7038,1708826798.006
7039,1708826798.056
7040,1708826798.106
7041,1708826798.156
7042,1708826798.206
7043,1708826798.256
7044,1708826798.306
7045,1708826798.356
7046,1708826798.406
7047,1708826798.456
7048,1708826798.506
7049,1708826798.556
7050,1708826798.606
7051,1708826798.656
7052,1708826798.706
7053,1708826798.756
7054,1708826798.806
7055,1708826798.856
7056,1708826798.906
7057,1708826798.956
7058,1708826799.006
7059,1708826799.056
7060,1708826799.106
7061,1708826799.156
7062,1708826799.206
7063,1708826799.256
7064,1708826799.306
7065,1708826799.356
7066,1708826799.406
7067,1708826799.456
7068,1708826799.506
7069,1708826799.556
7070,1708826799.606
7071,1708826799.656
7072,1708826799.706
7073,1708826799.756
7074,1708826799.806
7075,1708826799.856
7076,1708826799.906
7077,1708826799.956
7078,1708826800.006
7079,1708826800.056
7080,1708826800.106
7081,1708826800.156
7082,1708826800.206
7083,1708826800.256
7084,1708826800.306
7085,1708826800.356
7086,1708826800.406
7087,1708826800.456
7088,1708826800.506
7089,1708826800.556
7090,1708826800.606
7091,1708826800.656
7092,1708826800.706
7093,1708826800.756
7094,1708826800.806
7095,1708826800.856
7096,1708826800.906
7097,1708826800.956
7098,1708826801.006
7099,1708826801.056
7100,1708826801.106
7101,1708826801.156
7102,1708826801.206
7103,1708826801.256
7104,1708826801.306
7105,1708826801.356
7106,1708826801.406
7107,1708826801.456
7108,1708826801.506
7109,1708826801.556
7110,1708826801.606
7111,1708826801.656
7112,1708826801.706
7113,1708826801.756
7114,1708826801.806
7115,1708826801.856
7116,1708826801.906
7117,1708826801.956
7118,1708826802.006
7119,1708826802.056
7120,1708826802.106
7121,1708826802.156
7122,1708826802.206
7123,1708826802.256
7124,1708826802.306
7125,1708826802.356
7126,1708826802.406
7127,1708826802.456
7128,1708826802.506
7129,1708826802.556
7130,1708826802.606
7131,1708826802.656
7132,1708826802.706
7133,1708826802.756
7134,1708826802.806
7135,1708826802.856
7136,1708826802.906
7137,1708826802.956
7138,1708826803.006
7139,1708826803.056
7140,1708826803.106
7141,1708826803.156
7142,1708826803.206
7143,1708826803.256
7144,1708826803.306
7145,1708826803.356
7146,1708826803.406
7147,1708826803.456
7148,1708826803.506
7149,1708826803.556
7150,1708826803.606
7151,1708826803.656
7152,1708826803.706
7153,1708826803.756
7154,1708826803.806
7155,1708826803.856
7156,1708826803.906
7157,1708826803.956
7158,1708826804.006
7159,1708826804.056
7160,1708826804.106
7161,1708826804.156
7162,1708826804.206
7163,1708826804.256
7164,1708826804.306
7165,1708826804.356
7166,1708826804.406
7167,1708826804.456
7168,1708826804.506
7169,1708826804.556
7170,1708826804.606
7171,1708826804.656
7172,1708826804.706
7173,1708826804.756
7174,1708826804.806
7175,1708826804.856
7176,1708826804.906
7177,1708826804.956
7178,1708826805.006
7179,1708826805.056
7180,1708826805.106
7181,1708826805.156
7182,1708826805.206
7183,1708826805.256
7184,1708826805.306
7185,1708826805.356
7186,1708826805.406
7187,1708826805.456
7188,1708826805.506
7189,1708826805.556
7190,1708826805.606
7191,1708826805.656
7192,1708826805.706
7193,1708826805.756
7194,1708826805.806
7195,1708826805.856
7196,1708826805.906
7197,1708826805.956
7198,1708826806.006
7199,1708826806.056
7200,1708826806.106
7201,1708826806.156
7202,1708826806.206
7203,1708826806.256
7204,1708826806.306
7205,1708826806.356
7206,1708826806.406
7207,1708826806.456
7208,1708826806.506
7209,1708826806.556
7210,1708826806.606
7211,1708826806.656
7212,1708826806.706
7213,1708826806.756
7214,1708826806.806
7215,1708826806.856
7216,1708826806.906
7217,1708826806.956
7218,1708826807.006
7219,1708826807.056
7220,1708826807.106
7221,1708826807.156
7222,1708826807.206
7223,1708826807.256
7224,1708826807.306
7225,1708826807.356
7226,1708826807.406
7227,1708826807.456
7228,1708826807.506
7229,1708826807.556
7230,1708826807.606
7231,1708826807.656
7232,1708826807.706
7233,1708826807.756
7234,1708826807.806
7235,1708826807.856
7236,1708826807.906
7237,1708826807.956
7238,1708826808.006
7239,1708826808.056
7240,1708826808.106
7241,1708826808.156
7242,1708826808.206
7243,1708826808.256
7244,1708826808.306
7245,1708826808.356
7246,1708826808.406
7247,1708826808.456
7248,1708826808.506
7249,1708826808.556
7250,1708826808.606
7251,1708826808.656
7252,1708826808.706
7253,1708826808.756
7254,1708826808.806
7255,1708826808.856
7256,1708826808.906
7257,1708826808.956
7258,1708826809.006
7259,1708826809.056
7260,1708826809.106
7261,1708826809.156
7262,1708826809.206
7263,1708826809.256
7264,1708826809.306
7265,1708826809.356
7266,1708826809.406
7267,1708826809.456
7268,1708826809.506
7269,1708826809.556
7270,1708826809.606
7271,1708826809.656
7272,1708826809.706
7273,1708826809.756
7274,1708826809.806
7275,1708826809.856
7276,1708826809.906
7277,1708826809.956
7278,1708826810.006
7279,1708826810.056
7280,1708826810.106
7281,1708826810.156
7282,1708826810.206
7283,1708826810.256
7284,1708826810.306
7285,1708826810.356
7286,1708826810.406
7287,1708826810.456
7288,1708826810.506
7289,1708826810.556
7290,1708826810.606
7291,1708826810.656
7292,1708826810.706
7293,1708826810.756
7294,1708826810.806
7295,1708826810.856
7296,1708826810.906
7297,1708826810.956
7298,1708826811.006
7299,1708826811.056
7300,1708826811.106
7301,1708826811.156
7302,1708826811.206
7303,1708826811.256
7304,1708826811.306
7305,1708826811.356
7306,1708826811.406
7307,1708826811.456
7308,1708826811.506
7309,1708826811.556
7310,1708826811.606
7311,1708826811.656
7312,1708826811.706
7313,1708826811.756
7314,1708826811.806
7315,1708826811.856
7316,1708826811.906
7317,1708826811.956
7318,1708826812.006
7319,1708826812.056
7320,1708826812.106
7321,1708826812.156
7322,1708826812.206
7323,1708826812.256
7324,1708826812.306
7325,1708826812.356
7326,1708826812.406
7327,1708826812.456
7328,1708826812.506
7329,1708826812.556
7330,1708826812.606
7331,1708826812.656
7332,1708826812.706
7333,1708826812.756
7334,1708826812.806
7335,1708826812.856
7336,1708826812.906
7337,1708826812.956
7338,1708826813.006
7339,1708826813.056
7340,1708826813.106
7341,1708826813.156
7342,1708826813.206
7343,1708826813.256
7344,1708826813.306
7345,1708826813.356
7346,1708826813.406
7347,1708826813.456
7348,1708826813.506
7349,1708826813.556
7350,1708826813.606
7351,1708826813.656
7352,1708826813.706
7353,1708826813.756
7354,1708826813.806
7355,1708826813.856
7356,1708826813.906
7357,1708826813.956
7358,1708826814.006
7359,1708826814.056
7360,1708826814.106
7361,1708826814.156
7362,1708826814.206
7363,1708826814.256
7364,1708826814.306
7365,1708826814.356
7366,1708826814.406
7367,1708826814.456
7368,1708826814.506
7369,1708826814.556
7370,1708826814.606
7371,1708826814.656
7372,1708826814.706
7373,1708826814.756
7374,1708826814.806
7375,1708826814.856
7376,1708826814.906
7377,1708826814.956
7378,1708826815.006
7379,1708826815.056
7380,1708826815.106
7381,1708826815.156
7382,1708826815.206
7383,1708826815.256
7384,1708826815.306
7385,1708826815.356
7386,1708826815.406
7387,1708826815.456
7388,1708826815.506
7389,1708826815.556
7390,1708826815.606
7391,1708826815.656
7392,1708826815.706
7393,1708826815.756
7394,1708826815.806
7395,1708826815.856
7396,1708826815.906
7397,1708826815.956
7398,1708826816.006
7399,1708826816.056
7400,1708826816.106
7401,1708826816.156
7402,1708826816.206
7403,1708826816.256
7404,1708826816.306
7405,1708826816.356
7406,1708826816.406
7407,1708826816.456
7408,1708826816.506
7409,1708826816.556
7410,1708826816.606
7411,1708826816.656
7412,1708826816.706
7413,1708826816.756
7414,1708826816.806
7415,1708826816.856
7416,1708826816.906
7417,1708826816.956
7418,1708826817.006
7419,1708826817.056
7420,1708826817.106
7421,1708826817.156
7422,1708826817.206
7423,1708826817.256
7424,1708826817.306
7425,1708826817.356
7426,1708826817.406
7427,1708826817.456
7428,1708826817.506
7429,1708826817.556
7430,1708826817.606
7431,1708826817.656
7432,1708826817.706
7433,1708826817.756
7434,1708826817.806
7435,1708826817.856
7436,1708826817.906
7437,1708826817.956
7438,1708826818.006
7439,1708826818.056
7440,1708826818.106
7441,1708826818.156
7442,1708826818.206
7443,1708826818.256
7444,1708826818.306
7445,1708826818.356
7446,1708826818.406
7447,1708826818.456
7448,1708826818.506
7449,1708826818.556
7450,1708826818.606
7451,1708826818.656
7452,1708826818.706
7453,1708826818.756
7454,1708826818.806
7455,1708826818.856
7456,1708826818.906
7457,1708826818.956
7458,1708826819.006
7459,1708826819.056
7460,1708826819.106
7461,1708826819.156
7462,1708826819.206
7463,1708826819.256
7464,1708826819.306
7465,1708826819.356
7466,1708826819.406
7467,1708826819.456
7468,1708826819.506
7469,1708826819.556
7470,1708826819.606
7471,1708826819.656
7472,1708826819.706
7473,1708826819.756
7474,1708826819.806
7475,1708826819.856
7476,1708826819.906
7477,1708826819.956
7478,1708826820.006
7479,1708826820.056
7480,1708826820.106
7481,1708826820.156
7482,1708826820.206
7483,1708826820.256
7484,1708826820.306
7485,1708826820.356
7486,1708826820.406
7487,1708826820.456
7488,1708826820.506
7489,1708826820.556
7490,1708826820.606
7491,1708826820.656
7492,1708826820.706
7493,1708826820.756
7494,1708826820.806
7495,1708826820.856
7496,1708826820.906
7497,1708826820.956
7498,1708826821.006
7499,1708826821.056
7500,1708826821.106
7501,1708826821.156
7502,1708826821.206
7503,1708826821.256
7504,1708826821.306
7505,1708826821.356
7506,1708826821.406
7507,1708826821.456
7508,1708826821.506
7509,1708826821.556
7510,1708826821.606
7511,1708826821.656
7512,1708826821.706
7513,1708826821.756
7514,1708826821.806
7515,1708826821.856
7516,1708826821.906
7517,1708826821.956
7518,1708826822.006
7519,1708826822.056
7520,1708826822.106
7521,1708826822.156
7522,1708826822.206
7523,1708826822.256
7524,1708826822.306
7525,1708826822.356
7526,1708826822.406
7527,1708826822.456
7528,1708826822.506
7529,1708826822.556
7530,1708826822.606
7531,1708826822.656
7532,1708826822.706
7533,1708826822.756
7534,1708826822.806
7535,1708826822.856
7536,1708826822.906
7537,1708826822.956
7538,1708826823.006
7539,1708826823.056
7540,1708826823.106
7541,1708826823.156
7542,1708826823.206
7543,1708826823.256
7544,1708826823.306
7545,1708826823.356
7546,1708826823.406
7547,1708826823.456
7548,1708826823.506
7549,1708826823.556
7550,1708826823.606
7551,1708826823.656
7552,1708826823.706
7553,1708826823.756
7554,1708826823.806
7555,1708826823.856
7556,1708826823.906
7557,1708826823.956
7558,1708826824.006
7559,1708826824.056
7560,1708826824.106
7561,1708826824.156
7562,1708826824.206
7563,1708826824.256
7564,1708826824.306
7565,1708826824.356
7566,1708826824.406
7567,1708826824.456
7568,1708826824.506
7569,1708826824.556
7570,1708826824.606
7571,1708826824.656
7572,1708826824.706
7573,1708826824.756
7574,1708826824.806
7575,1708826824.856
7576,1708826824.906
7577,1708826824.956
7578,1708826825.006
7579,1708826825.056
7580,1708826825.106
7581,1708826825.156
7582,1708826825.206
7583,1708826825.256
7584,1708826825.306
7585,1708826825.356
7586,1708826825.406
7587,1708826825.456
7588,1708826825.506
7589,1708826825.556
7590,1708826825.606
7591,1708826825.656
7592,1708826825.706
7593,1708826825.756
7594,1708826825.806
7595,1708826825.856
7596,1708826825.906
7597,1708826825.956
7598,1708826826.006
7599,1708826826.056
7600,1708826826.106
7601,1708826826.156
7602,1708826826.206
7603,1708826826.256
7604,1708826826.306
7605,1708826826.356
7606,1708826826.406
7607,1708826826.456
7608,1708826826.506
7609,1708826826.556
7610,1708826826.606
7611,1708826826.656
7612,1708826826.706
7613,1708826826.756
7614,1708826826.806
7615,1708826826.856
7616,1708826826.906
7617,1708826826.956
7618,1708826827.006
7619,1708826827.056
7620,1708826827.106
7621,1708826827.156
7622,1708826827.206
7623,1708826827.256
7624,1708826827.306
7625,1708826827.356
7626,1708826827.406
7627,1708826827.456
7628,1708826827.506
7629,1708826827.556
7630,1708826827.606
7631,1708826827.656
7632,1708826827.706
7633,1708826827.756
7634,1708826827.806
7635,1708826827.856
7636,1708826827.906
7637,1708826827.956
7638,1708826828.006
7639,1708826828.056
7640,1708826828.106
7641,1708826828.156
7642,1708826828.206
7643,1708826828.256
7644,1708826828.306
7645,1708826828.356
7646,1708826828.406
7647,1708826828.456
7648,1708826828.506
7649,1708826828.556
7650,1708826828.606
7651,1708826828.656
7652,1708826828.706
7653,1708826828.756
7654,1708826828.806
7655,1708826828.856
7656,1708826828.906
7657,1708826828.956
7658,1708826829.006
7659,1708826829.056
7660,1708826829.106
7661,1708826829.156
7662,1708826829.206
7663,1708826829.256
7664,1708826829.306
7665,1708826829.356
7666,1708826829.406
7667,1708826829.456
7668,1708826829.506
7669,1708826829.556
7670,1708826829.606
7671,1708826829.656
7672,1708826829.706
7673,1708826829.756
7674,1708826829.806
7675,1708826829.856
7676,1708826829.906
7677,1708826829.956
7678,1708826830.006
7679,1708826830.056
7680,1708826830.106
7681,1708826830.156
7682,1708826830.206
7683,1708826830.256
7684,1708826830.306
7685,1708826830.356
7686,1708826830.406
7687,1708826830.456
7688,1708826830.506
7689,1708826830.556
7690,1708826830.606
7691,1708826830.656
7692,1708826830.706
7693,1708826830.756
7694,1708826830.806
7695,1708826830.856
7696,1708826830.906
7697,1708826830.956
7698,1708826831.006
7699,1708826831.056
7700,1708826831.106
7701,1708826831.156
7702,1708826831.206
7703,1708826831.256
7704,1708826831.306
7705,1708826831.356
7706,1708826831.406
7707,1708826831.456
7708,1708826831.506
7709,1708826831.556
7710,1708826831.606
7711,1708826831.656
7712,1708826831.706
7713,1708826831.756
7714,1708826831.806
7715,1708826831.856
7716,1708826831.906
7717,1708826831.956
7718,1708826832.006
7719,1708826832.056
7720,1708826832.106
7721,1708826832.156
7722,1708826832.206
7723,1708826832.256
7724,1708826832.306
7725,1708826832.356
7726,1708826832.406
7727,1708826832.456
7728,1708826832.506
7729,1708826832.556
7730,1708826832.606
7731,1708826832.656
7732,1708826832.706
7733,1708826832.756
7734,1708826832.806
7735,1708826832.856
7736,1708826832.906
7737,1708826832.956
7738,1708826833.006
7739,1708826833.056
7740,1708826833.106
7741,1708826833.156
7742,1708826833.206
7743,1708826833.256
7744,1708826833.306
7745,1708826833.356
7746,1708826833.406
7747,1708826833.456
7748,1708826833.506
7749,1708826833.556
7750,1708826833.606
7751,1708826833.656
7752,1708826833.706
7753,1708826833.756
7754,1708826833.806
7755,1708826833.856
7756,1708826833.906
7757,1708826833.956
7758,1708826834.006
7759,1708826834.056
7760,1708826834.106
7761,1708826834.156
7762,1708826834.206
7763,1708826834.256
7764,1708826834.306
7765,1708826834.356
7766,1708826834.406
7767,1708826834.456
7768,1708826834.506
7769,1708826834.556
7770,1708826834.606
7771,1708826834.656
7772,1708826834.706
7773,1708826834.756
7774,1708826834.806
7775,1708826834.856
7776,1708826834.906
7777,1708826834.956
7778,1708826835.006
7779,1708826835.056
7780,1708826835.106
7781,1708826835.156
7782,1708826835.206
7783,1708826835.256
7784,1708826835.306
7785,1708826835.356
7786,1708826835.406
7787,1708826835.456
7788,1708826835.506
7789,1708826835.556
7790,1708826835.606
7791,1708826835.656
7792,1708826835.706
7793,1708826835.756
7794,1708826835.806
7795,1708826835.856
7796,1708826835.906
7797,1708826835.956
7798,1708826836.006
7799,1708826836.056
7800,1708826836.106
7801,1708826836.156
7802,1708826836.206
7803,1708826836.256
7804,1708826836.306
7805,1708826836.356
7806,1708826836.406
7807,1708826836.456
7808,1708826836.506
7809,1708826836.556
7810,1708826836.606
7811,1708826836.656
7812,1708826836.706
7813,1708826836.756
7814,1708826836.806
7815,1708826836.856
7816,1708826836.906
7817,1708826836.956
7818,1708826837.006
7819,1708826837.056
7820,1708826837.106
7821,1708826837.156
7822,1708826837.206
7823,1708826837.256
7824,1708826837.306
7825,1708826837.356
7826,1708826837.406
7827,1708826837.456
7828,1708826837.506
7829,1708826837.556
7830,1708826837.606
7831,1708826837.656
7832,1708826837.706
7833,1708826837.756
7834,1708826837.806
7835,1708826837.856
7836,1708826837.906
7837,1708826837.956
7838,1708826838.006
7839,1708826838.056
7840,1708826838.106
7841,1708826838.156
7842,1708826838.206
7843,1708826838.256
7844,1708826838.306
7845,1708826838.356
7846,1708826838.406
7847,1708826838.456
7848,1708826838.506
7849,1708826838.556
7850,1708826838.606
7851,1708826838.656
7852,1708826838.706
7853,1708826838.756
7854,1708826838.806
7855,1708826838.856
7856,1708826838.906
7857,1708826838.956
7858,1708826839.006
7859,1708826839.056
7860,1708826839.106
7861,1708826839.156
7862,1708826839.206
7863,1708826839.256
7864,1708826839.306
7865,1708826839.356
7866,1708826839.406
7867,1708826839.456
7868,1708826839.506
7869,1708826839.556
7870,1708826839.606
7871,1708826839.656
7872,1708826839.706
7873,1708826839.756
7874,1708826839.806
7875,1708826839.856
7876,1708826839.906
7877,1708826839.956
7878,1708826840.006
7879,1708826840.056
7880,1708826840.106
7881,1708826840.156
7882,1708826840.206
7883,1708826840.256
7884,1708826840.306
7885,1708826840.356
7886,1708826840.406
7887,1708826840.456
7888,1708826840.506
7889,1708826840.556
7890,1708826840.606
7891,1708826840.656
7892,1708826840.706
7893,1708826840.756
7894,1708826840.806
7895,1708826840.856
7896,1708826840.906
7897,1708826840.956
7898,1708826841.006
7899,1708826841.056
7900,1708826841.106
7901,1708826841.156
7902,1708826841.206
7903,1708826841.256
7904,1708826841.306
7905,1708826841.356
7906,1708826841.406
7907,1708826841.456
7908,1708826841.506
7909,1708826841.556
7910,1708826841.606
7911,1708826841.656
7912,1708826841.706
7913,1708826841.756
7914,1708826841.806
7915,1708826841.856
7916,1708826841.906
7917,1708826841.956
7918,1708826842.006
7919,1708826842.056
7920,1708826842.106
7921,1708826842.156
7922,1708826842.206
7923,1708826842.256
7924,1708826842.306
7925,1708826842.356
7926,1708826842.406
7927,1708826842.456
7928,1708826842.506
7929,1708826842.556
7930,1708826842.606
7931,1708826842.656
7932,1708826842.706
7933,1708826842.756
7934,1708826842.806
7935,1708826842.856
7936,1708826842.906
7937,1708826842.956
7938,1708826843.006
7939,1708826843.056
7940,1708826843.106
7941,1708826843.156
7942,1708826843.206
7943,1708826843.256
7944,1708826843.306
7945,1708826843.356
7946,1708826843.406
7947,1708826843.456
7948,1708826843.506
7949,1708826843.556
7950,1708826843.606
7951,1708826843.656
7952,1708826843.706
7953,1708826843.756
7954,1708826843.806
7955,1708826843.856
7956,1708826843.906
7957,1708826843.956
7958,1708826844.006
7959,1708826844.056
7960,1708826844.106
7961,1708826844.156
7962,1708826844.206
7963,1708826844.256
7964,1708826844.306
7965,1708826844.356
7966,1708826844.406
7967,1708826844.456
7968,1708826844.506
7969,1708826844.556
7970,1708826844.606
7971,1708826844.656
7972,1708826844.706
7973,1708826844.756
7974,1708826844.806
7975,1708826844.856
7976,1708826844.906
7977,1708826844.956
7978,1708826845.006
7979,1708826845.056
7980,1708826845.106
7981,1708826845.156
7982,1708826845.206
7983,1708826845.256
7984,1708826845.306
7985,1708826845.356
7986,1708826845.406
7987,1708826845.456
7988,1708826845.506
7989,1708826845.556
7990,1708826845.606
7991,1708826845.656
7992,1708826845.706
7993,1708826845.756
7994,1708826845.806
7995,1708826845.856
7996,1708826845.906
7997,1708826845.956
7998,1708826846.006
7999,1708826846.056
8000,1708826846.106
8001,1708826846.156
8002,1708826846.206
8003,1708826846.256
8004,1708826846.306
8005,1708826846.356
8006,1708826846.406
8007,1708826846.456
8008,1708826846.506
8009,1708826846.556
8010,1708826846.606
8011,1708826846.656
8012,1708826846.706
8013,1708826846.756
8014,1708826846.806
8015,1708826846.856
8016,1708826846.906
8017,1708826846.956
8018,1708826847.006
8019,1708826847.056
8020,1708826847.106
8021,1708826847.156
8022,1708826847.206
8023,1708826847.256
8024,1708826847.306
8025,1708826847.356
8026,1708826847.406
8027,1708826847.456
8028,1708826847.506
8029,1708826847.556
8030,1708826847.606
8031,1708826847.656
8032,1708826847.706
8033,1708826847.756
8034,1708826847.806
8035,1708826847.856
8036,1708826847.906
8037,1708826847.956
8038,1708826848.006
8039,1708826848.056
8040,1708826848.106
8041,1708826848.156
8042,1708826848.206
8043,1708826848.256
8044,1708826848.306
8045,1708826848.356
8046,1708826848.406
8047,1708826848.456
8048,1708826848.506
8049,1708826848.556
8050,1708826848.606
8051,1708826848.656
8052,1708826848.706
8053,1708826848.756
8054,1708826848.806
8055,1708826848.856
8056,1708826848.906
8057,1708826848.956
8058,1708826849.006
8059,1708826849.056
8060,1708826849.106
8061,1708826849.156
8062,1708826849.206
8063,1708826849.256
8064,1708826849.306
8065,1708826849.356
8066,1708826849.406
8067,1708826849.456
8068,1708826849.506
8069,1708826849.556
8070,1708826849.606
8071,1708826849.656
8072,1708826849.706
8073,1708826849.756
8074,1708826849.806
8075,1708826849.856
8076,1708826849.906
8077,1708826849.956
8078,1708826850.006
8079,1708826850.056
8080,1708826850.106
8081,1708826850.156
8082,1708826850.206
8083,1708826850.256
8084,1708826850.306
8085,1708826850.356
8086,1708826850.406
8087,1708826850.456
8088,1708826850.506
8089,1708826850.556
8090,1708826850.606
8091,1708826850.656
8092,1708826850.706
8093,1708826850.756
8094,1708826850.806
8095,1708826850.856
8096,1708826850.906
8097,1708826850.956
8098,1708826851.006
8099,1708826851.056
8100,1708826851.106
8101,1708826851.156
8102,1708826851.206
8103,1708826851.256
8104,1708826851.306
8105,1708826851.356
8106,1708826851.406
8107,1708826851.456
8108,1708826851.506
8109,1708826851.556
8110,1708826851.606
8111,1708826851.656
8112,1708826851.706
8113,1708826851.756
8114,1708826851.806
8115,1708826851.856
8116,1708826851.906
8117,1708826851.956
8118,1708826852.006
8119,1708826852.056
8120,1708826852.106
8121,1708826852.156
8122,1708826852.206
8123,1708826852.256
8124,1708826852.306
8125,1708826852.356
8126,1708826852.406
8127,1708826852.456
8128,1708826852.506
8129,1708826852.556
8130,1708826852.606
8131,1708826852.656
8132,1708826852.706
8133,1708826852.756
8134,1708826852.806
8135,1708826852.856
8136,1708826852.906
8137,1708826852.956
8138,1708826853.006
8139,1708826853.056
8140,1708826853.106
8141,1708826853.156
8142,1708826853.206
8143,1708826853.256
8144,1708826853.306
8145,1708826853.356
8146,1708826853.406
8147,1708826853.456
8148,1708826853.506
8149,1708826853.556
8150,1708826853.606
8151,1708826853.656
8152,1708826853.706
8153,1708826853.756
8154,1708826853.806
8155,1708826853.856
8156,1708826853.906
8157,1708826853.956
8158,1708826854.006
8159,1708826854.056
8160,1708826854.106
8161,1708826854.156
8162,1708826854.206
8163,1708826854.256
8164,1708826854.306
8165,1708826854.356
8166,1708826854.406
8167,1708826854.456
8168,1708826854.506
8169,1708826854.556
8170,1708826854.606
8171,1708826854.656
8172,1708826854.706
8173,1708826854.756
8174,1708826854.806
8175,1708826854.856
8176,1708826854.906
8177,1708826854.956
8178,1708826855.006
8179,1708826855.056
8180,1708826855.106
8181,1708826855.156
8182,1708826855.206
8183,1708826855.256
8184,1708826855.306
8185,1708826855.356
8186,1708826855.406
8187,1708826855.456
8188,1708826855.506
8189,1708826855.556
8190,1708826855.606
8191,1708826855.656
8192,1708826855.706
8193,1708826855.756
8194,1708826855.806
8195,1708826855.856
8196,1708826855.906
8197,1708826855.956
8198,1708826856.006
8199,1708826856.056
8200,1708826856.106
8201,1708826856.156
8202,1708826856.206
8203,1708826856.256
8204,1708826856.306
8205,1708826856.356
8206,1708826856.406
8207,1708826856.456
8208,1708826856.506
8209,1708826856.556
8210,1708826856.606
8211,1708826856.656
8212,1708826856.706
8213,1708826856.756
8214,1708826856.806
8215,1708826856.856
8216,1708826856.906
8217,1708826856.956
8218,1708826857.006
8219,1708826857.056
8220,1708826857.106
8221,1708826857.156
8222,1708826857.206
8223,1708826857.256
8224,1708826857.306
8225,1708826857.356
8226,1708826857.406
8227,1708826857.456
8228,1708826857.506
8229,1708826857.556
8230,1708826857.606
8231,1708826857.656
8232,1708826857.706
8233,1708826857.756
8234,1708826857.806
8235,1708826857.856
8236,1708826857.906
8237,1708826857.956
8238,1708826858.006
8239,1708826858.056
8240,1708826858.106
8241,1708826858.156
8242,1708826858.206
8243,1708826858.256
8244,1708826858.306
8245,1708826858.356
8246,1708826858.406
8247,1708826858.456
8248,1708826858.506
8249,1708826858.556
8250,1708826858.606
8251,1708826858.656
8252,1708826858.706
8253,1708826858.756
8254,1708826858.806
8255,1708826858.856
8256,1708826858.906
8257,1708826858.956
8258,1708826859.006
8259,1708826859.056
8260,1708826859.106
8261,1708826859.156
8262,1708826859.206
8263,1708826859.256
8264,1708826859.306
8265,1708826859.356
8266,1708826859.406
8267,1708826859.456
8268,1708826859.506
8269,1708826859.556
8270,1708826859.606
8271,1708826859.656
8272,1708826859.706
8273,1708826859.756
8274,1708826859.806
8275,1708826859.856
8276,1708826859.906
8277,1708826859.956
8278,1708826860.006
8279,1708826860.056
8280,1708826860.106
8281,1708826860.156
8282,1708826860.206
8283,1708826860.256
8284,1708826860.306
8285,1708826860.356
8286,1708826860.406
8287,1708826860.456
8288,1708826860.506
8289,1708826860.556
8290,1708826860.606
8291,1708826860.656
8292,1708826860.706
8293,1708826860.756
8294,1708826860.806
8295,1708826860.856
8296,1708826860.906
8297,1708826860.956
8298,1708826861.006
8299,1708826861.056
8300,1708826861.106
8301,1708826861.156
8302,1708826861.206
8303,1708826861.256
8304,1708826861.306
8305,1708826861.356
8306,1708826861.406
8307,1708826861.456
8308,1708826861.506
8309,1708826861.556
8310,1708826861.606
8311,1708826861.656
8312,1708826861.706
8313,1708826861.756
8314,1708826861.806
8315,1708826861.856
8316,1708826861.906
8317,1708826861.956
8318,1708826862.006
8319,1708826862.056
8320,1708826862.106
8321,1708826862.156
8322,1708826862.206
8323,1708826862.256
8324,1708826862.306
8325,1708826862.356
8326,1708826862.406
8327,1708826862.456
8328,1708826862.506
8329,1708826862.556
8330,1708826862.606
8331,1708826862.656
8332,1708826862.706
8333,1708826862.756
8334,1708826862.806
8335,1708826862.856
8336,1708826862.906
8337,1708826862.956
8338,1708826863.006
8339,1708826863.056
8340,1708826863.106
8341,1708826863.156
8342,1708826863.206
8343,1708826863.256
8344,1708826863.306
8345,1708826863.356
8346,1708826863.406
8347,1708826863.456
8348,1708826863.506
8349,1708826863.556
8350,1708826863.606
8351,1708826863.656
8352,1708826863.706
8353,1708826863.756
8354,1708826863.806
8355,1708826863.856
8356,1708826863.906
8357,1708826863.956
8358,1708826864.006
8359,1708826864.056
8360,1708826864.106
8361,1708826864.156
8362,1708826864.206
8363,1708826864.256
8364,1708826864.306
8365,1708826864.356
8366,1708826864.406
8367,1708826864.456
8368,1708826864.506
8369,1708826864.556
8370,1708826864.606
8371,1708826864.656
8372,1708826864.706
8373,1708826864.756
8374,1708826864.806
8375,1708826864.856
8376,1708826864.906
8377,1708826864.956
8378,1708826865.006
8379,1708826865.056
8380,1708826865.106
8381,1708826865.156
8382,1708826865.206
8383,1708826865.256
8384,1708826865.306
8385,1708826865.356
8386,1708826865.406
8387,1708826865.456
8388,1708826865.506
8389,1708826865.556
8390,1708826865.606
8391,1708826865.656
8392,1708826865.706
8393,1708826865.756
8394,1708826865.806
8395,1708826865.856
8396,1708826865.906
8397,1708826865.956
8398,1708826866.006
8399,1708826866.056
8400,1708826866.106
8401,1708826866.156
8402,1708826866.206
8403,1708826866.256
8404,1708826866.306
8405,1708826866.356
8406,1708826866.406
8407,1708826866.456
8408,1708826866.506
8409,1708826866.556
8410,1708826866.606
8411,1708826866.656
8412,1708826866.706
8413,1708826866.756
8414,1708826866.806
8415,1708826866.856
8416,1708826866.906
8417,1708826866.956
8418,1708826867.006
8419,1708826867.056
8420,1708826867.106
8421,1708826867.156
8422,1708826867.206
8423,1708826867.256
8424,1708826867.306
8425,1708826867.356
8426,1708826867.406
8427,1708826867.456
8428,1708826867.506
8429,1708826867.556
8430,1708826867.606
8431,1708826867.656
8432,1708826867.706
8433,1708826867.756
8434,1708826867.806
8435,1708826867.856
8436,1708826867.906
8437,1708826867.956
8438,1708826868.006
8439,1708826868.056
8440,1708826868.106
8441,1708826868.156
8442,1708826868.206
8443,1708826868.256
8444,1708826868.306
8445,1708826868.356
8446,1708826868.406
8447,1708826868.456
8448,1708826868.506
8449,1708826868.556
8450,1708826868.606
8451,1708826868.656
8452,1708826868.706
8453,1708826868.756
8454,1708826868.806
8455,1708826868.856
8456,1708826868.906
8457,1708826868.956
8458,1708826869.006
8459,1708826869.056
8460,1708826869.106
8461,1708826869.156
8462,1708826869.206
8463,1708826869.256
8464,1708826869.306
8465,1708826869.356
8466,1708826869.406
8467,1708826869.456
8468,1708826869.506
8469,1708826869.556
8470,1708826869.606
8471,1708826869.656
8472,1708826869.706
8473,1708826869.756
8474,1708826869.806
8475,1708826869.856
8476,1708826869.906
8477,1708826869.956
8478,1708826870.006
8479,1708826870.056
8480,1708826870.106
8481,1708826870.156
8482,1708826870.206
8483,1708826870.256
8484,1708826870.306
8485,1708826870.356
8486,1708826870.406
8487,1708826870.456
8488,1708826870.506
8489,1708826870.556
8490,1708826870.606
8491,1708826870.656
8492,1708826870.706
8493,1708826870.756
8494,1708826870.806
8495,1708826870.856
8496,1708826870.906
8497,1708826870.956
8498,1708826871.006
8499,1708826871.056
8500,1708826871.106
8501,1708826871.156
8502,1708826871.206
8503,1708826871.256
8504,1708826871.306
8505,1708826871.356
8506,1708826871.406
8507,1708826871.456
8508,1708826871.506
8509,1708826871.556
8510,1708826871.606
8511,1708826871.656
8512,1708826871.706
8513,1708826871.756
8514,1708826871.806
8515,1708826871.856
8516,1708826871.906
8517,1708826871.956
8518,1708826872.006
8519,1708826872.056
8520,1708826872.106
8521,1708826872.156
8522,1708826872.206
8523,1708826872.256
8524,1708826872.306
8525,1708826872.356
8526,1708826872.406
8527,1708826872.456
8528,1708826872.506
8529,1708826872.556
8530,1708826872.606
8531,1708826872.656
8532,1708826872.706
8533,1708826872.756
8534,1708826872.806
8535,1708826872.856
8536,1708826872.906
8537,1708826872.956
8538,1708826873.006
8539,1708826873.056
8540,1708826873.106
8541,1708826873.156
8542,1708826873.206
8543,1708826873.256
8544,1708826873.306
8545,1708826873.356
8546,1708826873.406
8547,1708826873.456
8548,1708826873.506
8549,1708826873.556
8550,1708826873.606
8551,1708826873.656
8552,1708826873.706
8553,1708826873.756
8554,1708826873.806
8555,1708826873.856
8556,1708826873.906
8557,1708826873.956
8558,1708826874.006
8559,1708826874.056
8560,1708826874.106
8561,1708826874.156
8562,1708826874.206
8563,1708826874.256
8564,1708826874.306
8565,1708826874.356
8566,1708826874.406
8567,1708826874.456
8568,1708826874.506
8569,1708826874.556
8570,1708826874.606
8571,1708826874.656
8572,1708826874.706
8573,1708826874.756
8574,1708826874.806
8575,1708826874.856
8576,1708826874.906
8577,1708826874.956
8578,1708826875.006
8579,1708826875.056
8580,1708826875.106
8581,1708826875.156
8582,1708826875.206
8583,1708826875.256
8584,1708826875.306
8585,1708826875.356
8586,1708826875.406
8587,1708826875.456
8588,1708826875.506
8589,1708826875.556
8590,1708826875.606
8591,1708826875.656
8592,1708826875.706
8593,1708826875.756
8594,1708826875.806
8595,1708826875.856
8596,1708826875.906
8597,1708826875.956
8598,1708826876.006
8599,1708826876.056
8600,1708826876.106
8601,1708826876.156
8602,1708826876.206
8603,1708826876.256
8604,1708826876.306
8605,1708826876.356
8606,1708826876.406
8607,1708826876.456
8608,1708826876.506
8609,1708826876.556
8610,1708826876.606
8611,1708826876.656
8612,1708826876.706
8613,1708826876.756
8614,1708826876.806
8615,1708826876.856
8616,1708826876.906
8617,1708826876.956
8618,1708826877.006
8619,1708826877.056
8620,1708826877.106
8621,1708826877.156
8622,1708826877.206
8623,1708826877.256
8624,1708826877.306
8625,1708826877.356
8626,1708826877.406
8627,1708826877.456
8628,1708826877.506
8629,1708826877.556
8630,1708826877.606
8631,1708826877.656
8632,1708826877.706
8633,1708826877.756
8634,1708826877.806
8635,1708826877.856
8636,1708826877.906
8637,1708826877.956
8638,1708826878.006
8639,1708826878.056
8640,1708826878.106
8641,1708826878.156
8642,1708826878.206
8643,1708826878.256
8644,1708826878.306
8645,1708826878.356
8646,1708826878.406
8647,1708826878.456
8648,1708826878.506
8649,1708826878.556
8650,1708826878.606
8651,1708826878.656
8652,1708826878.706
8653,1708826878.756
8654,1708826878.806
8655,1708826878.856
8656,1708826878.906
8657,1708826878.956
8658,1708826879.006
8659,1708826879.056
8660,1708826879.106
8661,1708826879.156
8662,1708826879.206
8663,1708826879.256
8664,1708826879.306
8665,1708826879.356
8666,1708826879.406
8667,1708826879.456
8668,1708826879.506
8669,1708826879.556
8670,1708826879.606
8671,1708826879.656
8672,1708826879.706
8673,1708826879.756
8674,1708826879.806
8675,1708826879.856
8676,1708826879.906
8677,1708826879.956
8678,1708826880.006
8679,1708826880.056
8680,1708826880.106
8681,1708826880.156
8682,1708826880.206
8683,1708826880.256
8684,1708826880.306
8685,1708826880.356
8686,1708826880.406
8687,1708826880.456
8688,1708826880.506
8689,1708826880.556
8690,1708826880.606
8691,1708826880.656
8692,1708826880.706
8693,1708826880.756
8694,1708826880.806
8695,1708826880.856
8696,1708826880.906
8697,1708826880.956
8698,1708826881.006
8699,1708826881.056
8700,1708826881.106
8701,1708826881.156
8702,1708826881.206
8703,1708826881.256
8704,1708826881.306
8705,1708826881.356
8706,1708826881.406
8707,1708826881.456
8708,1708826881.506
8709,1708826881.556
8710,1708826881.606
8711,1708826881.656
8712,1708826881.706
8713,1708826881.756
8714,1708826881.806
8715,1708826881.856
8716,1708826881.906
8717,1708826881.956
8718,1708826882.006
8719,1708826882.056
8720,1708826882.106
8721,1708826882.156
8722,1708826882.206
8723,1708826882.256
8724,1708826882.306
8725,1708826882.356
8726,1708826882.406
8727,1708826882.456
8728,1708826882.506
8729,1708826882.556
8730,1708826882.606
8731,1708826882.656
8732,1708826882.706
8733,1708826882.756
8734,1708826882.806
8735,1708826882.856
8736,1708826882.906
8737,1708826882.956
8738,1708826883.006
8739,1708826883.056
8740,1708826883.106
8741,1708826883.156
8742,1708826883.206
8743,1708826883.256
8744,1708826883.306
8745,1708826883.356
8746,1708826883.406
8747,1708826883.456
8748,1708826883.506
8749,1708826883.556
8750,1708826883.606
8751,1708826883.656
8752,1708826883.706
8753,1708826883.756
8754,1708826883.806
8755,1708826883.856
8756,1708826883.906
8757,1708826883.956
8758,1708826884.006
8759,1708826884.056
8760,1708826884.106
8761,1708826884.156
8762,1708826884.206
8763,1708826884.256
8764,1708826884.306
8765,1708826884.356
8766,1708826884.406
8767,1708826884.456
8768,1708826884.506
8769,1708826884.556
8770,1708826884.606
8771,1708826884.656
8772,1708826884.706
8773,1708826884.756
8774,1708826884.806
8775,1708826884.856
8776,1708826884.906
8777,1708826884.956
8778,1708826885.006
8779,1708826885.056
8780,1708826885.106
8781,1708826885.156
8782,1708826885.206
8783,1708826885.256
8784,1708826885.306
8785,1708826885.356
8786,1708826885.406
8787,1708826885.456
8788,1708826885.506
8789,1708826885.556
8790,1708826885.606
8791,1708826885.656
8792,1708826885.706
8793,1708826885.756
8794,1708826885.806
8795,1708826885.856
8796,1708826885.906
8797,1708826885.956
8798,1708826886.006
8799,1708826886.056
8800,1708826886.106
8801,1708826886.156
8802,1708826886.206
8803,1708826886.256
8804,1708826886.306
8805,1708826886.356
8806,1708826886.406
8807,1708826886.456
8808,1708826886.506
8809,1708826886.556
8810,1708826886.606
8811,1708826886.656
8812,1708826886.706
8813,1708826886.756
8814,1708826886.806
8815,1708826886.856
8816,1708826886.906
8817,1708826886.956
8818,1708826887.006
8819,1708826887.056
8820,1708826887.106
8821,1708826887.156
8822,1708826887.206
8823,1708826887.256
8824,1708826887.306
8825,1708826887.356
8826,1708826887.406
8827,1708826887.456
8828,1708826887.506
8829,1708826887.556
8830,1708826887.606
8831,1708826887.656
8832,1708826887.706
8833,1708826887.756
8834,1708826887.806
8835,1708826887.856
8836,1708826887.906
8837,1708826887.956
8838,1708826888.006
8839,1708826888.056
8840,1708826888.106
8841,1708826888.156
8842,1708826888.206
8843,1708826888.256
8844,1708826888.306
8845,1708826888.356
8846,1708826888.406
8847,1708826888.456
8848,1708826888.506
8849,1708826888.556
8850,1708826888.606
8851,1708826888.656
8852,1708826888.706
8853,1708826888.756
8854,1708826888.806
8855,1708826888.856
8856,1708826888.906
8857,1708826888.956
8858,1708826889.006
8859,1708826889.056
8860,1708826889.106
8861,1708826889.156
8862,1708826889.206
8863,1708826889.256
8864,1708826889.306
8865,1708826889.356
8866,1708826889.406
8867,1708826889.456
8868,1708826889.506
8869,1708826889.556
8870,1708826889.606
8871,1708826889.656
8872,1708826889.706
8873,1708826889.756
8874,1708826889.806
8875,1708826889.856
8876,1708826889.906
8877,1708826889.956
8878,1708826890.006
8879,1708826890.056
8880,1708826890.106
8881,1708826890.156
8882,1708826890.206
8883,1708826890.256
8884,1708826890.306
8885,1708826890.356
8886,1708826890.406
8887,1708826890.456
8888,1708826890.506
8889,1708826890.556
8890,1708826890.606
8891,1708826890.656
8892,1708826890.706
8893,1708826890.756
8894,1708826890.806
8895,1708826890.856
8896,1708826890.906
8897,1708826890.956
8898,1708826891.006
8899,1708826891.056
8900,1708826891.106
8901,1708826891.156
8902,1708826891.206
8903,1708826891.256
8904,1708826891.306
8905,1708826891.356
8906,1708826891.406
8907,1708826891.456
8908,1708826891.506
8909,1708826891.556
8910,1708826891.606
8911,1708826891.656
8912,1708826891.706
8913,1708826891.756
8914,1708826891.806
8915,1708826891.856
8916,1708826891.906
8917,1708826891.956
8918,1708826892.006
8919,1708826892.056
8920,1708826892.106
8921,1708826892.156
8922,1708826892.206
8923,1708826892.256
8924,1708826892.306
8925,1708826892.356
8926,1708826892.406
8927,1708826892.456
8928,1708826892.506
8929,1708826892.556
8930,1708826892.606
8931,1708826892.656
8932,1708826892.706
8933,1708826892.756
8934,1708826892.806
8935,1708826892.856
8936,1708826892.906
8937,1708826892.956
8938,1708826893.006
8939,1708826893.056
8940,1708826893.106
8941,1708826893.156
8942,1708826893.206
8943,1708826893.256
8944,1708826893.306
8945,1708826893.356
8946,1708826893.406
8947,1708826893.456
8948,1708826893.506
8949,1708826893.556
8950,1708826893.606
8951,1708826893.656
8952,1708826893.706
8953,1708826893.756
8954,1708826893.806
8955,1708826893.856
8956,1708826893.906
8957,1708826893.956
8958,1708826894.006
8959,1708826894.056
8960,1708826894.106
8961,1708826894.156
8962,1708826894.206
8963,1708826894.256
8964,1708826894.306
8965,1708826894.356
8966,1708826894.406
8967,1708826894.456
8968,1708826894.506
8969,1708826894.556
8970,1708826894.606
8971,1708826894.656
8972,1708826894.706
8973,1708826894.756
8974,1708826894.806
8975,1708826894.856
8976,1708826894.906
8977,1708826894.956
8978,1708826895.006
8979,1708826895.056
8980,1708826895.106
8981,1708826895.156
8982,1708826895.206
8983,1708826895.256
8984,1708826895.306
8985,1708826895.356
8986,1708826895.406
8987,1708826895.456
8988,1708826895.506
8989,1708826895.556
8990,1708826895.606
8991,1708826895.656
8992,1708826895.706
8993,1708826895.756
8994,1708826895.806
8995,1708826895.856
8996,1708826895.906
8997,1708826895.956
8998,1708826896.006
8999,1708826896.056
9000,1708826896.106
9001,1708826896.156
9002,1708826896.206
9003,1708826896.256
9004,1708826896.306
9005,1708826896.356
9006,1708826896.406
9007,1708826896.456
9008,1708826896.506
9009,1708826896.556
9010,1708826896.606
9011,1708826896.656
9012,1708826896.706
9013,1708826896.756
9014,1708826896.806
9015,1708826896.856
9016,1708826896.906
9017,1708826896.956
9018,1708826897.006
9019,1708826897.056
9020,1708826897.106
9021,1708826897.156
9022,1708826897.206
9023,1708826897.256
9024,1708826897.306
9025,1708826897.356
9026,1708826897.406
9027,1708826897.456
9028,1708826897.506
9029,1708826897.556
9030,1708826897.606
9031,1708826897.656
9032,1708826897.706
9033,1708826897.756
9034,1708826897.806
9035,1708826897.856
9036,1708826897.906
9037,1708826897.956
9038,1708826898.006
9039,1708826898.056
9040,1708826898.106
9041,1708826898.156
9042,1708826898.206
9043,1708826898.256
9044,1708826898.306
9045,1708826898.356
9046,1708826898.406
9047,1708826898.456
9048,1708826898.506
9049,1708826898.556
9050,1708826898.606
9051,1708826898.656
9052,1708826898.706
9053,1708826898.756
9054,1708826898.806
9055,1708826898.856
9056,1708826898.906
9057,1708826898.956
9058,1708826899.006
9059,1708826899.056
9060,1708826899.106
9061,1708826899.156
9062,1708826899.206
9063,1708826899.256
9064,1708826899.306
9065,1708826899.356
9066,1708826899.406
9067,1708826899.456
9068,1708826899.506
9069,1708826899.556
9070,1708826899.606
9071,1708826899.656
9072,1708826899.706
9073,1708826899.756
9074,1708826899.806
9075,1708826899.856
9076,1708826899.906
9077,1708826899.956
9078,1708826900.006
9079,1708826900.056
9080,1708826900.106
9081,1708826900.156
9082,1708826900.206
9083,1708826900.256
9084,1708826900.306
9085,1708826900.356
9086,1708826900.406
9087,1708826900.456
9088,1708826900.506
9089,1708826900.556
9090,1708826900.606
9091,1708826900.656
9092,1708826900.706
9093,1708826900.756
9094,1708826900.806
9095,1708826900.856
9096,1708826900.906
9097,1708826900.956
9098,1708826901.006
9099,1708826901.056
9100,1708826901.106
9101,1708826901.156
9102,1708826901.206
9103,1708826901.256
9104,1708826901.306
9105,1708826901.356
9106,1708826901.406
9107,1708826901.456
9108,1708826901.506
9109,1708826901.556
9110,1708826901.606
9111,1708826901.656
9112,1708826901.706
9113,1708826901.756
9114,1708826901.806
9115,1708826901.856
9116,1708826901.906
9117,1708826901.956
9118,1708826902.006
9119,1708826902.056
9120,1708826902.106
9121,1708826902.156
9122,1708826902.206
9123,1708826902.256
9124,1708826902.306
9125,1708826902.356
9126,1708826902.406
9127,1708826902.456
9128,1708826902.506
9129,1708826902.556
9130,1708826902.606
9131,1708826902.656
9132,1708826902.706
9133,1708826902.756
9134,1708826902.806
9135,1708826902.856
9136,1708826902.906
9137,1708826902.956
9138,1708826903.006
9139,1708826903.056
9140,1708826903.106
9141,1708826903.156
9142,1708826903.206
9143,1708826903.256
9144,1708826903.306
9145,1708826903.356
9146,1708826903.406
9147,1708826903.456
9148,1708826903.506
9149,1708826903.556
9150,1708826903.606
9151,1708826903.656
9152,1708826903.706
9153,1708826903.756
9154,1708826903.806
9155,1708826903.856
9156,1708826903.906
9157,1708826903.956
9158,1708826904.006
9159,1708826904.056
9160,1708826904.106
9161,1708826904.156
9162,1708826904.206
9163,1708826904.256
9164,1708826904.306
9165,1708826904.356
9166,1708826904.406
9167,1708826904.456
9168,1708826904.506
9169,1708826904.556
9170,1708826904.606
9171,1708826904.656
9172,1708826904.706
9173,1708826904.756
9174,1708826904.806
9175,1708826904.856
9176,1708826904.906
9177,1708826904.956
9178,1708826905.006
9179,1708826905.056
9180,1708826905.106
9181,1708826905.156
9182,1708826905.206
9183,1708826905.256
9184,1708826905.306
9185,1708826905.356
9186,1708826905.406
9187,1708826905.456
9188,1708826905.506
9189,1708826905.556
9190,1708826905.606
9191,1708826905.656
9192,1708826905.706
9193,1708826905.756
9194,1708826905.806
9195,1708826905.856
9196,1708826905.906
9197,1708826905.956
9198,1708826906.006
9199,1708826906.056
9200,1708826906.106
9201,1708826906.156
9202,1708826906.206
9203,1708826906.256
9204,1708826906.306
9205,1708826906.356
9206,1708826906.406
9207,1708826906.456
9208,1708826906.506
9209,1708826906.556
9210,1708826906.606
9211,1708826906.656
9212,1708826906.706
9213,1708826906.756
9214,1708826906.806
9215,1708826906.856
9216,1708826906.906
9217,1708826906.956
9218,1708826907.006
9219,1708826907.056
9220,1708826907.106
9221,1708826907.156
9222,1708826907.206
9223,1708826907.256
9224,1708826907.306
9225,1708826907.356
9226,1708826907.406
9227,1708826907.456
9228,1708826907.506
9229,1708826907.556
9230,1708826907.606
9231,1708826907.656
9232,1708826907.706
9233,1708826907.756
9234,1708826907.806
9235,1708826907.856
9236,1708826907.906
9237,1708826907.956
9238,1708826908.006
9239,1708826908.056
9240,1708826908.106
9241,1708826908.156
9242,1708826908.206
9243,1708826908.256
9244,1708826908.306
9245,1708826908.356
9246,1708826908.406
9247,1708826908.456
9248,1708826908.506
9249,1708826908.556
9250,1708826908.606
9251,1708826908.656
9252,1708826908.706
9253,1708826908.756
9254,1708826908.806
9255,1708826908.856
9256,1708826908.906
9257,1708826908.956
9258,1708826909.006
9259,1708826909.056
9260,1708826909.106
9261,1708826909.156
9262,1708826909.206
9263,1708826909.256
9264,1708826909.306
9265,1708826909.356
9266,1708826909.406
9267,1708826909.456
9268,1708826909.506
9269,1708826909.556
9270,1708826909.606
9271,1708826909.656
9272,1708826909.706
9273,1708826909.756
9274,1708826909.806
9275,1708826909.856
9276,1708826909.906
9277,1708826909.956
9278,1708826910.006
9279,1708826910.056
9280,1708826910.106
9281,1708826910.156
9282,1708826910.206
9283,1708826910.256
9284,1708826910.306
9285,1708826910.356
9286,1708826910.406
9287,1708826910.456
9288,1708826910.506
9289,1708826910.556
9290,1708826910.606
9291,1708826910.656
9292,1708826910.706
9293,1708826910.756
9294,1708826910.806
9295,1708826910.856
9296,1708826910.906
9297,1708826910.956
9298,1708826911.006
9299,1708826911.056
9300,1708826911.106
9301,1708826911.156
9302,1708826911.206
9303,1708826911.256
9304,1708826911.306
9305,1708826911.356
9306,1708826911.406
9307,1708826911.456
9308,1708826911.506
9309,1708826911.556
9310,1708826911.606
9311,1708826911.656
9312,1708826911.706
9313,1708826911.756
9314,1708826911.806
9315,1708826911.856
9316,1708826911.906
9317,1708826911.956
9318,1708826912.006
9319,1708826912.056
9320,1708826912.106
9321,1708826912.156
9322,1708826912.206
9323,1708826912.256
9324,1708826912.306
9325,1708826912.356
9326,1708826912.406
9327,1708826912.456
9328,1708826912.506
9329,1708826912.556
9330,1708826912.606
9331,1708826912.656
9332,1708826912.706
9333,1708826912.756
9334,1708826912.806
9335,1708826912.856
9336,1708826912.906
9337,1708826912.956
9338,1708826913.006
9339,1708826913.056
9340,1708826913.106
9341,1708826913.156
9342,1708826913.206
9343,1708826913.256
9344,1708826913.306
9345,1708826913.356
9346,1708826913.406
9347,1708826913.456
9348,1708826913.506
9349,1708826913.556
9350,1708826913.606
9351,1708826913.656
9352,1708826913.706
9353,1708826913.756
9354,1708826913.806
9355,1708826913.856
9356,1708826913.906
9357,1708826913.956
9358,1708826914.006
9359,1708826914.056
9360,1708826914.106
9361,1708826914.156
9362,1708826914.206
9363,1708826914.256
9364,1708826914.306
9365,1708826914.356
9366,1708826914.406
9367,1708826914.456
9368,1708826914.506
9369,1708826914.556
9370,1708826914.606
9371,1708826914.656
9372,1708826914.706
9373,1708826914.756
9374,1708826914.806
9375,1708826914.856
9376,1708826914.906
9377,1708826914.956
9378,1708826915.006
9379,1708826915.056
9380,1708826915.106
9381,1708826915.156
9382,1708826915.206
9383,1708826915.256
9384,1708826915.306
9385,1708826915.356
9386,1708826915.406
9387,1708826915.456
9388,1708826915.506
9389,1708826915.556
9390,1708826915.606
9391,1708826915.656
9392,1708826915.706
9393,1708826915.756
9394,1708826915.806
9395,1708826915.856
9396,1708826915.906
9397,1708826915.956
9398,1708826916.006
9399,1708826916.056
9400,1708826916.106
9401,1708826916.156
9402,1708826916.206
9403,1708826916.256
9404,1708826916.306
9405,1708826916.356
9406,1708826916.406
9407,1708826916.456
9408,1708826916.506
9409,1708826916.556
9410,1708826916.606
9411,1708826916.656
9412,1708826916.706
9413,1708826916.756
9414,1708826916.806
9415,1708826916.856
9416,1708826916.906
9417,1708826916.956
9418,1708826917.006
9419,1708826917.056
9420,1708826917.106
9421,1708826917.156
9422,1708826917.206
9423,1708826917.256
9424,1708826917.306
9425,1708826917.356
9426,1708826917.406
9427,1708826917.456
9428,1708826917.506
9429,1708826917.556
9430,1708826917.606
9431,1708826917.656
9432,1708826917.706
9433,1708826917.756
9434,1708826917.806
9435,1708826917.856
9436,1708826917.906
9437,1708826917.956
9438,1708826918.006
9439,1708826918.056
9440,1708826918.106
9441,1708826918.156
9442,1708826918.206
9443,1708826918.256
9444,1708826918.306
9445,1708826918.356
9446,1708826918.406
9447,1708826918.456
9448,1708826918.506
9449,1708826918.556
9450,1708826918.606
9451,1708826918.656
9452,1708826918.706
9453,1708826918.756
9454,1708826918.806
9455,1708826918.856
9456,1708826918.906
9457,1708826918.956
9458,1708826919.006
9459,1708826919.056
9460,1708826919.106
9461,1708826919.156
9462,1708826919.206
9463,1708826919.256
9464,1708826919.306
9465,1708826919.356
9466,1708826919.406
9467,1708826919.456
9468,1708826919.506
9469,1708826919.556
9470,1708826919.606
9471,1708826919.656
9472,1708826919.706
9473,1708826919.756
9474,1708826919.806
9475,1708826919.856
9476,1708826919.906
9477,1708826919.956
9478,1708826920.006
9479,1708826920.056
9480,1708826920.106
9481,1708826920.156
9482,1708826920.206
9483,1708826920.256
9484,1708826920.306
9485,1708826920.356
9486,1708826920.406
9487,1708826920.456
9488,1708826920.506
9489,1708826920.556
9490,1708826920.606
9491,1708826920.656
9492,1708826920.706
9493,1708826920.756
9494,1708826920.806
9495,1708826920.856
9496,1708826920.906
9497,1708826920.956
9498,1708826921.006
9499,1708826921.056
9500,1708826921.106
9501,1708826921.156
9502,1708826921.206
9503,1708826921.256
9504,1708826921.306
9505,1708826921.356
9506,1708826921.406
9507,1708826921.456
9508,1708826921.506
9509,1708826921.556
9510,1708826921.606
9511,1708826921.656
9512,1708826921.706
9513,1708826921.756
9514,1708826921.806
9515,1708826921.856
9516,1708826921.906
9517,1708826921.956
9518,1708826922.006
9519,1708826922.056
9520,1708826922.106
9521,1708826922.156
9522,1708826922.206
9523,1708826922.256
9524,1708826922.306
9525,1708826922.356
9526,1708826922.406
9527,1708826922.456
9528,1708826922.506
9529,1708826922.556
9530,1708826922.606
9531,1708826922.656
9532,1708826922.706
9533,1708826922.756
9534,1708826922.806
9535,1708826922.856
9536,1708826922.906
9537,1708826922.956
9538,1708826923.006
9539,1708826923.056
9540,1708826923.106
9541,1708826923.156
9542,1708826923.206
9543,1708826923.256
9544,1708826923.306
9545,1708826923.356
9546,1708826923.406
9547,1708826923.456
9548,1708826923.506
9549,1708826923.556
9550,1708826923.606
9551,1708826923.656
9552,1708826923.706
9553,1708826923.756
9554,1708826923.806
9555,1708826923.856
9556,1708826923.906
9557,1708826923.956
9558,1708826924.006
9559,1708826924.056
9560,1708826924.106
9561,1708826924.156
9562,1708826924.206
9563,1708826924.256
9564,1708826924.306
9565,1708826924.356
9566,1708826924.406
9567,1708826924.456
9568,1708826924.506
9569,1708826924.556
9570,1708826924.606
9571,1708826924.656
9572,1708826924.706
9573,1708826924.756
9574,1708826924.806
9575,1708826924.856
9576,1708826924.906
9577,1708826924.956
9578,1708826925.006
9579,1708826925.056
9580,1708826925.106
9581,1708826925.156
9582,1708826925.206
9583,1708826925.256
9584,1708826925.306
9585,1708826925.356
9586,1708826925.406
9587,1708826925.456
9588,1708826925.506
9589,1708826925.556
9590,1708826925.606
9591,1708826925.656
9592,1708826925.706
9593,1708826925.756
9594,1708826925.806
9595,1708826925.856
9596,1708826925.906
9597,1708826925.956
9598,1708826926.006
9599,1708826926.056
9600,1708826926.106
9601,1708826926.156
9602,1708826926.206
9603,1708826926.256
9604,1708826926.306
9605,1708826926.356
9606,1708826926.406
9607,1708826926.456
9608,1708826926.506
9609,1708826926.556
9610,1708826926.606
9611,1708826926.656
9612,1708826926.706
9613,1708826926.756
9614,1708826926.806
9615,1708826926.856
9616,1708826926.906
9617,1708826926.956
9618,1708826927.006
9619,1708826927.056
9620,1708826927.106
9621,1708826927.156
9622,1708826927.206
9623,1708826927.256
9624,1708826927.306
9625,1708826927.356
9626,1708826927.406
9627,1708826927.456
9628,1708826927.506
9629,1708826927.556
9630,1708826927.606
9631,1708826927.656
9632,1708826927.706
9633,1708826927.756
9634,1708826927.806
9635,1708826927.856
9636,1708826927.906
9637,1708826927.956
9638,1708826928.006
9639,1708826928.056
9640,1708826928.106
9641,1708826928.156
9642,1708826928.206
9643,1708826928.256
9644,1708826928.306
9645,1708826928.356
9646,1708826928.406
9647,1708826928.456
9648,1708826928.506
9649,1708826928.556
9650,1708826928.606
9651,1708826928.656
9652,1708826928.706
9653,1708826928.756
9654,1708826928.806
9655,1708826928.856
9656,1708826928.906
9657,1708826928.956
9658,1708826929.006
9659,1708826929.056
9660,1708826929.106
9661,1708826929.156
9662,1708826929.206
9663,1708826929.256
9664,1708826929.306
9665,1708826929.356
9666,1708826929.406
9667,1708826929.456
9668,1708826929.506
9669,1708826929.556
9670,1708826929.606
9671,1708826929.656
9672,1708826929.706
9673,1708826929.756
9674,1708826929.806
9675,1708826929.856
9676,1708826929.906
9677,1708826929.956
9678,1708826930.006
9679,1708826930.056
9680,1708826930.106
9681,1708826930.156
9682,1708826930.206
9683,1708826930.256
9684,1708826930.306
9685,1708826930.356
9686,1708826930.406
9687,1708826930.456
9688,1708826930.506
9689,1708826930.556
9690,1708826930.606
9691,1708826930.656
9692,1708826930.706
9693,1708826930.756
9694,1708826930.806
9695,1708826930.856
9696,1708826930.906
9697,1708826930.956
9698,1708826931.006
9699,1708826931.056
9700,1708826931.106
9701,1708826931.156
9702,1708826931.206
9703,1708826931.256
9704,1708826931.306
9705,1708826931.356
9706,1708826931.406
9707,1708826931.456
9708,1708826931.506
9709,1708826931.556
9710,1708826931.606
9711,1708826931.656
9712,1708826931.706
9713,1708826931.756
9714,1708826931.806
9715,1708826931.856
9716,1708826931.906
9717,1708826931.956
9718,1708826932.006
9719,1708826932.056
9720,1708826932.106
9721,1708826932.156
9722,1708826932.206
9723,1708826932.256
9724,1708826932.306
9725,1708826932.356
9726,1708826932.406
9727,1708826932.456
9728,1708826932.506
9729,1708826932.556
9730,1708826932.606
9731,1708826932.656
9732,1708826932.706
9733,1708826932.756
9734,1708826932.806
9735,1708826932.856
9736,1708826932.906
9737,1708826932.956
9738,1708826933.006
9739,1708826933.056
9740,1708826933.106
9741,1708826933.156
9742,1708826933.206
9743,1708826933.256
9744,1708826933.306
9745,1708826933.356
9746,1708826933.406
9747,1708826933.456
9748,1708826933.506
9749,1708826933.556
9750,1708826933.606
9751,1708826933.656
9752,1708826933.706
9753,1708826933.756
9754,1708826933.806
9755,1708826933.856
9756,1708826933.906
9757,1708826933.956
9758,1708826934.006
9759,1708826934.056
9760,1708826934.106
9761,1708826934.156
9762,1708826934.206
9763,1708826934.256
9764,1708826934.306
9765,1708826934.356
9766,1708826934.406
9767,1708826934.456
9768,1708826934.506
9769,1708826934.556
9770,1708826934.606
9771,1708826934.656
9772,1708826934.706
9773,1708826934.756
9774,1708826934.806
9775,1708826934.856
9776,1708826934.906
9777,1708826934.956
9778,1708826935.006
9779,1708826935.056
9780,1708826935.106
9781,1708826935.156
9782,1708826935.206
9783,1708826935.256
9784,1708826935.306
9785,1708826935.356
9786,1708826935.406
9787,1708826935.456
9788,1708826935.506
9789,1708826935.556
9790,1708826935.606
9791,1708826935.656
9792,1708826935.706
9793,1708826935.756
9794,1708826935.806
9795,1708826935.856
9796,1708826935.906
9797,1708826935.956
9798,1708826936.006
9799,1708826936.056
9800,1708826936.106
9801,1708826936.156
9802,1708826936.206
9803,1708826936.256
9804,1708826936.306
9805,1708826936.356
9806,1708826936.406
9807,1708826936.456
9808,1708826936.506
9809,1708826936.556
9810,1708826936.606
9811,1708826936.656
9812,1708826936.706
9813,1708826936.756
9814,1708826936.806
9815,1708826936.856
9816,1708826936.906
9817,1708826936.956
9818,1708826937.006
9819,1708826937.056
9820,1708826937.106
9821,1708826937.156
9822,1708826937.206
9823,1708826937.256
9824,1708826937.306
9825,1708826937.356
9826,1708826937.406
9827,1708826937.456
9828,1708826937.506
9829,1708826937.556
9830,1708826937.606
9831,1708826937.656
9832,1708826937.706
9833,1708826937.756
9834,1708826937.806
9835,1708826937.856
9836,1708826937.906
9837,1708826937.956
9838,1708826938.006
9839,1708826938.056
9840,1708826938.106
9841,1708826938.156
9842,1708826938.206
9843,1708826938.256
9844,1708826938.306
9845,1708826938.356
9846,1708826938.406
9847,1708826938.456
9848,1708826938.506
9849,1708826938.556
9850,1708826938.606
9851,1708826938.656
9852,1708826938.706
9853,1708826938.756
9854,1708826938.806
9855,1708826938.856
9856,1708826938.906
9857,1708826938.956
9858,1708826939.006
9859,1708826939.056
9860,1708826939.106
9861,1708826939.156
9862,1708826939.206
9863,1708826939.256
9864,1708826939.306
9865,1708826939.356
9866,1708826939.406
9867,1708826939.456
9868,1708826939.506
9869,1708826939.556
9870,1708826939.606
9871,1708826939.656
9872,1708826939.706
9873,1708826939.756
9874,1708826939.806
9875,1708826939.856
9876,1708826939.906
9877,1708826939.956
9878,1708826940.006
9879,1708826940.056
9880,1708826940.106
9881,1708826940.156
9882,1708826940.206
9883,1708826940.256
9884,1708826940.306
9885,1708826940.356
9886,1708826940.406
9887,1708826940.456
9888,1708826940.506
9889,1708826940.556
9890,1708826940.606
9891,1708826940.656
9892,1708826940.706
9893,1708826940.756
9894,1708826940.806
9895,1708826940.856
9896,1708826940.906
9897,1708826940.956
9898,1708826941.006
9899,1708826941.056
9900,1708826941.106
9901,1708826941.156
9902,1708826941.206
9903,1708826941.256
9904,1708826941.306
9905,1708826941.356
9906,1708826941.406
9907,1708826941.456
9908,1708826941.506
9909,1708826941.556
9910,1708826941.606
9911,1708826941.656
9912,1708826941.706
9913,1708826941.756
9914,1708826941.806
9915,1708826941.856
9916,1708826941.906
9917,1708826941.956
9918,1708826942.006
9919,1708826942.056
9920,1708826942.106
9921,1708826942.156
9922,1708826942.206
9923,1708826942.256
9924,1708826942.306
9925,1708826942.356
9926,1708826942.406
9927,1708826942.456
9928,1708826942.506
9929,1708826942.556
9930,1708826942.606
9931,1708826942.656
9932,1708826942.706
9933,1708826942.756
9934,1708826942.806
9935,1708826942.856
9936,1708826942.906
9937,1708826942.956
9938,1708826943.006
9939,1708826943.056
9940,1708826943.106
9941,1708826943.156
9942,1708826943.206
9943,1708826943.256
9944,1708826943.306
9945,1708826943.356
9946,1708826943.406
9947,1708826943.456
9948,1708826943.506
9949,1708826943.556
9950,1708826943.606
9951,1708826943.656
9952,1708826943.706
9953,1708826943.756
9954,1708826943.806
9955,1708826943.856
9956,1708826943.906
9957,1708826943.956
9958,1708826944.006
9959,1708826944.056
9960,1708826944.106
9961,1708826944.156
9962,1708826944.206
9963,1708826944.256
9964,1708826944.306
9965,1708826944.356
9966,1708826944.406
9967,1708826944.456
9968,1708826944.506
9969,1708826944.556
9970,1708826944.606
9971,1708826944.656
9972,1708826944.706
9973,1708826944.756
9974,1708826944.806
9975,1708826944.856
9976,1708826944.906
9977,1708826944.956
9978,1708826945.006
9979,1708826945.056
9980,1708826945.106
9981,1708826945.156
9982,1708826945.206
9983,1708826945.256
9984,1708826945.306
9985,1708826945.356
9986,1708826945.406
9987,1708826945.456
9988,1708826945.506
9989,1708826945.556
9990,1708826945.606
9991,1708826945.656
9992,1708826945.706
9993,1708826945.756
9994,1708826945.806
9995,1708826945.856
9996,1708826945.906
9997,1708826945.956
9998,1708826946.006
9999,1708826946.056
10000,1708826946.106
10001,1708826946.156
10002,1708826946.206
10003,1708826946.256
10004,1708826946.306
10005,1708826946.356
10006,1708826946.406
10007,1708826946.456
10008,1708826946.506
10009,1708826946.556
10010,1708826946.606
10011,1708826946.656
10012,1708826946.706
10013,1708826946.756
10014,1708826946.806
10015,1708826946.856
10016,1708826946.906
10017,1708826946.956
10018,1708826947.006
10019,1708826947.056
10020,1708826947.106
10021,1708826947.156
10022,1708826947.206
10023,1708826947.256
10024,1708826947.306
10025,1708826947.356
10026,1708826947.406
10027,1708826947.456
10028,1708826947.506
10029,1708826947.556
10030,1708826947.606
10031,1708826947.656
10032,1708826947.706
10033,1708826947.756
10034,1708826947.806
10035,1708826947.856
10036,1708826947.906
10037,1708826947.956
