frame_id,timestamp
0,1708826448.204
1,1708826448.254
2,1708826448.304
3,1708826448.354
4,1708826448.404
5,1708826448.454
6,1708826448.504
7,1708826448.554
8,1708826448.604
9,1708826448.654
10,1708826448.704
11,1708826448.754
12,1708826448.804
13,1708826448.854
14,1708826448.904
15,1708826448.954
16,1708826449.004
17,1708826449.054
18,1708826449.104
19,1708826449.154
20,1708826449.204
21,1708826449.254
22,1708826449.304
23,1708826449.354
24,1708826449.404
25,1708826449.454
26,1708826449.504
27,1708826449.554
28,1708826449.604
29,1708826449.654
30,1708826449.704
31,1708826449.754
32,1708826449.804
33,1708826449.854
34,1708826449.904
35,1708826449.954
36,1708826450.004
37,1708826450.054
38,1708826450.104
39,1708826450.154
40,1708826450.204
41,1708826450.254
42,1708826450.304
43,1708826450.354
44,1708826450.404
45,1708826450.454
46,1708826450.504
47,1708826450.554
48,1708826450.604
49,1708826450.654
50,1708826450.704
51,1708826450.754
52,1708826450.804
53,1708826450.854
54,1708826450.904
55,1708826450.954
56,1708826451.004
57,1708826451.054
58,1708826451.104
59,1708826451.154
60,1708826451.204
61,1708826451.254
62,1708826451.304
63,1708826451.354
64,1708826451.404
65,1708826451.454
66,1708826451.504
67,1708826451.554
68,1708826451.604
69,1708826451.654
70,1708826451.704
71,1708826451.754
72,1708826451.804
73,1708826451.854
74,1708826451.904
75,1708826451.954
76,1708826452.004
77,1708826452.054
78,1708826452.104
79,1708826452.154
80,1708826452.204
81,1708826452.254
82,1708826452.304
83,1708826452.354
84,1708826452.404
85,1708826452.454
86,1708826452.504
87,1708826452.554
88,1708826452.604
89,1708826452.654
90,1708826452.704
91,1708826452.754
92,1708826452.804
93,1708826452.854
94,1708826452.904
95,1708826452.954
96,1708826453.004
97,1708826453.054
98,1708826453.104
99,1708826453.154
100,1708826453.204
101,1708826453.254
102,1708826453.304
103,1708826453.354
104,1708826453.404
105,1708826453.454
106,1708826453.504
107,1708826453.554
108,1708826453.604
109,1708826453.654
110,1708826453.704
111,1708826453.754
112,1708826453.804
113,1708826453.854
114,1708826453.904
115,1708826453.954
116,1708826454.004
117,1708826454.054
118,1708826454.104
119,1708826454.154
120,1708826454.204
121,1708826454.254
122,1708826454.304
123,1708826454.354
124,1708826454.404
125,1708826454.454
126,1708826454.504
127,1708826454.554
128,1708826454.604
129,1708826454.654
130,1708826454.704
131,1708826454.754
132,1708826454.804
133,1708826454.854
134,1708826454.904
135,1708826454.954
136,1708826455.004
137,1708826455.054
138,1708826455.104
139,1708826455.154
140,1708826455.204
141,1708826455.254
142,1708826455.304
143,1708826455.354
144,1708826455.404
145,1708826455.454
146,1708826455.504
147,1708826455.554
148,1708826455.604
149,1708826455.654
150,1708826455.704
151,1708826455.754
152,1708826455.804
153,1708826455.854
154,1708826455.904
155,1708826455.954
156,1708826456.004
157,1708826456.054
158,1708826456.104
159,1708826456.154
160,1708826456.204
161,1708826456.254
162,1708826456.304
163,1708826456.354
164,1708826456.404
165,1708826456.454
166,1708826456.504
167,1708826456.554
168,1708826456.604
169,1708826456.654
170,1708826456.704
171,1708826456.754
172,1708826456.804
173,1708826456.854
174,1708826456.904
175,1708826456.954
176,1708826457.004
177,1708826457.054
178,1708826457.104
179,1708826457.154
180,1708826457.204
181,1708826457.254
182,1708826457.304
183,1708826457.354
184,1708826457.404
185,1708826457.454
186,1708826457.504
187,1708826457.554
188,1708826457.604
189,1708826457.654
190,1708826457.704
191,1708826457.754
192,1708826457.804
193,1708826457.854
194,1708826457.904
195,1708826457.954
196,1708826458.004
197,1708826458.054
198,1708826458.104
199,1708826458.154
200,1708826458.204
201,1708826458.254
202,1708826458.304
203,1708826458.354
204,1708826458.404
205,1708826458.454
206,1708826458.504
207,1708826458.554
208,1708826458.604
209,1708826458.654
210,1708826458.704
211,1708826458.754
212,1708826458.804
213,1708826458.854
214,1708826458.904
215,1708826458.954
216,1708826459.004
217,1708826459.054
218,1708826459.104
219,1708826459.154
220,1708826459.204
221,1708826459.254
222,1708826459.304
223,1708826459.354
224,1708826459.404
225,1708826459.454
226,1708826459.504
227,1708826459.554
228,1708826459.604
229,1708826459.654
230,1708826459.704
231,1708826459.754
232,1708826459.804
233,1708826459.854
234,1708826459.904
235,1708826459.954
236,1708826460.004
237,1708826460.054
238,1708826460.104
239,1708826460.154
240,1708826460.204
241,1708826460.254
242,1708826460.304
243,1708826460.354
244,1708826460.404
245,1708826460.454
246,1708826460.504
247,1708826460.554
248,1708826460.604
249,1708826460.654
250,1708826460.704
251,1708826460.754
252,1708826460.804
253,1708826460.854
254,1708826460.904
255,1708826460.954
256,1708826461.004
257,1708826461.054
258,1708826461.104
259,1708826461.154
260,1708826461.204
261,1708826461.254
262,1708826461.304
263,1708826461.354
264,1708826461.404
265,1708826461.454
266,1708826461.504
267,1708826461.554
268,1708826461.604
269,1708826461.654
270,1708826461.704
271,1708826461.754
272,1708826461.804
273,1708826461.854
274,1708826461.904
275,1708826461.954
276,1708826462.004
277,1708826462.054
278,1708826462.104
279,1708826462.154
280,1708826462.204
281,1708826462.254
282,1708826462.304
283,1708826462.354
284,1708826462.404
285,1708826462.454
286,1708826462.504
287,1708826462.554
288,1708826462.604
289,1708826462.654
290,1708826462.704
291,1708826462.754
292,1708826462.804
293,1708826462.854
294,1708826462.904
295,1708826462.954
296,1708826463.004
297,1708826463.054
298,1708826463.104
299,1708826463.154
300,1708826463.204
301,1708826463.254
302,1708826463.304
303,1708826463.354
304,1708826463.404
305,1708826463.454
306,1708826463.504
307,1708826463.554
308,1708826463.604
309,1708826463.654
310,1708826463.704
311,1708826463.754
312,1708826463.804
313,1708826463.854
314,1708826463.904
315,1708826463.954
316,1708826464.004
317,1708826464.054
318,1708826464.104
319,1708826464.154
320,1708826464.204
321,1708826464.254
322,1708826464.304
323,1708826464.354
324,1708826464.404
325,1708826464.454
326,1708826464.504
327,1708826464.554
328,1708826464.604
329,1708826464.654
330,1708826464.704
331,1708826464.754
332,1708826464.804
333,1708826464.854
334,1708826464.904
335,1708826464.954
336,1708826465.004
337,1708826465.054
338,1708826465.104
339,1708826465.154
340,1708826465.204
341,1708826465.254
342,1708826465.304
343,1708826465.354
344,1708826465.404
345,1708826465.454
346,1708826465.504
347,1708826465.554
348,1708826465.604
349,1708826465.654
350,1708826465.704
351,1708826465.754
352,1708826465.804
353,1708826465.854
354,1708826465.904
355,1708826465.954
356,1708826466.004
357,1708826466.054
358,1708826466.104
359,1708826466.154
360,1708826466.204
361,1708826466.254
362,1708826466.304
363,1708826466.354
364,1708826466.404
365,1708826466.454
366,1708826466.504
367,1708826466.554
368,1708826466.604
369,1708826466.654
370,1708826466.704
371,1708826466.754
372,1708826466.804
373,1708826466.854
374,1708826466.904
375,1708826466.954
376,1708826467.004
377,1708826467.054
378,1708826467.104
379,1708826467.154
380,1708826467.204
381,1708826467.254
382,1708826467.304
383,1708826467.354
384,1708826467.404
385,1708826467.454
386,1708826467.504
387,1708826467.554
388,1708826467.604
389,1708826467.654
390,1708826467.704
391,1708826467.754
392,1708826467.804
393,1708826467.854
394,1708826467.904
395,1708826467.954
396,1708826468.004
397,1708826468.054
398,1708826468.104
399,1708826468.154
400,1708826468.204
401,1708826468.254
402,1708826468.304
403,1708826468.354
404,1708826468.404
405,1708826468.454
406,1708826468.504
407,1708826468.554
408,1708826468.604
409,1708826468.654
410,1708826468.704
411,1708826468.754
412,1708826468.804
413,1708826468.854
414,1708826468.904
415,1708826468.954
416,1708826469.004
417,1708826469.054
418,1708826469.104
419,1708826469.154
420,1708826469.204
421,1708826469.254
422,1708826469.304
423,1708826469.354
424,1708826469.404
425,1708826469.454
426,1708826469.504
427,1708826469.554
428,1708826469.604
429,1708826469.654
430,1708826469.704
431,1708826469.754
432,1708826469.804
433,1708826469.854
434,1708826469.904
435,1708826469.954
436,1708826470.004
437,1708826470.054
438,1708826470.104
439,1708826470.154
440,1708826470.204
441,1708826470.254
442,1708826470.304
443,1708826470.354
444,1708826470.404
445,1708826470.454
446,1708826470.504
447,1708826470.554
448,1708826470.604
449,1708826470.654
450,1708826470.704
451,1708826470.754
452,1708826470.804
453,1708826470.854
454,1708826470.904
455,1708826470.954
456,1708826471.004
457,1708826471.054
458,1708826471.104
459,1708826471.154
460,1708826471.204
461,1708826471.254
462,1708826471.304
463,1708826471.354
464,1708826471.404
465,1708826471.454
466,1708826471.504
467,1708826471.554
468,1708826471.604
469,1708826471.654
470,1708826471.704
471,1708826471.754
472,1708826471.804
473,1708826471.854
474,1708826471.904
475,1708826471.954
476,1708826472.004
477,1708826472.054
478,1708826472.104
479,1708826472.154
480,1708826472.204
481,1708826472.254
482,1708826472.304
483,1708826472.354
484,1708826472.404
485,1708826472.454
486,1708826472.504
487,1708826472.554
488,1708826472.604
489,1708826472.654
490,1708826472.704
491,1708826472.754
492,1708826472.804
493,1708826472.854
494,1708826472.904
495,1708826472.954
496,1708826473.004
497,1708826473.054
498,1708826473.104
499,1708826473.154
500,1708826473.204
501,1708826473.254
502,1708826473.304
503,1708826473.354
504,1708826473.404
505,1708826473.454
506,1708826473.504
507,1708826473.554
508,1708826473.604
509,1708826473.654
510,1708826473.704
511,1708826473.754
512,1708826473.804
513,1708826473.854
514,1708826473.904
515,1708826473.954
516,1708826474.004
517,1708826474.054
518,1708826474.104
519,1708826474.154
520,1708826474.204
521,1708826474.254
522,1708826474.304
523,1708826474.354
524,1708826474.404
525,1708826474.454
526,1708826474.504
527,1708826474.554
528,1708826474.604
529,1708826474.654
530,1708826474.704
531,1708826474.754
532,1708826474.804
533,1708826474.854
534,1708826474.904
535,1708826474.954
536,1708826475.004
537,1708826475.054
538,1708826475.104
539,1708826475.154
540,1708826475.204
541,1708826475.254
542,1708826475.304
543,1708826475.354
544,1708826475.404
545,1708826475.454
546,1708826475.504
547,1708826475.554
548,1708826475.604
549,1708826475.654
550,1708826475.704
551,1708826475.754
552,1708826475.804
553,1708826475.854
554,1708826475.904
555,1708826475.954
556,1708826476.004
557,1708826476.054
558,1708826476.104
559,1708826476.154
560,1708826476.204
561,1708826476.254
562,1708826476.304
563,1708826476.354
564,1708826476.404
565,1708826476.454
566,1708826476.504
567,1708826476.554
568,1708826476.604
569,1708826476.654
570,1708826476.704
571,1708826476.754
572,1708826476.804
573,1708826476.854
574,1708826476.904
575,1708826476.954
576,1708826477.004
577,1708826477.054
578,1708826477.104
579,1708826477.154
580,1708826477.204
581,1708826477.254
582,1708826477.304
583,1708826477.354
584,1708826477.404
585,1708826477.454
586,1708826477.504
587,1708826477.554
588,1708826477.604
589,1708826477.654
590,1708826477.704
591,1708826477.754
592,1708826477.804
593,1708826477.854
594,1708826477.904
595,1708826477.954
596,1708826478.004
597,1708826478.054
598,1708826478.104
599,1708826478.154
600,1708826478.204
601,1708826478.254
602,1708826478.304
603,1708826478.354
604,1708826478.404
605,1708826478.454
606,1708826478.504
607,1708826478.554
608,1708826478.604
609,1708826478.654
610,1708826478.704
611,1708826478.754
612,1708826478.804
613,1708826478.854
614,1708826478.904
615,1708826478.954
616,1708826479.004
617,1708826479.054
618,1708826479.104
619,1708826479.154
620,1708826479.204
621,1708826479.254
622,1708826479.304
623,1708826479.354
624,1708826479.404
625,1708826479.454
626,1708826479.504
627,1708826479.554
628,1708826479.604
629,1708826479.654
630,1708826479.704
631,1708826479.754
632,1708826479.804
633,1708826479.854
634,1708826479.904
635,1708826479.954
636,1708826480.004
637,1708826480.054
638,1708826480.104
639,1708826480.154
640,1708826480.204
641,1708826480.254
642,1708826480.304
643,1708826480.354
644,1708826480.404
645,1708826480.454
646,1708826480.504
647,1708826480.554
648,1708826480.604
649,1708826480.654
650,1708826480.704
651,1708826480.754
652,1708826480.804
653,1708826480.854
654,1708826480.904
655,1708826480.954
656,1708826481.004
657,1708826481.054
658,1708826481.104
659,1708826481.154
660,1708826481.204
661,1708826481.254
662,1708826481.304
663,1708826481.354
664,1708826481.404
665,1708826481.454
666,1708826481.504
667,1708826481.554
668,1708826481.604
669,1708826481.654
670,1708826481.704
671,1708826481.754
672,1708826481.804
673,1708826481.854
674,1708826481.904
675,1708826481.954
676,1708826482.004
677,1708826482.054
678,1708826482.104
679,1708826482.154
680,1708826482.204
681,1708826482.254
682,1708826482.304
683,1708826482.354
684,1708826482.404
685,1708826482.454
686,1708826482.504
687,1708826482.554
688,1708826482.604
689,1708826482.654
690,1708826482.704
691,1708826482.754
692,1708826482.804
693,1708826482.854
694,1708826482.904
695,1708826482.954
696,1708826483.004
697,1708826483.054
698,1708826483.104
699,1708826483.154
700,1708826483.204
701,1708826483.254
702,1708826483.304
703,1708826483.354
704,1708826483.404
705,1708826483.454
706,1708826483.504
707,1708826483.554
708,1708826483.604
709,1708826483.654
710,1708826483.704
711,1708826483.754
712,1708826483.804
713,1708826483.854
714,1708826483.904
715,1708826483.954
716,1708826484.004
717,1708826484.054
718,1708826484.104
719,1708826484.154
720,1708826484.204
721,1708826484.254
722,1708826484.304
723,1708826484.354
724,1708826484.404
725,1708826484.454
726,1708826484.504
727,1708826484.554
728,1708826484.604
729,1708826484.654
730,1708826484.704
731,1708826484.754
732,1708826484.804
733,1708826484.854
734,1708826484.904
735,1708826484.954
736,1708826485.004
737,1708826485.054
738,1708826485.104
739,1708826485.154
740,1708826485.204
741,1708826485.254
742,1708826485.304
743,1708826485.354
744,1708826485.404
745,1708826485.454
746,1708826485.504
747,1708826485.554
748,1708826485.604
749,1708826485.654
750,1708826485.704
751,1708826485.754
752,1708826485.804
753,1708826485.854
754,1708826485.904
755,1708826485.954
756,1708826486.004
757,1708826486.054
758,1708826486.104
759,1708826486.154
760,1708826486.204
761,1708826486.254
762,1708826486.304
763,1708826486.354
764,1708826486.404
765,1708826486.454
766,1708826486.504
767,1708826486.554
768,1708826486.604
769,1708826486.654
770,1708826486.704
771,1708826486.754
772,1708826486.804
773,1708826486.854
774,1708826486.904
775,1708826486.954
776,1708826487.004
777,1708826487.054
778,1708826487.104
779,1708826487.154
780,1708826487.204
781,1708826487.254
782,1708826487.405
783,1708826487.455
784,1708826487.505
785,1708826487.555
786,1708826487.605
787,1708826487.655
788,1708826487.705
789,1708826487.755
790,1708826487.805
791,1708826487.855
792,1708826487.905
793,1708826487.955
794,1708826488.005
795,1708826488.055
796,1708826488.105
797,1708826488.155
798,1708826488.205
799,1708826488.255
800,1708826488.305
801,1708826488.355
802,1708826488.405
803,1708826488.455
804,1708826488.505
805,1708826488.555
806,1708826488.605
807,1708826488.655
808,1708826488.705
809,1708826488.755
810,1708826488.805
811,1708826488.855
812,1708826488.905
813,1708826488.955
814,1708826489.005
815,1708826489.055
816,1708826489.105
817,1708826489.155
818,1708826489.205
819,1708826489.255
820,1708826489.305
821,1708826489.355
822,1708826489.405
823,1708826489.455
824,1708826489.505
825,1708826489.555
826,1708826489.605
827,1708826489.655
828,1708826489.705
829,1708826489.755
830,1708826489.805
831,1708826489.855
832,1708826489.905
833,1708826489.955
834,1708826490.005
835,1708826490.055
836,1708826490.105
837,1708826490.155
838,1708826490.205
839,1708826490.255
840,1708826490.305
841,1708826490.355
842,1708826490.405
843,1708826490.455
844,1708826490.505
845,1708826490.555
846,1708826490.605
847,1708826490.655
848,1708826490.705
849,1708826490.755
850,1708826490.805
851,1708826490.855
852,1708826490.905
853,1708826490.955
854,1708826491.005
855,1708826491.055
856,1708826491.105
857,1708826491.155
858,1708826491.205
859,1708826491.255
860,1708826491.305
861,1708826491.355
862,1708826491.405
863,1708826491.455
864,1708826491.505
865,1708826491.555
866,1708826491.605
867,1708826491.655
868,1708826491.705
869,1708826491.755
870,1708826491.805
871,1708826491.855
872,1708826491.905
873,1708826491.955
874,1708826492.005
875,1708826492.055
876,1708826492.105
877,1708826492.155
878,1708826492.205
879,1708826492.255
880,1708826492.305
881,1708826492.355
882,1708826492.405
883,1708826492.455
884,1708826492.505
885,1708826492.555
886,1708826492.605
887,1708826492.655
888,1708826492.705
889,1708826492.755
890,1708826492.805
891,1708826492.855
892,1708826492.905
893,1708826492.955
894,1708826493.005
895,1708826493.055
896,1708826493.105
897,1708826493.155
898,1708826493.205
899,1708826493.255
900,1708826493.305
901,1708826493.355
902,1708826493.405
903,1708826493.455
904,1708826493.505
905,1708826493.555
906,1708826493.605
907,1708826493.655
908,1708826493.705
909,1708826493.755
910,1708826493.805
911,1708826493.855
912,1708826493.905
913,1708826493.955
914,1708826494.005
915,1708826494.055
916,1708826494.105
917,1708826494.155
918,1708826494.205
919,1708826494.255
920,1708826494.305
921,1708826494.355
922,1708826494.405
923,1708826494.455
924,1708826494.505
925,1708826494.555
926,1708826494.605
927,1708826494.655
928,1708826494.705
929,1708826494.755
930,1708826494.805
931,1708826494.855
932,1708826494.905
933,1708826494.955
934,1708826495.005
935,1708826495.055
936,1708826495.105
937,1708826495.155
938,1708826495.205
939,1708826495.255
940,1708826495.305
941,1708826495.355
942,1708826495.405
943,1708826495.455
944,1708826495.505
945,1708826495.555
946,1708826495.605
947,1708826495.655
948,1708826495.705
949,1708826495.755
950,1708826495.805
951,1708826495.855
952,1708826495.905
953,1708826495.955
954,1708826496.005
955,1708826496.055
956,1708826496.105
957,1708826496.155
958,1708826496.205
959,1708826496.255
960,1708826496.305
961,1708826496.355
962,1708826496.405
963,1708826496.455
964,1708826496.505
965,1708826496.555
966,1708826496.605
967,1708826496.655
968,1708826496.705
969,1708826496.755
970,1708826496.805
971,1708826496.855
972,1708826496.905
973,1708826496.955
974,1708826497.005
975,1708826497.055
976,1708826497.105
977,1708826497.155
978,1708826497.205
979,1708826497.255
980,1708826497.305
981,1708826497.355
982,1708826497.405
983,1708826497.455
984,1708826497.505
985,1708826497.555
986,1708826497.605
987,1708826497.655
988,1708826497.705
989,1708826497.755
990,1708826497.805
991,1708826497.855
992,1708826497.905
993,1708826497.955
994,1708826498.005
995,1708826498.055
996,1708826498.105
997,1708826498.155
998,1708826498.205
999,1708826498.255
1000,1708826498.305
1001,1708826498.355
1002,1708826498.405
1003,1708826498.455
1004,1708826498.505
1005,1708826498.555
1006,1708826498.605
1007,1708826498.655
1008,1708826498.705
1009,1708826498.755
1010,1708826498.805
1011,1708826498.855
1012,1708826498.905
1013,1708826498.955
1014,1708826499.005
1015,1708826499.055
1016,1708826499.105
1017,1708826499.155
1018,1708826499.205
1019,1708826499.255
1020,1708826499.305
1021,1708826499.355
1022,1708826499.405
1023,1708826499.455
1024,1708826499.505
1025,1708826499.555
1026,1708826499.605
1027,1708826499.655
1028,1708826499.705
1029,1708826499.755
1030,1708826499.805
1031,1708826499.855
1032,1708826499.905
1033,1708826499.955
1034,1708826500.005
1035,1708826500.055
1036,1708826500.105
1037,1708826500.155
1038,1708826500.205
1039,1708826500.255
1040,1708826500.305
1041,1708826500.355
1042,1708826500.405
1043,1708826500.455
1044,1708826500.505
1045,1708826500.555
1046,1708826500.605
1047,1708826500.655
1048,1708826500.705
1049,1708826500.755
1050,1708826500.805
1051,1708826500.855
1052,1708826500.905
1053,1708826500.955
1054,1708826501.005
1055,1708826501.055
1056,1708826501.105
1057,1708826501.155
1058,1708826501.205
1059,1708826501.255
1060,1708826501.305
1061,1708826501.355
1062,1708826501.405
1063,1708826501.455
1064,1708826501.505
1065,1708826501.555
1066,1708826501.605
1067,1708826501.655
1068,1708826501.705
1069,1708826501.755
1070,1708826501.805
1071,1708826501.855
1072,1708826501.905
1073,1708826501.955
1074,1708826502.005
1075,1708826502.055
1076,1708826502.105
1077,1708826502.155
1078,1708826502.205
1079,1708826502.255
1080,1708826502.305
1081,1708826502.355
1082,1708826502.405
1083,1708826502.455
1084,1708826502.505
1085,1708826502.555
1086,1708826502.605
1087,1708826502.655
1088,1708826502.705
1089,1708826502.755
1090,1708826502.805
1091,1708826502.855
1092,1708826502.905
1093,1708826502.955
1094,1708826503.005
1095,1708826503.055
1096,1708826503.105
1097,1708826503.155
1098,1708826503.205
1099,1708826503.255
1100,1708826503.305
1101,1708826503.355
1102,1708826503.405
1103,1708826503.455
1104,1708826503.505
1105,1708826503.555
1106,1708826503.605
1107,1708826503.655
1108,1708826503.705
1109,1708826503.755
1110,1708826503.805
1111,1708826503.855
1112,1708826503.905
1113,1708826503.955
1114,1708826504.005
1115,1708826504.055
1116,1708826504.105
1117,1708826504.155
1118,1708826504.205
1119,1708826504.255
1120,1708826504.305
1121,1708826504.355
1122,1708826504.405
1123,1708826504.455
1124,1708826504.505
1125,1708826504.555
1126,1708826504.605
1127,1708826504.655
1128,1708826504.705
1129,1708826504.755
1130,1708826504.805
1131,1708826504.855
1132,1708826504.905
1133,1708826504.955
1134,1708826505.005
1135,1708826505.055
1136,1708826505.105
1137,1708826505.155
1138,1708826505.205
1139,1708826505.255
1140,1708826505.305
1141,1708826505.355
1142,1708826505.405
1143,1708826505.455
1144,1708826505.505
1145,1708826505.555
1146,1708826505.605
1147,1708826505.655
1148,1708826505.705
1149,1708826505.755
1150,1708826505.805
1151,1708826505.855
1152,1708826505.905
1153,1708826505.955
1154,1708826506.005
1155,1708826506.055
1156,1708826506.105
1157,1708826506.155
1158,1708826506.205
1159,1708826506.255
1160,1708826506.305
1161,1708826506.355
1162,1708826506.405
1163,1708826506.455
1164,1708826506.505
1165,1708826506.555
1166,1708826506.605
1167,1708826506.655
1168,1708826506.705
1169,1708826506.755
1170,1708826506.805
1171,1708826506.855
1172,1708826506.905
1173,1708826506.955
1174,1708826507.005
1175,1708826507.055
1176,1708826507.105
1177,1708826507.155
1178,1708826507.205
1179,1708826507.255
1180,1708826507.305
1181,1708826507.355
1182,1708826507.405
1183,1708826507.455
1184,1708826507.505
1185,1708826507.555
1186,1708826507.605
1187,1708826507.655
1188,1708826507.705
1189,1708826507.755
1190,1708826507.805
1191,1708826507.855
1192,1708826507.905
1193,1708826507.955
1194,1708826508.005
1195,1708826508.055
1196,1708826508.105
1197,1708826508.155
1198,1708826508.205
1199,1708826508.255
1200,1708826508.305
1201,1708826508.355
1202,1708826508.405
1203,1708826508.455
1204,1708826508.505
1205,1708826508.555
1206,1708826508.605
1207,1708826508.655
1208,1708826508.705
1209,1708826508.755
1210,1708826508.805
1211,1708826508.855
1212,1708826508.905
1213,1708826508.955
1214,1708826509.005
1215,1708826509.055
1216,1708826509.105
1217,1708826509.155
1218,1708826509.205
1219,1708826509.255
1220,1708826509.305
1221,1708826509.355
1222,1708826509.405
1223,1708826509.455
1224,1708826509.505
1225,1708826509.555
1226,1708826509.605
1227,1708826509.655
1228,1708826509.705
1229,1708826509.755
1230,1708826509.805
1231,1708826509.855
1232,1708826509.905
1233,1708826509.955
1234,1708826510.005
1235,1708826510.055
1236,1708826510.105
1237,1708826510.155
1238,1708826510.205
1239,1708826510.255
1240,1708826510.305
1241,1708826510.355
1242,1708826510.405
1243,1708826510.455
1244,1708826510.505
1245,1708826510.555
1246,1708826510.605
1247,1708826510.655
1248,1708826510.705
1249,1708826510.755
1250,1708826510.805
1251,1708826510.855
1252,1708826510.905
1253,1708826510.955
1254,1708826511.005
1255,1708826511.055
1256,1708826511.105
1257,1708826511.155
1258,1708826511.205
1259,1708826511.255
1260,1708826511.305
1261,1708826511.355
1262,1708826511.405
1263,1708826511.455
1264,1708826511.505
1265,1708826511.555
1266,1708826511.605
1267,1708826511.655
1268,1708826511.705
1269,1708826511.755
1270,1708826511.805
1271,1708826511.855
1272,1708826511.905
1273,1708826511.955
1274,1708826512.005
1275,1708826512.055
1276,1708826512.105
1277,1708826512.155
1278,1708826512.205
1279,1708826512.255
1280,1708826512.305
1281,1708826512.355
1282,1708826512.405
1283,1708826512.455
1284,1708826512.505
1285,1708826512.555
1286,1708826512.605
1287,1708826512.655
1288,1708826512.705
1289,1708826512.755
1290,1708826512.805
1291,1708826512.855
1292,1708826512.905
1293,1708826512.955
1294,1708826513.005
1295,1708826513.055
1296,1708826513.105
1297,1708826513.155
1298,1708826513.205
1299,1708826513.255
1300,1708826513.305
1301,1708826513.355
1302,1708826513.405
1303,1708826513.455
1304,1708826513.505
1305,1708826513.555
1306,1708826513.605
1307,1708826513.655
1308,1708826513.705
1309,1708826513.755
1310,1708826513.805
1311,1708826513.855
1312,1708826513.905
1313,1708826513.955
1314,1708826514.005
1315,1708826514.055
1316,1708826514.105
1317,1708826514.155
1318,1708826514.205
1319,1708826514.255
1320,1708826514.305
1321,1708826514.355
1322,1708826514.405
1323,1708826514.455
1324,1708826514.505
1325,1708826514.555
1326,1708826514.605
1327,1708826514.655
1328,1708826514.705
1329,1708826514.755
1330,1708826514.805
1331,1708826514.855
1332,1708826514.905
1333,1708826514.955
1334,1708826515.005
1335,1708826515.055
1336,1708826515.105
1337,1708826515.155
1338,1708826515.205
1339,1708826515.255
1340,1708826515.305
1341,1708826515.355
1342,1708826515.405
1343,1708826515.455
1344,1708826515.505
1345,1708826515.555
1346,1708826515.605
1347,1708826515.655
1348,1708826515.705
1349,1708826515.755
1350,1708826515.805
1351,1708826515.855
1352,1708826515.905
1353,1708826515.955
1354,1708826516.005
1355,1708826516.055
1356,1708826516.105
1357,1708826516.155
1358,1708826516.205
1359,1708826516.255
1360,1708826516.305
1361,1708826516.355
1362,1708826516.405
1363,1708826516.455
1364,1708826516.505
1365,1708826516.555
1366,1708826516.605
1367,1708826516.655
1368,1708826516.705
1369,1708826516.755
1370,1708826516.805
1371,1708826516.855
1372,1708826516.905
1373,1708826516.955
1374,1708826517.005
1375,1708826517.055
1376,1708826517.105
1377,1708826517.155
1378,1708826517.205
1379,1708826517.255
1380,1708826517.305
1381,1708826517.355
1382,1708826517.405
1383,1708826517.455
1384,1708826517.505
1385,1708826517.555
1386,1708826517.605
1387,1708826517.655
1388,1708826517.705
1389,1708826517.755
1390,1708826517.805
1391,1708826517.855
1392,1708826517.905
1393,1708826517.955
1394,1708826518.005
1395,1708826518.055
1396,1708826518.105
1397,1708826518.155
1398,1708826518.205
1399,1708826518.255
1400,1708826518.305
1401,1708826518.355
1402,1708826518.405
1403,1708826518.455
1404,1708826518.505
1405,1708826518.555
1406,1708826518.605
1407,1708826518.655
1408,1708826518.705
1409,1708826518.755
1410,1708826518.805
1411,1708826518.855
1412,1708826518.905
1413,1708826518.955
1414,1708826519.005
1415,1708826519.055
1416,1708826519.105
1417,1708826519.155
1418,1708826519.205
1419,1708826519.255
1420,1708826519.305
1421,1708826519.355
1422,1708826519.405
1423,1708826519.455
1424,1708826519.505
1425,1708826519.555
1426,1708826519.605
1427,1708826519.655
1428,1708826519.705
1429,1708826519.755
1430,1708826519.805
1431,1708826519.855
1432,1708826519.905
1433,1708826519.955
1434,1708826520.005
1435,1708826520.055
1436,1708826520.105
1437,1708826520.155
1438,1708826520.205
1439,1708826520.255
1440,1708826520.305
1441,1708826520.355
1442,1708826520.405
1443,1708826520.455
1444,1708826520.505
1445,1708826520.555
1446,1708826520.605
1447,1708826520.655
1448,1708826520.705
1449,1708826520.755
1450,1708826520.805
1451,1708826520.855
1452,1708826520.905
1453,1708826520.955
1454,1708826521.005
1455,1708826521.055
1456,1708826521.105
1457,1708826521.155
1458,1708826521.205
1459,1708826521.255
1460,1708826521.305
1461,1708826521.355
1462,1708826521.405
1463,1708826521.455
1464,1708826521.505
1465,1708826521.555
1466,1708826521.605
1467,1708826521.655
1468,1708826521.705
1469,1708826521.755
1470,1708826521.805
1471,1708826521.855
1472,1708826521.905
1473,1708826521.955
1474,1708826522.005
1475,1708826522.055
1476,1708826522.105
1477,1708826522.155
1478,1708826522.205
1479,1708826522.255
1480,1708826522.305
1481,1708826522.355
1482,1708826522.405
1483,1708826522.455
1484,1708826522.505
1485,1708826522.555
1486,1708826522.605
1487,1708826522.655
1488,1708826522.705
1489,1708826522.755
1490,1708826522.805
1491,1708826522.855
1492,1708826522.905
1493,1708826522.955
1494,1708826523.005
1495,1708826523.055
1496,1708826523.105
1497,1708826523.155
1498,1708826523.205
1499,1708826523.255
1500,1708826523.305
1501,1708826523.355
1502,1708826523.405
1503,1708826523.455
1504,1708826523.505
1505,1708826523.555
1506,1708826523.605
1507,1708826523.655
1508,1708826523.705
1509,1708826523.755
1510,1708826523.805
1511,1708826523.855
1512,1708826523.905
1513,1708826523.955
1514,1708826524.005
1515,1708826524.055
1516,1708826524.105
1517,1708826524.155
1518,1708826524.205
1519,1708826524.255
1520,1708826524.305
1521,1708826524.355
1522,1708826524.405
1523,1708826524.455
1524,1708826524.505
1525,1708826524.555
1526,1708826524.605
1527,1708826524.655
1528,1708826524.705
1529,1708826524.755
1530,1708826524.805
1531,1708826524.855
1532,1708826524.905
1533,1708826524.955
1534,1708826525.005
1535,1708826525.055
1536,1708826525.105
1537,1708826525.155
1538,1708826525.205
1539,1708826525.255
1540,1708826525.305
1541,1708826525.355
1542,1708826525.405
1543,1708826525.455
1544,1708826525.505
1545,1708826525.555
1546,1708826525.605
1547,1708826525.655
1548,1708826525.705
1549,1708826525.755
1550,1708826525.805
1551,1708826525.855
1552,1708826525.905
1553,1708826525.955
1554,1708826526.005
1555,1708826526.055
1556,1708826526.105
1557,1708826526.155
1558,1708826526.205
1559,1708826526.255
1560,1708826526.305
1561,1708826526.355
1562,1708826526.405
1563,1708826526.455
1564,1708826526.505
1565,1708826526.555
1566,1708826526.605
1567,1708826526.655
1568,1708826526.705
1569,1708826526.755
1570,1708826526.805
1571,1708826526.855
1572,1708826526.905
1573,1708826526.955
1574,1708826527.005
1575,1708826527.055
1576,1708826527.105
1577,1708826527.155
1578,1708826527.205
1579,1708826527.255
1580,1708826527.305
1581,1708826527.355
1582,1708826527.405
1583,1708826527.455
1584,1708826527.505
1585,1708826527.555
1586,1708826527.605
1587,1708826527.655
1588,1708826527.705
1589,1708826527.755
1590,1708826527.805
1591,1708826527.855
1592,1708826527.905
1593,1708826527.955
1594,1708826528.005
1595,1708826528.055
1596,1708826528.105
1597,1708826528.155
1598,1708826528.205
1599,1708826528.255
1600,1708826528.305
1601,1708826528.355
1602,1708826528.405
1603,1708826528.455
1604,1708826528.505
1605,1708826528.555
1606,1708826528.605
1607,1708826528.655
1608,1708826528.705
1609,1708826528.755
1610,1708826528.805
1611,1708826528.855
1612,1708826528.905
1613,1708826528.955
1614,1708826529.005
1615,1708826529.055
1616,1708826529.105
1617,1708826529.155
1618,1708826529.205
1619,1708826529.255
1620,1708826529.305
1621,1708826529.355
1622,1708826529.405
1623,1708826529.455
1624,1708826529.505
1625,1708826529.555
1626,1708826529.605
1627,1708826529.655
1628,1708826529.705
1629,1708826529.755
1630,1708826529.805
1631,1708826529.855
1632,1708826529.905
1633,1708826529.955
1634,1708826530.005
1635,1708826530.055
1636,1708826530.105
1637,1708826530.155
1638,1708826530.205
1639,1708826530.255
1640,1708826530.305
1641,1708826530.355
1642,1708826530.405
1643,1708826530.455
1644,1708826530.505
1645,1708826530.555
1646,1708826530.605
1647,1708826530.655
1648,1708826530.705
1649,1708826530.755
1650,1708826530.805
1651,1708826530.855
1652,1708826530.905
1653,1708826530.955
1654,1708826531.005
1655,1708826531.055
1656,1708826531.105
1657,1708826531.155
1658,1708826531.205
1659,1708826531.255
1660,1708826531.305
1661,1708826531.355
1662,1708826531.405
1663,1708826531.455
1664,1708826531.505
1665,1708826531.555
1666,1708826531.605
1667,1708826531.655
1668,1708826531.705
1669,1708826531.755
1670,1708826531.805
1671,1708826531.855
1672,1708826531.905
1673,1708826531.955
1674,1708826532.005
1675,1708826532.055
1676,1708826532.105
1677,1708826532.155
1678,1708826532.205
1679,1708826532.255
1680,1708826532.305
1681,1708826532.355
1682,1708826532.405
1683,1708826532.455
1684,1708826532.505
1685,1708826532.555
1686,1708826532.605
1687,1708826532.655
1688,1708826532.705
1689,1708826532.755
1690,1708826532.805
1691,1708826532.855
1692,1708826532.905
1693,1708826532.955
1694,1708826533.005
1695,1708826533.055
1696,1708826533.105
1697,1708826533.155
1698,1708826533.205
1699,1708826533.255
1700,1708826533.305
1701,1708826533.355
1702,1708826533.405
1703,1708826533.455
1704,1708826533.505
1705,1708826533.555
1706,1708826533.605
1707,1708826533.655
1708,1708826533.705
1709,1708826533.755
1710,1708826533.805
1711,1708826533.855
1712,1708826533.905
1713,1708826533.955
1714,1708826534.005
1715,1708826534.055
1716,1708826534.105
1717,1708826534.155
1718,1708826534.205
1719,1708826534.255
1720,1708826534.305
1721,1708826534.355
1722,1708826534.405
1723,1708826534.455
1724,1708826534.505
1725,1708826534.555
1726,1708826534.605
1727,1708826534.655
1728,1708826534.705
1729,1708826534.755
1730,1708826534.805
1731,1708826534.855
1732,1708826534.905
1733,1708826534.955
1734,1708826535.005
1735,1708826535.055
1736,1708826535.105
1737,1708826535.155
1738,1708826535.205
1739,1708826535.255
1740,1708826535.305
1741,1708826535.355
1742,1708826535.405
1743,1708826535.455
1744,1708826535.505
1745,1708826535.555
1746,1708826535.605
1747,1708826535.655
1748,1708826535.705
1749,1708826535.755
1750,1708826535.805
1751,1708826535.855
1752,1708826535.905
1753,1708826535.955
1754,1708826536.005
1755,1708826536.055
1756,1708826536.105
1757,1708826536.155
1758,1708826536.205
1759,1708826536.255
1760,1708826536.305
1761,1708826536.355
1762,1708826536.405
1763,1708826536.455
1764,1708826536.505
1765,1708826536.555
1766,1708826536.605
1767,1708826536.655
1768,1708826536.705
1769,1708826536.755
1770,1708826536.805
1771,1708826536.855
1772,1708826536.905
1773,1708826536.955
1774,1708826537.005
1775,1708826537.055
1776,1708826537.105
1777,1708826537.155
1778,1708826537.205
1779,1708826537.255
1780,1708826537.305
1781,1708826537.355
1782,1708826537.405
1783,1708826537.455
1784,1708826537.505
1785,1708826537.555
1786,1708826537.605
1787,1708826537.655
1788,1708826537.705
1789,1708826537.755
1790,1708826537.805
1791,1708826537.855
1792,1708826537.905
1793,1708826537.955
1794,1708826538.005
1795,1708826538.055
1796,1708826538.105
1797,1708826538.155
1798,1708826538.205
1799,1708826538.255
1800,1708826538.305
1801,1708826538.355
1802,1708826538.405
1803,1708826538.455
1804,1708826538.505
1805,1708826538.555
1806,1708826538.605
1807,1708826538.655
1808,1708826538.705
1809,1708826538.755
1810,1708826538.805
1811,1708826538.855
1812,1708826538.905
1813,1708826538.955
1814,1708826539.005
1815,1708826539.055
1816,1708826539.105
1817,1708826539.155
1818,1708826539.205
1819,1708826539.255
1820,1708826539.305
1821,1708826539.355
1822,1708826539.405
1823,1708826539.455
1824,1708826539.505
1825,1708826539.555
1826,1708826539.605
1827,1708826539.655
1828,1708826539.705
1829,1708826539.755
1830,1708826539.805
1831,1708826539.855
1832,1708826539.905
1833,1708826539.955
1834,1708826540.005
1835,1708826540.055
1836,1708826540.105
1837,1708826540.155
1838,1708826540.205
1839,1708826540.255
1840,1708826540.305
1841,1708826540.355
1842,1708826540.405
1843,1708826540.455
1844,1708826540.505
1845,1708826540.555
1846,1708826540.605
1847,1708826540.655
1848,1708826540.705
1849,1708826540.755
1850,1708826540.805
1851,1708826540.855
1852,1708826540.905
1853,1708826540.955
1854,1708826541.005
1855,1708826541.055
1856,1708826541.105
1857,1708826541.155
1858,1708826541.205
1859,1708826541.255
1860,1708826541.305
1861,1708826541.355
1862,1708826541.405
1863,1708826541.455
1864,1708826541.505
1865,1708826541.555
1866,1708826541.605
1867,1708826541.655
1868,1708826541.705
1869,1708826541.755
1870,1708826541.805
1871,1708826541.855
1872,1708826541.905
1873,1708826541.955
1874,1708826542.005
1875,1708826542.055
1876,1708826542.105
1877,1708826542.155
1878,1708826542.205
1879,1708826542.255
1880,1708826542.305
1881,1708826542.355
1882,1708826542.405
1883,1708826542.455
1884,1708826542.505
1885,1708826542.555
1886,1708826542.605
1887,1708826542.655
1888,1708826542.705
1889,1708826542.755
1890,1708826542.805
1891,1708826542.855
1892,1708826542.905
1893,1708826542.955
1894,1708826543.005
1895,1708826543.055
1896,1708826543.105
1897,1708826543.155
1898,1708826543.205
1899,1708826543.255
1900,1708826543.305
1901,1708826543.355
1902,1708826543.405
1903,1708826543.455
1904,1708826543.505
1905,1708826543.555
1906,1708826543.605
1907,1708826543.655
1908,1708826543.705
1909,1708826543.755
1910,1708826543.805
1911,1708826543.855
1912,1708826543.905
1913,1708826543.955
1914,1708826544.005
1915,1708826544.055
1916,1708826544.105
1917,1708826544.155
1918,1708826544.205
1919,1708826544.255
1920,1708826544.305
1921,1708826544.355
1922,1708826544.405
1923,1708826544.455
1924,1708826544.505
1925,1708826544.555
1926,1708826544.605
1927,1708826544.655
1928,1708826544.705
1929,1708826544.755
1930,1708826544.805
1931,1708826544.855
1932,1708826544.905
1933,1708826544.955
1934,1708826545.005
1935,1708826545.055
1936,1708826545.105
1937,1708826545.155
1938,1708826545.205
1939,1708826545.255
1940,1708826545.305
1941,1708826545.355
1942,1708826545.405
1943,1708826545.455
1944,1708826545.505
1945,1708826545.555
1946,1708826545.605
1947,1708826545.655
1948,1708826545.705
1949,1708826545.755
1950,1708826545.805
1951,1708826545.855
1952,1708826545.905
1953,1708826545.955
1954,1708826546.005
1955,1708826546.055
1956,1708826546.105
1957,1708826546.155
1958,1708826546.205
1959,1708826546.255
1960,1708826546.305
1961,1708826546.355
1962,1708826546.405
1963,1708826546.455
1964,1708826546.505
1965,1708826546.555
1966,1708826546.605
1967,1708826546.655
1968,1708826546.705
1969,1708826546.755
1970,1708826546.805
1971,1708826546.855
1972,1708826546.905
1973,1708826546.955
1974,1708826547.005
1975,1708826547.055
1976,1708826547.105
1977,1708826547.155
1978,1708826547.205
1979,1708826547.255
1980,1708826547.305
1981,1708826547.355
1982,1708826547.405
1983,1708826547.455
1984,1708826547.505
1985,1708826547.555
1986,1708826547.605
1987,1708826547.655
1988,1708826547.705
1989,1708826547.755
1990,1708826547.805
1991,1708826547.855
1992,1708826547.905
1993,1708826547.955
1994,1708826548.005
1995,1708826548.055
1996,1708826548.105
1997,1708826548.155
1998,1708826548.205
1999,1708826548.255
2000,1708826548.305
2001,1708826548.355
2002,1708826548.405
2003,1708826548.455
2004,1708826548.505
2005,1708826548.555
2006,1708826548.605
2007,1708826548.655
2008,1708826548.705
2009,1708826548.755
2010,1708826548.805
2011,1708826548.855
2012,1708826548.905
2013,1708826548.955
2014,1708826549.005
2015,1708826549.055
2016,1708826549.105
2017,1708826549.155
2018,1708826549.205
2019,1708826549.255
2020,1708826549.305
2021,1708826549.355
2022,1708826549.405
2023,1708826549.455
2024,1708826549.505
2025,1708826549.555
2026,1708826549.605
2027,1708826549.655
2028,1708826549.705
2029,1708826549.755
2030,1708826549.805
2031,1708826549.855
2032,1708826549.905
2033,1708826549.955
2034,1708826550.005
2035,1708826550.055
2036,1708826550.105
2037,1708826550.155
2038,1708826550.205
2039,1708826550.255
2040,1708826550.305
2041,1708826550.355
2042,1708826550.405
2043,1708826550.455
2044,1708826550.505
2045,1708826550.555
2046,1708826550.605
2047,1708826550.655
2048,1708826550.705
2049,1708826550.755
2050,1708826550.805
2051,1708826550.855
2052,1708826550.905
2053,1708826550.955
2054,1708826551.005
2055,1708826551.055
2056,1708826551.105
2057,1708826551.155
2058,1708826551.205
2059,1708826551.255
2060,1708826551.305
2061,1708826551.355
2062,1708826551.405
2063,1708826551.455
2064,1708826551.505
2065,1708826551.555
2066,1708826551.605
2067,1708826551.655
2068,1708826551.705
2069,1708826551.755
2070,1708826551.805
2071,1708826551.855
2072,1708826551.905
2073,1708826551.955
2074,1708826552.005
2075,1708826552.055
2076,1708826552.105
2077,1708826552.155
2078,1708826552.205
2079,1708826552.255
2080,1708826552.305
2081,1708826552.355
2082,1708826552.405
2083,1708826552.455
2084,1708826552.505
2085,1708826552.555
2086,1708826552.605
2087,1708826552.655
2088,1708826552.705
2089,1708826552.755
2090,1708826552.805
2091,1708826552.855
2092,1708826552.905
2093,1708826552.955
2094,1708826553.005
2095,1708826553.055
2096,1708826553.105
2097,1708826553.155
2098,1708826553.205
2099,1708826553.255
2100,1708826553.305
2101,1708826553.355
2102,1708826553.405
2103,1708826553.455
2104,1708826553.505
2105,1708826553.555
2106,1708826553.605
2107,1708826553.655
2108,1708826553.705
2109,1708826553.755
2110,1708826553.805
2111,1708826553.855
2112,1708826553.905
2113,1708826553.955
2114,1708826554.005
2115,1708826554.055
2116,1708826554.105
2117,1708826554.155
2118,1708826554.205
2119,1708826554.255
2120,1708826554.305
2121,1708826554.355
2122,1708826554.405
2123,1708826554.455
2124,1708826554.505
2125,1708826554.555
2126,1708826554.605
2127,1708826554.655
2128,1708826554.705
2129,1708826554.755
2130,1708826554.805
2131,1708826554.855
2132,1708826554.905
2133,1708826554.955
2134,1708826555.005
2135,1708826555.055
2136,1708826555.105
2137,1708826555.155
2138,1708826555.205
2139,1708826555.255
2140,1708826555.305
2141,1708826555.355
2142,1708826555.405
2143,1708826555.455
2144,1708826555.505
2145,1708826555.555
2146,1708826555.605
2147,1708826555.655
2148,1708826555.705
2149,1708826555.755
2150,1708826555.805
2151,1708826555.855
2152,1708826555.905
2153,1708826555.955
2154,1708826556.005
2155,1708826556.055
2156,1708826556.105
2157,1708826556.155
2158,1708826556.205
2159,1708826556.255
2160,1708826556.305
2161,1708826556.355
2162,1708826556.405
2163,1708826556.455
2164,1708826556.505
2165,1708826556.555
2166,1708826556.605
2167,1708826556.655
2168,1708826556.705
2169,1708826556.755
2170,1708826556.805
2171,1708826556.855
2172,1708826556.905
2173,1708826556.955
2174,1708826557.005
2175,1708826557.055
2176,1708826557.105
2177,1708826557.155
2178,1708826557.205
2179,1708826557.255
2180,1708826557.305
2181,1708826557.355
2182,1708826557.405
2183,1708826557.455
2184,1708826557.505
2185,1708826557.555
2186,1708826557.605
2187,1708826557.655
2188,1708826557.705
2189,1708826557.755
2190,1708826557.805
2191,1708826557.855
2192,1708826557.905
2193,1708826557.955
2194,1708826558.005
2195,1708826558.055
2196,1708826558.105
2197,1708826558.155
2198,1708826558.205
2199,1708826558.255
2200,1708826558.305
2201,1708826558.355
2202,1708826558.405
2203,1708826558.455
2204,1708826558.505
2205,1708826558.555
2206,1708826558.605
2207,1708826558.655
2208,1708826558.705
2209,1708826558.755
2210,1708826558.805
2211,1708826558.855
2212,1708826558.905
2213,1708826558.955
2214,1708826559.005
2215,1708826559.055
2216,1708826559.105
2217,1708826559.155
2218,1708826559.205
2219,1708826559.255
2220,1708826559.305
2221,1708826559.355
2222,1708826559.405
2223,1708826559.455
2224,1708826559.505
2225,1708826559.555
2226,1708826559.605
2227,1708826559.655
2228,1708826559.705
2229,1708826559.755
2230,1708826559.805
2231,1708826559.855
2232,1708826559.905
2233,1708826559.955
2234,1708826560.005
2235,1708826560.055
2236,1708826560.105
2237,1708826560.155
2238,1708826560.205
2239,1708826560.255
2240,1708826560.305
2241,1708826560.355
2242,1708826560.405
2243,1708826560.455
2244,1708826560.505
2245,1708826560.555
2246,1708826560.605
2247,1708826560.655
2248,1708826560.705
2249,1708826560.755
2250,1708826560.805
2251,1708826560.855
2252,1708826560.905
2253,1708826560.955
2254,1708826561.005
2255,1708826561.055
2256,1708826561.105
2257,1708826561.155
2258,1708826561.205
2259,1708826561.255
2260,1708826561.305
2261,1708826561.355
2262,1708826561.405
2263,1708826561.455
2264,1708826561.505
2265,1708826561.555
2266,1708826561.605
2267,1708826561.655
2268,1708826561.705
2269,1708826561.755
2270,1708826561.805
2271,1708826561.855
2272,1708826561.905
2273,1708826561.955
2274,1708826562.005
2275,1708826562.055
2276,1708826562.105
2277,1708826562.155
2278,1708826562.205
2279,1708826562.255
2280,1708826562.305
2281,1708826562.355
2282,1708826562.405
2283,1708826562.455
2284,1708826562.505
2285,1708826562.555
2286,1708826562.605
2287,1708826562.655
2288,1708826562.705
2289,1708826562.755
2290,1708826562.805
2291,1708826562.855
2292,1708826562.905
2293,1708826562.955
2294,1708826563.005
2295,1708826563.055
2296,1708826563.105
2297,1708826563.155
2298,1708826563.205
2299,1708826563.255
2300,1708826563.305
2301,1708826563.355
2302,1708826563.405
2303,1708826563.455
2304,1708826563.505
2305,1708826563.555
2306,1708826563.605
2307,1708826563.655
2308,1708826563.705
2309,1708826563.755
2310,1708826563.805
2311,1708826563.855
2312,1708826563.905
2313,1708826563.955
2314,1708826564.005
2315,1708826564.055
2316,1708826564.105
2317,1708826564.155
2318,1708826564.205
2319,1708826564.255
2320,1708826564.305
2321,1708826564.355
2322,1708826564.405
2323,1708826564.455
2324,1708826564.505
2325,1708826564.555
2326,1708826564.605
2327,1708826564.655
2328,1708826564.705
2329,1708826564.755
2330,1708826564.805
2331,1708826564.855
2332,1708826564.905
2333,1708826564.955
2334,1708826565.005
2335,1708826565.055
2336,1708826565.105
2337,1708826565.155
2338,1708826565.205
2339,1708826565.255
2340,1708826565.305
2341,1708826565.355
2342,1708826565.405
2343,1708826565.455
2344,1708826565.505
2345,1708826565.555
2346,1708826565.605
2347,1708826565.655
2348,1708826565.705
2349,1708826565.755
2350,1708826565.805
2351,1708826565.855
2352,1708826565.905
2353,1708826565.955
2354,1708826566.005
2355,1708826566.055
2356,1708826566.105
2357,1708826566.155
2358,1708826566.205
2359,1708826566.255
2360,1708826566.305
2361,1708826566.355
2362,1708826566.405
2363,1708826566.455
2364,1708826566.505
2365,1708826566.555
2366,1708826566.605
2367,1708826566.655
2368,1708826566.705
2369,1708826566.755
2370,1708826566.805
2371,1708826566.855
2372,1708826566.905
2373,1708826566.955
2374,1708826567.005
2375,1708826567.055
2376,1708826567.105
2377,1708826567.155
2378,1708826567.205
2379,1708826567.255
2380,1708826567.305
2381,1708826567.355
2382,1708826567.405
2383,1708826567.455
2384,1708826567.505
2385,1708826567.555
2386,1708826567.605
2387,1708826567.655
2388,1708826567.705
2389,1708826567.755
2390,1708826567.805
2391,1708826567.855
2392,1708826567.905
2393,1708826567.955
2394,1708826568.005
2395,1708826568.055
2396,1708826568.105
2397,1708826568.155
2398,1708826568.205
2399,1708826568.255
2400,1708826568.305
2401,1708826568.355
2402,1708826568.405
2403,1708826568.455
2404,1708826568.505
2405,1708826568.555
2406,1708826568.605
2407,1708826568.655
2408,1708826568.705
2409,1708826568.755
2410,1708826568.805
2411,1708826568.855
2412,1708826568.905
2413,1708826568.955
2414,1708826569.005
2415,1708826569.055
2416,1708826569.105
2417,1708826569.155
2418,1708826569.205
2419,1708826569.255
2420,1708826569.305
2421,1708826569.355
2422,1708826569.405
2423,1708826569.455
2424,1708826569.505
2425,1708826569.555
2426,1708826569.605
2427,1708826569.655
2428,1708826569.705
2429,1708826569.755
2430,1708826569.805
2431,1708826569.855
2432,1708826569.905
2433,1708826569.955
2434,1708826570.005
2435,1708826570.055
2436,1708826570.105
2437,1708826570.155
2438,1708826570.205
2439,1708826570.255
2440,1708826570.305
2441,1708826570.355
2442,1708826570.405
2443,1708826570.455
2444,1708826570.505
2445,1708826570.555
2446,1708826570.605
2447,1708826570.655
2448,1708826570.705
2449,1708826570.755
2450,1708826570.805
2451,1708826570.855
2452,1708826570.905
2453,1708826570.955
2454,1708826571.005
2455,1708826571.055
2456,1708826571.105
2457,1708826571.155
2458,1708826571.205
2459,1708826571.255
2460,1708826571.305
2461,1708826571.355
2462,1708826571.405
2463,1708826571.455
2464,1708826571.505
2465,1708826571.555
2466,1708826571.605
2467,1708826571.655
2468,1708826571.705
2469,1708826571.755
2470,1708826571.805
2471,1708826571.855
2472,1708826571.905
2473,1708826571.955
2474,1708826572.005
2475,1708826572.055
2476,1708826572.105
2477,1708826572.155
2478,1708826572.205
2479,1708826572.255
2480,1708826572.305
2481,1708826572.355
2482,1708826572.405
2483,1708826572.455
2484,1708826572.505
2485,1708826572.555
2486,1708826572.605
2487,1708826572.655
2488,1708826572.705
2489,1708826572.755
2490,1708826572.805
2491,1708826572.855
2492,1708826572.905
2493,1708826572.955
2494,1708826573.005
2495,1708826573.055
2496,1708826573.105
2497,1708826573.155
2498,1708826573.205
2499,1708826573.255
2500,1708826573.305
2501,1708826573.355
2502,1708826573.405
2503,1708826573.455
2504,1708826573.505
2505,1708826573.555
2506,1708826573.605
2507,1708826573.655
2508,1708826573.705
2509,1708826573.755
2510,1708826573.805
2511,1708826573.855
2512,1708826573.905
2513,1708826573.955
2514,1708826574.005
2515,1708826574.055
2516,1708826574.105
2517,1708826574.155
2518,1708826574.205
2519,1708826574.255
2520,1708826574.305
2521,1708826574.355
2522,1708826574.405
2523,1708826574.455
2524,1708826574.505
2525,1708826574.555
2526,1708826574.605
2527,1708826574.655
2528,1708826574.705
2529,1708826574.755
2530,1708826574.805
2531,1708826574.855
2532,1708826574.905
2533,1708826574.955
2534,1708826575.005
2535,1708826575.055
2536,1708826575.105
2537,1708826575.155
2538,1708826575.205
2539,1708826575.255
2540,1708826575.305
2541,1708826575.355
2542,1708826575.405
2543,1708826575.455
2544,1708826575.505
2545,1708826575.555
2546,1708826575.605
2547,1708826575.655
2548,1708826575.705
2549,1708826575.755
2550,1708826575.805
2551,1708826575.855
2552,1708826575.905
2553,1708826575.955
2554,1708826576.005
2555,1708826576.055
2556,1708826576.105
2557,1708826576.155
2558,1708826576.205
2559,1708826576.255
2560,1708826576.305
2561,1708826576.355
2562,1708826576.405
2563,1708826576.455
2564,1708826576.505
2565,1708826576.555
2566,1708826576.605
2567,1708826576.655
2568,1708826576.705
2569,1708826576.755
2570,1708826576.805
2571,1708826576.855
2572,1708826576.905
2573,1708826576.955
2574,1708826577.005
2575,1708826577.055
2576,1708826577.105
2577,1708826577.155
2578,1708826577.205
2579,1708826577.255
2580,1708826577.305
2581,1708826577.355
2582,1708826577.405
2583,1708826577.455
2584,1708826577.505
2585,1708826577.555
2586,1708826577.605
2587,1708826577.655
2588,1708826577.705
2589,1708826577.755
2590,1708826577.805
2591,1708826577.855
2592,1708826577.905
2593,1708826577.955
2594,1708826578.005
2595,1708826578.055
2596,1708826578.105
2597,1708826578.155
2598,1708826578.205
2599,1708826578.255
2600,1708826578.305
2601,1708826578.355
2602,1708826578.405
2603,1708826578.455
2604,1708826578.505
2605,1708826578.555
2606,1708826578.605
2607,1708826578.655
2608,1708826578.705
2609,1708826578.755
2610,1708826578.805
2611,1708826578.855
2612,1708826578.905
2613,1708826578.955
2614,1708826579.005
2615,1708826579.055
2616,1708826579.105
2617,1708826579.155
2618,1708826579.205
2619,1708826579.255
2620,1708826579.305
2621,1708826579.355
2622,1708826579.405
2623,1708826579.455
2624,1708826579.505
2625,1708826579.555
2626,1708826579.605
2627,1708826579.655
2628,1708826579.705
2629,1708826579.755
2630,1708826579.805
2631,1708826579.855
2632,1708826579.905
2633,1708826579.955
2634,1708826580.005
2635,1708826580.055
2636,1708826580.105
2637,1708826580.155
2638,1708826580.205
2639,1708826580.255
2640,1708826580.305
2641,1708826580.355
2642,1708826580.405
2643,1708826580.455
2644,1708826580.505
2645,1708826580.555
2646,1708826580.605
2647,1708826580.655
2648,1708826580.705
2649,1708826580.755
2650,1708826580.805
2651,1708826580.855
2652,1708826580.905
2653,1708826580.955
2654,1708826581.005
2655,1708826581.055
2656,1708826581.105
2657,1708826581.155
2658,1708826581.205
2659,1708826581.255
2660,1708826581.305
2661,1708826581.355
2662,1708826581.405
2663,1708826581.455
2664,1708826581.505
2665,1708826581.555
2666,1708826581.605
2667,1708826581.655
2668,1708826581.705
2669,1708826581.755
2670,1708826581.805
2671,1708826581.855
2672,1708826581.905
2673,1708826581.955
2674,1708826582.005
2675,1708826582.055
2676,1708826582.105
2677,1708826582.155
2678,1708826582.205
2679,1708826582.255
2680,1708826582.305
2681,1708826582.355
2682,1708826582.405
2683,1708826582.455
2684,1708826582.505
2685,1708826582.555
2686,1708826582.605
2687,1708826582.655
2688,1708826582.705
2689,1708826582.755
2690,1708826582.805
2691,1708826582.855
2692,1708826582.905
2693,1708826582.955
2694,1708826583.005
2695,1708826583.055
2696,1708826583.105
2697,1708826583.155
2698,1708826583.205
2699,1708826583.255
2700,1708826583.305
2701,1708826583.355
2702,1708826583.405
2703,1708826583.455
2704,1708826583.505
2705,1708826583.555
2706,1708826583.605
2707,1708826583.655
2708,1708826583.705
2709,1708826583.755
2710,1708826583.805
2711,1708826583.855
2712,1708826583.905
2713,1708826583.955
2714,1708826584.005
2715,1708826584.055
2716,1708826584.105
2717,1708826584.155
2718,1708826584.205
2719,1708826584.255
2720,1708826584.305
2721,1708826584.355
2722,1708826584.405
2723,1708826584.455
2724,1708826584.505
2725,1708826584.555
2726,1708826584.605
2727,1708826584.655
2728,1708826584.705
2729,1708826584.755
2730,1708826584.805
2731,1708826584.855
2732,1708826584.905
2733,1708826584.955
2734,1708826585.005
2735,1708826585.055
2736,1708826585.105
2737,1708826585.155
2738,1708826585.205
2739,1708826585.255
2740,1708826585.305
2741,1708826585.355
2742,1708826585.405
2743,1708826585.455
2744,1708826585.505
2745,1708826585.555
2746,1708826585.605
2747,1708826585.655
2748,1708826585.705
2749,1708826585.755
2750,1708826585.805
2751,1708826585.855
2752,1708826585.905
2753,1708826585.955
2754,1708826586.005
2755,1708826586.055
2756,1708826586.105
2757,1708826586.155
2758,1708826586.205
2759,1708826586.255
2760,1708826586.305
2761,1708826586.355
2762,1708826586.405
2763,1708826586.455
2764,1708826586.505
2765,1708826586.555
2766,1708826586.605
2767,1708826586.655
2768,1708826586.705
2769,1708826586.755
2770,1708826586.805
2771,1708826586.855
2772,1708826586.905
2773,1708826586.955
2774,1708826587.005
2775,1708826587.055
2776,1708826587.105
2777,1708826587.155
2778,1708826587.205
2779,1708826587.255
2780,1708826587.305
2781,1708826587.355
2782,1708826587.405
2783,1708826587.455
2784,1708826587.505
2785,1708826587.555
2786,1708826587.605
2787,1708826587.655
2788,1708826587.705
2789,1708826587.755
2790,1708826587.805
2791,1708826587.855
2792,1708826587.905
2793,1708826587.955
2794,1708826588.005
2795,1708826588.055
2796,1708826588.105
2797,1708826588.155
2798,1708826588.205
2799,1708826588.255
2800,1708826588.305
2801,1708826588.355
2802,1708826588.405
2803,1708826588.455
2804,1708826588.505
2805,1708826588.555
2806,1708826588.605
2807,1708826588.655
2808,1708826588.705
2809,1708826588.755
2810,1708826588.805
2811,1708826588.855
2812,1708826588.905
2813,1708826588.955
2814,1708826589.005
2815,1708826589.055
2816,1708826589.105
2817,1708826589.155
2818,1708826589.205
2819,1708826589.255
2820,1708826589.305
2821,1708826589.355
2822,1708826589.405
2823,1708826589.455
2824,1708826589.505
2825,1708826589.555
2826,1708826589.605
2827,1708826589.655
2828,1708826589.705
2829,1708826589.755
2830,1708826589.805
2831,1708826589.855
2832,1708826589.905
2833,1708826589.955
2834,1708826590.005
2835,1708826590.055
2836,1708826590.105
2837,1708826590.155
2838,1708826590.205
2839,1708826590.255
2840,1708826590.305
2841,1708826590.355
2842,1708826590.405
2843,1708826590.455
2844,1708826590.505
2845,1708826590.555
2846,1708826590.605
2847,1708826590.655
2848,1708826590.705
2849,1708826590.755
2850,1708826590.805
2851,1708826590.855
2852,1708826590.905
2853,1708826590.955
2854,1708826591.005
2855,1708826591.055
2856,1708826591.105
2857,1708826591.155
2858,1708826591.205
2859,1708826591.255
2860,1708826591.305
2861,1708826591.355
2862,1708826591.405
2863,1708826591.455
2864,1708826591.505
2865,1708826591.555
2866,1708826591.605
2867,1708826591.655
2868,1708826591.705
2869,1708826591.755
2870,1708826591.805
2871,1708826591.855
2872,1708826591.905
2873,1708826591.955
2874,1708826592.005
2875,1708826592.055
2876,1708826592.105
2877,1708826592.155
2878,1708826592.205
2879,1708826592.255
2880,1708826592.305
2881,1708826592.355
2882,1708826592.405
2883,1708826592.455
2884,1708826592.505
2885,1708826592.555
2886,1708826592.605
2887,1708826592.655
2888,1708826592.705
2889,1708826592.755
2890,1708826592.805
2891,1708826592.855
2892,1708826592.905
2893,1708826592.955
2894,1708826593.005
2895,1708826593.055
2896,1708826593.105
2897,1708826593.155
2898,1708826593.205
2899,1708826593.255
2900,1708826593.305
2901,1708826593.355
2902,1708826593.405
2903,1708826593.455
2904,1708826593.505
2905,1708826593.555
2906,1708826593.605
2907,1708826593.655
2908,1708826593.705
2909,1708826593.755
2910,1708826593.805
2911,1708826593.855
2912,1708826593.905
2913,1708826593.955
2914,1708826594.005
2915,1708826594.055
2916,1708826594.105
2917,1708826594.155
2918,1708826594.205
2919,1708826594.255
2920,1708826594.305
2921,1708826594.355
2922,1708826594.405
2923,1708826594.455
2924,1708826594.505
2925,1708826594.555
2926,1708826594.605
2927,1708826594.655
2928,1708826594.705
2929,1708826594.755
2930,1708826594.805
2931,1708826594.855
2932,1708826594.905
2933,1708826594.955
2934,1708826595.005
2935,1708826595.055
2936,1708826595.105
2937,1708826595.155
2938,1708826595.205
2939,1708826595.255
2940,1708826595.305
2941,1708826595.355
2942,1708826595.405
2943,1708826595.455
2944,1708826595.505
2945,1708826595.555
2946,1708826595.605
2947,1708826595.655
2948,1708826595.705
2949,1708826595.755
2950,1708826595.805
2951,1708826595.855
2952,1708826595.905
2953,1708826595.955
2954,1708826596.005
2955,1708826596.055
2956,1708826596.105
2957,1708826596.155
2958,1708826596.205
2959,1708826596.255
2960,1708826596.305
2961,1708826596.355
2962,1708826596.405
2963,1708826596.455
2964,1708826596.505
2965,1708826596.555
2966,1708826596.605
2967,1708826596.655
2968,1708826596.705
2969,1708826596.755
2970,1708826596.805
2971,1708826596.855
2972,1708826596.905
2973,1708826596.955
2974,1708826597.005
2975,1708826597.055
2976,1708826597.105
2977,1708826597.155
2978,1708826597.205
2979,1708826597.255
2980,1708826597.305
2981,1708826597.355
2982,1708826597.405
2983,1708826597.455
2984,1708826597.505
2985,1708826597.555
2986,1708826597.605
2987,1708826597.655
2988,1708826597.705
2989,1708826597.755
2990,1708826597.805
2991,1708826597.855
2992,1708826597.905
2993,1708826597.955
2994,1708826598.005
2995,1708826598.055
2996,1708826598.105
2997,1708826598.155
2998,1708826598.205
2999,1708826598.255
3000,1708826598.305
3001,1708826598.355
3002,1708826598.405
3003,1708826598.455
3004,1708826598.505
3005,1708826598.555
3006,1708826598.605
3007,1708826598.655
3008,1708826598.705
3009,1708826598.755
3010,1708826598.805
3011,1708826598.855
3012,1708826598.905
3013,1708826598.955
3014,1708826599.005
3015,1708826599.055
3016,1708826599.105
3017,1708826599.155
3018,1708826599.205
3019,1708826599.255
3020,1708826599.305
3021,1708826599.355
3022,1708826599.405
3023,1708826599.455
3024,1708826599.505
3025,1708826599.555
3026,1708826599.605
3027,1708826599.655
3028,1708826599.705
3029,1708826599.755
3030,1708826599.805
3031,1708826599.855
3032,1708826599.905
3033,1708826599.955
3034,1708826600.005
3035,1708826600.055
3036,1708826600.105
3037,1708826600.155
3038,1708826600.205
3039,1708826600.255
3040,1708826600.305
3041,1708826600.355
3042,1708826600.405
3043,1708826600.455
3044,1708826600.505
3045,1708826600.555
3046,1708826600.605
3047,1708826600.655
3048,1708826600.705
3049,1708826600.755
3050,1708826600.805
3051,1708826600.855
3052,1708826600.905
3053,1708826600.955
3054,1708826601.005
3055,1708826601.055
3056,1708826601.105
3057,1708826601.155
3058,1708826601.205
3059,1708826601.255
3060,1708826601.305
3061,1708826601.355
3062,1708826601.405
3063,1708826601.455
3064,1708826601.505
3065,1708826601.555
3066,1708826601.605
3067,1708826601.655
3068,1708826601.705
3069,1708826601.755
3070,1708826601.805
3071,1708826601.855
3072,1708826601.905
3073,1708826601.955
3074,1708826602.005
3075,1708826602.055
3076,1708826602.105
3077,1708826602.155
3078,1708826602.205
3079,1708826602.255
3080,1708826602.305
3081,1708826602.355
3082,1708826602.405
3083,1708826602.455
3084,1708826602.505
3085,1708826602.555
3086,1708826602.605
3087,1708826602.655
3088,1708826602.705
3089,1708826602.755
3090,1708826602.805
3091,1708826602.855
3092,1708826602.905
3093,1708826602.955
3094,1708826603.005
3095,1708826603.055
3096,1708826603.105
3097,1708826603.155
3098,1708826603.205
3099,1708826603.255
3100,1708826603.305
3101,1708826603.355
3102,1708826603.405
3103,1708826603.455
3104,1708826603.505
3105,1708826603.555
3106,1708826603.605
3107,1708826603.655
3108,1708826603.705
3109,1708826603.755
3110,1708826603.805
3111,1708826603.855
3112,1708826603.905
3113,1708826603.955
3114,1708826604.005
3115,1708826604.055
3116,1708826604.105
3117,1708826604.155
3118,1708826604.205
3119,1708826604.255
3120,1708826604.305
3121,1708826604.355
3122,1708826604.405
3123,1708826604.455
3124,1708826604.505
3125,1708826604.555
3126,1708826604.605
3127,1708826604.655
3128,1708826604.705
3129,1708826604.755
3130,1708826604.805
3131,1708826604.855
3132,1708826604.905
3133,1708826604.955
3134,1708826605.005
3135,1708826605.055
3136,1708826605.105
3137,1708826605.155
3138,1708826605.205
3139,1708826605.255
3140,1708826605.305
3141,1708826605.355
3142,1708826605.405
3143,1708826605.455
3144,1708826605.505
3145,1708826605.555
3146,1708826605.605
3147,1708826605.655
3148,1708826605.705
3149,1708826605.755
3150,1708826605.805
3151,1708826605.855
3152,1708826605.905
3153,1708826605.955
3154,1708826606.005
3155,1708826606.055
3156,1708826606.105
3157,1708826606.155
3158,1708826606.205
3159,1708826606.255
3160,1708826606.305
3161,1708826606.355
3162,1708826606.405
3163,1708826606.455
3164,1708826606.505
3165,1708826606.555
3166,1708826606.605
3167,1708826606.655
3168,1708826606.705
3169,1708826606.755
3170,1708826606.805
3171,1708826606.855
3172,1708826606.905
3173,1708826606.955
3174,1708826607.005
3175,1708826607.055
3176,1708826607.105
3177,1708826607.155
3178,1708826607.205
3179,1708826607.255
3180,1708826607.305
3181,1708826607.355
3182,1708826607.405
3183,1708826607.455
3184,1708826607.505
3185,1708826607.555
3186,1708826607.605
3187,1708826607.655
3188,1708826607.705
3189,1708826607.755
3190,1708826607.805
3191,1708826607.855
3192,1708826607.905
3193,1708826607.955
3194,1708826608.005
3195,1708826608.055
3196,1708826608.105
3197,1708826608.155
3198,1708826608.205
3199,1708826608.255
3200,1708826608.305
3201,1708826608.355
3202,1708826608.405
3203,1708826608.455
3204,1708826608.505
3205,1708826608.555
3206,1708826608.605
3207,1708826608.655
3208,1708826608.705
3209,1708826608.755
3210,1708826608.805
3211,1708826608.855
3212,1708826608.905
3213,1708826608.955
3214,1708826609.005
3215,1708826609.055
3216,1708826609.105
3217,1708826609.155
3218,1708826609.205
3219,1708826609.255
3220,1708826609.305
3221,1708826609.355
3222,1708826609.405
3223,1708826609.455
3224,1708826609.505
3225,1708826609.555
3226,1708826609.605
3227,1708826609.655
3228,1708826609.705
3229,1708826609.755
3230,1708826609.805
3231,1708826609.855
3232,1708826609.905
3233,1708826609.955
3234,1708826610.005
3235,1708826610.055
3236,1708826610.105
3237,1708826610.155
3238,1708826610.205
3239,1708826610.255
3240,1708826610.305
3241,1708826610.355
3242,1708826610.405
3243,1708826610.455
3244,1708826610.505
3245,1708826610.555
3246,1708826610.605
3247,1708826610.655
3248,1708826610.705
3249,1708826610.755
3250,1708826610.805
3251,1708826610.855
3252,1708826610.905
3253,1708826610.955
3254,1708826611.005
3255,1708826611.055
3256,1708826611.105
3257,1708826611.155
3258,1708826611.205
3259,1708826611.255
3260,1708826611.305
3261,1708826611.355
3262,1708826611.405
3263,1708826611.455
3264,1708826611.505
3265,1708826611.555
3266,1708826611.605
3267,1708826611.655
3268,1708826611.705
3269,1708826611.755
3270,1708826611.805
3271,1708826611.855
3272,1708826611.905
3273,1708826611.955
3274,1708826612.005
3275,1708826612.055
3276,1708826612.105
3277,1708826612.155
3278,1708826612.205
3279,1708826612.255
3280,1708826612.305
3281,1708826612.355
3282,1708826612.405
3283,1708826612.455
3284,1708826612.505
3285,1708826612.555
3286,1708826612.605
3287,1708826612.655
3288,1708826612.705
3289,1708826612.755
3290,1708826612.805
3291,1708826612.855
3292,1708826612.905
3293,1708826612.955
3294,1708826613.005
3295,1708826613.055
3296,1708826613.105
3297,1708826613.155
3298,1708826613.205
3299,1708826613.255
3300,1708826613.305
3301,1708826613.355
3302,1708826613.405
3303,1708826613.455
3304,1708826613.505
3305,1708826613.555
3306,1708826613.605
3307,1708826613.655
3308,1708826613.705
3309,1708826613.755
3310,1708826613.805
3311,1708826613.855
3312,1708826613.905
3313,1708826613.955
3314,1708826614.005
3315,1708826614.055
3316,1708826614.105
3317,1708826614.155
3318,1708826614.205
3319,1708826614.255
3320,1708826614.305
3321,1708826614.355
3322,1708826614.405
3323,1708826614.455
3324,1708826614.505
3325,1708826614.555
3326,1708826614.605
3327,1708826614.655
3328,1708826614.705
3329,1708826614.755
3330,1708826614.805
3331,1708826614.855
3332,1708826614.905
3333,1708826614.955
3334,1708826615.005
3335,1708826615.055
3336,1708826615.105
3337,1708826615.155
3338,1708826615.205
3339,1708826615.255
3340,1708826615.305
3341,1708826615.355
3342,1708826615.405
3343,1708826615.455
3344,1708826615.505
3345,1708826615.555
3346,1708826615.605
3347,1708826615.655
3348,1708826615.705
3349,1708826615.755
3350,1708826615.805
3351,1708826615.855
3352,1708826615.905
3353,1708826615.955
3354,1708826616.005
3355,1708826616.055
3356,1708826616.105
3357,1708826616.155
3358,1708826616.205
3359,1708826616.255
3360,1708826616.305
3361,1708826616.355
3362,1708826616.405
3363,1708826616.455
3364,1708826616.505
3365,1708826616.555
3366,1708826616.605
3367,1708826616.655
3368,1708826616.705
3369,1708826616.755
3370,1708826616.805
3371,1708826616.855
3372,1708826616.905
3373,1708826616.955
3374,1708826617.005
3375,1708826617.055
3376,1708826617.105
3377,1708826617.155
3378,1708826617.205
3379,1708826617.255
3380,1708826617.305
3381,1708826617.355
3382,1708826617.405
3383,1708826617.455
3384,1708826617.505
3385,1708826617.555
3386,1708826617.605
3387,1708826617.655
3388,1708826617.705
3389,1708826617.755
3390,1708826617.805
3391,1708826617.855
3392,1708826617.905
3393,1708826617.955
3394,1708826618.005
3395,1708826618.055
3396,1708826618.105
3397,1708826618.155
3398,1708826618.205
3399,1708826618.255
3400,1708826618.305
3401,1708826618.355
3402,1708826618.405
3403,1708826618.455
3404,1708826618.505
3405,1708826618.555
3406,1708826618.605
3407,1708826618.655
3408,1708826618.705
3409,1708826618.755
3410,1708826618.805
3411,1708826618.855
3412,1708826618.905
3413,1708826618.955
3414,1708826619.005
3415,1708826619.055
3416,1708826619.105
3417,1708826619.155
3418,1708826619.205
3419,1708826619.255
3420,1708826619.305
3421,1708826619.355
3422,1708826619.405
3423,1708826619.455
3424,1708826619.505
3425,1708826619.555
3426,1708826619.605
3427,1708826619.655
3428,1708826619.705
3429,1708826619.755
3430,1708826619.805
3431,1708826619.855
3432,1708826619.905
3433,1708826619.955
3434,1708826620.005
3435,1708826620.055
3436,1708826620.105
3437,1708826620.155
3438,1708826620.205
3439,1708826620.255
3440,1708826620.305
3441,1708826620.355
3442,1708826620.405
3443,1708826620.455
3444,1708826620.505
3445,1708826620.555
3446,1708826620.605
3447,1708826620.655
3448,1708826620.705
3449,1708826620.755
3450,1708826620.805
3451,1708826620.855
3452,1708826620.905
3453,1708826620.955
3454,1708826621.005
3455,1708826621.055
3456,1708826621.105
3457,1708826621.155
3458,1708826621.205
3459,1708826621.255
3460,1708826621.305
3461,1708826621.355
3462,1708826621.405
3463,1708826621.455
3464,1708826621.505
3465,1708826621.555
3466,1708826621.605
3467,1708826621.655
3468,1708826621.705
3469,1708826621.755
3470,1708826621.805
3471,1708826621.855
3472,1708826621.905
3473,1708826621.955
3474,1708826622.005
3475,1708826622.055
3476,1708826622.105
3477,1708826622.155
3478,1708826622.205
3479,1708826622.255
3480,1708826622.305
3481,1708826622.355
3482,1708826622.405
3483,1708826622.455
3484,1708826622.505
3485,1708826622.555
3486,1708826622.605
3487,1708826622.655
3488,1708826622.705
3489,1708826622.755
3490,1708826622.805
3491,1708826622.855
3492,1708826622.905
3493,1708826622.955
3494,1708826623.005
3495,1708826623.055
3496,1708826623.105
3497,1708826623.155
3498,1708826623.205
3499,1708826623.255
3500,1708826623.305
3501,1708826623.355
3502,1708826623.405
3503,1708826623.455
3504,1708826623.505
3505,1708826623.555
3506,1708826623.605
3507,1708826623.655
3508,1708826623.705
3509,1708826623.755
3510,1708826623.805
3511,1708826623.855
3512,1708826623.905
3513,1708826623.955
3514,1708826624.005
3515,1708826624.055
3516,1708826624.105
3517,1708826624.155
3518,1708826624.205
3519,1708826624.255
3520,1708826624.305
3521,1708826624.355
3522,1708826624.405
3523,1708826624.455
3524,1708826624.505
3525,1708826624.555
3526,1708826624.605
3527,1708826624.655
3528,1708826624.705
3529,1708826624.755
3530,1708826624.805
3531,1708826624.855
3532,1708826624.905
3533,1708826624.955
3534,1708826625.005
3535,1708826625.055
3536,1708826625.105
3537,1708826625.155
3538,1708826625.205
3539,1708826625.255
3540,1708826625.305
3541,1708826625.355
3542,1708826625.405
3543,1708826625.455
3544,1708826625.505
3545,1708826625.555
3546,1708826625.605
3547,1708826625.655
3548,1708826625.705
3549,1708826625.755
3550,1708826625.805
3551,1708826625.855
3552,1708826625.905
3553,1708826625.955
3554,1708826626.005
3555,1708826626.055
3556,1708826626.105
3557,1708826626.155
3558,1708826626.205
3559,1708826626.255
3560,1708826626.305
3561,1708826626.355
3562,1708826626.405
3563,1708826626.455
3564,1708826626.505
3565,1708826626.555
3566,1708826626.605
3567,1708826626.655
3568,1708826626.705
3569,1708826626.755
3570,1708826626.805
3571,1708826626.855
3572,1708826626.905
3573,1708826626.955
3574,1708826627.005
3575,1708826627.055
3576,1708826627.105
3577,1708826627.155
3578,1708826627.205
3579,1708826627.255
3580,1708826627.305
3581,1708826627.355
3582,1708826627.405
3583,1708826627.455
3584,1708826627.505
3585,1708826627.555
3586,1708826627.605
3587,1708826627.655
3588,1708826627.705
3589,1708826627.755
3590,1708826627.805
3591,1708826627.855
3592,1708826627.905
3593,1708826627.955
3594,1708826628.005
3595,1708826628.055
3596,1708826628.105
3597,1708826628.155
3598,1708826628.205
3599,1708826628.255
3600,1708826628.305
3601,1708826628.355
3602,1708826628.405
3603,1708826628.455
3604,1708826628.505
3605,1708826628.555
3606,1708826628.605
3607,1708826628.655
3608,1708826628.705
3609,1708826628.755
3610,1708826628.805
3611,1708826628.855
3612,1708826628.905
3613,1708826628.955
3614,1708826629.005
3615,1708826629.055
3616,1708826629.105
3617,1708826629.155
3618,1708826629.205
3619,1708826629.255
3620,1708826629.305
3621,1708826629.355
3622,1708826629.405
3623,1708826629.455
3624,1708826629.505
3625,1708826629.555
3626,1708826629.605
3627,1708826629.655
3628,1708826629.705
3629,1708826629.755
3630,1708826629.805
3631,1708826629.855
3632,1708826629.905
3633,1708826629.955
3634,1708826630.005
3635,1708826630.055
3636,1708826630.105
3637,1708826630.155
3638,1708826630.205
3639,1708826630.255
3640,1708826630.305
3641,1708826630.355
3642,1708826630.405
3643,1708826630.455
3644,1708826630.505
3645,1708826630.555
3646,1708826630.605
3647,1708826630.655
3648,1708826630.705
3649,1708826630.755
3650,1708826630.805
3651,1708826630.855
3652,1708826630.905
3653,1708826630.955
3654,1708826631.005
3655,1708826631.055
3656,1708826631.105
3657,1708826631.155
3658,1708826631.205
3659,1708826631.255
3660,1708826631.305
3661,1708826631.355
3662,1708826631.405
3663,1708826631.455
3664,1708826631.505
3665,1708826631.555
3666,1708826631.605
3667,1708826631.655
3668,1708826631.705
3669,1708826631.755
3670,1708826631.805
3671,1708826631.855
3672,1708826631.905
3673,1708826631.955
3674,1708826632.005
3675,1708826632.055
3676,1708826632.105
3677,1708826632.155
3678,1708826632.205
3679,1708826632.255
3680,1708826632.305
3681,1708826632.355
3682,1708826632.405
3683,1708826632.455
3684,1708826632.505
3685,1708826632.555
3686,1708826632.605
3687,1708826632.655
3688,1708826632.705
3689,1708826632.755
3690,1708826632.805
3691,1708826632.855
3692,1708826632.905
3693,1708826632.955
3694,1708826633.005
3695,1708826633.055
3696,1708826633.105
3697,1708826633.155
3698,1708826633.205
3699,1708826633.255
3700,1708826633.305
3701,1708826633.355
3702,1708826633.405
3703,1708826633.455
3704,1708826633.505
3705,1708826633.555
3706,1708826633.605
3707,1708826633.655
3708,1708826633.705
3709,1708826633.755
3710,1708826633.805
3711,1708826633.855
3712,1708826633.905
3713,1708826633.955
3714,1708826634.005
3715,1708826634.055
3716,1708826634.105
3717,1708826634.155
3718,1708826634.205
3719,1708826634.255
3720,1708826634.305
3721,1708826634.355
3722,1708826634.405
3723,1708826634.455
3724,1708826634.505
3725,1708826634.555
3726,1708826634.605
3727,1708826634.655
3728,1708826634.705
3729,1708826634.755
3730,1708826634.805
3731,1708826634.855
3732,1708826634.905
3733,1708826634.955
3734,1708826635.005
3735,1708826635.055
3736,1708826635.105
3737,1708826635.155
3738,1708826635.205
3739,1708826635.255
3740,1708826635.305
3741,1708826635.355
3742,1708826635.405
3743,1708826635.455
3744,1708826635.505
3745,1708826635.555
3746,1708826635.605
3747,1708826635.655
3748,1708826635.705
3749,1708826635.755
3750,1708826635.805
3751,1708826635.855
3752,1708826635.905
3753,1708826635.955
3754,1708826636.005
3755,1708826636.055
3756,1708826636.105
3757,1708826636.155
3758,1708826636.205
3759,1708826636.255
3760,1708826636.305
3761,1708826636.355
3762,1708826636.405
3763,1708826636.455
3764,1708826636.505
3765,1708826636.555
3766,1708826636.605
3767,1708826636.655
3768,1708826636.705
3769,1708826636.755
3770,1708826636.805
3771,1708826636.855
3772,1708826636.905
3773,1708826636.955
3774,1708826637.005
3775,1708826637.055
3776,1708826637.105
3777,1708826637.155
3778,1708826637.205
3779,1708826637.255
3780,1708826637.305
3781,1708826637.355
3782,1708826637.405
3783,1708826637.455
3784,1708826637.505
3785,1708826637.555
3786,1708826637.605
3787,1708826637.655
3788,1708826637.705
3789,1708826637.755
3790,1708826637.805
3791,1708826637.855
3792,1708826637.905
3793,1708826637.955
3794,1708826638.005
3795,1708826638.055
3796,1708826638.105
3797,1708826638.155
3798,1708826638.205
3799,1708826638.255
3800,1708826638.305
3801,1708826638.355
3802,1708826638.405
3803,1708826638.455
3804,1708826638.505
3805,1708826638.555
3806,1708826638.605
3807,1708826638.655
3808,1708826638.705
3809,1708826638.755
3810,1708826638.805
3811,1708826638.855
3812,1708826638.905
3813,1708826638.955
3814,1708826639.005
3815,1708826639.055
3816,1708826639.105
3817,1708826639.155
3818,1708826639.205
3819,1708826639.255
3820,1708826639.305
3821,1708826639.355
3822,1708826639.405
3823,1708826639.455
3824,1708826639.505
3825,1708826639.555
3826,1708826639.605
3827,1708826639.655
3828,1708826639.705
3829,1708826639.755
3830,1708826639.805
3831,1708826639.855
3832,1708826639.905
3833,1708826639.955
3834,1708826640.005
3835,1708826640.055
3836,1708826640.105
3837,1708826640.155
3838,1708826640.205
3839,1708826640.255
3840,1708826640.305
3841,1708826640.355
3842,1708826640.405
3843,1708826640.455
3844,1708826640.505
3845,1708826640.555
3846,1708826640.605
3847,1708826640.655
3848,1708826640.705
3849,1708826640.755
3850,1708826640.805
3851,1708826640.855
3852,1708826640.905
3853,1708826640.955
3854,1708826641.005
3855,1708826641.055
3856,1708826641.105
3857,1708826641.155
3858,1708826641.205
3859,1708826641.255
3860,1708826641.305
3861,1708826641.355
3862,1708826641.405
3863,1708826641.455
3864,1708826641.505
3865,1708826641.555
3866,1708826641.605
3867,1708826641.655
3868,1708826641.705
3869,1708826641.755
3870,1708826641.805
3871,1708826641.855
3872,1708826641.905
3873,1708826641.955
3874,1708826642.005
3875,1708826642.055
3876,1708826642.105
3877,1708826642.155
3878,1708826642.205
3879,1708826642.255
3880,1708826642.305
3881,1708826642.355
3882,1708826642.405
3883,1708826642.455
3884,1708826642.505
3885,1708826642.555
3886,1708826642.605
3887,1708826642.655
3888,1708826642.705
3889,1708826642.755
3890,1708826642.805
3891,1708826642.855
3892,1708826642.905
3893,1708826642.955
3894,1708826643.005
3895,1708826643.055
3896,1708826643.105
3897,1708826643.155
3898,1708826643.205
3899,1708826643.255
3900,1708826643.305
3901,1708826643.355
3902,1708826643.405
3903,1708826643.455
3904,1708826643.505
3905,1708826643.555
3906,1708826643.605
3907,1708826643.655
3908,1708826643.705
3909,1708826643.755
3910,1708826643.805
3911,1708826643.855
3912,1708826643.905
3913,1708826643.955
3914,1708826644.005
3915,1708826644.055
3916,1708826644.105
3917,1708826644.155
3918,1708826644.205
3919,1708826644.255
3920,1708826644.305
3921,1708826644.355
3922,1708826644.405
3923,1708826644.455
3924,1708826644.505
3925,1708826644.555
3926,1708826644.605
3927,1708826644.655
3928,1708826644.705
3929,1708826644.755
3930,1708826644.805
3931,1708826644.855
3932,1708826644.905
3933,1708826644.955
3934,1708826645.005
3935,1708826645.055
3936,1708826645.105
3937,1708826645.155
3938,1708826645.205
3939,1708826645.255
3940,1708826645.305
3941,1708826645.355
3942,1708826645.405
3943,1708826645.455
3944,1708826645.505
3945,1708826645.555
3946,1708826645.605
3947,1708826645.655
3948,1708826645.705
3949,1708826645.755
3950,1708826645.805
3951,1708826645.855
3952,1708826645.905
3953,1708826645.955
3954,1708826646.005
3955,1708826646.055
3956,1708826646.105
3957,1708826646.155
3958,1708826646.205
3959,1708826646.255
3960,1708826646.305
3961,1708826646.355
3962,1708826646.405
3963,1708826646.455
3964,1708826646.505
3965,1708826646.555
3966,1708826646.605
3967,1708826646.655
3968,1708826646.705
3969,1708826646.755
3970,1708826646.805
3971,1708826646.855
3972,1708826646.905
3973,1708826646.955
3974,1708826647.005
3975,1708826647.055
3976,1708826647.105
3977,1708826647.155
3978,1708826647.205
3979,1708826647.255
3980,1708826647.305
3981,1708826647.355
3982,1708826647.405
3983,1708826647.455
3984,1708826647.505
3985,1708826647.555
3986,1708826647.605
3987,1708826647.655
3988,1708826647.705
3989,1708826647.755
3990,1708826647.805
3991,1708826647.855
3992,1708826647.905
3993,1708826647.955
3994,1708826648.005
3995,1708826648.055
3996,1708826648.105
3997,1708826648.155
3998,1708826648.205
3999,1708826648.255
4000,1708826648.305
4001,1708826648.355
4002,1708826648.405
4003,1708826648.455
4004,1708826648.505
4005,1708826648.555
4006,1708826648.605
4007,1708826648.655
4008,1708826648.705
4009,1708826648.755
4010,1708826648.805
4011,1708826648.855
4012,1708826648.905
4013,1708826648.955
4014,1708826649.005
4015,1708826649.055
4016,1708826649.105
4017,1708826649.155
4018,1708826649.205
4019,1708826649.255
4020,1708826649.305
4021,1708826649.355
4022,1708826649.405
4023,1708826649.455
4024,1708826649.505
4025,1708826649.555
4026,1708826649.605
4027,1708826649.655
4028,1708826649.705
4029,1708826649.755
4030,1708826649.805
4031,1708826649.855
4032,1708826649.905
4033,1708826649.955
4034,1708826650.005
4035,1708826650.055
4036,1708826650.105
4037,1708826650.155
4038,1708826650.205
4039,1708826650.255
4040,1708826650.305
4041,1708826650.355
4042,1708826650.405
4043,1708826650.455
4044,1708826650.505
4045,1708826650.555
4046,1708826650.605
4047,1708826650.655
4048,1708826650.705
4049,1708826650.755
4050,1708826650.805
4051,1708826650.855
4052,1708826650.905
4053,1708826650.955
4054,1708826651.005
4055,1708826651.055
4056,1708826651.105
4057,1708826651.155
4058,1708826651.205
4059,1708826651.255
4060,1708826651.305
4061,1708826651.355
4062,1708826651.405
4063,1708826651.455
4064,1708826651.505
4065,1708826651.555
4066,1708826651.605
4067,1708826651.655
4068,1708826651.705
4069,1708826651.755
4070,1708826651.805
4071,1708826651.855
4072,1708826651.905
4073,1708826651.955
4074,1708826652.005
4075,1708826652.055
4076,1708826652.105
4077,1708826652.155
4078,1708826652.205
4079,1708826652.255
4080,1708826652.305
4081,1708826652.355
4082,1708826652.405
4083,1708826652.455
4084,1708826652.505
4085,1708826652.555
4086,1708826652.605
4087,1708826652.655
4088,1708826652.705
4089,1708826652.755
4090,1708826652.805
4091,1708826652.855
4092,1708826652.905
4093,1708826652.955
4094,1708826653.005
4095,1708826653.055
4096,1708826653.105
4097,1708826653.155
4098,1708826653.205
4099,1708826653.255
4100,1708826653.305
4101,1708826653.355
4102,1708826653.405
4103,1708826653.455
4104,1708826653.505
4105,1708826653.555
4106,1708826653.605
4107,1708826653.655
4108,1708826653.705
4109,1708826653.755
4110,1708826653.805
4111,1708826653.855
4112,1708826653.905
4113,1708826653.955
4114,1708826654.005
4115,1708826654.055
4116,1708826654.105
4117,1708826654.155
4118,1708826654.205
4119,1708826654.255
4120,1708826654.305
4121,1708826654.355
4122,1708826654.405
4123,1708826654.455
4124,1708826654.505
4125,1708826654.555
4126,1708826654.605
4127,1708826654.655
4128,1708826654.705
4129,1708826654.755
4130,1708826654.805
4131,1708826654.855
4132,1708826654.905
4133,1708826654.955
4134,1708826655.005
4135,1708826655.055
4136,1708826655.105
4137,1708826655.155
4138,1708826655.205
4139,1708826655.255
4140,1708826655.305
4141,1708826655.355
4142,1708826655.405
4143,1708826655.455
4144,1708826655.505
4145,1708826655.555
4146,1708826655.605
4147,1708826655.655
4148,1708826655.705
4149,1708826655.755
4150,1708826655.805
4151,1708826655.855
4152,1708826655.905
4153,1708826655.955
4154,1708826656.005
4155,1708826656.055
4156,1708826656.105
4157,1708826656.155
4158,1708826656.205
4159,1708826656.255
4160,1708826656.305
4161,1708826656.355
4162,1708826656.405
4163,1708826656.455
4164,1708826656.505
4165,1708826656.555
4166,1708826656.605
4167,1708826656.655
4168,1708826656.705
4169,1708826656.755
4170,1708826656.805
4171,1708826656.855
4172,1708826656.905
4173,1708826656.955
4174,1708826657.005
4175,1708826657.055
4176,1708826657.105
4177,1708826657.155
4178,1708826657.205
4179,1708826657.255
4180,1708826657.305
4181,1708826657.355
4182,1708826657.405
4183,1708826657.455
4184,1708826657.505
4185,1708826657.555
4186,1708826657.605
4187,1708826657.655
4188,1708826657.705
4189,1708826657.755
4190,1708826657.805
4191,1708826657.855
4192,1708826657.905
4193,1708826657.955
4194,1708826658.005
4195,1708826658.055
4196,1708826658.105
4197,1708826658.155
4198,1708826658.205
4199,1708826658.255
4200,1708826658.305
4201,1708826658.355
4202,1708826658.405
4203,1708826658.455
4204,1708826658.505
4205,1708826658.555
4206,1708826658.605
4207,1708826658.655
4208,1708826658.705
4209,1708826658.755
4210,1708826658.805
4211,1708826658.855
4212,1708826658.905
4213,1708826658.955
4214,1708826659.005
4215,1708826659.055
4216,1708826659.105
4217,1708826659.155
4218,1708826659.205
4219,1708826659.255
4220,1708826659.305
4221,1708826659.355
4222,1708826659.405
4223,1708826659.455
4224,1708826659.505
4225,1708826659.555
4226,1708826659.605
4227,1708826659.655
4228,1708826659.705
4229,1708826659.755
4230,1708826659.805
4231,1708826659.855
4232,1708826659.905
4233,1708826659.955
4234,1708826660.005
4235,1708826660.055
4236,1708826660.105
4237,1708826660.155
4238,1708826660.205
4239,1708826660.255
4240,1708826660.305
4241,1708826660.355
4242,1708826660.405
4243,1708826660.455
4244,1708826660.505
4245,1708826660.555
4246,1708826660.605
4247,1708826660.655
4248,1708826660.705
4249,1708826660.755
4250,1708826660.805
4251,1708826660.855
4252,1708826660.905
4253,1708826660.955
4254,1708826661.005
4255,1708826661.055
4256,1708826661.105
4257,1708826661.155
4258,1708826661.205
4259,1708826661.255
4260,1708826661.305
4261,1708826661.355
4262,1708826661.405
4263,1708826661.455
4264,1708826661.505
4265,1708826661.555
4266,1708826661.605
4267,1708826661.655
4268,1708826661.705
4269,1708826661.755
4270,1708826661.805
4271,1708826661.855
4272,1708826661.905
4273,1708826661.955
4274,1708826662.005
4275,1708826662.055
4276,1708826662.105
4277,1708826662.155
4278,1708826662.205
4279,1708826662.255
4280,1708826662.305
4281,1708826662.355
4282,1708826662.405
4283,1708826662.455
4284,1708826662.505
4285,1708826662.555
4286,1708826662.605
4287,1708826662.655
4288,1708826662.705
4289,1708826662.755
4290,1708826662.805
4291,1708826662.855
4292,1708826662.905
4293,1708826662.955
4294,1708826663.005
4295,1708826663.055
4296,1708826663.105
4297,1708826663.155
4298,1708826663.205
4299,1708826663.255
4300,1708826663.305
4301,1708826663.355
4302,1708826663.405
4303,1708826663.455
4304,1708826663.505
4305,1708826663.555
4306,1708826663.605
4307,1708826663.655
4308,1708826663.705
4309,1708826663.755
4310,1708826663.805
4311,1708826663.855
4312,1708826663.905
4313,1708826663.955
4314,1708826664.005
4315,1708826664.055
4316,1708826664.105
4317,1708826664.155
4318,1708826664.205
4319,1708826664.255
4320,1708826664.305
4321,1708826664.355
4322,1708826664.405
4323,1708826664.455
4324,1708826664.505
4325,1708826664.555
4326,1708826664.605
4327,1708826664.655
4328,1708826664.705
4329,1708826664.755
4330,1708826664.805
4331,1708826664.855
4332,1708826664.905
4333,1708826664.955
4334,1708826665.005
4335,1708826665.055
4336,1708826665.105
4337,1708826665.155
4338,1708826665.205
4339,1708826665.255
4340,1708826665.305
4341,1708826665.355
4342,1708826665.405
4343,1708826665.455
4344,1708826665.505
4345,1708826665.555
4346,1708826665.605
4347,1708826665.655
4348,1708826665.705
4349,1708826665.755
4350,1708826665.805
4351,1708826665.855
4352,1708826665.905
4353,1708826665.955
4354,1708826666.005
4355,1708826666.055
4356,1708826666.105
4357,1708826666.155
4358,1708826666.205
4359,1708826666.255
4360,1708826666.305
4361,1708826666.355
4362,1708826666.405
4363,1708826666.455
4364,1708826666.505
4365,1708826666.555
4366,1708826666.605
4367,1708826666.655
4368,1708826666.705
4369,1708826666.755
4370,1708826666.805
4371,1708826666.855
4372,1708826666.905
4373,1708826666.955
4374,1708826667.005
4375,1708826667.055
4376,1708826667.105
4377,1708826667.155
4378,1708826667.205
4379,1708826667.255
4380,1708826667.305
4381,1708826667.355
4382,1708826667.405
4383,1708826667.455
4384,1708826667.505
4385,1708826667.555
4386,1708826667.605
4387,1708826667.655
4388,1708826667.705
4389,1708826667.755
4390,1708826667.805
4391,1708826667.855
4392,1708826667.905
4393,1708826667.955
4394,1708826668.005
4395,1708826668.055
4396,1708826668.105
4397,1708826668.155
4398,1708826668.205
4399,1708826668.255
4400,1708826668.305
4401,1708826668.355
4402,1708826668.405
4403,1708826668.455
4404,1708826668.505
4405,1708826668.555
4406,1708826668.605
4407,1708826668.655
4408,1708826668.705
4409,1708826668.755
4410,1708826668.805
4411,1708826668.855
4412,1708826668.905
4413,1708826668.955
4414,1708826669.005
4415,1708826669.055
4416,1708826669.105
4417,1708826669.155
4418,1708826669.205
4419,1708826669.255
4420,1708826669.305
4421,1708826669.355
4422,1708826669.405
4423,1708826669.455
4424,1708826669.505
4425,1708826669.555
4426,1708826669.605
4427,1708826669.655
4428,1708826669.705
4429,1708826669.755
4430,1708826669.805
4431,1708826669.855
4432,1708826669.905
4433,1708826669.955
4434,1708826670.005
4435,1708826670.055
4436,1708826670.105
4437,1708826670.155
4438,1708826670.205
4439,1708826670.255
4440,1708826670.305
4441,1708826670.355
4442,1708826670.405
4443,1708826670.455
4444,1708826670.505
4445,1708826670.555
4446,1708826670.605
4447,1708826670.655
4448,1708826670.705
4449,1708826670.755
4450,1708826670.805
4451,1708826670.855
4452,1708826670.905
4453,1708826670.955
4454,1708826671.005
4455,1708826671.055
4456,1708826671.105
4457,1708826671.155
4458,1708826671.205
4459,1708826671.255
4460,1708826671.305
4461,1708826671.355
4462,1708826671.405
4463,1708826671.455
4464,1708826671.505
4465,1708826671.555
4466,1708826671.605
4467,1708826671.655
4468,1708826671.705
4469,1708826671.755
4470,1708826671.805
4471,1708826671.855
4472,1708826671.905
4473,1708826671.955
4474,1708826672.005
4475,1708826672.055
4476,1708826672.105
4477,1708826672.155
4478,1708826672.205
4479,1708826672.255
4480,1708826672.305
4481,1708826672.355
4482,1708826672.405
4483,1708826672.455
4484,1708826672.505
4485,1708826672.555
4486,1708826672.605
4487,1708826672.655
4488,1708826672.705
4489,1708826672.755
4490,1708826672.805
4491,1708826672.855
4492,1708826672.905
4493,1708826672.955
4494,1708826673.005
4495,1708826673.055
4496,1708826673.105
4497,1708826673.155
4498,1708826673.205
4499,1708826673.255
4500,1708826673.305
4501,1708826673.355
4502,1708826673.405
4503,1708826673.455
4504,1708826673.505
4505,1708826673.555
4506,1708826673.605
4507,1708826673.655
4508,1708826673.705
4509,1708826673.755
4510,1708826673.805
4511,1708826673.855
4512,1708826673.905
4513,1708826673.955
4514,1708826674.005
4515,1708826674.055
4516,1708826674.105
4517,1708826674.155
4518,1708826674.205
4519,1708826674.255
4520,1708826674.305
4521,1708826674.355
4522,1708826674.405
4523,1708826674.455
4524,1708826674.505
4525,1708826674.555
4526,1708826674.605
4527,1708826674.655
4528,1708826674.705
4529,1708826674.755
4530,1708826674.805
4531,1708826674.855
4532,1708826674.905
4533,1708826674.955
4534,1708826675.005
4535,1708826675.055
4536,1708826675.105
4537,1708826675.155
4538,1708826675.205
4539,1708826675.255
4540,1708826675.305
4541,1708826675.355
4542,1708826675.405
4543,1708826675.455
4544,1708826675.505
4545,1708826675.555
4546,1708826675.605
4547,1708826675.655
4548,1708826675.705
4549,1708826675.755
4550,1708826675.805
4551,1708826675.855
4552,1708826675.905
4553,1708826675.955
4554,1708826676.005
4555,1708826676.055
4556,1708826676.105
4557,1708826676.155
4558,1708826676.205
4559,1708826676.255
4560,1708826676.305
4561,1708826676.355
4562,1708826676.405
4563,1708826676.455
4564,1708826676.505
4565,1708826676.555
4566,1708826676.605
4567,1708826676.655
4568,1708826676.705
4569,1708826676.755
4570,1708826676.805
4571,1708826676.855
4572,1708826676.905
4573,1708826676.955
4574,1708826677.005
4575,1708826677.055
4576,1708826677.105
4577,1708826677.155
4578,1708826677.205
4579,1708826677.255
4580,1708826677.305
4581,1708826677.355
4582,1708826677.405
4583,1708826677.455
4584,1708826677.505
4585,1708826677.555
4586,1708826677.605
4587,1708826677.655
4588,1708826677.705
4589,1708826677.755
4590,1708826677.805
4591,1708826677.855
4592,1708826677.905
4593,1708826677.955
4594,1708826678.005
4595,1708826678.055
4596,1708826678.105
4597,1708826678.155
4598,1708826678.205
4599,1708826678.255
4600,1708826678.305
4601,1708826678.355
4602,1708826678.405
4603,1708826678.455
4604,1708826678.505
4605,1708826678.555
4606,1708826678.605
4607,1708826678.655
4608,1708826678.705
4609,1708826678.755
4610,1708826678.805
4611,1708826678.855
4612,1708826678.905
4613,1708826678.955
4614,1708826679.005
4615,1708826679.055
4616,1708826679.105
4617,1708826679.155
4618,1708826679.205
4619,1708826679.255
4620,1708826679.305
4621,1708826679.355
4622,1708826679.405
4623,1708826679.455
4624,1708826679.505
4625,1708826679.555
4626,1708826679.605
4627,1708826679.655
4628,1708826679.705
4629,1708826679.755
4630,1708826679.805
4631,1708826679.855
4632,1708826679.905
4633,1708826679.955
4634,1708826680.005
4635,1708826680.055
4636,1708826680.105
4637,1708826680.155
4638,1708826680.205
4639,1708826680.255
4640,1708826680.305
4641,1708826680.355
4642,1708826680.405
4643,1708826680.455
4644,1708826680.505
4645,1708826680.555
4646,1708826680.605
4647,1708826680.655
4648,1708826680.705
4649,1708826680.755
4650,1708826680.805
4651,1708826680.855
4652,1708826680.905
4653,1708826680.955
4654,1708826681.005
4655,1708826681.055
4656,1708826681.105
4657,1708826681.155
4658,1708826681.205
4659,1708826681.255
4660,1708826681.305
4661,1708826681.355
4662,1708826681.405
4663,1708826681.455
4664,1708826681.505
4665,1708826681.555
4666,1708826681.605
4667,1708826681.655
4668,1708826681.705
4669,1708826681.755
4670,1708826681.805
4671,1708826681.855
4672,1708826681.905
4673,1708826681.955
4674,1708826682.005
4675,1708826682.055
4676,1708826682.105
4677,1708826682.155
4678,1708826682.205
4679,1708826682.255
4680,1708826682.305
4681,1708826682.355
4682,1708826682.405
4683,1708826682.455
4684,1708826682.505
4685,1708826682.555
4686,1708826682.605
4687,1708826682.655
4688,1708826682.705
4689,1708826682.755
4690,1708826682.805
4691,1708826682.855
4692,1708826682.905
4693,1708826682.955
4694,1708826683.005
4695,1708826683.055
4696,1708826683.105
4697,1708826683.155
4698,1708826683.205
4699,1708826683.255
4700,1708826683.305
4701,1708826683.355
4702,1708826683.405
4703,1708826683.455
4704,1708826683.505
4705,1708826683.555
4706,1708826683.605
4707,1708826683.655
4708,1708826683.705
4709,1708826683.755
4710,1708826683.805
4711,1708826683.855
4712,1708826683.905
4713,1708826683.955
4714,1708826684.005
4715,1708826684.055
4716,1708826684.105
4717,1708826684.155
4718,1708826684.205
4719,1708826684.255
4720,1708826684.305
4721,1708826684.355
4722,1708826684.405
4723,1708826684.455
4724,1708826684.505
4725,1708826684.555
4726,1708826684.605
4727,1708826684.655
4728,1708826684.705
4729,1708826684.755
4730,1708826684.805
4731,1708826684.855
4732,1708826684.905
4733,1708826684.955
4734,1708826685.005
4735,1708826685.055
4736,1708826685.105
4737,1708826685.155
4738,1708826685.205
4739,1708826685.255
4740,1708826685.305
4741,1708826685.355
4742,1708826685.405
4743,1708826685.455
4744,1708826685.505
4745,1708826685.555
4746,1708826685.605
4747,1708826685.655
4748,1708826685.705
4749,1708826685.755
4750,1708826685.805
4751,1708826685.855
4752,1708826685.905
4753,1708826685.955
4754,1708826686.005
4755,1708826686.055
4756,1708826686.105
4757,1708826686.155
4758,1708826686.205
4759,1708826686.255
4760,1708826686.305
4761,1708826686.355
4762,1708826686.405
4763,1708826686.455
4764,1708826686.505
4765,1708826686.555
4766,1708826686.605
4767,1708826686.655
4768,1708826686.705
4769,1708826686.755
4770,1708826686.805
4771,1708826686.855
4772,1708826686.905
4773,1708826686.955
4774,1708826687.005
4775,1708826687.055
4776,1708826687.105
4777,1708826687.155
4778,1708826687.205
4779,1708826687.255
4780,1708826687.305
4781,1708826687.355
4782,1708826687.405
4783,1708826687.455
4784,1708826687.505
4785,1708826687.555
4786,1708826687.605
4787,1708826687.655
4788,1708826687.705
4789,1708826687.755
4790,1708826687.805
4791,1708826687.855
4792,1708826687.905
4793,1708826687.955
4794,1708826688.005
4795,1708826688.055
4796,1708826688.105
4797,1708826688.155
4798,1708826688.205
4799,1708826688.255
4800,1708826688.305
4801,1708826688.355
4802,1708826688.405
4803,1708826688.455
4804,1708826688.505
4805,1708826688.555
4806,1708826688.605
4807,1708826688.655
4808,1708826688.705
4809,1708826688.755
4810,1708826688.805
4811,1708826688.855
4812,1708826688.905
4813,1708826688.955
4814,1708826689.005
4815,1708826689.055
4816,1708826689.105
4817,1708826689.155
4818,1708826689.205
4819,1708826689.255
4820,1708826689.305
4821,1708826689.355
4822,1708826689.405
4823,1708826689.455
4824,1708826689.505
4825,1708826689.555
4826,1708826689.605
4827,1708826689.655
4828,1708826689.705
4829,1708826689.755
4830,1708826689.805
4831,1708826689.855
4832,1708826689.905
4833,1708826689.955
4834,1708826690.005
4835,1708826690.055
4836,1708826690.105
4837,1708826690.155
4838,1708826690.205
4839,1708826690.255
4840,1708826690.305
4841,1708826690.355
4842,1708826690.405
4843,1708826690.455
4844,1708826690.505
4845,1708826690.555
4846,1708826690.605
4847,1708826690.655
4848,1708826690.705
4849,1708826690.755
4850,1708826690.805
4851,1708826690.855
4852,1708826690.905
4853,1708826690.955
4854,1708826691.005
4855,1708826691.055
4856,1708826691.105
4857,1708826691.155
4858,1708826691.205
4859,1708826691.255
4860,1708826691.305
4861,1708826691.355
4862,1708826691.405
4863,1708826691.455
4864,1708826691.505
4865,1708826691.555
4866,1708826691.605
4867,1708826691.655
4868,1708826691.705
4869,1708826691.755
4870,1708826691.805
4871,1708826691.855
4872,1708826691.905
4873,1708826691.955
4874,1708826692.005
4875,1708826692.055
4876,1708826692.105
4877,1708826692.155
4878,1708826692.205
4879,1708826692.255
4880,1708826692.305
4881,1708826692.355
4882,1708826692.405
4883,1708826692.455
4884,1708826692.505
4885,1708826692.555
4886,1708826692.605
4887,1708826692.655
4888,1708826692.705
4889,1708826692.755
4890,1708826692.805
4891,1708826692.855
4892,1708826692.905
4893,1708826692.955
4894,1708826693.005
4895,1708826693.055
4896,1708826693.105
4897,1708826693.155
4898,1708826693.205
4899,1708826693.255
4900,1708826693.305
4901,1708826693.355
4902,1708826693.405
4903,1708826693.455
4904,1708826693.505
4905,1708826693.555
4906,1708826693.605
4907,1708826693.655
4908,1708826693.705
4909,1708826693.755
4910,1708826693.805
4911,1708826693.855
4912,1708826693.905
4913,1708826693.955
4914,1708826694.005
4915,1708826694.055
4916,1708826694.105
4917,1708826694.155
4918,1708826694.205
4919,1708826694.255
4920,1708826694.305
4921,1708826694.355
4922,1708826694.405
4923,1708826694.455
4924,1708826694.505
4925,1708826694.555
4926,1708826694.605
4927,1708826694.655
4928,1708826694.705
4929,1708826694.755
4930,1708826694.805
4931,1708826694.855
4932,1708826694.905
4933,1708826694.955
4934,1708826695.005
4935,1708826695.055
4936,1708826695.105
4937,1708826695.155
4938,1708826695.205
4939,1708826695.255
4940,1708826695.305
4941,1708826695.355
4942,1708826695.405
4943,1708826695.455
4944,1708826695.505
4945,1708826695.555
4946,1708826695.605
4947,1708826695.655
4948,1708826695.705
4949,1708826695.755
4950,1708826695.805
4951,1708826695.855
4952,1708826695.905
4953,1708826695.955
4954,1708826696.005
4955,1708826696.055
4956,1708826696.105
4957,1708826696.155
4958,1708826696.205
4959,1708826696.255
4960,1708826696.305
4961,1708826696.355
4962,1708826696.405
4963,1708826696.455
4964,1708826696.505
4965,1708826696.555
4966,1708826696.605
4967,1708826696.655
4968,1708826696.705
4969,1708826696.755
4970,1708826696.805
4971,1708826696.855
4972,1708826696.905
4973,1708826696.955
4974,1708826697.005
4975,1708826697.055
4976,1708826697.105
4977,1708826697.155
4978,1708826697.205
4979,1708826697.255
4980,1708826697.305
4981,1708826697.355
4982,1708826697.405
4983,1708826697.455
4984,1708826697.505
4985,1708826697.555
4986,1708826697.605
4987,1708826697.655
4988,1708826697.705
4989,1708826697.755
4990,1708826697.805
4991,1708826697.855
4992,1708826697.905
4993,1708826697.955
4994,1708826698.005
4995,1708826698.055
4996,1708826698.105
4997,1708826698.155
4998,1708826698.205
4999,1708826698.255
5000,1708826698.305
5001,1708826698.355
5002,1708826698.405
5003,1708826698.455
5004,1708826698.505
5005,1708826698.555
5006,1708826698.605
5007,1708826698.655
5008,1708826698.705
5009,1708826698.755
5010,1708826698.805
5011,1708826698.855
5012,1708826698.905
5013,1708826698.955
5014,1708826699.005
5015,1708826699.055
5016,1708826699.105
5017,1708826699.155
5018,1708826699.205
5019,1708826699.255
5020,1708826699.305
5021,1708826699.355
5022,1708826699.405
5023,1708826699.455
5024,1708826699.505
5025,1708826699.555
5026,1708826699.605
5027,1708826699.655
5028,1708826699.705
5029,1708826699.755
5030,1708826699.805
5031,1708826699.855
5032,1708826699.905
5033,1708826699.955
5034,1708826700.005
5035,1708826700.055
5036,1708826700.105
5037,1708826700.155
5038,1708826700.205
5039,1708826700.255
5040,1708826700.305
5041,1708826700.355
5042,1708826700.405
5043,1708826700.455
5044,1708826700.505
5045,1708826700.555
5046,1708826700.605
5047,1708826700.655
5048,1708826700.705
5049,1708826700.755
5050,1708826700.805
5051,1708826700.855
5052,1708826700.905
5053,1708826700.955
5054,1708826701.005
5055,1708826701.055
5056,1708826701.105
5057,1708826701.155
5058,1708826701.205
5059,1708826701.255
5060,1708826701.305
5061,1708826701.355
5062,1708826701.405
5063,1708826701.455
5064,1708826701.505
5065,1708826701.555
5066,1708826701.605
5067,1708826701.655
5068,1708826701.705
5069,1708826701.755
5070,1708826701.805
5071,1708826701.855
5072,1708826701.905
5073,1708826701.955
5074,1708826702.005
5075,1708826702.055
5076,1708826702.105
5077,1708826702.155
5078,1708826702.205
5079,1708826702.255
5080,1708826702.305
5081,1708826702.355
5082,1708826702.405
5083,1708826702.455
5084,1708826702.505
5085,1708826702.555
5086,1708826702.605
5087,1708826702.655
5088,1708826702.705
5089,1708826702.755
5090,1708826702.805
5091,1708826702.855
5092,1708826702.905
5093,1708826702.955
5094,1708826703.005
5095,1708826703.055
5096,1708826703.105
5097,1708826703.155
5098,1708826703.205
5099,1708826703.255
5100,1708826703.305
5101,1708826703.355
5102,1708826703.405
5103,1708826703.455
5104,1708826703.505
5105,1708826703.555
5106,1708826703.605
5107,1708826703.655
5108,1708826703.705
5109,1708826703.755
5110,1708826703.805
5111,1708826703.855
5112,1708826703.905
5113,1708826703.955
5114,1708826704.005
5115,1708826704.055
5116,1708826704.105
5117,1708826704.155
5118,1708826704.205
5119,1708826704.255
5120,1708826704.305
5121,1708826704.355
5122,1708826704.405
5123,1708826704.455
5124,1708826704.505
5125,1708826704.555
5126,1708826704.605
5127,1708826704.655
5128,1708826704.705
5129,1708826704.755
5130,1708826704.805
5131,1708826704.855
5132,1708826704.905
5133,1708826704.955
5134,1708826705.005
5135,1708826705.055
5136,1708826705.105
5137,1708826705.155
5138,1708826705.205
5139,1708826705.255
5140,1708826705.305
5141,1708826705.355
5142,1708826705.405
5143,1708826705.455
5144,1708826705.505
5145,1708826705.555
5146,1708826705.605
5147,1708826705.655
5148,1708826705.705
5149,1708826705.755
5150,1708826705.805
5151,1708826705.855
5152,1708826705.905
5153,1708826705.955
5154,1708826706.005
5155,1708826706.055
5156,1708826706.105
5157,1708826706.155
5158,1708826706.205
5159,1708826706.255
5160,1708826706.305
5161,1708826706.355
5162,1708826706.405
5163,1708826706.455
5164,1708826706.505
5165,1708826706.555
5166,1708826706.605
5167,1708826706.655
5168,1708826706.705
5169,1708826706.755
5170,1708826706.805
5171,1708826706.855
5172,1708826706.905
5173,1708826706.955
5174,1708826707.005
5175,1708826707.055
5176,1708826707.105
5177,1708826707.155
5178,1708826707.205
5179,1708826707.255
5180,1708826707.305
5181,1708826707.355
5182,1708826707.405
5183,1708826707.455
5184,1708826707.505
5185,1708826707.555
5186,1708826707.605
5187,1708826707.655
5188,1708826707.705
5189,1708826707.755
5190,1708826707.805
5191,1708826707.855
5192,1708826707.905
5193,1708826707.955
5194,1708826708.005
5195,1708826708.055
5196,1708826708.105
5197,1708826708.155
5198,1708826708.205
5199,1708826708.255
5200,1708826708.305
5201,1708826708.355
5202,1708826708.405
5203,1708826708.455
5204,1708826708.505
5205,1708826708.555
5206,1708826708.605
5207,1708826708.655
5208,1708826708.705
5209,1708826708.755
5210,1708826708.805
5211,1708826708.855
5212,1708826708.905
5213,1708826708.955
5214,1708826709.005
5215,1708826709.055
5216,1708826709.105
5217,1708826709.155
5218,1708826709.205
5219,1708826709.255
5220,1708826709.305
5221,1708826709.355
5222,1708826709.405
5223,1708826709.455
5224,1708826709.505
5225,1708826709.555
5226,1708826709.605
5227,1708826709.655
5228,1708826709.705
5229,1708826709.755
5230,1708826709.805
5231,1708826709.855
5232,1708826709.905
5233,1708826709.955
5234,1708826710.005
5235,1708826710.055
5236,1708826710.105
5237,1708826710.155
5238,1708826710.205
5239,1708826710.255
5240,1708826710.305
5241,1708826710.355
5242,1708826710.405
5243,1708826710.455
5244,1708826710.505
5245,1708826710.555
5246,1708826710.605
5247,1708826710.655
5248,1708826710.705
5249,1708826710.755
5250,1708826710.805
5251,1708826710.855
5252,1708826710.905
5253,1708826710.955
5254,1708826711.005
5255,1708826711.055
5256,1708826711.105
5257,1708826711.155
5258,1708826711.205
5259,1708826711.255
5260,1708826711.305
5261,1708826711.355
5262,1708826711.405
5263,1708826711.455
5264,1708826711.505
5265,1708826711.555
5266,1708826711.605
5267,1708826711.655
5268,1708826711.705
5269,1708826711.755
5270,1708826711.805
5271,1708826711.855
5272,1708826711.905
5273,1708826711.955
5274,1708826712.005
5275,1708826712.055
5276,1708826712.105
5277,1708826712.155
5278,1708826712.205
5279,1708826712.255
5280,1708826712.305
5281,1708826712.355
5282,1708826712.405
5283,1708826712.455
5284,1708826712.505
5285,1708826712.555
5286,1708826712.605
5287,1708826712.655
5288,1708826712.705
5289,1708826712.755
5290,1708826712.805
5291,1708826712.855
5292,1708826712.905
5293,1708826712.955
5294,1708826713.005
5295,1708826713.055
5296,1708826713.105
5297,1708826713.155
5298,1708826713.205
5299,1708826713.255
5300,1708826713.305
5301,1708826713.355
5302,1708826713.405
5303,1708826713.455
5304,1708826713.505
5305,1708826713.555
5306,1708826713.605
5307,1708826713.655
5308,1708826713.705
5309,1708826713.755
5310,1708826713.805
5311,1708826713.855
5312,1708826713.905
5313,1708826713.955
5314,1708826714.005
5315,1708826714.055
5316,1708826714.105
5317,1708826714.155
5318,1708826714.205
5319,1708826714.255
5320,1708826714.305
5321,1708826714.355
5322,1708826714.405
5323,1708826714.455
5324,1708826714.505
5325,1708826714.555
5326,1708826714.605
5327,1708826714.655
5328,1708826714.705
5329,1708826714.755
5330,1708826714.805
5331,1708826714.855
5332,1708826714.905
5333,1708826714.955
5334,1708826715.005
5335,1708826715.055
5336,1708826715.105
5337,1708826715.155
5338,1708826715.205
5339,1708826715.255
5340,1708826715.305
5341,1708826715.355
5342,1708826715.405
5343,1708826715.455
5344,1708826715.505
5345,1708826715.555
5346,1708826715.605
5347,1708826715.655
5348,1708826715.705
5349,1708826715.755
5350,1708826715.805
5351,1708826715.855
5352,1708826715.905
5353,1708826715.955
5354,1708826716.005
5355,1708826716.055
5356,1708826716.105
5357,1708826716.155
5358,1708826716.205
5359,1708826716.255
5360,1708826716.305
5361,1708826716.355
5362,1708826716.405
5363,1708826716.455
5364,1708826716.505
5365,1708826716.555
5366,1708826716.605
5367,1708826716.655
5368,1708826716.705
5369,1708826716.755
5370,1708826716.805
5371,1708826716.855
5372,1708826716.905
5373,1708826716.955
5374,1708826717.005
5375,1708826717.055
5376,1708826717.105
5377,1708826717.155
5378,1708826717.205
5379,1708826717.255
5380,1708826717.305
5381,1708826717.355
5382,1708826717.405
5383,1708826717.455
5384,1708826717.505
5385,1708826717.555
5386,1708826717.605
5387,1708826717.655
5388,1708826717.705
5389,1708826717.755
5390,1708826717.805
5391,1708826717.855
5392,1708826717.905
5393,1708826717.955
5394,1708826718.005
5395,1708826718.055
5396,1708826718.105
5397,1708826718.155
5398,1708826718.205
5399,1708826718.255
5400,1708826718.305
5401,1708826718.355
5402,1708826718.405
5403,1708826718.455
5404,1708826718.505
5405,1708826718.555
5406,1708826718.605
5407,1708826718.655
5408,1708826718.705
5409,1708826718.755
5410,1708826718.805
5411,1708826718.855
5412,1708826718.905
5413,1708826718.955
5414,1708826719.005
5415,1708826719.055
5416,1708826719.105
5417,1708826719.155
5418,1708826719.205
5419,1708826719.255
5420,1708826719.305
5421,1708826719.355
5422,1708826719.405
5423,1708826719.455
5424,1708826719.505
5425,1708826719.555
5426,1708826719.605
5427,1708826719.655
5428,1708826719.705
5429,1708826719.755
5430,1708826719.805
5431,1708826719.855
5432,1708826719.905
5433,1708826719.955
5434,1708826720.005
5435,1708826720.055
5436,1708826720.105
5437,1708826720.155
5438,1708826720.205
5439,1708826720.255
5440,1708826720.305
5441,1708826720.355
5442,1708826720.405
5443,1708826720.455
5444,1708826720.505
5445,1708826720.555
5446,1708826720.605
5447,1708826720.655
5448,1708826720.705
5449,1708826720.755
5450,1708826720.805
5451,1708826720.855
5452,1708826720.905
5453,1708826720.955
5454,1708826721.005
5455,1708826721.055
5456,1708826721.105
5457,1708826721.155
5458,1708826721.205
5459,1708826721.255
5460,1708826721.305
5461,1708826721.355
5462,1708826721.405
5463,1708826721.455
5464,1708826721.505
5465,1708826721.555
5466,1708826721.605
5467,1708826721.655
5468,1708826721.705
5469,1708826721.755
5470,1708826721.805
5471,1708826721.855
5472,1708826721.905
5473,1708826721.955
5474,1708826722.005
5475,1708826722.055
5476,1708826722.105
5477,1708826722.155
5478,1708826722.205
5479,1708826722.255
5480,1708826722.305
5481,1708826722.355
5482,1708826722.405
5483,1708826722.455
5484,1708826722.505
5485,1708826722.555
5486,1708826722.605
5487,1708826722.655
5488,1708826722.705
5489,1708826722.755
5490,1708826722.805
5491,1708826722.855
5492,1708826722.905
5493,1708826722.955
5494,1708826723.005
5495,1708826723.055
5496,1708826723.105
5497,1708826723.155
5498,1708826723.205
5499,1708826723.255
5500,1708826723.305
5501,1708826723.355
5502,1708826723.405
5503,1708826723.455
5504,1708826723.505
5505,1708826723.555
5506,1708826723.605
5507,1708826723.655
5508,1708826723.705
5509,1708826723.755
5510,1708826723.805
5511,1708826723.855
5512,1708826723.905
5513,1708826723.955
5514,1708826724.005
5515,1708826724.055
5516,1708826724.105
5517,1708826724.155
5518,1708826724.205
5519,1708826724.255
5520,1708826724.305
5521,1708826724.355
5522,1708826724.405
5523,1708826724.455
5524,1708826724.505
5525,1708826724.555
5526,1708826724.605
5527,1708826724.655
5528,1708826724.705
5529,1708826724.755
5530,1708826724.805
5531,1708826724.855
5532,1708826724.905
5533,1708826724.955
5534,1708826725.005
5535,1708826725.055
5536,1708826725.105
5537,1708826725.155
5538,1708826725.205
5539,1708826725.255
5540,1708826725.305
5541,1708826725.355
5542,1708826725.405
5543,1708826725.455
5544,1708826725.505
5545,1708826725.555
5546,1708826725.605
5547,1708826725.655
5548,1708826725.705
5549,1708826725.755
5550,1708826725.805
5551,1708826725.855
5552,1708826725.905
5553,1708826725.955
5554,1708826726.005
5555,1708826726.055
5556,1708826726.105
5557,1708826726.155
5558,1708826726.205
5559,1708826726.255
5560,1708826726.305
5561,1708826726.355
5562,1708826726.405
5563,1708826726.455
5564,1708826726.505
5565,1708826726.555
5566,1708826726.605
5567,1708826726.655
5568,1708826726.705
5569,1708826726.755
5570,1708826726.805
5571,1708826726.855
5572,1708826726.905
5573,1708826726.955
5574,1708826727.005
5575,1708826727.055
5576,1708826727.105
5577,1708826727.155
5578,1708826727.205
5579,1708826727.255
5580,1708826727.305
5581,1708826727.355
5582,1708826727.405
5583,1708826727.455
5584,1708826727.505
5585,1708826727.555
5586,1708826727.605
5587,1708826727.655
5588,1708826727.705
5589,1708826727.755
5590,1708826727.805
5591,1708826727.855
5592,1708826727.905
5593,1708826727.955
5594,1708826728.005
5595,1708826728.055
5596,1708826728.105
5597,1708826728.155
5598,1708826728.205
5599,1708826728.255
5600,1708826728.305
5601,1708826728.355
5602,1708826728.405
5603,1708826728.455
5604,1708826728.505
5605,1708826728.555
5606,1708826728.605
5607,1708826728.655
5608,1708826728.705
5609,1708826728.755
5610,1708826728.805
5611,1708826728.855
5612,1708826728.905
5613,1708826728.955
5614,1708826729.005
5615,1708826729.055
5616,1708826729.105
5617,1708826729.155
5618,1708826729.205
5619,1708826729.255
5620,1708826729.305
5621,1708826729.355
5622,1708826729.405
5623,1708826729.455
5624,1708826729.505
5625,1708826729.555
5626,1708826729.605
5627,1708826729.655
5628,1708826729.705
5629,1708826729.755
5630,1708826729.805
5631,1708826729.855
5632,1708826729.905
5633,1708826729.955
5634,1708826730.005
5635,1708826730.055
5636,1708826730.105
5637,1708826730.155
5638,1708826730.205
5639,1708826730.255
5640,1708826730.305
5641,1708826730.355
5642,1708826730.405
5643,1708826730.455
5644,1708826730.505
5645,1708826730.555
5646,1708826730.605
5647,1708826730.655
5648,1708826730.705
5649,1708826730.755
5650,1708826730.805
5651,1708826730.855
5652,1708826730.905
5653,1708826730.955
5654,1708826731.005
5655,1708826731.055
5656,1708826731.105
5657,1708826731.155
5658,1708826731.205
5659,1708826731.255
5660,1708826731.305
5661,1708826731.355
5662,1708826731.405
5663,1708826731.455
5664,1708826731.505
5665,1708826731.555
5666,1708826731.605
5667,1708826731.655
5668,1708826731.705
5669,1708826731.755
5670,1708826731.805
5671,1708826731.855
5672,1708826731.905
5673,1708826731.955
5674,1708826732.005
5675,1708826732.055
5676,1708826732.105
5677,1708826732.155
5678,1708826732.205
5679,1708826732.255
5680,1708826732.305
5681,1708826732.355
5682,1708826732.405
5683,1708826732.455
5684,1708826732.505
5685,1708826732.555
5686,1708826732.605
5687,1708826732.655
5688,1708826732.705
5689,1708826732.755
5690,1708826732.805
5691,1708826732.855
5692,1708826732.905
5693,1708826732.955
5694,1708826733.005
5695,1708826733.055
5696,1708826733.105
5697,1708826733.155
5698,1708826733.205
5699,1708826733.255
5700,1708826733.305
5701,1708826733.355
5702,1708826733.405
5703,1708826733.455
5704,1708826733.505
5705,1708826733.555
5706,1708826733.605
5707,1708826733.655
5708,1708826733.705
5709,1708826733.755
5710,1708826733.805
5711,1708826733.855
5712,1708826733.905
5713,1708826733.955
5714,1708826734.005
5715,1708826734.055
5716,1708826734.105
5717,1708826734.155
5718,1708826734.205
5719,1708826734.255
5720,1708826734.305
5721,1708826734.355
5722,1708826734.405
5723,1708826734.455
5724,1708826734.505
5725,1708826734.555
5726,1708826734.605
5727,1708826734.655
5728,1708826734.705
5729,1708826734.755
5730,1708826734.805
5731,1708826734.855
5732,1708826734.905
5733,1708826734.955
5734,1708826735.005
5735,1708826735.055
5736,1708826735.105
5737,1708826735.155
5738,1708826735.205
5739,1708826735.255
5740,1708826735.305
5741,1708826735.355
5742,1708826735.405
5743,1708826735.455
5744,1708826735.505
5745,1708826735.555
5746,1708826735.605
5747,1708826735.655
5748,1708826735.705
5749,1708826735.755
5750,1708826735.805
5751,1708826735.855
5752,1708826735.905
5753,1708826735.955
5754,1708826736.005
5755,1708826736.055
5756,1708826736.105
5757,1708826736.155
5758,1708826736.205
5759,1708826736.255
5760,1708826736.305
5761,1708826736.355
5762,1708826736.405
5763,1708826736.455
5764,1708826736.505
5765,1708826736.555
5766,1708826736.605
5767,1708826736.655
5768,1708826736.705
5769,1708826736.755
5770,1708826736.805
5771,1708826736.855
5772,1708826736.905
5773,1708826736.955
5774,1708826737.005
5775,1708826737.055
5776,1708826737.105
5777,1708826737.155
5778,1708826737.205
5779,1708826737.255
5780,1708826737.305
5781,1708826737.355
5782,1708826737.405
5783,1708826737.455
5784,1708826737.505
5785,1708826737.555
5786,1708826737.605
5787,1708826737.655
5788,1708826737.705
5789,1708826737.755
5790,1708826737.805
5791,1708826737.855
5792,1708826737.905
5793,1708826737.955
5794,1708826738.005
5795,1708826738.055
5796,1708826738.105
5797,1708826738.155
5798,1708826738.205
5799,1708826738.255
5800,1708826738.305
5801,1708826738.355
5802,1708826738.405
5803,1708826738.455
5804,1708826738.505
5805,1708826738.555
5806,1708826738.605
5807,1708826738.655
5808,1708826738.705
5809,1708826738.755
5810,1708826738.805
5811,1708826738.855
5812,1708826738.905
5813,1708826738.955
5814,1708826739.005
5815,1708826739.055
5816,1708826739.105
5817,1708826739.155
5818,1708826739.205
5819,1708826739.255
5820,1708826739.305
5821,1708826739.355
5822,1708826739.405
5823,1708826739.455
5824,1708826739.505
5825,1708826739.555
5826,1708826739.605
5827,1708826739.655
5828,1708826739.705
5829,1708826739.755
5830,1708826739.805
5831,1708826739.855
5832,1708826739.905
5833,1708826739.955
5834,1708826740.005
5835,1708826740.055
5836,1708826740.105
5837,1708826740.155
5838,1708826740.205
5839,1708826740.255
5840,1708826740.305
5841,1708826740.355
5842,1708826740.405
5843,1708826740.455
5844,1708826740.505
5845,1708826740.555
5846,1708826740.605
5847,1708826740.655
5848,1708826740.705
5849,1708826740.755
5850,1708826740.805
5851,1708826740.855
5852,1708826740.905
5853,1708826740.955
5854,1708826741.005
5855,1708826741.055
5856,1708826741.105
5857,1708826741.155
5858,1708826741.205
5859,1708826741.255
5860,1708826741.305
5861,1708826741.355
5862,1708826741.405
5863,1708826741.455
5864,1708826741.505
5865,1708826741.555
5866,1708826741.605
5867,1708826741.655
5868,1708826741.705
5869,1708826741.755
5870,1708826741.805
5871,1708826741.855
5872,1708826741.905
5873,1708826741.955
5874,1708826742.005
5875,1708826742.055
5876,1708826742.105
5877,1708826742.155
5878,1708826742.205
5879,1708826742.255
5880,1708826742.305
5881,1708826742.355
5882,1708826742.405
5883,1708826742.455
5884,1708826742.505
5885,1708826742.555
5886,1708826742.605
5887,1708826742.655
5888,1708826742.705
5889,1708826742.755
5890,1708826742.805
5891,1708826742.855
5892,1708826742.905
5893,1708826742.955
5894,1708826743.005
5895,1708826743.055
5896,1708826743.105
5897,1708826743.155
5898,1708826743.205
5899,1708826743.255
5900,1708826743.305
5901,1708826743.355
5902,1708826743.405
5903,1708826743.455
5904,1708826743.505
5905,1708826743.555
5906,1708826743.605
5907,1708826743.655
5908,1708826743.705
5909,1708826743.755
5910,1708826743.805
5911,1708826743.855
5912,1708826743.905
5913,1708826743.955
5914,1708826744.005
5915,1708826744.055
5916,1708826744.105
5917,1708826744.155
5918,1708826744.205
5919,1708826744.255
5920,1708826744.305
5921,1708826744.355
5922,1708826744.405
5923,1708826744.455
5924,1708826744.505
5925,1708826744.555
5926,1708826744.605
5927,1708826744.655
5928,1708826744.705
5929,1708826744.755
5930,1708826744.805
5931,1708826744.855
5932,1708826744.905
5933,1708826744.955
5934,1708826745.005
5935,1708826745.055
5936,1708826745.105
5937,1708826745.155
5938,1708826745.205
5939,1708826745.255
5940,1708826745.305
5941,1708826745.355
5942,1708826745.405
5943,1708826745.455
5944,1708826745.505
5945,1708826745.555
5946,1708826745.605
5947,1708826745.655
5948,1708826745.705
5949,1708826745.755
5950,1708826745.805
5951,1708826745.855
5952,1708826745.905
5953,1708826745.955
5954,1708826746.005
5955,1708826746.055
5956,1708826746.105
5957,1708826746.155
5958,1708826746.205
5959,1708826746.255
5960,1708826746.305
5961,1708826746.355
5962,1708826746.405
5963,1708826746.455
5964,1708826746.505
5965,1708826746.555
5966,1708826746.605
5967,1708826746.655
5968,1708826746.705
5969,1708826746.755
5970,1708826746.805
5971,1708826746.855
5972,1708826746.905
5973,1708826746.955
5974,1708826747.005
5975,1708826747.055
5976,1708826747.105
5977,1708826747.155
5978,1708826747.205
5979,1708826747.255
5980,1708826747.305
5981,1708826747.355
5982,1708826747.405
5983,1708826747.455
5984,1708826747.505
5985,1708826747.555
5986,1708826747.605
5987,1708826747.655
5988,1708826747.705
5989,1708826747.755
5990,1708826747.805
5991,1708826747.855
5992,1708826747.905
5993,1708826747.955
5994,1708826748.005
5995,1708826748.055
5996,1708826748.105
5997,1708826748.155
5998,1708826748.205
5999,1708826748.255
6000,1708826748.305
6001,1708826748.355
6002,1708826748.405
6003,1708826748.455
6004,1708826748.505
6005,1708826748.555
6006,1708826748.605
6007,1708826748.655
6008,1708826748.705
6009,1708826748.755
6010,1708826748.805
6011,1708826748.855
6012,1708826748.905
6013,1708826748.955
6014,1708826749.005
6015,1708826749.055
6016,1708826749.105
6017,1708826749.155
6018,1708826749.205
6019,1708826749.255
6020,1708826749.305
6021,1708826749.355
6022,1708826749.405
6023,1708826749.455
6024,1708826749.505
6025,1708826749.555
6026,1708826749.605
6027,1708826749.655
6028,1708826749.705
6029,1708826749.755
6030,1708826749.805
6031,1708826749.855
6032,1708826749.905
6033,1708826749.955
6034,1708826750.005
6035,1708826750.055
6036,1708826750.105
6037,1708826750.155
6038,1708826750.205
6039,1708826750.255
6040,1708826750.305
6041,1708826750.355
6042,1708826750.405
6043,1708826750.455
6044,1708826750.505
6045,1708826750.555
6046,1708826750.605
6047,1708826750.655
6048,1708826750.705
6049,1708826750.755
6050,1708826750.805
6051,1708826750.855
6052,1708826750.905
6053,1708826750.955
6054,1708826751.005
6055,1708826751.055
6056,1708826751.105
6057,1708826751.155
6058,1708826751.205
6059,1708826751.255
6060,1708826751.305
6061,1708826751.355
6062,1708826751.405
6063,1708826751.455
6064,1708826751.505
6065,1708826751.555
6066,1708826751.605
6067,1708826751.655
6068,1708826751.705
6069,1708826751.755
6070,1708826751.805
6071,1708826751.855
6072,1708826751.905
6073,1708826751.955
6074,1708826752.005
6075,1708826752.055
6076,1708826752.105
6077,1708826752.155
6078,1708826752.205
6079,1708826752.255
6080,1708826752.305
6081,1708826752.355
6082,1708826752.405
6083,1708826752.455
6084,1708826752.505
6085,1708826752.555
6086,1708826752.605
6087,1708826752.655
6088,1708826752.705
6089,1708826752.755
6090,1708826752.805
6091,1708826752.855
6092,1708826752.905
6093,1708826752.955
6094,1708826753.005
6095,1708826753.055
6096,1708826753.105
6097,1708826753.155
6098,1708826753.205
6099,1708826753.255
6100,1708826753.305
6101,1708826753.355
6102,1708826753.405
6103,1708826753.455
6104,1708826753.505
6105,1708826753.555
6106,1708826753.605
6107,1708826753.655
6108,1708826753.705
6109,1708826753.755
6110,1708826753.805
6111,1708826753.855
6112,1708826753.905
6113,1708826753.955
6114,1708826754.005
6115,1708826754.055
6116,1708826754.105
6117,1708826754.155
6118,1708826754.205
6119,1708826754.255
6120,1708826754.305
6121,1708826754.355
6122,1708826754.405
6123,1708826754.455
6124,1708826754.505
6125,1708826754.555
6126,1708826754.605
6127,1708826754.655
6128,1708826754.705
6129,1708826754.755
6130,1708826754.805
6131,1708826754.855
6132,1708826754.905
6133,1708826754.955
6134,1708826755.005
6135,1708826755.055
6136,1708826755.105
6137,1708826755.155
6138,1708826755.205
6139,1708826755.255
6140,1708826755.305
6141,1708826755.355
6142,1708826755.405
6143,1708826755.455
6144,1708826755.505
6145,1708826755.555
6146,1708826755.605
6147,1708826755.655
6148,1708826755.705
6149,1708826755.755
6150,1708826755.805
6151,1708826755.855
6152,1708826755.905
6153,1708826755.955
6154,1708826756.005
6155,1708826756.055
6156,1708826756.105
6157,1708826756.155
6158,1708826756.205
6159,1708826756.255
6160,1708826756.305
6161,1708826756.355
6162,1708826756.405
6163,1708826756.455
6164,1708826756.505
6165,1708826756.555
6166,1708826756.605
6167,1708826756.655
6168,1708826756.705
6169,1708826756.755
6170,1708826756.805
6171,1708826756.855
6172,1708826756.905
6173,1708826756.955
6174,1708826757.005
6175,1708826757.055
6176,1708826757.105
6177,1708826757.155
6178,1708826757.205
6179,1708826757.255
6180,1708826757.305
6181,1708826757.355
6182,1708826757.405
6183,1708826757.455
6184,1708826757.505
6185,1708826757.555
6186,1708826757.605
6187,1708826757.655
6188,1708826757.705
6189,1708826757.755
6190,1708826757.805
6191,1708826757.855
6192,1708826757.905
6193,1708826757.955
6194,1708826758.005
6195,1708826758.055
6196,1708826758.105
6197,1708826758.155
6198,1708826758.205
6199,1708826758.255
6200,1708826758.305
6201,1708826758.355
6202,1708826758.405
6203,1708826758.455
6204,1708826758.505
6205,1708826758.555
6206,1708826758.605
6207,1708826758.655
6208,1708826758.705
6209,1708826758.755
6210,1708826758.805
6211,1708826758.855
6212,1708826758.905
6213,1708826758.955
6214,1708826759.005
6215,1708826759.055
6216,1708826759.105
6217,1708826759.155
6218,1708826759.205
6219,1708826759.255
6220,1708826759.305
6221,1708826759.355
6222,1708826759.405
6223,1708826759.455
6224,1708826759.505
6225,1708826759.555
6226,1708826759.605
6227,1708826759.655
6228,1708826759.705
6229,1708826759.755
6230,1708826759.805
6231,1708826759.855
6232,1708826759.905
6233,1708826759.955
6234,1708826760.005
6235,1708826760.055
6236,1708826760.105
6237,1708826760.155
6238,1708826760.205
6239,1708826760.255
6240,1708826760.305
6241,1708826760.355
6242,1708826760.405
6243,1708826760.455
6244,1708826760.505
6245,1708826760.555
6246,1708826760.605
6247,1708826760.655
6248,1708826760.705
6249,1708826760.755
6250,1708826760.805
6251,1708826760.855
6252,1708826760.905
6253,1708826760.955
6254,1708826761.005
6255,1708826761.055
6256,1708826761.105
6257,1708826761.155
6258,1708826761.205
6259,1708826761.255
6260,1708826761.305
6261,1708826761.355
6262,1708826761.405
6263,1708826761.455
6264,1708826761.505
6265,1708826761.555
6266,1708826761.605
6267,1708826761.655
6268,1708826761.705
6269,1708826761.755
6270,1708826761.805
6271,1708826761.855
6272,1708826761.905
6273,1708826761.955
6274,1708826762.005
6275,1708826762.055
6276,1708826762.105
6277,1708826762.155
6278,1708826762.205
6279,1708826762.255
6280,1708826762.305
6281,1708826762.355
6282,1708826762.405
6283,1708826762.455
6284,1708826762.505
6285,1708826762.555
6286,1708826762.605
6287,1708826762.655
6288,1708826762.705
6289,1708826762.755
6290,1708826762.805
6291,1708826762.855
6292,1708826762.905
6293,1708826762.955
6294,1708826763.005
6295,1708826763.055
6296,1708826763.105
6297,1708826763.155
6298,1708826763.205
6299,1708826763.255
6300,1708826763.305
6301,1708826763.355
6302,1708826763.405
6303,1708826763.455
6304,1708826763.505
6305,1708826763.555
6306,1708826763.605
6307,1708826763.655
6308,1708826763.705
6309,1708826763.755
6310,1708826763.805
6311,1708826763.855
6312,1708826763.905
6313,1708826763.955
6314,1708826764.005
6315,1708826764.055
6316,1708826764.105
6317,1708826764.155
6318,1708826764.205
6319,1708826764.255
6320,1708826764.305
6321,1708826764.355
6322,1708826764.405
6323,1708826764.455
6324,1708826764.505
6325,1708826764.555
6326,1708826764.605
6327,1708826764.655
6328,1708826764.705
6329,1708826764.755
6330,1708826764.805
6331,1708826764.855
6332,1708826764.905
6333,1708826764.955
6334,1708826765.005
6335,1708826765.055
6336,1708826765.105
6337,1708826765.155
6338,1708826765.205
6339,1708826765.255
6340,1708826765.305
6341,1708826765.355
6342,1708826765.405
6343,1708826765.455
6344,1708826765.505
6345,1708826765.555
6346,1708826765.605
6347,1708826765.655
6348,1708826765.705
6349,1708826765.755
6350,1708826765.805
6351,1708826765.855
6352,1708826765.905
6353,1708826765.955
6354,1708826766.005
6355,1708826766.055
6356,1708826766.105
6357,1708826766.155
6358,1708826766.205
6359,1708826766.255
6360,1708826766.305
6361,1708826766.355
6362,1708826766.405
6363,1708826766.455
6364,1708826766.505
6365,1708826766.555
6366,1708826766.605
6367,1708826766.655
6368,1708826766.705
6369,1708826766.755
6370,1708826766.805
6371,1708826766.855
6372,1708826766.905
6373,1708826766.955
6374,1708826767.005
6375,1708826767.055
6376,1708826767.105
6377,1708826767.155
6378,1708826767.205
6379,1708826767.255
6380,1708826767.305
6381,1708826767.355
6382,1708826767.405
6383,1708826767.455
6384,1708826767.505
6385,1708826767.555
6386,1708826767.605
6387,1708826767.655
6388,1708826767.705
6389,1708826767.755
6390,1708826767.805
6391,1708826767.855
6392,1708826767.905
6393,1708826767.955
6394,1708826768.005
6395,1708826768.055
6396,1708826768.105
6397,1708826768.155
6398,1708826768.205
6399,1708826768.255
6400,1708826768.305
6401,1708826768.355
6402,1708826768.405
6403,1708826768.455
6404,1708826768.505
6405,1708826768.555
6406,1708826768.605
6407,1708826768.655
6408,1708826768.705
6409,1708826768.755
6410,1708826768.805
6411,1708826768.855
6412,1708826768.905
6413,1708826768.955
6414,1708826769.005
6415,1708826769.055
6416,1708826769.105
6417,1708826769.155
6418,1708826769.205
6419,1708826769.255
6420,1708826769.305
6421,1708826769.355
6422,1708826769.405
6423,1708826769.455
6424,1708826769.505
6425,1708826769.555
6426,1708826769.605
6427,1708826769.655
6428,1708826769.705
6429,1708826769.755
6430,1708826769.805
6431,1708826769.855
6432,1708826769.905
6433,1708826769.955
6434,1708826770.005
6435,1708826770.055
6436,1708826770.105
6437,1708826770.155
6438,1708826770.205
6439,1708826770.255
6440,1708826770.305
6441,1708826770.355
6442,1708826770.405
6443,1708826770.455
6444,1708826770.505
6445,1708826770.555
6446,1708826770.605
6447,1708826770.655
6448,1708826770.705
6449,1708826770.755
6450,1708826770.805
6451,1708826770.855
6452,1708826770.905
6453,1708826770.955
6454,1708826771.005
6455,1708826771.055
6456,1708826771.105
6457,1708826771.155
6458,1708826771.205
6459,1708826771.255
6460,1708826771.305
6461,1708826771.355
6462,1708826771.405
6463,1708826771.455
6464,1708826771.505
6465,1708826771.555
6466,1708826771.605
6467,1708826771.655
6468,1708826771.705
6469,1708826771.755
6470,1708826771.805
6471,1708826771.855
6472,1708826771.905
6473,1708826771.955
6474,1708826772.005
6475,1708826772.055
6476,1708826772.105
6477,1708826772.155
6478,1708826772.205
6479,1708826772.255
6480,1708826772.305
6481,1708826772.355
6482,1708826772.405
6483,1708826772.455
6484,1708826772.505
6485,1708826772.555
6486,1708826772.605
6487,1708826772.655
6488,1708826772.705
6489,1708826772.755
6490,1708826772.805
6491,1708826772.855
6492,1708826772.905
6493,1708826772.955
6494,1708826773.005
6495,1708826773.055
6496,1708826773.105
6497,1708826773.155
6498,1708826773.205
6499,1708826773.255
6500,1708826773.305
6501,1708826773.355
6502,1708826773.405
6503,1708826773.455
6504,1708826773.505
6505,1708826773.555
6506,1708826773.605
6507,1708826773.655
6508,1708826773.705
6509,1708826773.755
6510,1708826773.805
6511,1708826773.855
6512,1708826773.905
6513,1708826773.955
6514,1708826774.005
6515,1708826774.055
6516,1708826774.105
6517,1708826774.155
6518,1708826774.205
6519,1708826774.255
6520,1708826774.305
6521,1708826774.355
6522,1708826774.405
6523,1708826774.455
6524,1708826774.505
6525,1708826774.555
6526,1708826774.605
6527,1708826774.655
6528,1708826774.705
6529,1708826774.755
6530,1708826774.805
6531,1708826774.855
6532,1708826774.905
6533,1708826774.955
6534,1708826775.005
6535,1708826775.055
6536,1708826775.105
6537,1708826775.155
6538,1708826775.205
6539,1708826775.255
6540,1708826775.305
6541,1708826775.355
6542,1708826775.405
6543,1708826775.455
6544,1708826775.505
6545,1708826775.555
6546,1708826775.605
6547,1708826775.655
6548,1708826775.705
6549,1708826775.755
6550,1708826775.805
6551,1708826775.855
6552,1708826775.905
6553,1708826775.955
6554,1708826776.005
6555,1708826776.055
6556,1708826776.105
6557,1708826776.155
6558,1708826776.205
6559,1708826776.255
6560,1708826776.305
6561,1708826776.355
6562,1708826776.405
6563,1708826776.455
6564,1708826776.505
6565,1708826776.555
6566,1708826776.605
6567,1708826776.655
6568,1708826776.705
6569,1708826776.755
6570,1708826776.805
6571,1708826776.855
6572,1708826776.905
6573,1708826776.955
6574,1708826777.005
6575,1708826777.055
6576,1708826777.105
6577,1708826777.155
6578,1708826777.205
6579,1708826777.255
6580,1708826777.305
6581,1708826777.355
6582,1708826777.405
6583,1708826777.455
6584,1708826777.505
6585,1708826777.555
6586,1708826777.605
6587,1708826777.655
6588,1708826777.705
6589,1708826777.755
6590,1708826777.805
6591,1708826777.855
6592,1708826777.905
6593,1708826777.955
6594,1708826778.005
6595,1708826778.055
6596,1708826778.105
6597,1708826778.155
6598,1708826778.205
6599,1708826778.255
6600,1708826778.305
6601,1708826778.355
6602,1708826778.405
6603,1708826778.455
6604,1708826778.505
6605,1708826778.555
6606,1708826778.605
6607,1708826778.655
6608,1708826778.705
6609,1708826778.755
6610,1708826778.805
6611,1708826778.855
6612,1708826778.905
6613,1708826778.955
6614,1708826779.005
6615,1708826779.055
6616,1708826779.105
6617,1708826779.155
6618,1708826779.205
6619,1708826779.255
6620,1708826779.305
6621,1708826779.355
6622,1708826779.405
6623,1708826779.455
6624,1708826779.505
6625,1708826779.555
6626,1708826779.605
6627,1708826779.655
6628,1708826779.705
6629,1708826779.755
6630,1708826779.805
6631,1708826779.855
6632,1708826779.905
6633,1708826779.955
6634,1708826780.005
6635,1708826780.055
6636,1708826780.105
6637,1708826780.155
6638,1708826780.205
6639,1708826780.255
6640,1708826780.305
6641,1708826780.355
6642,1708826780.405
6643,1708826780.455
6644,1708826780.505
6645,1708826780.555
6646,1708826780.605
6647,1708826780.655
6648,1708826780.705
6649,1708826780.755
6650,1708826780.805
6651,1708826780.855
6652,1708826780.905
6653,1708826780.955
6654,1708826781.005
6655,1708826781.055
6656,1708826781.105
6657,1708826781.155
6658,1708826781.205
6659,1708826781.255
6660,1708826781.305
6661,1708826781.355
6662,1708826781.405
6663,1708826781.455
6664,1708826781.505
6665,1708826781.555
6666,1708826781.605
6667,1708826781.655
6668,1708826781.705
6669,1708826781.755
6670,1708826781.805
6671,1708826781.855
6672,1708826781.905
6673,1708826781.955
6674,1708826782.005
6675,1708826782.055
6676,1708826782.105
6677,1708826782.155
6678,1708826782.205
6679,1708826782.255
6680,1708826782.305
6681,1708826782.355
6682,1708826782.405
6683,1708826782.455
6684,1708826782.505
6685,1708826782.555
6686,1708826782.605
6687,1708826782.655
6688,1708826782.705
6689,1708826782.755
6690,1708826782.805
6691,1708826782.855
6692,1708826782.905
6693,1708826782.955
6694,1708826783.005
6695,1708826783.055
6696,1708826783.105
6697,1708826783.155
6698,1708826783.205
6699,1708826783.255
6700,1708826783.305
6701,1708826783.355
6702,1708826783.405
6703,1708826783.455
6704,1708826783.505
6705,1708826783.555
6706,1708826783.605
6707,1708826783.655
6708,1708826783.705
6709,1708826783.755
6710,1708826783.805
6711,1708826783.855
6712,1708826783.905
6713,1708826783.955
6714,1708826784.005
6715,1708826784.055
6716,1708826784.105
6717,1708826784.155
6718,1708826784.205
6719,1708826784.255
6720,1708826784.305
6721,1708826784.355
6722,1708826784.405
6723,1708826784.455
6724,1708826784.505
6725,1708826784.555
6726,1708826784.605
6727,1708826784.655
6728,1708826784.705
6729,1708826784.755
6730,1708826784.805
6731,1708826784.855
6732,1708826784.905
6733,1708826784.955
6734,1708826785.005
6735,1708826785.055
6736,1708826785.105
6737,1708826785.155
6738,1708826785.205
6739,1708826785.255
6740,1708826785.305
6741,1708826785.355
6742,1708826785.405
6743,1708826785.455
6744,1708826785.505
6745,1708826785.555
6746,1708826785.605
6747,1708826785.655
6748,1708826785.705
6749,1708826785.755
6750,1708826785.805
6751,1708826785.855
6752,1708826785.905
6753,1708826785.955
6754,1708826786.005
6755,1708826786.055
6756,1708826786.105
6757,1708826786.155
6758,1708826786.205
6759,1708826786.255
6760,1708826786.305
6761,1708826786.355
6762,1708826786.405
6763,1708826786.455
6764,1708826786.505
6765,1708826786.555
6766,1708826786.605
6767,1708826786.655
6768,1708826786.705
6769,1708826786.755
6770,1708826786.805
6771,1708826786.855
6772,1708826786.905
6773,1708826786.955
6774,1708826787.005
6775,1708826787.055
6776,1708826787.105
6777,1708826787.155
6778,1708826787.205
6779,1708826787.255
6780,1708826787.305
6781,1708826787.355
6782,1708826787.405
6783,1708826787.455
6784,1708826787.505
6785,1708826787.555
6786,1708826787.605
6787,1708826787.655
6788,1708826787.705
6789,1708826787.755
6790,1708826787.805
6791,1708826787.855
6792,1708826787.905
6793,1708826787.955
6794,1708826788.005
6795,1708826788.055
6796,1708826788.105
6797,1708826788.155
6798,1708826788.205
6799,1708826788.255
6800,1708826788.305
6801,1708826788.355
6802,1708826788.405
6803,1708826788.455
6804,1708826788.505
6805,1708826788.555
6806,1708826788.605
6807,1708826788.655
6808,1708826788.705
6809,1708826788.755
6810,1708826788.805
6811,1708826788.855
6812,1708826788.905
6813,1708826788.955
6814,1708826789.005
6815,1708826789.055
6816,1708826789.105
6817,1708826789.155
6818,1708826789.205
6819,1708826789.255
6820,1708826789.305
6821,1708826789.355
6822,1708826789.405
6823,1708826789.455
6824,1708826789.505
6825,1708826789.555
6826,1708826789.605
6827,1708826789.655
6828,1708826789.705
6829,1708826789.755
6830,1708826789.805
6831,1708826789.855
6832,1708826789.905
6833,1708826789.955
6834,1708826790.005
6835,1708826790.055
6836,1708826790.105
6837,1708826790.155
6838,1708826790.205
6839,1708826790.255
6840,1708826790.305
6841,1708826790.355
6842,1708826790.405
6843,1708826790.455
6844,1708826790.505
6845,1708826790.555
6846,1708826790.605
6847,1708826790.655
6848,1708826790.705
6849,1708826790.755
6850,1708826790.805
6851,1708826790.855
6852,1708826790.905
6853,1708826790.955
6854,1708826791.005
6855,1708826791.055
6856,1708826791.105
6857,1708826791.155
6858,1708826791.205
6859,1708826791.255
6860,1708826791.305
6861,1708826791.355
6862,1708826791.405
6863,1708826791.455
6864,1708826791.505
6865,1708826791.555
6866,1708826791.605
6867,1708826791.655
6868,1708826791.705
6869,1708826791.755
6870,1708826791.805
6871,1708826791.855
6872,1708826791.905
6873,1708826791.955
6874,1708826792.005
6875,1708826792.055
6876,1708826792.105
6877,1708826792.155
6878,1708826792.205
6879,1708826792.255
6880,1708826792.305
6881,1708826792.355
6882,1708826792.405
6883,1708826792.455
6884,1708826792.505
6885,1708826792.555
6886,1708826792.605
6887,1708826792.655
6888,1708826792.705
6889,1708826792.755
6890,1708826792.805
6891,1708826792.855
6892,1708826792.905
6893,1708826792.955
6894,1708826793.005
6895,1708826793.055
6896,1708826793.105
6897,1708826793.155
6898,1708826793.205
6899,1708826793.255
6900,1708826793.305
6901,1708826793.355
6902,1708826793.405
6903,1708826793.455
6904,1708826793.505
6905,1708826793.555
6906,1708826793.605
6907,1708826793.655
6908,1708826793.705
6909,1708826793.755
6910,1708826793.805
6911,1708826793.855
6912,1708826793.905
6913,1708826793.955
6914,1708826794.005
6915,1708826794.055
6916,1708826794.105
6917,1708826794.155
6918,1708826794.205
6919,1708826794.255
6920,1708826794.305
6921,1708826794.355
6922,1708826794.405
6923,1708826794.455
6924,1708826794.505
6925,1708826794.555
6926,1708826794.605
6927,1708826794.655
6928,1708826794.705
6929,1708826794.755
6930,1708826794.805
6931,1708826794.855
6932,1708826794.905
6933,1708826794.955
6934,1708826795.005
6935,1708826795.055
6936,1708826795.105
6937,1708826795.155
6938,1708826795.205
6939,1708826795.255
6940,1708826795.305
6941,1708826795.355
6942,1708826795.405
6943,1708826795.455
6944,1708826795.505
6945,1708826795.555
6946,1708826795.605
6947,1708826795.655
6948,1708826795.705
6949,1708826795.755
6950,1708826795.805
6951,1708826795.855
6952,1708826795.905
6953,1708826795.955
6954,1708826796.005
6955,1708826796.055
6956,1708826796.105
6957,1708826796.155
6958,1708826796.205
6959,1708826796.255
6960,1708826796.305
6961,1708826796.355
6962,1708826796.405
6963,1708826796.455
6964,1708826796.505
6965,1708826796.555
6966,1708826796.605
6967,1708826796.655
6968,1708826796.705
6969,1708826796.755
6970,1708826796.805
6971,1708826796.855
6972,1708826796.905
6973,1708826796.955
6974,1708826797.005
6975,1708826797.055
6976,1708826797.105
6977,1708826797.155
6978,1708826797.205
6979,1708826797.255
6980,1708826797.305
6981,1708826797.355
6982,1708826797.405
6983,1708826797.455
6984,1708826797.505
6985,1708826797.555
6986,1708826797.605
6987,1708826797.655
6988,1708826797.705
6989,1708826797.755
6990,1708826797.805
6991,1708826797.855
6992,1708826797.905
6993,1708826797.955
6994,1708826798.005
6995,1708826798.055
6996,1708826798.105
6997,1708826798.155
6998,1708826798.205
6999,1708826798.255
7000,1708826798.305
7001,1708826798.355
7002,1708826798.405
7003,1708826798.455
7004,1708826798.505
7005,1708826798.555
7006,1708826798.605
7007,1708826798.655
7008,1708826798.705
7009,1708826798.755
7010,1708826798.805
7011,1708826798.855
7012,1708826798.905
7013,1708826798.955
7014,1708826799.005
7015,1708826799.055
7016,1708826799.105
7017,1708826799.155
7018,1708826799.205
7019,1708826799.255
7020,1708826799.305
7021,1708826799.355
7022,1708826799.405
7023,1708826799.455
7024,1708826799.505
7025,1708826799.555
7026,1708826799.605
7027,1708826799.655
7028,1708826799.705
7029,1708826799.755
7030,1708826799.805
7031,1708826799.855
7032,1708826799.905
7033,1708826799.955
7034,1708826800.005
7035,1708826800.055
7036,1708826800.105
7037,1708826800.155
7038,1708826800.205
7039,1708826800.255
7040,1708826800.305
7041,1708826800.355
7042,1708826800.405
7043,1708826800.455
7044,1708826800.505
7045,1708826800.555
7046,1708826800.605
7047,1708826800.655
7048,1708826800.705
7049,1708826800.755
7050,1708826800.805
7051,1708826800.855
7052,1708826800.905
7053,1708826800.955
7054,1708826801.005
7055,1708826801.055
7056,1708826801.105
7057,1708826801.155
7058,1708826801.205
7059,1708826801.255
7060,1708826801.305
7061,1708826801.355
7062,1708826801.405
7063,1708826801.455
7064,1708826801.505
7065,1708826801.555
7066,1708826801.605
7067,1708826801.655
7068,1708826801.705
7069,1708826801.755
7070,1708826801.805
7071,1708826801.855
7072,1708826801.905
7073,1708826801.955
7074,1708826802.005
7075,1708826802.055
7076,1708826802.105
7077,1708826802.155
7078,1708826802.205
7079,1708826802.255
7080,1708826802.305
7081,1708826802.355
7082,1708826802.405
7083,1708826802.455
7084,1708826802.505
7085,1708826802.555
7086,1708826802.605
7087,1708826802.655
7088,1708826802.705
7089,1708826802.755
7090,1708826802.805
7091,1708826802.855
7092,1708826802.905
7093,1708826802.955
7094,1708826803.005
7095,1708826803.055
7096,1708826803.105
7097,1708826803.155
7098,1708826803.205
7099,1708826803.255
7100,1708826803.305
7101,1708826803.355
7102,1708826803.405
7103,1708826803.455
7104,1708826803.505
7105,1708826803.555
7106,1708826803.605
7107,1708826803.655
7108,1708826803.705
7109,1708826803.755
7110,1708826803.805
7111,1708826803.855
7112,1708826803.905
7113,1708826803.955
7114,1708826804.005
7115,1708826804.055
7116,1708826804.105
7117,1708826804.155
7118,1708826804.205
7119,1708826804.255
7120,1708826804.305
7121,1708826804.355
7122,1708826804.405
7123,1708826804.455
7124,1708826804.505
7125,1708826804.555
7126,1708826804.605
7127,1708826804.655
7128,1708826804.705
7129,1708826804.755
7130,1708826804.805
7131,1708826804.855
7132,1708826804.905
7133,1708826804.955
7134,1708826805.005
7135,1708826805.055
7136,1708826805.105
7137,1708826805.155
7138,1708826805.205
7139,1708826805.255
7140,1708826805.305
7141,1708826805.355
7142,1708826805.405
7143,1708826805.455
7144,1708826805.505
7145,1708826805.555
7146,1708826805.605
7147,1708826805.655
7148,1708826805.705
7149,1708826805.755
7150,1708826805.805
7151,1708826805.855
7152,1708826805.905
7153,1708826805.955
7154,1708826806.005
7155,1708826806.055
7156,1708826806.105
7157,1708826806.155
7158,1708826806.205
7159,1708826806.255
7160,1708826806.305
7161,1708826806.355
7162,1708826806.405
7163,1708826806.455
7164,1708826806.505
7165,1708826806.555
7166,1708826806.605
7167,1708826806.655
7168,1708826806.705
7169,1708826806.755
7170,1708826806.805
7171,1708826806.855
7172,1708826806.905
7173,1708826806.955
7174,1708826807.005
7175,1708826807.055
7176,1708826807.105
7177,1708826807.155
7178,1708826807.205
7179,1708826807.255
7180,1708826807.305
7181,1708826807.355
7182,1708826807.405
7183,1708826807.455
7184,1708826807.505
7185,1708826807.555
7186,1708826807.605
7187,1708826807.655
7188,1708826807.705
7189,1708826807.755
7190,1708826807.805
7191,1708826807.855
7192,1708826807.905
7193,1708826807.955
7194,1708826808.005
7195,1708826808.055
7196,1708826808.105
7197,1708826808.155
7198,1708826808.205
7199,1708826808.255
7200,1708826808.305
7201,1708826808.355
7202,1708826808.405
7203,1708826808.455
7204,1708826808.505
7205,1708826808.555
7206,1708826808.605
7207,1708826808.655
7208,1708826808.705
7209,1708826808.755
7210,1708826808.805
7211,1708826808.855
7212,1708826808.905
7213,1708826808.955
7214,1708826809.005
7215,1708826809.055
7216,1708826809.105
7217,1708826809.155
7218,1708826809.205
7219,1708826809.255
7220,1708826809.305
7221,1708826809.355
7222,1708826809.405
7223,1708826809.455
7224,1708826809.505
7225,1708826809.555
7226,1708826809.605
7227,1708826809.655
7228,1708826809.705
7229,1708826809.755
7230,1708826809.805
7231,1708826809.855
7232,1708826809.905
7233,1708826809.955
7234,1708826810.005
7235,1708826810.055
7236,1708826810.105
7237,1708826810.155
7238,1708826810.205
7239,1708826810.255
7240,1708826810.305
7241,1708826810.355
7242,1708826810.405
7243,1708826810.455
7244,1708826810.505
7245,1708826810.555
7246,1708826810.605
7247,1708826810.655
7248,1708826810.705
7249,1708826810.755
7250,1708826810.805
7251,1708826810.855
7252,1708826810.905
7253,1708826810.955
7254,1708826811.005
7255,1708826811.055
7256,1708826811.105
7257,1708826811.155
7258,1708826811.205
7259,1708826811.255
7260,1708826811.305
7261,1708826811.355
7262,1708826811.405
7263,1708826811.455
7264,1708826811.505
7265,1708826811.555
7266,1708826811.605
7267,1708826811.655
7268,1708826811.705
7269,1708826811.755
7270,1708826811.805
7271,1708826811.855
7272,1708826811.905
7273,1708826811.955
7274,1708826812.005
7275,1708826812.055
7276,1708826812.105
7277,1708826812.155
7278,1708826812.205
7279,1708826812.255
7280,1708826812.305
7281,1708826812.355
7282,1708826812.405
7283,1708826812.455
7284,1708826812.505
7285,1708826812.555
7286,1708826812.605
7287,1708826812.655
7288,1708826812.705
7289,1708826812.755
7290,1708826812.805
7291,1708826812.855
7292,1708826812.905
7293,1708826812.955
7294,1708826813.005
7295,1708826813.055
7296,1708826813.105
7297,1708826813.155
7298,1708826813.205
7299,1708826813.255
7300,1708826813.305
7301,1708826813.355
7302,1708826813.405
7303,1708826813.455
7304,1708826813.505
7305,1708826813.555
7306,1708826813.605
7307,1708826813.655
7308,1708826813.705
7309,1708826813.755
7310,1708826813.805
7311,1708826813.855
7312,1708826813.905
7313,1708826813.955
7314,1708826814.005
7315,1708826814.055
7316,1708826814.105
7317,1708826814.155
7318,1708826814.205
7319,1708826814.255
7320,1708826814.305
7321,1708826814.355
7322,1708826814.405
7323,1708826814.455
7324,1708826814.505
7325,1708826814.555
7326,1708826814.605
7327,1708826814.655
7328,1708826814.705
7329,1708826814.755
7330,1708826814.805
7331,1708826814.855
7332,1708826814.905
7333,1708826814.955
7334,1708826815.005
7335,1708826815.055
7336,1708826815.105
7337,1708826815.155
7338,1708826815.205
7339,1708826815.255
7340,1708826815.305
7341,1708826815.355
7342,1708826815.405
7343,1708826815.455
7344,1708826815.505
7345,1708826815.555
7346,1708826815.605
7347,1708826815.655
7348,1708826815.705
7349,1708826815.755
7350,1708826815.805
7351,1708826815.855
7352,1708826815.905
7353,1708826815.955
7354,1708826816.005
7355,1708826816.055
7356,1708826816.105
7357,1708826816.155
7358,1708826816.205
7359,1708826816.255
7360,1708826816.305
7361,1708826816.355
7362,1708826816.405
7363,1708826816.455
7364,1708826816.505
7365,1708826816.555
7366,1708826816.605
7367,1708826816.655
7368,1708826816.705
7369,1708826816.755
7370,1708826816.805
7371,1708826816.855
7372,1708826816.905
7373,1708826816.955
7374,1708826817.005
7375,1708826817.055
7376,1708826817.105
7377,1708826817.155
7378,1708826817.205
7379,1708826817.255
7380,1708826817.305
7381,1708826817.355
7382,1708826817.405
7383,1708826817.455
7384,1708826817.505
7385,1708826817.555
7386,1708826817.605
7387,1708826817.655
7388,1708826817.705
7389,1708826817.755
7390,1708826817.805
7391,1708826817.855
7392,1708826817.905
7393,1708826817.955
7394,1708826818.005
7395,1708826818.055
7396,1708826818.105
7397,1708826818.155
7398,1708826818.205
7399,1708826818.255
7400,1708826818.305
7401,1708826818.355
7402,1708826818.405
7403,1708826818.455
7404,1708826818.505
7405,1708826818.555
7406,1708826818.605
7407,1708826818.655
7408,1708826818.705
7409,1708826818.755
7410,1708826818.805
7411,1708826818.855
7412,1708826818.905
7413,1708826818.955
7414,1708826819.005
7415,1708826819.055
7416,1708826819.105
7417,1708826819.155
7418,1708826819.205
7419,1708826819.255
7420,1708826819.305
7421,1708826819.355
7422,1708826819.405
7423,1708826819.455
7424,1708826819.505
7425,1708826819.555
7426,1708826819.605
7427,1708826819.655
7428,1708826819.705
7429,1708826819.755
7430,1708826819.805
7431,1708826819.855
7432,1708826819.905
7433,1708826819.955
7434,1708826820.005
7435,1708826820.055
7436,1708826820.105
7437,1708826820.155
7438,1708826820.205
7439,1708826820.255
7440,1708826820.305
7441,1708826820.355
7442,1708826820.405
7443,1708826820.455
7444,1708826820.505
7445,1708826820.555
7446,1708826820.605
7447,1708826820.655
7448,1708826820.705
7449,1708826820.755
7450,1708826820.805
7451,1708826820.855
7452,1708826820.905
7453,1708826820.955
7454,1708826821.005
7455,1708826821.055
7456,1708826821.105
7457,1708826821.155
7458,1708826821.205
7459,1708826821.255
7460,1708826821.305
7461,1708826821.355
7462,1708826821.405
7463,1708826821.455
7464,1708826821.505
7465,1708826821.555
7466,1708826821.605
7467,1708826821.655
7468,1708826821.705
7469,1708826821.755
7470,1708826821.805
7471,1708826821.855
7472,1708826821.905
7473,1708826821.955
7474,1708826822.005
7475,1708826822.055
7476,1708826822.105
7477,1708826822.155
7478,1708826822.205
7479,1708826822.255
7480,1708826822.305
7481,1708826822.355
7482,1708826822.405
7483,1708826822.455
7484,1708826822.505
7485,1708826822.555
7486,1708826822.605
7487,1708826822.655
7488,1708826822.705
7489,1708826822.755
7490,1708826822.805
7491,1708826822.855
7492,1708826822.905
7493,1708826822.955
7494,1708826823.005
7495,1708826823.055
7496,1708826823.105
7497,1708826823.155
7498,1708826823.205
7499,1708826823.255
7500,1708826823.305
7501,1708826823.355
7502,1708826823.405
7503,1708826823.455
7504,1708826823.505
7505,1708826823.555
7506,1708826823.605
7507,1708826823.655
7508,1708826823.705
7509,1708826823.755
7510,1708826823.805
7511,1708826823.855
7512,1708826823.905
7513,1708826823.955
7514,1708826824.005
7515,1708826824.055
7516,1708826824.105
7517,1708826824.155
7518,1708826824.205
7519,1708826824.255
7520,1708826824.305
7521,1708826824.355
7522,1708826824.405
7523,1708826824.455
7524,1708826824.505
7525,1708826824.555
7526,1708826824.605
7527,1708826824.655
7528,1708826824.705
7529,1708826824.755
7530,1708826824.805
7531,1708826824.855
7532,1708826824.905
7533,1708826824.955
7534,1708826825.005
7535,1708826825.055
7536,1708826825.105
7537,1708826825.155
7538,1708826825.205
7539,1708826825.255
7540,1708826825.305
7541,1708826825.355
7542,1708826825.405
7543,1708826825.455
7544,1708826825.505
7545,1708826825.555
7546,1708826825.605
7547,1708826825.655
7548,1708826825.705
7549,1708826825.755
7550,1708826825.805
7551,1708826825.855
7552,1708826825.905
7553,1708826825.955
7554,1708826826.005
7555,1708826826.055
7556,1708826826.105
7557,1708826826.155
7558,1708826826.205
7559,1708826826.255
7560,1708826826.305
7561,1708826826.355
7562,1708826826.405
7563,1708826826.455
7564,1708826826.505
7565,1708826826.555
7566,1708826826.605
7567,1708826826.655
7568,1708826826.705
7569,1708826826.755
7570,1708826826.805
7571,1708826826.855
7572,1708826826.905
7573,1708826826.955
7574,1708826827.005
7575,1708826827.055
7576,1708826827.105
7577,1708826827.155
7578,1708826827.205
7579,1708826827.255
7580,1708826827.305
7581,1708826827.355
7582,1708826827.405
7583,1708826827.455
7584,1708826827.505
7585,1708826827.555
7586,1708826827.605
7587,1708826827.655
7588,1708826827.705
7589,1708826827.755
7590,1708826827.805
7591,1708826827.855
7592,1708826827.905
7593,1708826827.955
7594,1708826828.005
7595,1708826828.055
7596,1708826828.105
7597,1708826828.155
7598,1708826828.205
7599,1708826828.255
7600,1708826828.305
7601,1708826828.355
7602,1708826828.405
7603,1708826828.455
7604,1708826828.505
7605,1708826828.555
7606,1708826828.605
7607,1708826828.655
7608,1708826828.705
7609,1708826828.755
7610,1708826828.805
7611,1708826828.855
7612,1708826828.905
7613,1708826828.955
7614,1708826829.005
7615,1708826829.055
7616,1708826829.105
7617,1708826829.155
7618,1708826829.205
7619,1708826829.255
7620,1708826829.305
7621,1708826829.355
7622,1708826829.405
7623,1708826829.455
7624,1708826829.505
7625,1708826829.555
7626,1708826829.605
7627,1708826829.655
7628,1708826829.705
7629,1708826829.755
7630,1708826829.805
7631,1708826829.855
7632,1708826829.905
7633,1708826829.955
7634,1708826830.005
7635,1708826830.055
7636,1708826830.105
7637,1708826830.155
7638,1708826830.205
7639,1708826830.255
7640,1708826830.305
7641,1708826830.355
7642,1708826830.405
7643,1708826830.455
7644,1708826830.505
7645,1708826830.555
7646,1708826830.605
7647,1708826830.655
7648,1708826830.705
7649,1708826830.755
7650,1708826830.805
7651,1708826830.855
7652,1708826830.905
7653,1708826830.955
7654,1708826831.005
7655,1708826831.055
7656,1708826831.105
7657,1708826831.155
7658,1708826831.205
7659,1708826831.255
7660,1708826831.305
7661,1708826831.355
7662,1708826831.405
7663,1708826831.455
7664,1708826831.505
7665,1708826831.555
7666,1708826831.605
7667,1708826831.655
7668,1708826831.705
7669,1708826831.755
7670,1708826831.805
7671,1708826831.855
7672,1708826831.905
7673,1708826831.955
7674,1708826832.005
7675,1708826832.055
7676,1708826832.105
7677,1708826832.155
7678,1708826832.205
7679,1708826832.255
7680,1708826832.305
7681,1708826832.355
7682,1708826832.405
7683,1708826832.455
7684,1708826832.505
7685,1708826832.555
7686,1708826832.605
7687,1708826832.655
7688,1708826832.705
7689,1708826832.755
7690,1708826832.805
7691,1708826832.855
7692,1708826832.905
7693,1708826832.955
7694,1708826833.005
7695,1708826833.055
7696,1708826833.105
7697,1708826833.155
7698,1708826833.205
7699,1708826833.255
7700,1708826833.305
7701,1708826833.355
7702,1708826833.405
7703,1708826833.455
7704,1708826833.505
7705,1708826833.555
7706,1708826833.605
7707,1708826833.655
7708,1708826833.705
7709,1708826833.755
7710,1708826833.805
7711,1708826833.855
7712,1708826833.905
7713,1708826833.955
7714,1708826834.005
7715,1708826834.055
7716,1708826834.105
7717,1708826834.155
7718,1708826834.205
7719,1708826834.255
7720,1708826834.305
7721,1708826834.355
7722,1708826834.405
7723,1708826834.455
7724,1708826834.505
7725,1708826834.555
7726,1708826834.605
7727,1708826834.655
7728,1708826834.705
7729,1708826834.755
7730,1708826834.805
7731,1708826834.855
7732,1708826834.905
7733,1708826834.955
7734,1708826835.005
7735,1708826835.055
7736,1708826835.105
7737,1708826835.155
7738,1708826835.205
7739,1708826835.255
7740,1708826835.305
7741,1708826835.355
7742,1708826835.405
7743,1708826835.455
7744,1708826835.505
7745,1708826835.555
7746,1708826835.605
7747,1708826835.655
7748,1708826835.705
7749,1708826835.755
7750,1708826835.805
7751,1708826835.855
7752,1708826835.905
7753,1708826835.955
7754,1708826836.005
7755,1708826836.055
7756,1708826836.105
7757,1708826836.155
7758,1708826836.205
7759,1708826836.255
7760,1708826836.305
7761,1708826836.355
7762,1708826836.405
7763,1708826836.455
7764,1708826836.505
7765,1708826836.555
7766,1708826836.605
7767,1708826836.655
7768,1708826836.705
7769,1708826836.755
7770,1708826836.805
7771,1708826836.855
7772,1708826836.905
7773,1708826836.955
7774,1708826837.005
7775,1708826837.055
7776,1708826837.105
7777,1708826837.155
7778,1708826837.205
7779,1708826837.255
7780,1708826837.305
7781,1708826837.355
7782,1708826837.405
7783,1708826837.455
7784,1708826837.505
7785,1708826837.555
7786,1708826837.605
7787,1708826837.655
7788,1708826837.705
7789,1708826837.755
7790,1708826837.805
7791,1708826837.855
7792,1708826837.905
7793,1708826837.955
7794,1708826838.005
7795,1708826838.055
7796,1708826838.105
7797,1708826838.155
7798,1708826838.205
7799,1708826838.255
7800,1708826838.305
7801,1708826838.355
7802,1708826838.405
7803,1708826838.455
7804,1708826838.505
7805,1708826838.555
7806,1708826838.605
7807,1708826838.655
7808,1708826838.705
7809,1708826838.755
7810,1708826838.805
7811,1708826838.855
7812,1708826838.905
7813,1708826838.955
7814,1708826839.005
7815,1708826839.055
7816,1708826839.105
7817,1708826839.155
7818,1708826839.205
7819,1708826839.255
7820,1708826839.305
7821,1708826839.355
7822,1708826839.405
7823,1708826839.455
7824,1708826839.505
7825,1708826839.555
7826,1708826839.605
7827,1708826839.655
7828,1708826839.705
7829,1708826839.755
7830,1708826839.805
7831,1708826839.855
7832,1708826839.905
7833,1708826839.955
7834,1708826840.005
7835,1708826840.055
7836,1708826840.105
7837,1708826840.155
7838,1708826840.205
7839,1708826840.255
7840,1708826840.305
7841,1708826840.355
7842,1708826840.405
7843,1708826840.455
7844,1708826840.505
7845,1708826840.555
7846,1708826840.605
7847,1708826840.655
7848,1708826840.705
7849,1708826840.755
7850,1708826840.805
7851,1708826840.855
7852,1708826840.905
7853,1708826840.955
7854,1708826841.005
7855,1708826841.055
7856,1708826841.105
7857,1708826841.155
7858,1708826841.205
7859,1708826841.255
7860,1708826841.305
7861,1708826841.355
7862,1708826841.405
7863,1708826841.455
7864,1708826841.505
7865,1708826841.555
7866,1708826841.605
7867,1708826841.655
7868,1708826841.705
7869,1708826841.755
7870,1708826841.805
7871,1708826841.855
7872,1708826841.905
7873,1708826841.955
7874,1708826842.005
7875,1708826842.055
7876,1708826842.105
7877,1708826842.155
7878,1708826842.205
7879,1708826842.255
7880,1708826842.305
7881,1708826842.355
7882,1708826842.405
7883,1708826842.455
7884,1708826842.505
7885,1708826842.555
7886,1708826842.605
7887,1708826842.655
7888,1708826842.705
7889,1708826842.755
7890,1708826842.805
7891,1708826842.855
7892,1708826842.905
7893,1708826842.955
7894,1708826843.005
7895,1708826843.055
7896,1708826843.105
7897,1708826843.155
7898,1708826843.205
7899,1708826843.255
7900,1708826843.305
7901,1708826843.355
7902,1708826843.405
7903,1708826843.455
7904,1708826843.505
7905,1708826843.555
7906,1708826843.605
7907,1708826843.655
7908,1708826843.705
7909,1708826843.755
7910,1708826843.805
7911,1708826843.855
7912,1708826843.905
7913,1708826843.955
7914,1708826844.005
7915,1708826844.055
7916,1708826844.105
7917,1708826844.155
7918,1708826844.205
7919,1708826844.255
7920,1708826844.305
7921,1708826844.355
7922,1708826844.405
7923,1708826844.455
7924,1708826844.505
7925,1708826844.555
7926,1708826844.605
7927,1708826844.655
7928,1708826844.705
7929,1708826844.755
7930,1708826844.805
7931,1708826844.855
7932,1708826844.905
7933,1708826844.955
7934,1708826845.005
7935,1708826845.055
7936,1708826845.105
7937,1708826845.155
7938,1708826845.205
7939,1708826845.255
7940,1708826845.305
7941,1708826845.355
7942,1708826845.405
7943,1708826845.455
7944,1708826845.505
7945,1708826845.555
7946,1708826845.605
7947,1708826845.655
7948,1708826845.705
7949,1708826845.755
7950,1708826845.805
7951,1708826845.855
7952,1708826845.905
7953,1708826845.955
7954,1708826846.005
7955,1708826846.055
7956,1708826846.105
7957,1708826846.155
7958,1708826846.205
7959,1708826846.255
7960,1708826846.305
7961,1708826846.355
7962,1708826846.405
7963,1708826846.455
7964,1708826846.505
7965,1708826846.555
7966,1708826846.605
7967,1708826846.655
7968,1708826846.705
7969,1708826846.755
7970,1708826846.805
7971,1708826846.855
7972,1708826846.905
7973,1708826846.955
7974,1708826847.005
7975,1708826847.055
7976,1708826847.105
7977,1708826847.155
7978,1708826847.205
7979,1708826847.255
7980,1708826847.305
7981,1708826847.355
7982,1708826847.405
7983,1708826847.455
7984,1708826847.505
7985,1708826847.555
7986,1708826847.605
7987,1708826847.655
7988,1708826847.705
7989,1708826847.755
7990,1708826847.805
7991,1708826847.855
7992,1708826847.905
7993,1708826847.955
7994,1708826848.005
7995,1708826848.055
7996,1708826848.105
7997,1708826848.155
7998,1708826848.205
7999,1708826848.255
8000,1708826848.305
8001,1708826848.355
8002,1708826848.405
8003,1708826848.455
8004,1708826848.505
8005,1708826848.555
8006,1708826848.605
8007,1708826848.655
8008,1708826848.705
8009,1708826848.755
8010,1708826848.805
8011,1708826848.855
8012,1708826848.905
8013,1708826848.955
8014,1708826849.005
8015,1708826849.055
8016,1708826849.105
8017,1708826849.155
8018,1708826849.205
8019,1708826849.255
8020,1708826849.305
8021,1708826849.355
8022,1708826849.405
8023,1708826849.455
8024,1708826849.505
8025,1708826849.555
8026,1708826849.605
8027,1708826849.655
8028,1708826849.705
8029,1708826849.755
8030,1708826849.805
8031,1708826849.855
8032,1708826849.905
8033,1708826849.955
8034,1708826850.005
8035,1708826850.055
8036,1708826850.105
8037,1708826850.155
8038,1708826850.205
8039,1708826850.255
8040,1708826850.305
8041,1708826850.355
8042,1708826850.405
8043,1708826850.455
8044,1708826850.505
8045,1708826850.555
8046,1708826850.605
8047,1708826850.655
8048,1708826850.705
8049,1708826850.755
8050,1708826850.805
8051,1708826850.855
8052,1708826850.905
8053,1708826850.955
8054,1708826851.005
8055,1708826851.055
8056,1708826851.105
8057,1708826851.155
8058,1708826851.205
8059,1708826851.255
8060,1708826851.305
8061,1708826851.355
8062,1708826851.405
8063,1708826851.455
8064,1708826851.505
8065,1708826851.555
8066,1708826851.605
8067,1708826851.655
8068,1708826851.705
8069,1708826851.755
8070,1708826851.805
8071,1708826851.855
8072,1708826851.905
8073,1708826851.955
8074,1708826852.005
8075,1708826852.055
8076,1708826852.105
8077,1708826852.155
8078,1708826852.205
8079,1708826852.255
8080,1708826852.305
8081,1708826852.355
8082,1708826852.405
8083,1708826852.455
8084,1708826852.505
8085,1708826852.555
8086,1708826852.605
8087,1708826852.655
8088,1708826852.705
8089,1708826852.755
8090,1708826852.805
8091,1708826852.855
8092,1708826852.905
8093,1708826852.955
8094,1708826853.005
8095,1708826853.055
8096,1708826853.105
8097,1708826853.155
8098,1708826853.205
8099,1708826853.255
8100,1708826853.305
8101,1708826853.355
8102,1708826853.405
8103,1708826853.455
8104,1708826853.505
8105,1708826853.555
8106,1708826853.605
8107,1708826853.655
8108,1708826853.705
8109,1708826853.755
8110,1708826853.805
8111,1708826853.855
8112,1708826853.905
8113,1708826853.955
8114,1708826854.005
8115,1708826854.055
8116,1708826854.105
8117,1708826854.155
8118,1708826854.205
8119,1708826854.255
8120,1708826854.305
8121,1708826854.355
8122,1708826854.405
8123,1708826854.455
8124,1708826854.505
8125,1708826854.555
8126,1708826854.605
8127,1708826854.655
8128,1708826854.705
8129,1708826854.755
8130,1708826854.805
8131,1708826854.855
8132,1708826854.905
8133,1708826854.955
8134,1708826855.005
8135,1708826855.055
8136,1708826855.105
8137,1708826855.155
8138,1708826855.205
8139,1708826855.255
8140,1708826855.305
8141,1708826855.355
8142,1708826855.405
8143,1708826855.455
8144,1708826855.505
8145,1708826855.555
8146,1708826855.605
8147,1708826855.655
8148,1708826855.705
8149,1708826855.755
8150,1708826855.805
8151,1708826855.855
8152,1708826855.905
8153,1708826855.955
8154,1708826856.005
8155,1708826856.055
8156,1708826856.105
8157,1708826856.155
8158,1708826856.205
8159,1708826856.255
8160,1708826856.305
8161,1708826856.355
8162,1708826856.405
8163,1708826856.455
8164,1708826856.505
8165,1708826856.555
8166,1708826856.605
8167,1708826856.655
8168,1708826856.705
8169,1708826856.755
8170,1708826856.805
8171,1708826856.855
8172,1708826856.905
8173,1708826856.955
8174,1708826857.005
8175,1708826857.055
8176,1708826857.105
8177,1708826857.155
8178,1708826857.205
8179,1708826857.255
8180,1708826857.305
8181,1708826857.355
8182,1708826857.405
8183,1708826857.455
8184,1708826857.505
8185,1708826857.555
8186,1708826857.605
8187,1708826857.655
8188,1708826857.705
8189,1708826857.755
8190,1708826857.805
8191,1708826857.855
8192,1708826857.905
8193,1708826857.955
8194,1708826858.005
8195,1708826858.055
8196,1708826858.105
8197,1708826858.155
8198,1708826858.205
8199,1708826858.255
8200,1708826858.305
8201,1708826858.355
8202,1708826858.405
8203,1708826858.455
8204,1708826858.505
8205,1708826858.555
8206,1708826858.605
8207,1708826858.655
8208,1708826858.705
8209,1708826858.755
8210,1708826858.805
8211,1708826858.855
8212,1708826858.905
8213,1708826858.955
8214,1708826859.005
8215,1708826859.055
8216,1708826859.105
8217,1708826859.155
8218,1708826859.205
8219,1708826859.255
8220,1708826859.305
8221,1708826859.355
8222,1708826859.405
8223,1708826859.455
8224,1708826859.505
8225,1708826859.555
8226,1708826859.605
8227,1708826859.655
8228,1708826859.705
8229,1708826859.755
8230,1708826859.805
8231,1708826859.855
8232,1708826859.905
8233,1708826859.955
8234,1708826860.005
8235,1708826860.055
8236,1708826860.105
8237,1708826860.155
8238,1708826860.205
8239,1708826860.255
8240,1708826860.305
8241,1708826860.355
8242,1708826860.405
8243,1708826860.455
8244,1708826860.505
8245,1708826860.555
8246,1708826860.605
8247,1708826860.655
8248,1708826860.705
8249,1708826860.755
8250,1708826860.805
8251,1708826860.855
8252,1708826860.905
8253,1708826860.955
8254,1708826861.005
8255,1708826861.055
8256,1708826861.105
8257,1708826861.155
8258,1708826861.205
8259,1708826861.255
8260,1708826861.305
8261,1708826861.355
8262,1708826861.405
8263,1708826861.455
8264,1708826861.505
8265,1708826861.555
8266,1708826861.605
8267,1708826861.655
8268,1708826861.705
8269,1708826861.755
8270,1708826861.805
8271,1708826861.855
8272,1708826861.905
8273,1708826861.955
8274,1708826862.005
8275,1708826862.055
8276,1708826862.105
8277,1708826862.155
8278,1708826862.205
8279,1708826862.255
8280,1708826862.305
8281,1708826862.355
8282,1708826862.405
8283,1708826862.455
8284,1708826862.505
8285,1708826862.555
8286,1708826862.605
8287,1708826862.655
8288,1708826862.705
8289,1708826862.755
8290,1708826862.805
8291,1708826862.855
8292,1708826862.905
8293,1708826862.955
8294,1708826863.005
8295,1708826863.055
8296,1708826863.105
8297,1708826863.155
8298,1708826863.205
8299,1708826863.255
8300,1708826863.305
8301,1708826863.355
8302,1708826863.405
8303,1708826863.455
8304,1708826863.505
8305,1708826863.555
8306,1708826863.605
8307,1708826863.655
8308,1708826863.705
8309,1708826863.755
8310,1708826863.805
8311,1708826863.855
8312,1708826863.905
8313,1708826863.955
8314,1708826864.005
8315,1708826864.055
8316,1708826864.105
8317,1708826864.155
8318,1708826864.205
8319,1708826864.255
8320,1708826864.305
8321,1708826864.355
8322,1708826864.405
8323,1708826864.455
8324,1708826864.505
8325,1708826864.555
8326,1708826864.605
8327,1708826864.655
8328,1708826864.705
8329,1708826864.755
8330,1708826864.805
8331,1708826864.855
8332,1708826864.905
8333,1708826864.955
8334,1708826865.005
8335,1708826865.055
8336,1708826865.105
8337,1708826865.155
8338,1708826865.205
8339,1708826865.255
8340,1708826865.305
8341,1708826865.355
8342,1708826865.405
8343,1708826865.455
8344,1708826865.505
8345,1708826865.555
8346,1708826865.605
8347,1708826865.655
8348,1708826865.705
8349,1708826865.755
8350,1708826865.805
8351,1708826865.855
8352,1708826865.905
8353,1708826865.955
8354,1708826866.005
8355,1708826866.055
8356,1708826866.105
8357,1708826866.155
8358,1708826866.205
8359,1708826866.255
8360,1708826866.305
8361,1708826866.355
8362,1708826866.405
8363,1708826866.455
8364,1708826866.505
8365,1708826866.555
8366,1708826866.605
8367,1708826866.655
8368,1708826866.705
8369,1708826866.755
8370,1708826866.805
8371,1708826866.855
8372,1708826866.905
8373,1708826866.955
8374,1708826867.005
8375,1708826867.055
8376,1708826867.105
8377,1708826867.155
8378,1708826867.205
8379,1708826867.255
8380,1708826867.305
8381,1708826867.355
8382,1708826867.405
8383,1708826867.455
8384,1708826867.505
8385,1708826867.555
8386,1708826867.605
8387,1708826867.655
8388,1708826867.705
8389,1708826867.755
8390,1708826867.805
8391,1708826867.855
8392,1708826867.905
8393,1708826867.955
8394,1708826868.005
8395,1708826868.055
8396,1708826868.105
8397,1708826868.155
8398,1708826868.205
8399,1708826868.255
8400,1708826868.305
8401,1708826868.355
8402,1708826868.405
8403,1708826868.455
8404,1708826868.505
8405,1708826868.555
8406,1708826868.605
8407,1708826868.655
8408,1708826868.705
8409,1708826868.755
8410,1708826868.805
8411,1708826868.855
8412,1708826868.905
8413,1708826868.955
8414,1708826869.005
8415,1708826869.055
8416,1708826869.105
8417,1708826869.155
8418,1708826869.205
8419,1708826869.255
8420,1708826869.305
8421,1708826869.355
8422,1708826869.405
8423,1708826869.455
8424,1708826869.505
8425,1708826869.555
8426,1708826869.605
8427,1708826869.655
8428,1708826869.705
8429,1708826869.755
8430,1708826869.805
8431,1708826869.855
8432,1708826869.905
8433,1708826869.955
8434,1708826870.005
8435,1708826870.055
8436,1708826870.105
8437,1708826870.155
8438,1708826870.205
8439,1708826870.255
8440,1708826870.305
8441,1708826870.355
8442,1708826870.405
8443,1708826870.455
8444,1708826870.505
8445,1708826870.555
8446,1708826870.605
8447,1708826870.655
8448,1708826870.705
8449,1708826870.755
8450,1708826870.805
8451,1708826870.855
8452,1708826870.905
8453,1708826870.955
8454,1708826871.005
8455,1708826871.055
8456,1708826871.105
8457,1708826871.155
8458,1708826871.205
8459,1708826871.255
8460,1708826871.305
8461,1708826871.355
8462,1708826871.405
8463,1708826871.455
8464,1708826871.505
8465,1708826871.555
8466,1708826871.605
8467,1708826871.655
8468,1708826871.705
8469,1708826871.755
8470,1708826871.805
8471,1708826871.855
8472,1708826871.905
8473,1708826871.955
8474,1708826872.005
8475,1708826872.055
8476,1708826872.105
8477,1708826872.155
8478,1708826872.205
8479,1708826872.255
8480,1708826872.305
8481,1708826872.355
8482,1708826872.405
8483,1708826872.455
8484,1708826872.505
8485,1708826872.555
8486,1708826872.605
8487,1708826872.655
8488,1708826872.705
8489,1708826872.755
8490,1708826872.805
8491,1708826872.855
8492,1708826872.905
8493,1708826872.955
8494,1708826873.005
8495,1708826873.055
8496,1708826873.105
8497,1708826873.155
8498,1708826873.205
8499,1708826873.255
8500,1708826873.305
8501,1708826873.355
8502,1708826873.405
8503,1708826873.455
8504,1708826873.505
8505,1708826873.555
8506,1708826873.605
8507,1708826873.655
8508,1708826873.705
8509,1708826873.755
8510,1708826873.805
8511,1708826873.855
8512,1708826873.905
8513,1708826873.955
8514,1708826874.005
8515,1708826874.055
8516,1708826874.105
8517,1708826874.155
8518,1708826874.205
8519,1708826874.255
8520,1708826874.305
8521,1708826874.355
8522,1708826874.405
8523,1708826874.455
8524,1708826874.505
8525,1708826874.555
8526,1708826874.605
8527,1708826874.655
8528,1708826874.705
8529,1708826874.755
8530,1708826874.805
8531,1708826874.855
8532,1708826874.905
8533,1708826874.955
8534,1708826875.005
8535,1708826875.055
8536,1708826875.105
8537,1708826875.155
8538,1708826875.205
8539,1708826875.255
8540,1708826875.305
8541,1708826875.355
8542,1708826875.405
8543,1708826875.455
8544,1708826875.505
8545,1708826875.555
8546,1708826875.605
8547,1708826875.655
8548,1708826875.705
8549,1708826875.755
8550,1708826875.805
8551,1708826875.855
8552,1708826875.905
8553,1708826875.955
8554,1708826876.005
8555,1708826876.055
8556,1708826876.105
8557,1708826876.155
8558,1708826876.205
8559,1708826876.255
8560,1708826876.305
8561,1708826876.355
8562,1708826876.405
8563,1708826876.455
8564,1708826876.505
8565,1708826876.555
8566,1708826876.605
8567,1708826876.655
8568,1708826876.705
8569,1708826876.755
8570,1708826876.805
8571,1708826876.855
8572,1708826876.905
8573,1708826876.955
8574,1708826877.005
8575,1708826877.055
8576,1708826877.105
8577,1708826877.155
8578,1708826877.205
8579,1708826877.255
8580,1708826877.305
8581,1708826877.355
8582,1708826877.405
8583,1708826877.455
8584,1708826877.505
8585,1708826877.555
8586,1708826877.605
8587,1708826877.655
8588,1708826877.705
8589,1708826877.755
8590,1708826877.805
8591,1708826877.855
8592,1708826877.905
8593,1708826877.955
8594,1708826878.005
8595,1708826878.055
8596,1708826878.105
8597,1708826878.155
8598,1708826878.205
8599,1708826878.255
8600,1708826878.305
8601,1708826878.355
8602,1708826878.405
8603,1708826878.455
8604,1708826878.505
8605,1708826878.555
8606,1708826878.605
8607,1708826878.655
8608,1708826878.705
8609,1708826878.755
8610,1708826878.805
8611,1708826878.855
8612,1708826878.905
8613,1708826878.955
8614,1708826879.005
8615,1708826879.055
8616,1708826879.105
8617,1708826879.155
8618,1708826879.205
8619,1708826879.255
8620,1708826879.305
8621,1708826879.355
8622,1708826879.405
8623,1708826879.455
8624,1708826879.505
8625,1708826879.555
8626,1708826879.605
8627,1708826879.655
8628,1708826879.705
8629,1708826879.755
8630,1708826879.805
8631,1708826879.855
8632,1708826879.905
8633,1708826879.955
8634,1708826880.005
8635,1708826880.055
8636,1708826880.105
8637,1708826880.155
8638,1708826880.205
8639,1708826880.255
8640,1708826880.305
8641,1708826880.355
8642,1708826880.405
8643,1708826880.455
8644,1708826880.505
8645,1708826880.555
8646,1708826880.605
8647,1708826880.655
8648,1708826880.705
8649,1708826880.755
8650,1708826880.805
8651,1708826880.855
8652,1708826880.905
8653,1708826880.955
8654,1708826881.005
8655,1708826881.055
8656,1708826881.105
8657,1708826881.155
8658,1708826881.205
8659,1708826881.255
8660,1708826881.305
8661,1708826881.355
8662,1708826881.405
8663,1708826881.455
8664,1708826881.505
8665,1708826881.555
8666,1708826881.605
8667,1708826881.655
8668,1708826881.705
8669,1708826881.755
8670,1708826881.805
8671,1708826881.855
8672,1708826881.905
8673,1708826881.955
8674,1708826882.005
8675,1708826882.055
8676,1708826882.105
8677,1708826882.155
8678,1708826882.205
8679,1708826882.255
8680,1708826882.305
8681,1708826882.355
8682,1708826882.405
8683,1708826882.455
8684,1708826882.505
8685,1708826882.555
8686,1708826882.605
8687,1708826882.655
8688,1708826882.705
8689,1708826882.755
8690,1708826882.805
8691,1708826882.855
8692,1708826882.905
8693,1708826882.955
8694,1708826883.005
8695,1708826883.055
8696,1708826883.105
8697,1708826883.155
8698,1708826883.205
8699,1708826883.255
8700,1708826883.305
8701,1708826883.355
8702,1708826883.405
8703,1708826883.455
8704,1708826883.505
8705,1708826883.555
8706,1708826883.605
8707,1708826883.655
8708,1708826883.705
8709,1708826883.755
8710,1708826883.805
8711,1708826883.855
8712,1708826883.905
8713,1708826883.955
8714,1708826884.005
8715,1708826884.055
8716,1708826884.105
8717,1708826884.155
8718,1708826884.205
8719,1708826884.255
8720,1708826884.305
8721,1708826884.355
8722,1708826884.405
8723,1708826884.455
8724,1708826884.505
8725,1708826884.555
8726,1708826884.605
8727,1708826884.655
8728,1708826884.705
8729,1708826884.755
8730,1708826884.805
8731,1708826884.855
8732,1708826884.905
8733,1708826884.955
8734,1708826885.005
8735,1708826885.055
8736,1708826885.105
8737,1708826885.155
8738,1708826885.205
8739,1708826885.255
8740,1708826885.305
8741,1708826885.355
8742,1708826885.405
8743,1708826885.455
8744,1708826885.505
8745,1708826885.555
8746,1708826885.605
8747,1708826885.655
8748,1708826885.705
8749,1708826885.755
8750,1708826885.805
8751,1708826885.855
8752,1708826885.905
8753,1708826885.955
8754,1708826886.005
8755,1708826886.055
8756,1708826886.105
8757,1708826886.155
8758,1708826886.205
8759,1708826886.255
8760,1708826886.305
8761,1708826886.355
8762,1708826886.405
8763,1708826886.455
8764,1708826886.505
8765,1708826886.555
8766,1708826886.605
8767,1708826886.655
8768,1708826886.705
8769,1708826886.755
8770,1708826886.805
8771,1708826886.855
8772,1708826886.905
8773,1708826886.955
8774,1708826887.005
8775,1708826887.055
8776,1708826887.105
8777,1708826887.155
8778,1708826887.205
8779,1708826887.255
8780,1708826887.305
8781,1708826887.355
8782,1708826887.405
8783,1708826887.455
8784,1708826887.505
8785,1708826887.555
8786,1708826887.605
8787,1708826887.655
8788,1708826887.705
8789,1708826887.755
8790,1708826887.805
8791,1708826887.855
8792,1708826887.905
8793,1708826887.955
8794,1708826888.005
8795,1708826888.055
8796,1708826888.105
8797,1708826888.155
8798,1708826888.205
8799,1708826888.255
8800,1708826888.305
8801,1708826888.355
8802,1708826888.405
8803,1708826888.455
8804,1708826888.505
8805,1708826888.555
8806,1708826888.605
8807,1708826888.655
8808,1708826888.705
8809,1708826888.755
8810,1708826888.805
8811,1708826888.855
8812,1708826888.905
8813,1708826888.955
8814,1708826889.005
8815,1708826889.055
8816,1708826889.105
8817,1708826889.155
8818,1708826889.205
8819,1708826889.255
8820,1708826889.305
8821,1708826889.355
8822,1708826889.405
8823,1708826889.455
8824,1708826889.505
8825,1708826889.555
8826,1708826889.605
8827,1708826889.655
8828,1708826889.705
8829,1708826889.755
8830,1708826889.805
8831,1708826889.855
8832,1708826889.905
8833,1708826889.955
8834,1708826890.005
8835,1708826890.055
8836,1708826890.105
8837,1708826890.155
8838,1708826890.205
8839,1708826890.255
8840,1708826890.305
8841,1708826890.355
8842,1708826890.405
8843,1708826890.455
8844,1708826890.505
8845,1708826890.555
8846,1708826890.605
8847,1708826890.655
8848,1708826890.705
8849,1708826890.755
8850,1708826890.805
8851,1708826890.855
8852,1708826890.905
8853,1708826890.955
8854,1708826891.005
8855,1708826891.055
8856,1708826891.105
8857,1708826891.155
8858,1708826891.205
8859,1708826891.255
8860,1708826891.305
8861,1708826891.355
8862,1708826891.405
8863,1708826891.455
8864,1708826891.505
8865,1708826891.555
8866,1708826891.605
8867,1708826891.655
8868,1708826891.705
8869,1708826891.755
8870,1708826891.805
8871,1708826891.855
8872,1708826891.905
8873,1708826891.955
8874,1708826892.005
8875,1708826892.055
8876,1708826892.105
8877,1708826892.155
8878,1708826892.205
8879,1708826892.255
8880,1708826892.305
8881,1708826892.355
8882,1708826892.405
8883,1708826892.455
8884,1708826892.505
8885,1708826892.555
8886,1708826892.605
8887,1708826892.655
8888,1708826892.705
8889,1708826892.755
8890,1708826892.805
8891,1708826892.855
8892,1708826892.905
8893,1708826892.955
8894,1708826893.005
8895,1708826893.055
8896,1708826893.105
8897,1708826893.155
8898,1708826893.205
8899,1708826893.255
8900,1708826893.305
8901,1708826893.355
8902,1708826893.405
8903,1708826893.455
8904,1708826893.505
8905,1708826893.555
8906,1708826893.605
8907,1708826893.655
8908,1708826893.705
8909,1708826893.755
8910,1708826893.805
8911,1708826893.855
8912,1708826893.905
8913,1708826893.955
8914,1708826894.005
8915,1708826894.055
8916,1708826894.105
8917,1708826894.155
8918,1708826894.205
8919,1708826894.255
8920,1708826894.305
8921,1708826894.355
8922,1708826894.405
8923,1708826894.455
8924,1708826894.505
8925,1708826894.555
8926,1708826894.605
8927,1708826894.655
8928,1708826894.705
8929,1708826894.755
8930,1708826894.805
8931,1708826894.855
8932,1708826894.905
8933,1708826894.955
8934,1708826895.005
8935,1708826895.055
8936,1708826895.105
8937,1708826895.155
8938,1708826895.205
8939,1708826895.255
8940,1708826895.305
8941,1708826895.355
8942,1708826895.405
8943,1708826895.455
8944,1708826895.505
8945,1708826895.555
8946,1708826895.605
8947,1708826895.655
8948,1708826895.705
8949,1708826895.755
8950,1708826895.805
8951,1708826895.855
8952,1708826895.905
8953,1708826895.955
8954,1708826896.005
8955,1708826896.055
8956,1708826896.105
8957,1708826896.155
8958,1708826896.205
8959,1708826896.255
8960,1708826896.305
8961,1708826896.355
8962,1708826896.405
8963,1708826896.455
8964,1708826896.505
8965,1708826896.555
8966,1708826896.605
8967,1708826896.655
8968,1708826896.705
8969,1708826896.755
8970,1708826896.805
8971,1708826896.855
8972,1708826896.905
8973,1708826896.955
8974,1708826897.005
8975,1708826897.055
8976,1708826897.105
8977,1708826897.155
8978,1708826897.205
8979,1708826897.255
8980,1708826897.305
8981,1708826897.355
8982,1708826897.405
8983,1708826897.455
8984,1708826897.505
8985,1708826897.555
8986,1708826897.605
8987,1708826897.655
8988,1708826897.705
8989,1708826897.755
8990,1708826897.805
8991,1708826897.855
8992,1708826897.905
8993,1708826897.955
8994,1708826898.005
8995,1708826898.055
8996,1708826898.105
8997,1708826898.155
8998,1708826898.205
8999,1708826898.255
9000,1708826898.305
9001,1708826898.355
9002,1708826898.405
9003,1708826898.455
9004,1708826898.505
9005,1708826898.555
9006,1708826898.605
9007,1708826898.655
9008,1708826898.705
9009,1708826898.755
9010,1708826898.805
9011,1708826898.855
9012,1708826898.905
9013,1708826898.955
9014,1708826899.005
9015,1708826899.055
9016,1708826899.105
9017,1708826899.155
9018,1708826899.205
9019,1708826899.255
9020,1708826899.305
9021,1708826899.355
9022,1708826899.405
9023,1708826899.455
9024,1708826899.505
9025,1708826899.555
9026,1708826899.605
9027,1708826899.655
9028,1708826899.705
9029,1708826899.755
9030,1708826899.805
9031,1708826899.855
9032,1708826899.905
9033,1708826899.955
9034,1708826900.005
9035,1708826900.055
9036,1708826900.105
9037,1708826900.155
9038,1708826900.205
9039,1708826900.255
9040,1708826900.305
9041,1708826900.355
9042,1708826900.405
9043,1708826900.455
9044,1708826900.505
9045,1708826900.555
9046,1708826900.605
9047,1708826900.655
9048,1708826900.705
9049,1708826900.755
9050,1708826900.805
9051,1708826900.855
9052,1708826900.905
9053,1708826900.955
9054,1708826901.005
9055,1708826901.055
9056,1708826901.105
9057,1708826901.155
9058,1708826901.205
9059,1708826901.255
9060,1708826901.305
9061,1708826901.355
9062,1708826901.405
9063,1708826901.455
9064,1708826901.505
9065,1708826901.555
9066,1708826901.605
9067,1708826901.655
9068,1708826901.705
9069,1708826901.755
9070,1708826901.805
9071,1708826901.855
9072,1708826901.905
9073,1708826901.955
9074,1708826902.005
9075,1708826902.055
9076,1708826902.105
9077,1708826902.155
9078,1708826902.205
9079,1708826902.255
9080,1708826902.305
9081,1708826902.355
9082,1708826902.405
9083,1708826902.455
9084,1708826902.505
9085,1708826902.555
9086,1708826902.605
9087,1708826902.655
9088,1708826902.705
9089,1708826902.755
9090,1708826902.805
9091,1708826902.855
9092,1708826902.905
9093,1708826902.955
9094,1708826903.005
9095,1708826903.055
9096,1708826903.105
9097,1708826903.155
9098,1708826903.205
9099,1708826903.255
9100,1708826903.305
9101,1708826903.355
9102,1708826903.405
9103,1708826903.455
9104,1708826903.505
9105,1708826903.555
9106,1708826903.605
9107,1708826903.655
9108,1708826903.705
9109,1708826903.755
9110,1708826903.805
9111,1708826903.855
9112,1708826903.905
9113,1708826903.955
9114,1708826904.005
9115,1708826904.055
9116,1708826904.105
9117,1708826904.155
9118,1708826904.205
9119,1708826904.255
9120,1708826904.305
9121,1708826904.355
9122,1708826904.405
9123,1708826904.455
9124,1708826904.505
9125,1708826904.555
9126,1708826904.605
9127,1708826904.655
9128,1708826904.705
9129,1708826904.755
9130,1708826904.805
9131,1708826904.855
9132,1708826904.905
9133,1708826904.955
9134,1708826905.005
9135,1708826905.055
9136,1708826905.105
9137,1708826905.155
9138,1708826905.205
9139,1708826905.255
9140,1708826905.305
9141,1708826905.355
9142,1708826905.405
9143,1708826905.455
9144,1708826905.505
9145,1708826905.555
9146,1708826905.605
9147,1708826905.655
9148,1708826905.705
9149,1708826905.755
9150,1708826905.805
9151,1708826905.855
9152,1708826905.905
9153,1708826905.955
9154,1708826906.005
9155,1708826906.055
9156,1708826906.105
9157,1708826906.155
9158,1708826906.205
9159,1708826906.255
9160,1708826906.305
9161,1708826906.355
9162,1708826906.405
9163,1708826906.455
9164,1708826906.505
9165,1708826906.555
9166,1708826906.605
9167,1708826906.655
9168,1708826906.705
9169,1708826906.755
9170,1708826906.805
9171,1708826906.855
9172,1708826906.905
9173,1708826906.955
9174,1708826907.005
9175,1708826907.055
9176,1708826907.105
9177,1708826907.155
9178,1708826907.205
9179,1708826907.255
9180,1708826907.305
9181,1708826907.355
9182,1708826907.405
9183,1708826907.455
9184,1708826907.505
9185,1708826907.555
9186,1708826907.605
9187,1708826907.655
9188,1708826907.705
9189,1708826907.755
9190,1708826907.805
9191,1708826907.855
9192,1708826907.905
9193,1708826907.955
9194,1708826908.005
9195,1708826908.055
9196,1708826908.105
9197,1708826908.155
9198,1708826908.205
9199,1708826908.255
9200,1708826908.305
9201,1708826908.355
9202,1708826908.405
9203,1708826908.455
9204,1708826908.505
9205,1708826908.555
9206,1708826908.605
9207,1708826908.655
9208,1708826908.705
9209,1708826908.755
9210,1708826908.805
9211,1708826908.855
9212,1708826908.905
9213,1708826908.955
9214,1708826909.005
9215,1708826909.055
9216,1708826909.105
9217,1708826909.155
9218,1708826909.205
9219,1708826909.255
9220,1708826909.305
9221,1708826909.355
9222,1708826909.405
9223,1708826909.455
9224,1708826909.505
9225,1708826909.555
9226,1708826909.605
9227,1708826909.655
9228,1708826909.705
9229,1708826909.755
9230,1708826909.805
9231,1708826909.855
9232,1708826909.905
9233,1708826909.955
9234,1708826910.005
9235,1708826910.055
9236,1708826910.105
9237,1708826910.155
9238,1708826910.205
9239,1708826910.255
9240,1708826910.305
9241,1708826910.355
9242,1708826910.405
9243,1708826910.455
9244,1708826910.505
9245,1708826910.555
9246,1708826910.605
9247,1708826910.655
9248,1708826910.705
9249,1708826910.755
9250,1708826910.805
9251,1708826910.855
9252,1708826910.905
9253,1708826910.955
9254,1708826911.005
9255,1708826911.055
9256,1708826911.105
9257,1708826911.155
9258,1708826911.205
9259,1708826911.255
9260,1708826911.305
9261,1708826911.355
9262,1708826911.405
9263,1708826911.455
9264,1708826911.505
9265,1708826911.555
9266,1708826911.605
9267,1708826911.655
9268,1708826911.705
9269,1708826911.755
9270,1708826911.805
9271,1708826911.855
9272,1708826911.905
9273,1708826911.955
9274,1708826912.005
9275,1708826912.055
9276,1708826912.105
9277,1708826912.155
9278,1708826912.205
9279,1708826912.255
9280,1708826912.305
9281,1708826912.355
9282,1708826912.405
9283,1708826912.455
9284,1708826912.505
9285,1708826912.555
9286,1708826912.605
9287,1708826912.655
9288,1708826912.705
9289,1708826912.755
9290,1708826912.805
9291,1708826912.855
9292,1708826912.905
9293,1708826912.955
9294,1708826913.005
9295,1708826913.055
9296,1708826913.105
9297,1708826913.155
9298,1708826913.205
9299,1708826913.255
9300,1708826913.305
9301,1708826913.355
9302,1708826913.405
9303,1708826913.455
9304,1708826913.505
9305,1708826913.555
9306,1708826913.605
9307,1708826913.655
9308,1708826913.705
9309,1708826913.755
9310,1708826913.805
9311,1708826913.855
9312,1708826913.905
9313,1708826913.955
9314,1708826914.005
9315,1708826914.055
9316,1708826914.105
9317,1708826914.155
9318,1708826914.205
9319,1708826914.255
9320,1708826914.305
9321,1708826914.355
9322,1708826914.405
9323,1708826914.455
9324,1708826914.505
9325,1708826914.555
9326,1708826914.605
9327,1708826914.655
9328,1708826914.705
9329,1708826914.755
9330,1708826914.805
9331,1708826914.855
9332,1708826914.905
9333,1708826914.955
9334,1708826915.005
9335,1708826915.055
9336,1708826915.105
9337,1708826915.155
9338,1708826915.205
9339,1708826915.255
9340,1708826915.305
9341,1708826915.355
9342,1708826915.405
9343,1708826915.455
9344,1708826915.505
9345,1708826915.555
9346,1708826915.605
9347,1708826915.655
9348,1708826915.705
9349,1708826915.755
9350,1708826915.805
9351,1708826915.855
9352,1708826915.905
9353,1708826915.955
9354,1708826916.005
9355,1708826916.055
9356,1708826916.105
9357,1708826916.155
9358,1708826916.205
9359,1708826916.255
9360,1708826916.305
9361,1708826916.355
9362,1708826916.405
9363,1708826916.455
9364,1708826916.505
9365,1708826916.555
9366,1708826916.605
9367,1708826916.655
9368,1708826916.705
9369,1708826916.755
9370,1708826916.805
9371,1708826916.855
9372,1708826916.905
9373,1708826916.955
9374,1708826917.005
9375,1708826917.055
9376,1708826917.105
9377,1708826917.155
9378,1708826917.205
9379,1708826917.255
9380,1708826917.305
9381,1708826917.355
9382,1708826917.405
9383,1708826917.455
9384,1708826917.505
9385,1708826917.555
9386,1708826917.605
9387,1708826917.655
9388,1708826917.705
9389,1708826917.755
9390,1708826917.805
9391,1708826917.855
9392,1708826917.905
9393,1708826917.955
9394,1708826918.005
9395,1708826918.055
9396,1708826918.105
9397,1708826918.155
9398,1708826918.205
9399,1708826918.255
9400,1708826918.305
9401,1708826918.355
9402,1708826918.405
9403,1708826918.455
9404,1708826918.505
9405,1708826918.555
9406,1708826918.605
9407,1708826918.655
9408,1708826918.705
9409,1708826918.755
9410,1708826918.805
9411,1708826918.855
9412,1708826918.905
9413,1708826918.955
9414,1708826919.005
9415,1708826919.055
9416,1708826919.105
9417,1708826919.155
9418,1708826919.205
9419,1708826919.255
9420,1708826919.305
9421,1708826919.355
9422,1708826919.405
9423,1708826919.455
9424,1708826919.505
9425,1708826919.555
9426,1708826919.605
9427,1708826919.655
9428,1708826919.705
9429,1708826919.755
9430,1708826919.805
9431,1708826919.855
9432,1708826919.905
9433,1708826919.955
9434,1708826920.005
9435,1708826920.055
9436,1708826920.105
9437,1708826920.155
9438,1708826920.205
9439,1708826920.255
9440,1708826920.305
9441,1708826920.355
9442,1708826920.405
9443,1708826920.455
9444,1708826920.505
9445,1708826920.555
9446,1708826920.605
9447,1708826920.655
9448,1708826920.705
9449,1708826920.755
9450,1708826920.805
9451,1708826920.855
9452,1708826920.905
9453,1708826920.955
9454,1708826921.005
9455,1708826921.055
9456,1708826921.105
9457,1708826921.155
9458,1708826921.205
9459,1708826921.255
9460,1708826921.305
9461,1708826921.355
9462,1708826921.405
9463,1708826921.455
9464,1708826921.505
9465,1708826921.555
9466,1708826921.605
9467,1708826921.655
9468,1708826921.705
9469,1708826921.755
9470,1708826921.805
9471,1708826921.855
9472,1708826921.905
9473,1708826921.955
9474,1708826922.005
9475,1708826922.055
9476,1708826922.105
9477,1708826922.155
9478,1708826922.205
9479,1708826922.255
9480,1708826922.305
9481,1708826922.355
9482,1708826922.405
9483,1708826922.455
9484,1708826922.505
9485,1708826922.555
9486,1708826922.605
9487,1708826922.655
9488,1708826922.705
9489,1708826922.755
9490,1708826922.805
9491,1708826922.855
9492,1708826922.905
9493,1708826922.955
9494,1708826923.005
9495,1708826923.055
9496,1708826923.105
9497,1708826923.155
9498,1708826923.205
9499,1708826923.255
9500,1708826923.305
9501,1708826923.355
9502,1708826923.405
9503,1708826923.455
9504,1708826923.505
9505,1708826923.555
9506,1708826923.605
9507,1708826923.655
9508,1708826923.705
9509,1708826923.755
9510,1708826923.805
9511,1708826923.855
9512,1708826923.905
9513,1708826923.955
9514,1708826924.005
9515,1708826924.055
9516,1708826924.105
9517,1708826924.155
9518,1708826924.205
9519,1708826924.255
9520,1708826924.305
9521,1708826924.355
9522,1708826924.405
9523,1708826924.455
9524,1708826924.505
9525,1708826924.555
9526,1708826924.605
9527,1708826924.655
9528,1708826924.705
9529,1708826924.755
9530,1708826924.805
9531,1708826924.855
9532,1708826924.905
9533,1708826924.955
9534,1708826925.005
9535,1708826925.055
9536,1708826925.105
9537,1708826925.155
9538,1708826925.205
9539,1708826925.255
9540,1708826925.305
9541,1708826925.355
9542,1708826925.405
9543,1708826925.455
9544,1708826925.505
9545,1708826925.555
9546,1708826925.605
9547,1708826925.655
9548,1708826925.705
9549,1708826925.755
9550,1708826925.805
9551,1708826925.855
9552,1708826925.905
9553,1708826925.955
9554,1708826926.005
9555,1708826926.055
9556,1708826926.105
9557,1708826926.155
9558,1708826926.205
9559,1708826926.255
9560,1708826926.305
9561,1708826926.355
9562,1708826926.405
9563,1708826926.455
9564,1708826926.505
9565,1708826926.555
9566,1708826926.605
9567,1708826926.655
9568,1708826926.705
9569,1708826926.755
9570,1708826926.805
9571,1708826926.855
9572,1708826926.905
9573,1708826926.955
9574,1708826927.005
9575,1708826927.055
9576,1708826927.105
9577,1708826927.155
9578,1708826927.205
9579,1708826927.255
9580,1708826927.305
9581,1708826927.355
9582,1708826927.405
9583,1708826927.455
9584,1708826927.505
9585,1708826927.555
9586,1708826927.605
9587,1708826927.655
9588,1708826927.705
9589,1708826927.755
9590,1708826927.805
9591,1708826927.855
9592,1708826927.905
9593,1708826927.955
9594,1708826928.005
9595,1708826928.055
9596,1708826928.105
9597,1708826928.155
9598,1708826928.205
9599,1708826928.255
9600,1708826928.305
9601,1708826928.355
9602,1708826928.405
9603,1708826928.455
9604,1708826928.505
9605,1708826928.555
9606,1708826928.605
9607,1708826928.655
9608,1708826928.705
9609,1708826928.755
9610,1708826928.805
9611,1708826928.855
9612,1708826928.905
9613,1708826928.955
9614,1708826929.005
9615,1708826929.055
9616,1708826929.105
9617,1708826929.155
9618,1708826929.205
9619,1708826929.255
9620,1708826929.305
9621,1708826929.355
9622,1708826929.405
9623,1708826929.455
9624,1708826929.505
9625,1708826929.555
9626,1708826929.605
9627,1708826929.655
9628,1708826929.705
9629,1708826929.755
9630,1708826929.805
9631,1708826929.855
9632,1708826929.905
9633,1708826929.955
9634,1708826930.005
9635,1708826930.055
9636,1708826930.105
9637,1708826930.155
9638,1708826930.205
9639,1708826930.255
9640,1708826930.305
9641,1708826930.355
9642,1708826930.405
9643,1708826930.455
9644,1708826930.505
9645,1708826930.555
9646,1708826930.605
9647,1708826930.655
9648,1708826930.705
9649,1708826930.755
9650,1708826930.805
9651,1708826930.855
9652,1708826930.905
9653,1708826930.955
9654,1708826931.005
9655,1708826931.055
9656,1708826931.105
9657,1708826931.155
9658,1708826931.205
9659,1708826931.255
9660,1708826931.305
9661,1708826931.355
9662,1708826931.405
9663,1708826931.455
9664,1708826931.505
9665,1708826931.555
9666,1708826931.605
9667,1708826931.655
9668,1708826931.705
9669,1708826931.755
9670,1708826931.805
9671,1708826931.855
9672,1708826931.905
9673,1708826931.955
9674,1708826932.005
9675,1708826932.055
9676,1708826932.105
9677,1708826932.155
9678,1708826932.205
9679,1708826932.255
9680,1708826932.305
9681,1708826932.355
9682,1708826932.405
9683,1708826932.455
9684,1708826932.505
9685,1708826932.555
9686,1708826932.605
9687,1708826932.655
9688,1708826932.705
9689,1708826932.755
9690,1708826932.805
9691,1708826932.855
9692,1708826932.905
9693,1708826932.955
9694,1708826933.005
9695,1708826933.055
9696,1708826933.105
9697,1708826933.155
9698,1708826933.205
9699,1708826933.255
9700,1708826933.305
9701,1708826933.355
9702,1708826933.405
9703,1708826933.455
9704,1708826933.505
9705,1708826933.555
9706,1708826933.605
9707,1708826933.655
9708,1708826933.705
9709,1708826933.755
9710,1708826933.805
9711,1708826933.855
9712,1708826933.905
9713,1708826933.955
9714,1708826934.005
9715,1708826934.055
9716,1708826934.105
9717,1708826934.155
9718,1708826934.205
9719,1708826934.255
9720,1708826934.305
9721,1708826934.355
9722,1708826934.405
9723,1708826934.455
9724,1708826934.505
9725,1708826934.555
9726,1708826934.605
9727,1708826934.655
9728,1708826934.705
9729,1708826934.755
9730,1708826934.805
9731,1708826934.855
9732,1708826934.905
9733,1708826934.955
9734,1708826935.005
9735,1708826935.055
9736,1708826935.105
9737,1708826935.155
9738,1708826935.205
9739,1708826935.255
9740,1708826935.305
9741,1708826935.355
9742,1708826935.405
9743,1708826935.455
9744,1708826935.505
9745,1708826935.555
9746,1708826935.605
9747,1708826935.655
9748,1708826935.705
9749,1708826935.755
9750,1708826935.805
9751,1708826935.855
9752,1708826935.905
9753,1708826935.955
9754,1708826936.005
9755,1708826936.055
9756,1708826936.105
9757,1708826936.155
9758,1708826936.205
9759,1708826936.255
9760,1708826936.305
9761,1708826936.355
9762,1708826936.405
9763,1708826936.455
9764,1708826936.505
9765,1708826936.555
9766,1708826936.605
9767,1708826936.655
9768,1708826936.705
9769,1708826936.755
9770,1708826936.805
9771,1708826936.855
9772,1708826936.905
9773,1708826936.955
9774,1708826937.005
9775,1708826937.055
9776,1708826937.105
9777,1708826937.155
9778,1708826937.205
9779,1708826937.255
9780,1708826937.305
9781,1708826937.355
9782,1708826937.405
9783,1708826937.455
9784,1708826937.505
9785,1708826937.555
9786,1708826937.605
9787,1708826937.655
9788,1708826937.705
9789,1708826937.755
9790,1708826937.805
9791,1708826937.855
9792,1708826937.905
9793,1708826937.955
9794,1708826938.005
9795,1708826938.055
9796,1708826938.105
9797,1708826938.155
9798,1708826938.205
9799,1708826938.255
9800,1708826938.305
9801,1708826938.355
9802,1708826938.405
9803,1708826938.455
9804,1708826938.505
9805,1708826938.555
9806,1708826938.605
9807,1708826938.655
9808,1708826938.705
9809,1708826938.755
9810,1708826938.805
9811,1708826938.855
9812,1708826938.905
9813,1708826938.955
9814,1708826939.005
9815,1708826939.055
9816,1708826939.105
9817,1708826939.155
9818,1708826939.205
9819,1708826939.255
9820,1708826939.305
9821,1708826939.355
9822,1708826939.405
9823,1708826939.455
9824,1708826939.505
9825,1708826939.555
9826,1708826939.605
9827,1708826939.655
9828,1708826939.705
9829,1708826939.755
9830,1708826939.805
9831,1708826939.855
9832,1708826939.905
9833,1708826939.955
9834,1708826940.005
9835,1708826940.055
9836,1708826940.105
9837,1708826940.155
9838,1708826940.205
9839,1708826940.255
9840,1708826940.305
9841,1708826940.355
9842,1708826940.405
9843,1708826940.455
9844,1708826940.505
9845,1708826940.555
9846,1708826940.605
9847,1708826940.655
9848,1708826940.705
9849,1708826940.755
9850,1708826940.805
9851,1708826940.855
9852,1708826940.905
9853,1708826940.955
9854,1708826941.005
9855,1708826941.055
9856,1708826941.105
9857,1708826941.155
9858,1708826941.205
9859,1708826941.255
9860,1708826941.305
9861,1708826941.355
9862,1708826941.405
9863,1708826941.455
9864,1708826941.505
9865,1708826941.555
9866,1708826941.605
9867,1708826941.655
9868,1708826941.705
9869,1708826941.755
9870,1708826941.805
9871,1708826941.855
9872,1708826941.905
9873,1708826941.955
9874,1708826942.005
9875,1708826942.055
9876,1708826942.105
9877,1708826942.155
9878,1708826942.205
9879,1708826942.255
9880,1708826942.305
9881,1708826942.355
9882,1708826942.405
9883,1708826942.455
9884,1708826942.505
9885,1708826942.555
9886,1708826942.605
9887,1708826942.655
9888,1708826942.705
9889,1708826942.755
9890,1708826942.805
9891,1708826942.855
9892,1708826942.905
9893,1708826942.955
9894,1708826943.005
9895,1708826943.055
9896,1708826943.105
9897,1708826943.155
9898,1708826943.205
9899,1708826943.255
9900,1708826943.305
9901,1708826943.355
9902,1708826943.405
9903,1708826943.455
9904,1708826943.505
9905,1708826943.555
9906,1708826943.605
9907,1708826943.655
9908,1708826943.705
9909,1708826943.755
9910,1708826943.805
9911,1708826943.855
9912,1708826943.905
9913,1708826943.955
9914,1708826944.005
9915,1708826944.055
9916,1708826944.105
9917,1708826944.155
9918,1708826944.205
9919,1708826944.255
9920,1708826944.305
9921,1708826944.355
9922,1708826944.405
9923,1708826944.455
9924,1708826944.505
9925,1708826944.555
9926,1708826944.605
9927,1708826944.655
9928,1708826944.705
9929,1708826944.755
9930,1708826944.805
9931,1708826944.855
9932,1708826944.905
9933,1708826944.955
9934,1708826945.005
9935,1708826945.055
9936,1708826945.105
9937,1708826945.155
9938,1708826945.205
9939,1708826945.255
9940,1708826945.305
9941,1708826945.355
9942,1708826945.405
9943,1708826945.455
9944,1708826945.505
9945,1708826945.555
9946,1708826945.605
9947,1708826945.655
9948,1708826945.705
9949,1708826945.755
9950,1708826945.805
9951,1708826945.855
9952,1708826945.905
9953,1708826945.955
9954,1708826946.005
9955,1708826946.055
9956,1708826946.105
9957,1708826946.155
9958,1708826946.205
9959,1708826946.255
9960,1708826946.305
9961,1708826946.355
9962,1708826946.405
9963,1708826946.455
9964,1708826946.505
9965,1708826946.555
9966,1708826946.605
9967,1708826946.655
9968,1708826946.705
9969,1708826946.755
9970,1708826946.805
9971,1708826946.855
9972,1708826946.905
9973,1708826946.955
9974,1708826947.005
9975,1708826947.055
9976,1708826947.105
9977,1708826947.155
9978,1708826947.205
9979,1708826947.255
9980,1708826947.305
9981,1708826947.355
9982,1708826947.405
9983,1708826947.455
9984,1708826947.505
9985,1708826947.555
9986,1708826947.605
9987,1708826947.655
9988,1708826947.705
9989,1708826947.755
9990,1708826947.805
9991,1708826947.855
9992,1708826947.905
9993,1708826947.955
9994,1708826948.005
9995,1708826948.055
9996,1708826948.105
9997,1708826948.155
9998,1708826948.205
9999,1708826948.255
10000,1708826948.305
10001,1708826948.355
10002,1708826948.405
10003,1708826948.455
10004,1708826948.505
10005,1708826948.555
10006,1708826948.605
10007,1708826948.655
10008,1708826948.705
10009,1708826948.755
10010,1708826948.805
10011,1708826948.855
10012,1708826948.905
10013,1708826948.955
10014,1708826949.005
10015,1708826949.055
10016,1708826949.105
10017,1708826949.155
10018,1708826949.205
10019,1708826949.255
10020,1708826949.305
10021,1708826949.355
10022,1708826949.405
10023,1708826949.455
10024,1708826949.505
10025,1708826949.555
10026,1708826949.605
10027,1708826949.655
10028,1708826949.705
10029,1708826949.755
10030,1708826949.805
10031,1708826949.855
10032,1708826949.905
10033,1708826949.955
10034,1708826950.005
10035,1708826950.055
10036,1708826950.881
10037,1708826950.931
10038,1708826950.981
10039,1708826951.031
