frame_id,timestamp
0,1708826445.766
1,1708826445.786
2,1708826445.806
3,1708826445.826
4,1708826445.846
5,1708826445.866
6,1708826445.886
7,1708826445.916
8,1708826445.936
9,1708826445.956
10,1708826445.976
11,1708826445.996
12,1708826446.016
13,1708826446.036
14,1708826446.056
15,1708826446.086
16,1708826446.106
17,1708826446.126
18,1708826446.146
19,1708826446.166
20,1708826446.186
21,1708826446.206
22,1708826446.236
23,1708826446.256
24,1708826446.276
25,1708826446.296
26,1708826446.316
27,1708826446.336
28,1708826446.356
29,1708826446.376
30,1708826446.406
31,1708826446.426
32,1708826446.446
33,1708826446.466
34,1708826446.486
35,1708826446.506
36,1708826446.526
37,1708826446.556
38,1708826446.576
39,1708826446.596
40,1708826446.616
41,1708826446.636
42,1708826446.656
43,1708826446.676
44,1708826446.696
45,1708826446.726
46,1708826446.746
47,1708826446.766
48,1708826446.786
49,1708826446.806
50,1708826446.826
51,1708826446.846
52,1708826446.876
53,1708826446.896
54,1708826446.916
55,1708826446.936
56,1708826446.956
57,1708826446.976
58,1708826446.996
59,1708826447.016
60,1708826447.046
61,1708826447.066
62,1708826447.086
63,1708826447.106
64,1708826447.126
65,1708826447.146
66,1708826447.166
67,1708826447.196
68,1708826447.216
69,1708826447.236
70,1708826447.256
71,1708826447.276
72,1708826447.296
73,1708826447.316
74,1708826447.336
75,1708826447.366
76,1708826447.386
77,1708826447.406
78,1708826447.426
79,1708826447.446
80,1708826447.466
81,1708826447.486
82,1708826447.516
83,1708826447.536
84,1708826447.556
85,1708826447.576
86,1708826447.596
87,1708826447.616
88,1708826447.636
89,1708826447.656
90,1708826447.686
91,1708826447.706
92,1708826447.726
93,1708826447.746
94,1708826447.766
95,1708826447.786
96,1708826447.806
97,1708826447.836
98,1708826447.856
99,1708826447.876
100,1708826447.896
101,1708826447.916
102,1708826447.936
103,1708826447.956
104,1708826447.976
105,1708826448.006
106,1708826448.026
107,1708826448.046
108,1708826448.066
109,1708826448.086
110,1708826448.106
111,1708826448.126
112,1708826448.156
113,1708826448.176
114,1708826448.196
115,1708826448.216
116,1708826448.236
117,1708826448.256
118,1708826448.276
119,1708826448.296
120,1708826448.326
121,1708826448.346
122,1708826448.366
123,1708826448.386
124,1708826448.406
125,1708826448.426
126,1708826448.446
127,1708826448.476
128,1708826448.496
129,1708826448.516
130,1708826448.536
131,1708826448.556
132,1708826448.576
133,1708826448.596
134,1708826448.616
135,1708826448.646
136,1708826448.666
137,1708826448.686
138,1708826448.706
139,1708826448.726
140,1708826448.746
141,1708826448.766
142,1708826448.796
143,1708826448.816
144,1708826448.836
145,1708826448.856
146,1708826448.876
147,1708826448.896
148,1708826448.916
149,1708826448.936
150,1708826448.966
151,1708826448.986
152,1708826449.006
153,1708826449.026
154,1708826449.046
155,1708826449.066
156,1708826449.086
157,1708826449.116
158,1708826449.136
159,1708826449.156
160,1708826449.176
161,1708826449.196
162,1708826449.216
163,1708826449.236
164,1708826449.256
165,1708826449.286
166,1708826449.306
167,1708826449.326
168,1708826449.346
169,1708826449.366
170,1708826449.386
171,1708826449.406
172,1708826449.436
173,1708826449.456
174,1708826449.476
175,1708826449.496
176,1708826449.516
177,1708826449.536
178,1708826449.556
179,1708826449.576
180,1708826449.606
181,1708826449.626
182,1708826449.646
183,1708826449.666
184,1708826449.686
185,1708826449.706
186,1708826449.726
187,1708826449.756
188,1708826449.776
189,1708826449.796
190,1708826449.816
191,1708826449.836
192,1708826449.856
193,1708826449.876
194,1708826449.896
195,1708826449.926
196,1708826449.946
197,1708826449.966
198,1708826449.986
199,1708826450.006
200,1708826450.026
201,1708826450.046
202,1708826450.076
203,1708826450.096
204,1708826450.116
205,1708826450.136
206,1708826450.156
207,1708826450.176
208,1708826450.196
209,1708826450.216
210,1708826450.246
211,1708826450.266
212,1708826450.286
213,1708826450.306
214,1708826450.326
215,1708826450.346
216,1708826450.366
217,1708826450.396
218,1708826450.416
219,1708826450.436
220,1708826450.456
221,1708826450.476
222,1708826450.496
223,1708826450.516
224,1708826450.536
225,1708826450.566
226,1708826450.586
227,1708826450.606
228,1708826450.626
229,1708826450.646
230,1708826450.666
231,1708826450.686
232,1708826450.716
233,1708826450.736
234,1708826450.756
235,1708826450.776
236,1708826450.796
237,1708826450.816
238,1708826450.836
239,1708826450.856
240,1708826450.886
241,1708826450.906
242,1708826450.926
243,1708826450.946
244,1708826450.966
245,1708826450.986
246,1708826451.006
247,1708826451.036
248,1708826451.056
249,1708826451.076
250,1708826451.096
251,1708826451.116
252,1708826451.136
253,1708826451.156
254,1708826451.176
255,1708826451.206
256,1708826451.226
257,1708826451.246
258,1708826451.266
259,1708826451.286
260,1708826451.306
261,1708826451.326
262,1708826451.356
263,1708826451.376
264,1708826451.396
265,1708826451.416
266,1708826451.436
267,1708826451.456
268,1708826451.476
269,1708826451.496
270,1708826451.526
271,1708826451.546
272,1708826451.566
273,1708826451.586
274,1708826451.606
275,1708826451.626
276,1708826451.646
277,1708826451.676
278,1708826451.696
279,1708826451.716
280,1708826451.736
281,1708826451.756
282,1708826451.776
283,1708826451.796
284,1708826451.816
285,1708826451.846
286,1708826451.866
287,1708826451.886
288,1708826451.906
289,1708826451.926
290,1708826451.946
291,1708826451.966
292,1708826451.996
293,1708826452.016
294,1708826452.036
295,1708826452.056
296,1708826452.076
297,1708826452.096
298,1708826452.116
299,1708826452.136
300,1708826452.166
301,1708826452.186
302,1708826452.206
303,1708826452.226
304,1708826452.246
305,1708826452.266
306,1708826452.286
307,1708826452.316
308,1708826452.336
309,1708826452.356
310,1708826452.376
311,1708826452.396
312,1708826452.416
313,1708826452.436
314,1708826452.456
315,1708826452.486
316,1708826452.506
317,1708826452.526
318,1708826452.546
319,1708826452.566
320,1708826452.586
321,1708826452.606
322,1708826452.636
323,1708826452.656
324,1708826452.676
325,1708826452.696
326,1708826452.716
327,1708826452.736
328,1708826452.756
329,1708826452.776
330,1708826452.806
331,1708826452.826
332,1708826452.846
333,1708826452.866
334,1708826452.886
335,1708826452.906
336,1708826452.926
337,1708826452.956
338,1708826452.976
339,1708826452.996
340,1708826453.016
341,1708826453.036
342,1708826453.056
343,1708826453.076
344,1708826453.096
345,1708826453.126
346,1708826453.146
347,1708826453.166
348,1708826453.186
349,1708826453.206
350,1708826453.226
351,1708826453.246
352,1708826453.276
353,1708826453.296
354,1708826453.316
355,1708826453.336
356,1708826453.356
357,1708826453.376
358,1708826453.396
359,1708826453.416
360,1708826453.446
361,1708826453.466
362,1708826453.486
363,1708826453.506
364,1708826453.526
365,1708826453.546
366,1708826453.566
367,1708826453.596
368,1708826453.616
369,1708826453.636
370,1708826453.656
371,1708826453.676
372,1708826453.696
373,1708826453.716
374,1708826453.736
375,1708826453.766
376,1708826453.786
377,1708826453.806
378,1708826453.826
379,1708826453.846
380,1708826453.866
381,1708826453.886
382,1708826453.916
383,1708826453.936
384,1708826453.956
385,1708826453.976
386,1708826453.996
387,1708826454.016
388,1708826454.036
389,1708826454.056
390,1708826454.086
391,1708826454.106
392,1708826454.126
393,1708826454.146
394,1708826454.166
395,1708826454.186
396,1708826454.206
397,1708826454.236
398,1708826454.256
399,1708826454.276
400,1708826454.296
401,1708826454.316
402,1708826454.336
403,1708826454.356
404,1708826454.376
405,1708826454.406
406,1708826454.426
407,1708826454.446
408,1708826454.466
409,1708826454.486
410,1708826454.506
411,1708826454.526
412,1708826454.556
413,1708826454.576
414,1708826454.596
415,1708826454.616
416,1708826454.636
417,1708826454.656
418,1708826454.676
419,1708826454.696
420,1708826454.726
421,1708826454.746
422,1708826454.766
423,1708826454.786
424,1708826454.806
425,1708826454.826
426,1708826454.846
427,1708826454.876
428,1708826454.896
429,1708826454.916
430,1708826454.936
431,1708826454.956
432,1708826454.976
433,1708826454.996
434,1708826455.016
435,1708826455.046
436,1708826455.066
437,1708826455.086
438,1708826455.106
439,1708826455.126
440,1708826455.146
441,1708826455.166
442,1708826455.196
443,1708826455.216
444,1708826455.236
445,1708826455.256
446,1708826455.276
447,1708826455.296
448,1708826455.316
449,1708826455.336
450,1708826455.366
451,1708826455.386
452,1708826455.406
453,1708826455.426
454,1708826455.446
455,1708826455.466
456,1708826455.486
457,1708826455.516
458,1708826455.536
459,1708826455.556
460,1708826455.576
461,1708826455.596
462,1708826455.616
463,1708826455.636
464,1708826455.656
465,1708826455.686
466,1708826455.706
467,1708826455.726
468,1708826455.746
469,1708826455.766
470,1708826455.786
471,1708826455.806
472,1708826455.836
473,1708826455.856
474,1708826455.876
475,1708826455.896
476,1708826455.916
477,1708826455.936
478,1708826455.956
479,1708826455.976
480,1708826456.006
481,1708826456.026
482,1708826456.046
483,1708826456.066
484,1708826456.086
485,1708826456.106
486,1708826456.126
487,1708826456.156
488,1708826456.176
489,1708826456.196
490,1708826456.216
491,1708826456.236
492,1708826456.256
493,1708826456.276
494,1708826456.296
495,1708826456.326
496,1708826456.346
497,1708826456.366
498,1708826456.386
499,1708826456.406
500,1708826456.426
501,1708826456.446
502,1708826456.476
503,1708826456.496
504,1708826456.516
505,1708826456.536
506,1708826456.556
507,1708826456.576
508,1708826456.596
509,1708826456.616
510,1708826456.646
511,1708826456.666
512,1708826456.686
513,1708826456.706
514,1708826456.726
515,1708826456.746
516,1708826456.766
517,1708826456.796
518,1708826456.816
519,1708826456.836
520,1708826456.856
521,1708826456.876
522,1708826456.896
523,1708826456.916
524,1708826456.936
525,1708826456.966
526,1708826456.986
527,1708826457.006
528,1708826457.026
529,1708826457.046
530,1708826457.066
531,1708826457.086
532,1708826457.116
533,1708826457.136
534,1708826457.156
535,1708826457.176
536,1708826457.196
537,1708826457.216
538,1708826457.236
539,1708826457.256
540,1708826457.286
541,1708826457.306
542,1708826457.326
543,1708826457.346
544,1708826457.366
545,1708826457.386
546,1708826457.406
547,1708826457.436
548,1708826457.456
549,1708826457.476
550,1708826457.496
551,1708826457.516
552,1708826457.536
553,1708826457.556
554,1708826457.576
555,1708826457.606
556,1708826457.626
557,1708826457.646
558,1708826457.666
559,1708826457.686
560,1708826457.706
561,1708826457.726
562,1708826457.756
563,1708826457.776
564,1708826457.796
565,1708826457.816
566,1708826457.836
567,1708826457.856
568,1708826457.876
569,1708826457.896
570,1708826457.926
571,1708826457.946
572,1708826457.966
573,1708826457.986
574,1708826458.006
575,1708826458.026
576,1708826458.046
577,1708826458.076
578,1708826458.096
579,1708826458.116
580,1708826458.136
581,1708826458.156
582,1708826458.176
583,1708826458.196
584,1708826458.216
585,1708826458.246
586,1708826458.266
587,1708826458.286
588,1708826458.306
589,1708826458.326
590,1708826458.346
591,1708826458.366
592,1708826458.396
593,1708826458.416
594,1708826458.436
595,1708826458.456
596,1708826458.476
597,1708826458.496
598,1708826458.516
599,1708826458.536
600,1708826458.566
601,1708826458.586
602,1708826458.606
603,1708826458.626
604,1708826458.646
605,1708826458.666
606,1708826458.686
607,1708826458.716
608,1708826458.736
609,1708826458.756
610,1708826458.776
611,1708826458.796
612,1708826458.816
613,1708826458.836
614,1708826458.856
615,1708826458.886
616,1708826458.906
617,1708826458.926
618,1708826458.946
619,1708826458.966
620,1708826458.986
621,1708826459.006
622,1708826459.036
623,1708826459.056
624,1708826459.076
625,1708826459.096
626,1708826459.116
627,1708826459.136
628,1708826459.156
629,1708826459.176
630,1708826459.206
631,1708826459.226
632,1708826459.246
633,1708826459.266
634,1708826459.286
635,1708826459.306
636,1708826459.326
637,1708826459.356
638,1708826459.376
639,1708826459.396
640,1708826459.416
641,1708826459.436
642,1708826459.456
643,1708826459.476
644,1708826459.496
645,1708826459.526
646,1708826459.546
647,1708826459.566
648,1708826459.586
649,1708826459.606
650,1708826459.626
651,1708826459.646
652,1708826459.676
653,1708826459.696
654,1708826459.716
655,1708826459.736
656,1708826459.756
657,1708826459.776
658,1708826459.796
659,1708826459.816
660,1708826459.846
661,1708826459.866
662,1708826459.886
663,1708826459.906
664,1708826459.926
665,1708826459.946
666,1708826459.966
667,1708826459.996
668,1708826460.016
669,1708826460.036
670,1708826460.056
671,1708826460.076
672,1708826460.096
673,1708826460.116
674,1708826460.136
675,1708826460.166
676,1708826460.186
677,1708826460.206
678,1708826460.226
679,1708826460.246
680,1708826460.266
681,1708826460.286
682,1708826460.316
683,1708826460.336
684,1708826460.356
685,1708826460.376
686,1708826460.396
687,1708826460.416
688,1708826460.436
689,1708826460.456
690,1708826460.486
691,1708826460.506
692,1708826460.526
693,1708826460.546
694,1708826460.566
695,1708826460.586
696,1708826460.606
697,1708826460.636
698,1708826460.656
699,1708826460.676
700,1708826460.696
701,1708826460.716
702,1708826460.736
703,1708826460.756
704,1708826460.776
705,1708826460.806
706,1708826460.826
707,1708826460.846
708,1708826460.866
709,1708826460.886
710,1708826460.906
711,1708826460.926
712,1708826460.956
713,1708826460.976
714,1708826460.996
715,1708826461.016
716,1708826461.036
717,1708826461.056
718,1708826461.076
719,1708826461.096
720,1708826461.126
721,1708826461.146
722,1708826461.166
723,1708826461.186
724,1708826461.206
725,1708826461.226
726,1708826461.246
727,1708826461.276
728,1708826461.296
729,1708826461.316
730,1708826461.336
731,1708826461.356
732,1708826461.376
733,1708826461.396
734,1708826461.416
735,1708826461.446
736,1708826461.466
737,1708826461.486
738,1708826461.506
739,1708826461.526
740,1708826461.546
741,1708826461.566
742,1708826461.596
743,1708826461.616
744,1708826461.636
745,1708826461.656
746,1708826461.676
747,1708826461.696
748,1708826461.716
749,1708826461.736
750,1708826461.766
751,1708826461.786
752,1708826461.806
753,1708826461.826
754,1708826461.846
755,1708826461.866
756,1708826461.886
757,1708826461.916
758,1708826461.936
759,1708826461.956
760,1708826461.976
761,1708826461.996
762,1708826462.016
763,1708826462.036
764,1708826462.056
765,1708826462.086
766,1708826462.106
767,1708826462.126
768,1708826462.146
769,1708826462.166
770,1708826462.186
771,1708826462.206
772,1708826462.236
773,1708826462.256
774,1708826462.276
775,1708826462.296
776,1708826462.316
777,1708826462.336
778,1708826462.356
779,1708826462.376
780,1708826462.406
781,1708826462.426
782,1708826462.446
783,1708826462.466
784,1708826462.486
785,1708826462.506
786,1708826462.526
787,1708826462.556
788,1708826462.576
789,1708826462.596
790,1708826462.616
791,1708826462.636
792,1708826462.656
793,1708826462.676
794,1708826462.696
795,1708826462.726
796,1708826462.746
797,1708826462.766
798,1708826462.786
799,1708826462.806
800,1708826462.826
801,1708826462.846
802,1708826462.876
803,1708826462.896
804,1708826462.916
805,1708826462.936
806,1708826462.956
807,1708826462.976
808,1708826462.996
809,1708826463.016
810,1708826463.046
811,1708826463.066
812,1708826463.086
813,1708826463.106
814,1708826463.126
815,1708826463.146
816,1708826463.166
817,1708826463.196
818,1708826463.216
819,1708826463.236
820,1708826463.256
821,1708826463.276
822,1708826463.296
823,1708826463.316
824,1708826463.336
825,1708826463.366
826,1708826463.386
827,1708826463.406
828,1708826463.426
829,1708826463.446
830,1708826463.466
831,1708826463.486
832,1708826463.516
833,1708826463.536
834,1708826463.556
835,1708826463.576
836,1708826463.596
837,1708826463.616
838,1708826463.636
839,1708826463.656
840,1708826463.686
841,1708826463.706
842,1708826463.726
843,1708826463.746
844,1708826463.766
845,1708826463.786
846,1708826463.806
847,1708826463.836
848,1708826463.856
849,1708826463.876
850,1708826463.896
851,1708826463.916
852,1708826463.936
853,1708826463.956
854,1708826463.976
855,1708826464.006
856,1708826464.026
857,1708826464.046
858,1708826464.066
859,1708826464.086
860,1708826464.106
861,1708826464.126
862,1708826464.156
863,1708826464.176
864,1708826464.196
865,1708826464.216
866,1708826464.236
867,1708826464.256
868,1708826464.276
869,1708826464.296
870,1708826464.326
871,1708826464.346
872,1708826464.366
873,1708826464.386
874,1708826464.406
875,1708826464.426
876,1708826464.446
877,1708826464.476
878,1708826464.496
879,1708826464.516
880,1708826464.536
881,1708826464.556
882,1708826464.576
883,1708826464.596
884,1708826464.616
885,1708826464.646
886,1708826464.666
887,1708826464.686
888,1708826464.706
889,1708826464.726
890,1708826464.746
891,1708826464.766
892,1708826464.796
893,1708826464.816
894,1708826464.836
895,1708826464.856
896,1708826464.876
897,1708826464.896
898,1708826464.916
899,1708826464.936
900,1708826464.966
901,1708826464.986
902,1708826465.006
903,1708826465.026
904,1708826465.046
905,1708826465.066
906,1708826465.086
907,1708826465.116
908,1708826465.136
909,1708826465.156
910,1708826465.176
911,1708826465.196
912,1708826465.216
913,1708826465.236
914,1708826465.256
915,1708826465.286
916,1708826465.306
917,1708826465.326
918,1708826465.346
919,1708826465.366
920,1708826465.386
921,1708826465.406
922,1708826465.436
923,1708826465.456
924,1708826465.476
925,1708826465.496
926,1708826465.516
927,1708826465.536
928,1708826465.556
929,1708826465.576
930,1708826465.606
931,1708826465.626
932,1708826465.646
933,1708826465.666
934,1708826465.686
935,1708826465.706
936,1708826465.726
937,1708826465.756
938,1708826465.776
939,1708826465.796
940,1708826465.816
941,1708826465.836
942,1708826465.856
943,1708826465.876
944,1708826465.896
945,1708826465.926
946,1708826465.946
947,1708826465.966
948,1708826465.986
949,1708826466.006
950,1708826466.026
951,1708826466.046
952,1708826466.076
953,1708826466.096
954,1708826466.116
955,1708826466.136
956,1708826466.156
957,1708826466.176
958,1708826466.196
959,1708826466.216
960,1708826466.246
961,1708826466.266
962,1708826466.286
963,1708826466.306
964,1708826466.326
965,1708826466.346
966,1708826466.366
967,1708826466.396
968,1708826466.416
969,1708826466.436
970,1708826466.456
971,1708826466.476
972,1708826466.496
973,1708826466.516
974,1708826466.536
975,1708826466.566
976,1708826466.586
977,1708826466.606
978,1708826466.626
979,1708826466.646
980,1708826466.666
981,1708826466.686
982,1708826466.716
983,1708826466.736
984,1708826466.756
985,1708826466.776
986,1708826466.796
987,1708826466.816
988,1708826466.836
989,1708826466.856
990,1708826466.886
991,1708826466.906
992,1708826466.926
993,1708826466.946
994,1708826466.966
995,1708826466.986
996,1708826467.006
997,1708826467.036
998,1708826467.056
999,1708826467.076
1000,1708826467.096
1001,1708826467.116
1002,1708826467.136
1003,1708826467.156
1004,1708826467.176
1005,1708826467.206
1006,1708826467.226
1007,1708826467.246
1008,1708826467.266
1009,1708826467.286
1010,1708826467.306
1011,1708826467.326
1012,1708826467.356
1013,1708826467.376
1014,1708826467.396
1015,1708826467.416
1016,1708826467.436
1017,1708826467.456
1018,1708826467.476
1019,1708826467.496
1020,1708826467.526
1021,1708826467.546
1022,1708826467.566
1023,1708826467.586
1024,1708826467.606
1025,1708826467.626
1026,1708826467.646
1027,1708826467.676
1028,1708826467.696
1029,1708826467.716
1030,1708826467.736
1031,1708826467.756
1032,1708826467.776
1033,1708826467.796
1034,1708826467.816
1035,1708826467.846
1036,1708826467.866
1037,1708826467.886
1038,1708826467.906
1039,1708826467.926
1040,1708826467.946
1041,1708826467.966
1042,1708826467.996
1043,1708826468.016
1044,1708826468.036
1045,1708826468.056
1046,1708826468.076
1047,1708826468.096
1048,1708826468.116
1049,1708826468.136
1050,1708826468.166
1051,1708826468.186
1052,1708826468.206
1053,1708826468.226
1054,1708826468.246
1055,1708826468.266
1056,1708826468.286
1057,1708826468.316
1058,1708826468.336
1059,1708826468.356
1060,1708826468.376
1061,1708826468.396
1062,1708826468.416
1063,1708826468.436
1064,1708826468.456
1065,1708826468.486
1066,1708826468.506
1067,1708826468.526
1068,1708826468.546
1069,1708826468.566
1070,1708826468.586
1071,1708826468.606
1072,1708826468.636
1073,1708826468.656
1074,1708826468.676
1075,1708826468.696
1076,1708826468.716
1077,1708826468.736
1078,1708826468.756
1079,1708826468.776
1080,1708826468.806
1081,1708826468.826
1082,1708826468.846
1083,1708826468.866
1084,1708826468.886
1085,1708826468.906
1086,1708826468.926
1087,1708826468.956
1088,1708826468.976
1089,1708826468.996
1090,1708826469.016
1091,1708826469.036
1092,1708826469.056
1093,1708826469.076
1094,1708826469.096
1095,1708826469.126
1096,1708826469.146
1097,1708826469.166
1098,1708826469.186
1099,1708826469.206
1100,1708826469.226
1101,1708826469.246
1102,1708826469.276
1103,1708826469.296
1104,1708826469.316
1105,1708826469.336
1106,1708826469.356
1107,1708826469.376
1108,1708826469.396
1109,1708826469.416
1110,1708826469.446
1111,1708826469.466
1112,1708826469.486
1113,1708826469.506
1114,1708826469.526
1115,1708826469.546
1116,1708826469.566
1117,1708826469.596
1118,1708826469.616
1119,1708826469.636
1120,1708826469.656
1121,1708826469.676
1122,1708826469.696
1123,1708826469.716
1124,1708826469.736
1125,1708826469.766
1126,1708826469.786
1127,1708826469.806
1128,1708826469.826
1129,1708826469.846
1130,1708826469.866
1131,1708826469.886
1132,1708826469.916
1133,1708826469.936
1134,1708826469.956
1135,1708826469.976
1136,1708826469.996
1137,1708826470.016
1138,1708826470.036
1139,1708826470.056
1140,1708826470.086
1141,1708826470.106
1142,1708826470.126
1143,1708826470.146
1144,1708826470.166
1145,1708826470.186
1146,1708826470.206
1147,1708826470.236
1148,1708826470.256
1149,1708826470.276
1150,1708826470.296
1151,1708826470.316
1152,1708826470.336
1153,1708826470.356
1154,1708826470.376
1155,1708826470.406
1156,1708826470.426
1157,1708826470.446
1158,1708826470.466
1159,1708826470.486
1160,1708826470.506
1161,1708826470.526
1162,1708826470.556
1163,1708826470.576
1164,1708826470.596
1165,1708826470.616
1166,1708826470.636
1167,1708826470.656
1168,1708826470.676
1169,1708826470.696
1170,1708826470.726
1171,1708826470.746
1172,1708826470.766
1173,1708826470.786
1174,1708826470.806
1175,1708826470.826
1176,1708826470.846
1177,1708826470.876
1178,1708826470.896
1179,1708826470.916
1180,1708826470.936
1181,1708826470.956
1182,1708826470.976
1183,1708826470.996
1184,1708826471.016
1185,1708826471.046
1186,1708826471.066
1187,1708826471.086
1188,1708826471.106
1189,1708826471.126
1190,1708826471.146
1191,1708826471.166
1192,1708826471.196
1193,1708826471.216
1194,1708826471.236
1195,1708826471.256
1196,1708826471.276
1197,1708826471.296
1198,1708826471.316
1199,1708826471.336
1200,1708826471.366
1201,1708826471.386
1202,1708826471.406
1203,1708826471.426
1204,1708826471.446
1205,1708826471.466
1206,1708826471.486
1207,1708826471.516
1208,1708826471.536
1209,1708826471.556
1210,1708826471.576
1211,1708826471.596
1212,1708826471.616
1213,1708826471.636
1214,1708826471.656
1215,1708826471.686
1216,1708826471.706
1217,1708826471.726
1218,1708826471.746
1219,1708826471.766
1220,1708826471.786
1221,1708826471.806
1222,1708826471.836
1223,1708826471.856
1224,1708826471.876
1225,1708826471.896
1226,1708826471.916
1227,1708826471.936
1228,1708826471.956
1229,1708826471.976
1230,1708826472.006
1231,1708826472.026
1232,1708826472.046
1233,1708826472.066
1234,1708826472.086
1235,1708826472.106
1236,1708826472.126
1237,1708826472.156
1238,1708826472.176
1239,1708826472.196
1240,1708826472.216
1241,1708826472.236
1242,1708826472.256
1243,1708826472.276
1244,1708826472.296
1245,1708826472.326
1246,1708826472.346
1247,1708826472.366
1248,1708826472.386
1249,1708826472.406
1250,1708826472.426
1251,1708826472.446
1252,1708826472.476
1253,1708826472.496
1254,1708826472.516
1255,1708826472.536
1256,1708826472.556
1257,1708826472.576
1258,1708826472.596
1259,1708826472.616
1260,1708826472.646
1261,1708826472.666
1262,1708826472.686
1263,1708826472.706
1264,1708826472.726
1265,1708826472.746
1266,1708826472.766
1267,1708826472.796
1268,1708826472.816
1269,1708826472.836
1270,1708826472.856
1271,1708826472.876
1272,1708826472.896
1273,1708826472.916
1274,1708826472.936
1275,1708826472.966
1276,1708826472.986
1277,1708826473.006
1278,1708826473.026
1279,1708826473.046
1280,1708826473.066
1281,1708826473.086
1282,1708826473.116
1283,1708826473.136
1284,1708826473.156
1285,1708826473.176
1286,1708826473.196
1287,1708826473.216
1288,1708826473.236
1289,1708826473.256
1290,1708826473.286
1291,1708826473.306
1292,1708826473.326
1293,1708826473.346
1294,1708826473.366
1295,1708826473.386
1296,1708826473.406
1297,1708826473.436
1298,1708826473.456
1299,1708826473.476
1300,1708826473.496
1301,1708826473.516
1302,1708826473.536
1303,1708826473.556
1304,1708826473.576
1305,1708826473.606
1306,1708826473.626
1307,1708826473.646
1308,1708826473.666
1309,1708826473.686
1310,1708826473.706
1311,1708826473.726
1312,1708826473.756
1313,1708826473.776
1314,1708826473.796
1315,1708826473.816
1316,1708826473.836
1317,1708826473.856
1318,1708826473.876
1319,1708826473.896
1320,1708826473.926
1321,1708826473.946
1322,1708826473.966
1323,1708826473.986
1324,1708826474.006
1325,1708826474.026
1326,1708826474.046
1327,1708826474.076
1328,1708826474.096
1329,1708826474.116
1330,1708826474.136
1331,1708826474.156
1332,1708826474.176
1333,1708826474.196
1334,1708826474.216
1335,1708826474.246
1336,1708826474.266
1337,1708826474.286
1338,1708826474.306
1339,1708826474.326
1340,1708826474.346
1341,1708826474.366
1342,1708826474.396
1343,1708826474.416
1344,1708826474.436
1345,1708826474.456
1346,1708826474.476
1347,1708826474.496
1348,1708826474.516
1349,1708826474.536
1350,1708826474.566
1351,1708826474.586
1352,1708826474.606
1353,1708826474.626
1354,1708826474.646
1355,1708826474.666
1356,1708826474.686
1357,1708826474.716
1358,1708826474.736
1359,1708826474.756
1360,1708826474.776
1361,1708826474.796
1362,1708826474.816
1363,1708826474.836
1364,1708826474.856
1365,1708826474.886
1366,1708826474.906
1367,1708826474.926
1368,1708826474.946
1369,1708826474.966
1370,1708826474.986
1371,1708826475.006
1372,1708826475.036
1373,1708826475.056
1374,1708826475.076
1375,1708826475.096
1376,1708826475.116
1377,1708826475.136
1378,1708826475.156
1379,1708826475.176
1380,1708826475.206
1381,1708826475.226
1382,1708826475.246
1383,1708826475.266
1384,1708826475.286
1385,1708826475.306
1386,1708826475.326
1387,1708826475.356
1388,1708826475.376
1389,1708826475.396
1390,1708826475.416
1391,1708826475.436
1392,1708826475.456
1393,1708826475.476
1394,1708826475.496
1395,1708826475.526
1396,1708826475.546
1397,1708826475.566
1398,1708826475.586
1399,1708826475.606
1400,1708826475.626
1401,1708826475.646
1402,1708826475.676
1403,1708826475.696
1404,1708826475.716
1405,1708826475.736
1406,1708826475.756
1407,1708826475.776
1408,1708826475.796
1409,1708826475.816
1410,1708826475.846
1411,1708826475.866
1412,1708826475.886
1413,1708826475.906
1414,1708826475.926
1415,1708826475.946
1416,1708826475.966
1417,1708826475.996
1418,1708826476.016
1419,1708826476.036
1420,1708826476.056
1421,1708826476.076
1422,1708826476.096
1423,1708826476.116
1424,1708826476.136
1425,1708826476.166
1426,1708826476.186
1427,1708826476.206
1428,1708826476.226
1429,1708826476.246
1430,1708826476.266
1431,1708826476.286
1432,1708826476.316
1433,1708826476.336
1434,1708826476.356
1435,1708826476.376
1436,1708826476.396
1437,1708826476.416
1438,1708826476.436
1439,1708826476.456
1440,1708826476.486
1441,1708826476.506
1442,1708826476.526
1443,1708826476.546
1444,1708826476.566
1445,1708826476.586
1446,1708826476.606
1447,1708826476.636
1448,1708826476.656
1449,1708826476.676
1450,1708826476.696
1451,1708826476.716
1452,1708826476.736
1453,1708826476.756
1454,1708826476.776
1455,1708826476.806
1456,1708826476.826
1457,1708826476.846
1458,1708826476.866
1459,1708826476.886
1460,1708826476.906
1461,1708826476.926
1462,1708826476.956
1463,1708826476.976
1464,1708826476.996
1465,1708826477.016
1466,1708826477.036
1467,1708826477.056
1468,1708826477.076
1469,1708826477.096
1470,1708826477.126
1471,1708826477.146
1472,1708826477.166
1473,1708826477.186
1474,1708826477.206
1475,1708826477.226
1476,1708826477.246
1477,1708826477.276
1478,1708826477.296
1479,1708826477.316
1480,1708826477.336
1481,1708826477.356
1482,1708826477.376
1483,1708826477.396
1484,1708826477.416
1485,1708826477.446
1486,1708826477.466
1487,1708826477.486
1488,1708826477.506
1489,1708826477.526
1490,1708826477.546
1491,1708826477.566
1492,1708826477.596
1493,1708826477.616
1494,1708826477.636
1495,1708826477.656
1496,1708826477.676
1497,1708826477.696
1498,1708826477.716
1499,1708826477.736
1500,1708826477.766
1501,1708826477.786
1502,1708826477.806
1503,1708826477.826
1504,1708826477.846
1505,1708826477.866
1506,1708826477.886
1507,1708826477.916
1508,1708826477.936
1509,1708826477.956
1510,1708826477.976
1511,1708826477.996
1512,1708826478.016
1513,1708826478.036
1514,1708826478.056
1515,1708826478.086
1516,1708826478.106
1517,1708826478.126
1518,1708826478.146
1519,1708826478.166
1520,1708826478.186
1521,1708826478.206
1522,1708826478.236
1523,1708826478.256
1524,1708826478.276
1525,1708826478.296
1526,1708826478.316
1527,1708826478.336
1528,1708826478.356
1529,1708826478.376
1530,1708826478.406
1531,1708826478.426
1532,1708826478.446
1533,1708826478.466
1534,1708826478.486
1535,1708826478.506
1536,1708826478.526
1537,1708826478.556
1538,1708826478.576
1539,1708826478.596
1540,1708826478.616
1541,1708826478.636
1542,1708826478.656
1543,1708826478.676
1544,1708826478.696
1545,1708826478.726
1546,1708826478.746
1547,1708826478.766
1548,1708826478.786
1549,1708826478.806
1550,1708826478.826
1551,1708826478.846
1552,1708826478.876
1553,1708826478.896
1554,1708826478.916
1555,1708826478.936
1556,1708826478.956
1557,1708826478.976
1558,1708826478.996
1559,1708826479.016
1560,1708826479.046
1561,1708826479.066
1562,1708826479.086
1563,1708826479.106
1564,1708826479.126
1565,1708826479.146
1566,1708826479.166
1567,1708826479.196
1568,1708826479.216
1569,1708826479.236
1570,1708826479.256
1571,1708826479.276
1572,1708826479.296
1573,1708826479.316
1574,1708826479.336
1575,1708826479.366
1576,1708826479.386
1577,1708826479.406
1578,1708826479.426
1579,1708826479.446
1580,1708826479.466
1581,1708826479.486
1582,1708826479.516
1583,1708826479.536
1584,1708826479.556
1585,1708826479.576
1586,1708826479.596
1587,1708826479.616
1588,1708826479.636
1589,1708826479.656
1590,1708826479.686
1591,1708826479.706
1592,1708826479.726
1593,1708826479.746
1594,1708826479.766
1595,1708826479.786
1596,1708826479.806
1597,1708826479.836
1598,1708826479.856
1599,1708826479.876
1600,1708826479.896
1601,1708826479.916
1602,1708826479.936
1603,1708826479.956
1604,1708826479.976
1605,1708826480.006
1606,1708826480.026
1607,1708826480.046
1608,1708826480.066
1609,1708826480.086
1610,1708826480.106
1611,1708826480.126
1612,1708826480.156
1613,1708826480.176
1614,1708826480.196
1615,1708826480.216
1616,1708826480.236
1617,1708826480.256
1618,1708826480.276
1619,1708826480.296
1620,1708826480.326
1621,1708826480.346
1622,1708826480.366
1623,1708826480.386
1624,1708826480.406
1625,1708826480.426
1626,1708826480.446
1627,1708826480.476
1628,1708826480.496
1629,1708826480.516
1630,1708826480.536
1631,1708826480.556
1632,1708826480.576
1633,1708826480.596
1634,1708826480.616
1635,1708826480.646
1636,1708826480.666
1637,1708826480.686
1638,1708826480.706
1639,1708826480.726
1640,1708826480.746
1641,1708826480.766
1642,1708826480.796
1643,1708826480.816
1644,1708826480.836
1645,1708826480.856
1646,1708826480.876
1647,1708826480.896
1648,1708826480.916
1649,1708826480.936
1650,1708826480.966
1651,1708826480.986
1652,1708826481.006
1653,1708826481.026
1654,1708826481.046
1655,1708826481.066
1656,1708826481.086
1657,1708826481.116
1658,1708826481.136
1659,1708826481.156
1660,1708826481.176
1661,1708826481.196
1662,1708826481.216
1663,1708826481.236
1664,1708826481.256
1665,1708826481.286
1666,1708826481.306
1667,1708826481.326
1668,1708826481.346
1669,1708826481.366
1670,1708826481.386
1671,1708826481.406
1672,1708826481.436
1673,1708826481.456
1674,1708826481.476
1675,1708826481.496
1676,1708826481.516
1677,1708826481.536
1678,1708826481.556
1679,1708826481.576
1680,1708826481.606
1681,1708826481.626
1682,1708826481.646
1683,1708826481.666
1684,1708826481.686
1685,1708826481.706
1686,1708826481.726
1687,1708826481.756
1688,1708826481.776
1689,1708826481.796
1690,1708826481.816
1691,1708826481.836
1692,1708826481.856
1693,1708826481.876
1694,1708826481.896
1695,1708826481.926
1696,1708826481.946
1697,1708826481.966
1698,1708826481.986
1699,1708826482.006
1700,1708826482.026
1701,1708826482.046
1702,1708826482.076
1703,1708826482.096
1704,1708826482.116
1705,1708826482.136
1706,1708826482.156
1707,1708826482.176
1708,1708826482.196
1709,1708826482.216
1710,1708826482.246
1711,1708826482.266
1712,1708826482.286
1713,1708826482.306
1714,1708826482.326
1715,1708826482.346
1716,1708826482.366
1717,1708826482.396
1718,1708826482.416
1719,1708826482.436
1720,1708826482.456
1721,1708826482.476
1722,1708826482.496
1723,1708826482.516
1724,1708826482.536
1725,1708826482.566
1726,1708826482.586
1727,1708826482.606
1728,1708826482.626
1729,1708826482.646
1730,1708826482.666
1731,1708826482.686
1732,1708826482.716
1733,1708826482.736
1734,1708826482.756
1735,1708826482.776
1736,1708826482.796
1737,1708826482.816
1738,1708826482.836
1739,1708826482.856
1740,1708826482.886
1741,1708826482.906
1742,1708826482.926
1743,1708826482.946
1744,1708826482.966
1745,1708826482.986
1746,1708826483.006
1747,1708826483.036
1748,1708826483.056
1749,1708826483.076
1750,1708826483.096
1751,1708826483.116
1752,1708826483.136
1753,1708826483.156
1754,1708826483.176
1755,1708826483.206
1756,1708826483.226
1757,1708826483.246
1758,1708826483.266
1759,1708826483.286
1760,1708826483.306
1761,1708826483.326
1762,1708826483.356
1763,1708826483.376
1764,1708826483.396
1765,1708826483.416
1766,1708826483.436
1767,1708826483.456
1768,1708826483.476
1769,1708826483.496
1770,1708826483.526
1771,1708826483.546
1772,1708826483.566
1773,1708826483.586
1774,1708826483.606
1775,1708826483.626
1776,1708826483.646
1777,1708826483.676
1778,1708826483.696
1779,1708826483.716
1780,1708826483.736
1781,1708826483.756
1782,1708826483.776
1783,1708826483.796
1784,1708826483.816
1785,1708826483.846
1786,1708826483.866
1787,1708826483.886
1788,1708826483.906
1789,1708826483.926
1790,1708826483.946
1791,1708826483.966
1792,1708826483.996
1793,1708826484.016
1794,1708826484.036
1795,1708826484.056
1796,1708826484.076
1797,1708826484.096
1798,1708826484.116
1799,1708826484.136
1800,1708826484.166
1801,1708826484.186
1802,1708826484.206
1803,1708826484.226
1804,1708826484.246
1805,1708826484.266
1806,1708826484.286
1807,1708826484.316
1808,1708826484.336
1809,1708826484.356
1810,1708826484.376
1811,1708826484.396
1812,1708826484.416
1813,1708826484.436
1814,1708826484.456
1815,1708826484.486
1816,1708826484.506
1817,1708826484.526
1818,1708826484.546
1819,1708826484.566
1820,1708826484.586
1821,1708826484.606
1822,1708826484.636
1823,1708826484.656
1824,1708826484.676
1825,1708826484.696
1826,1708826484.716
1827,1708826484.736
1828,1708826484.756
1829,1708826484.776
1830,1708826484.806
1831,1708826484.826
1832,1708826484.846
1833,1708826484.866
1834,1708826484.886
1835,1708826484.906
1836,1708826484.926
1837,1708826484.956
1838,1708826484.976
1839,1708826484.996
1840,1708826485.016
1841,1708826485.036
1842,1708826485.056
1843,1708826485.076
1844,1708826485.096
1845,1708826485.126
1846,1708826485.146
1847,1708826485.166
1848,1708826485.186
1849,1708826485.206
1850,1708826485.226
1851,1708826485.246
1852,1708826485.276
1853,1708826485.296
1854,1708826485.316
1855,1708826485.336
1856,1708826485.356
1857,1708826485.376
1858,1708826485.396
1859,1708826485.416
1860,1708826485.446
1861,1708826485.466
1862,1708826485.486
1863,1708826485.506
1864,1708826485.526
1865,1708826485.546
1866,1708826485.566
1867,1708826485.596
1868,1708826485.616
1869,1708826485.636
1870,1708826485.656
1871,1708826485.676
1872,1708826485.696
1873,1708826485.716
1874,1708826485.736
1875,1708826485.766
1876,1708826485.786
1877,1708826485.806
1878,1708826485.826
1879,1708826485.846
1880,1708826485.866
1881,1708826485.886
1882,1708826485.916
1883,1708826485.936
1884,1708826485.956
1885,1708826485.976
1886,1708826485.996
1887,1708826486.016
1888,1708826486.036
1889,1708826486.056
1890,1708826486.086
1891,1708826486.106
1892,1708826486.126
1893,1708826486.146
1894,1708826486.166
1895,1708826486.186
1896,1708826486.206
1897,1708826486.236
1898,1708826486.256
1899,1708826486.276
1900,1708826486.296
1901,1708826486.316
1902,1708826486.336
1903,1708826486.356
1904,1708826486.376
1905,1708826486.406
1906,1708826486.426
1907,1708826486.446
1908,1708826486.466
1909,1708826486.486
1910,1708826486.506
1911,1708826486.526
1912,1708826486.556
1913,1708826486.576
1914,1708826486.596
1915,1708826486.616
1916,1708826486.636
1917,1708826486.656
1918,1708826486.676
1919,1708826486.696
1920,1708826486.726
1921,1708826486.746
1922,1708826486.766
1923,1708826486.786
1924,1708826486.806
1925,1708826486.826
1926,1708826486.846
1927,1708826486.876
1928,1708826486.896
1929,1708826486.916
1930,1708826486.936
1931,1708826486.956
1932,1708826486.976
1933,1708826486.996
1934,1708826487.016
1935,1708826487.046
1936,1708826487.066
1937,1708826487.086
1938,1708826487.106
1939,1708826487.126
1940,1708826487.146
1941,1708826487.166
1942,1708826487.196
1943,1708826487.216
1944,1708826487.236
1945,1708826487.256
1946,1708826487.276
1947,1708826487.296
1948,1708826487.316
1949,1708826487.336
1950,1708826487.366
1951,1708826487.386
1952,1708826487.406
1953,1708826487.426
1954,1708826487.446
1955,1708826487.466
1956,1708826487.486
1957,1708826487.516
1958,1708826487.536
1959,1708826487.556
1960,1708826487.576
1961,1708826487.596
1962,1708826487.616
1963,1708826487.636
1964,1708826487.656
1965,1708826487.686
1966,1708826487.706
1967,1708826487.726
1968,1708826487.746
1969,1708826487.766
1970,1708826487.786
1971,1708826487.806
1972,1708826487.836
1973,1708826487.856
1974,1708826487.876
1975,1708826487.896
1976,1708826487.916
1977,1708826487.936
1978,1708826487.956
1979,1708826487.976
1980,1708826488.006
1981,1708826488.026
1982,1708826488.046
1983,1708826488.066
1984,1708826488.086
1985,1708826488.106
1986,1708826488.126
1987,1708826488.156
1988,1708826488.176
1989,1708826488.196
1990,1708826488.216
1991,1708826488.236
1992,1708826488.256
1993,1708826488.276
1994,1708826488.296
1995,1708826488.326
1996,1708826488.346
1997,1708826488.366
1998,1708826488.386
1999,1708826488.406
2000,1708826488.426
2001,1708826488.446
2002,1708826488.476
2003,1708826488.496
2004,1708826488.516
2005,1708826488.536
2006,1708826488.556
2007,1708826488.576
2008,1708826488.596
2009,1708826488.616
2010,1708826488.646
2011,1708826488.666
2012,1708826488.686
2013,1708826488.706
2014,1708826488.726
2015,1708826488.746
2016,1708826488.766
2017,1708826488.796
2018,1708826488.816
2019,1708826488.836
2020,1708826488.856
2021,1708826488.876
2022,1708826488.896
2023,1708826488.916
2024,1708826488.936
2025,1708826488.966
2026,1708826488.986
2027,1708826489.006
2028,1708826489.026
2029,1708826489.046
2030,1708826489.066
2031,1708826489.086
2032,1708826489.116
2033,1708826489.136
2034,1708826489.156
2035,1708826489.176
2036,1708826489.196
2037,1708826489.216
2038,1708826489.236
2039,1708826489.256
2040,1708826489.286
2041,1708826489.306
2042,1708826489.326
2043,1708826489.346
2044,1708826489.366
2045,1708826489.386
2046,1708826489.406
2047,1708826489.436
2048,1708826489.456
2049,1708826489.476
2050,1708826489.496
2051,1708826489.516
2052,1708826489.536
2053,1708826489.556
2054,1708826489.576
2055,1708826489.606
2056,1708826489.626
2057,1708826489.646
2058,1708826489.666
2059,1708826489.686
2060,1708826489.706
2061,1708826489.726
2062,1708826489.756
2063,1708826489.776
2064,1708826489.796
2065,1708826489.816
2066,1708826489.836
2067,1708826489.856
2068,1708826489.876
2069,1708826489.896
2070,1708826489.926
2071,1708826489.946
2072,1708826489.966
2073,1708826489.986
2074,1708826490.006
2075,1708826490.026
2076,1708826490.046
2077,1708826490.076
2078,1708826490.096
2079,1708826490.116
2080,1708826490.136
2081,1708826490.156
2082,1708826490.176
2083,1708826490.196
2084,1708826490.216
2085,1708826490.246
2086,1708826490.266
2087,1708826490.286
2088,1708826490.306
2089,1708826490.326
2090,1708826490.346
2091,1708826490.366
2092,1708826490.396
2093,1708826490.416
2094,1708826490.436
2095,1708826490.456
2096,1708826490.476
2097,1708826490.496
2098,1708826490.516
2099,1708826490.536
2100,1708826490.566
2101,1708826490.586
2102,1708826490.606
2103,1708826490.626
2104,1708826490.646
2105,1708826490.666
2106,1708826490.686
2107,1708826490.716
2108,1708826490.736
2109,1708826490.756
2110,1708826490.776
2111,1708826490.796
2112,1708826490.816
2113,1708826490.836
2114,1708826490.856
2115,1708826490.886
2116,1708826490.906
2117,1708826490.926
2118,1708826490.946
2119,1708826490.966
2120,1708826490.986
2121,1708826491.006
2122,1708826491.036
2123,1708826491.056
2124,1708826491.076
2125,1708826491.096
2126,1708826491.116
2127,1708826491.136
2128,1708826491.156
2129,1708826491.176
2130,1708826491.206
2131,1708826491.226
2132,1708826491.246
2133,1708826491.266
2134,1708826491.286
2135,1708826491.306
2136,1708826491.326
2137,1708826491.356
2138,1708826491.376
2139,1708826491.396
2140,1708826491.416
2141,1708826491.436
2142,1708826491.456
2143,1708826491.476
2144,1708826491.496
2145,1708826491.526
2146,1708826491.546
2147,1708826491.566
2148,1708826491.586
2149,1708826491.606
2150,1708826491.626
2151,1708826491.646
2152,1708826491.676
2153,1708826491.696
2154,1708826491.716
2155,1708826491.736
2156,1708826491.756
2157,1708826491.776
2158,1708826491.796
2159,1708826491.816
2160,1708826491.846
2161,1708826491.866
2162,1708826491.886
2163,1708826491.906
2164,1708826491.926
2165,1708826491.946
2166,1708826491.966
2167,1708826491.996
2168,1708826492.016
2169,1708826492.036
2170,1708826492.056
2171,1708826492.076
2172,1708826492.096
2173,1708826492.116
2174,1708826492.136
2175,1708826492.166
2176,1708826492.186
2177,1708826492.206
2178,1708826492.226
2179,1708826492.246
2180,1708826492.266
2181,1708826492.286
2182,1708826492.316
2183,1708826492.336
2184,1708826492.356
2185,1708826492.376
2186,1708826492.396
2187,1708826492.416
2188,1708826492.436
2189,1708826492.456
2190,1708826492.486
2191,1708826492.506
2192,1708826492.526
2193,1708826492.546
2194,1708826492.566
2195,1708826492.586
2196,1708826492.606
2197,1708826492.636
2198,1708826492.656
2199,1708826492.676
2200,1708826492.696
2201,1708826492.716
2202,1708826492.736
2203,1708826492.756
2204,1708826492.776
2205,1708826492.806
2206,1708826492.826
2207,1708826492.846
2208,1708826492.866
2209,1708826492.886
2210,1708826492.906
2211,1708826492.926
2212,1708826492.956
2213,1708826492.976
2214,1708826492.996
2215,1708826493.016
2216,1708826493.036
2217,1708826493.056
2218,1708826493.076
2219,1708826493.096
2220,1708826493.126
2221,1708826493.146
2222,1708826493.166
2223,1708826493.186
2224,1708826493.206
2225,1708826493.226
2226,1708826493.246
2227,1708826493.276
2228,1708826493.296
2229,1708826493.316
2230,1708826493.336
2231,1708826493.356
2232,1708826493.376
2233,1708826493.396
2234,1708826493.416
2235,1708826493.446
2236,1708826493.466
2237,1708826493.486
2238,1708826493.506
2239,1708826493.526
2240,1708826493.546
2241,1708826493.566
2242,1708826493.596
2243,1708826493.616
2244,1708826493.636
2245,1708826493.656
2246,1708826493.676
2247,1708826493.696
2248,1708826493.716
2249,1708826493.736
2250,1708826493.766
2251,1708826493.786
2252,1708826493.806
2253,1708826493.826
2254,1708826493.846
2255,1708826493.866
2256,1708826493.886
2257,1708826493.916
2258,1708826493.936
2259,1708826493.956
2260,1708826493.976
2261,1708826493.996
2262,1708826494.016
2263,1708826494.036
2264,1708826494.056
2265,1708826494.086
2266,1708826494.106
2267,1708826494.126
2268,1708826494.146
2269,1708826494.166
2270,1708826494.186
2271,1708826494.206
2272,1708826494.236
2273,1708826494.256
2274,1708826494.276
2275,1708826494.296
2276,1708826494.316
2277,1708826494.336
2278,1708826494.356
2279,1708826494.376
2280,1708826494.406
2281,1708826494.426
2282,1708826494.446
2283,1708826494.466
2284,1708826494.486
2285,1708826494.506
2286,1708826494.526
2287,1708826494.556
2288,1708826494.576
2289,1708826494.596
2290,1708826494.616
2291,1708826494.636
2292,1708826494.656
2293,1708826494.676
2294,1708826494.696
2295,1708826494.726
2296,1708826494.746
2297,1708826494.766
2298,1708826494.786
2299,1708826494.806
2300,1708826494.826
2301,1708826494.846
2302,1708826494.876
2303,1708826494.896
2304,1708826494.916
2305,1708826494.936
2306,1708826494.956
2307,1708826494.976
2308,1708826494.996
2309,1708826495.016
2310,1708826495.046
2311,1708826495.066
2312,1708826495.086
2313,1708826495.106
2314,1708826495.126
2315,1708826495.146
2316,1708826495.166
2317,1708826495.196
2318,1708826495.216
2319,1708826495.236
2320,1708826495.256
2321,1708826495.276
2322,1708826495.296
2323,1708826495.316
2324,1708826495.336
2325,1708826495.366
2326,1708826495.386
2327,1708826495.406
2328,1708826495.426
2329,1708826495.446
2330,1708826495.466
2331,1708826495.486
2332,1708826495.516
2333,1708826495.536
2334,1708826495.556
2335,1708826495.576
2336,1708826495.596
2337,1708826495.616
2338,1708826495.636
2339,1708826495.656
2340,1708826495.686
2341,1708826495.706
2342,1708826495.726
2343,1708826495.746
2344,1708826495.766
2345,1708826495.786
2346,1708826495.806
2347,1708826495.836
2348,1708826495.856
2349,1708826495.876
2350,1708826495.896
2351,1708826495.916
2352,1708826495.936
2353,1708826495.956
2354,1708826495.976
2355,1708826496.006
2356,1708826496.026
2357,1708826496.046
2358,1708826496.066
2359,1708826496.086
2360,1708826496.106
2361,1708826496.126
2362,1708826496.156
2363,1708826496.176
2364,1708826496.196
2365,1708826496.216
2366,1708826496.236
2367,1708826496.256
2368,1708826496.276
2369,1708826496.296
2370,1708826496.326
2371,1708826496.346
2372,1708826496.366
2373,1708826496.386
2374,1708826496.406
2375,1708826496.426
2376,1708826496.446
2377,1708826496.476
2378,1708826496.496
2379,1708826496.516
2380,1708826496.536
2381,1708826496.556
2382,1708826496.576
2383,1708826496.596
2384,1708826496.616
2385,1708826496.646
2386,1708826496.666
2387,1708826496.686
2388,1708826496.706
2389,1708826496.726
2390,1708826496.746
2391,1708826496.766
2392,1708826496.796
2393,1708826496.816
2394,1708826496.836
2395,1708826496.856
2396,1708826496.876
2397,1708826496.896
2398,1708826496.916
2399,1708826496.936
2400,1708826496.966
2401,1708826496.986
2402,1708826497.006
2403,1708826497.026
2404,1708826497.046
2405,1708826497.066
2406,1708826497.086
2407,1708826497.116
2408,1708826497.136
2409,1708826497.156
2410,1708826497.176
2411,1708826497.196
2412,1708826497.216
2413,1708826497.236
2414,1708826497.256
2415,1708826497.286
2416,1708826497.306
2417,1708826497.326
2418,1708826497.346
2419,1708826497.366
2420,1708826497.386
2421,1708826497.406
2422,1708826497.436
2423,1708826497.456
2424,1708826497.476
2425,1708826497.496
2426,1708826497.516
2427,1708826497.536
2428,1708826497.556
2429,1708826497.576
2430,1708826497.606
2431,1708826497.626
2432,1708826497.646
2433,1708826497.666
2434,1708826497.686
2435,1708826497.706
2436,1708826497.726
2437,1708826497.756
2438,1708826497.776
2439,1708826497.796
2440,1708826497.816
2441,1708826497.836
2442,1708826497.856
2443,1708826497.876
2444,1708826497.896
2445,1708826497.926
2446,1708826497.946
2447,1708826497.966
2448,1708826497.986
2449,1708826498.006
2450,1708826498.026
2451,1708826498.046
2452,1708826498.076
2453,1708826498.096
2454,1708826498.116
2455,1708826498.136
2456,1708826498.156
2457,1708826498.176
2458,1708826498.196
2459,1708826498.216
2460,1708826498.246
2461,1708826498.266
2462,1708826498.286
2463,1708826498.306
2464,1708826498.326
2465,1708826498.346
2466,1708826498.366
2467,1708826498.396
2468,1708826498.416
2469,1708826498.436
2470,1708826498.456
2471,1708826498.476
2472,1708826498.496
2473,1708826498.516
2474,1708826498.536
2475,1708826498.566
2476,1708826498.586
2477,1708826498.606
2478,1708826498.626
2479,1708826498.646
2480,1708826498.666
2481,1708826498.686
2482,1708826498.716
2483,1708826498.736
2484,1708826498.756
2485,1708826498.776
2486,1708826498.796
2487,1708826498.816
2488,1708826498.836
2489,1708826498.856
2490,1708826498.886
2491,1708826498.906
2492,1708826498.926
2493,1708826498.946
2494,1708826498.966
2495,1708826498.986
2496,1708826499.006
2497,1708826499.036
2498,1708826499.056
2499,1708826499.076
2500,1708826499.096
2501,1708826499.116
2502,1708826499.136
2503,1708826499.156
2504,1708826499.176
2505,1708826499.206
2506,1708826499.226
2507,1708826499.246
2508,1708826499.266
2509,1708826499.286
2510,1708826499.306
2511,1708826499.326
2512,1708826499.356
2513,1708826499.376
2514,1708826499.396
2515,1708826499.416
2516,1708826499.436
2517,1708826499.456
2518,1708826499.476
2519,1708826499.496
2520,1708826499.526
2521,1708826499.546
2522,1708826499.566
2523,1708826499.586
2524,1708826499.606
2525,1708826499.626
2526,1708826499.646
2527,1708826499.676
2528,1708826499.696
2529,1708826499.716
2530,1708826499.736
2531,1708826499.756
2532,1708826499.776
2533,1708826499.796
2534,1708826499.816
2535,1708826499.846
2536,1708826499.866
2537,1708826499.886
2538,1708826499.906
2539,1708826499.926
2540,1708826499.946
2541,1708826499.966
2542,1708826499.996
2543,1708826500.016
2544,1708826500.036
2545,1708826500.056
2546,1708826500.076
2547,1708826500.096
2548,1708826500.116
2549,1708826500.136
2550,1708826500.166
2551,1708826500.186
2552,1708826500.206
2553,1708826500.226
2554,1708826500.246
2555,1708826500.266
2556,1708826500.286
2557,1708826500.316
2558,1708826500.336
2559,1708826500.356
2560,1708826500.376
2561,1708826500.396
2562,1708826500.416
2563,1708826500.436
2564,1708826500.456
2565,1708826500.486
2566,1708826500.506
2567,1708826500.526
2568,1708826500.546
2569,1708826500.566
2570,1708826500.586
2571,1708826500.606
2572,1708826500.636
2573,1708826500.656
2574,1708826500.676
2575,1708826500.696
2576,1708826500.716
2577,1708826500.736
2578,1708826500.756
2579,1708826500.776
2580,1708826500.806
2581,1708826500.826
2582,1708826500.846
2583,1708826500.866
2584,1708826500.886
2585,1708826500.906
2586,1708826500.926
2587,1708826500.956
2588,1708826500.976
2589,1708826500.996
2590,1708826501.016
2591,1708826501.036
2592,1708826501.056
2593,1708826501.076
2594,1708826501.096
2595,1708826501.126
2596,1708826501.146
2597,1708826501.166
2598,1708826501.186
2599,1708826501.206
2600,1708826501.226
2601,1708826501.246
2602,1708826501.276
2603,1708826501.296
2604,1708826501.316
2605,1708826501.336
2606,1708826501.356
2607,1708826501.376
2608,1708826501.396
2609,1708826501.416
2610,1708826501.446
2611,1708826501.466
2612,1708826501.486
2613,1708826501.506
2614,1708826501.526
2615,1708826501.546
2616,1708826501.566
2617,1708826501.596
2618,1708826501.616
2619,1708826501.636
2620,1708826501.656
2621,1708826501.676
2622,1708826501.696
2623,1708826501.716
2624,1708826501.736
2625,1708826501.766
2626,1708826501.786
2627,1708826501.806
2628,1708826501.826
2629,1708826501.846
2630,1708826501.866
2631,1708826501.886
2632,1708826501.916
2633,1708826501.936
2634,1708826501.956
2635,1708826501.976
2636,1708826501.996
2637,1708826502.016
2638,1708826502.036
2639,1708826502.056
2640,1708826502.086
2641,1708826502.106
2642,1708826502.126
2643,1708826502.146
2644,1708826502.166
2645,1708826502.186
2646,1708826502.206
2647,1708826502.236
2648,1708826502.256
2649,1708826502.276
2650,1708826502.296
2651,1708826502.316
2652,1708826502.336
2653,1708826502.356
2654,1708826502.376
2655,1708826502.406
2656,1708826502.426
2657,1708826502.446
2658,1708826502.466
2659,1708826502.486
2660,1708826502.506
2661,1708826502.526
2662,1708826502.556
2663,1708826502.576
2664,1708826502.596
2665,1708826502.616
2666,1708826502.636
2667,1708826502.656
2668,1708826502.676
2669,1708826502.696
2670,1708826502.726
2671,1708826502.746
2672,1708826502.766
2673,1708826502.786
2674,1708826502.806
2675,1708826502.826
2676,1708826502.846
2677,1708826502.876
2678,1708826502.896
2679,1708826502.916
2680,1708826502.936
2681,1708826502.956
2682,1708826502.976
2683,1708826502.996
2684,1708826503.016
2685,1708826503.046
2686,1708826503.066
2687,1708826503.086
2688,1708826503.106
2689,1708826503.126
2690,1708826503.146
2691,1708826503.166
2692,1708826503.196
2693,1708826503.216
2694,1708826503.236
2695,1708826503.256
2696,1708826503.276
2697,1708826503.296
2698,1708826503.316
2699,1708826503.336
2700,1708826503.366
2701,1708826503.386
2702,1708826503.406
2703,1708826503.426
2704,1708826503.446
2705,1708826503.466
2706,1708826503.486
2707,1708826503.516
2708,1708826503.536
2709,1708826503.556
2710,1708826503.576
2711,1708826503.596
2712,1708826503.616
2713,1708826503.636
2714,1708826503.656
2715,1708826503.686
2716,1708826503.706
2717,1708826503.726
2718,1708826503.746
2719,1708826503.766
2720,1708826503.786
2721,1708826503.806
2722,1708826503.836
2723,1708826503.856
2724,1708826503.876
2725,1708826503.896
2726,1708826503.916
2727,1708826503.936
2728,1708826503.956
2729,1708826503.976
2730,1708826504.006
2731,1708826504.026
2732,1708826504.046
2733,1708826504.066
2734,1708826504.086
2735,1708826504.106
2736,1708826504.126
2737,1708826504.156
2738,1708826504.176
2739,1708826504.196
2740,1708826504.216
2741,1708826504.236
2742,1708826504.256
2743,1708826504.276
2744,1708826504.296
2745,1708826504.326
2746,1708826504.346
2747,1708826504.366
2748,1708826504.386
2749,1708826504.406
2750,1708826504.426
2751,1708826504.446
2752,1708826504.476
2753,1708826504.496
2754,1708826504.516
2755,1708826504.536
2756,1708826504.556
2757,1708826504.576
2758,1708826504.596
2759,1708826504.616
2760,1708826504.646
2761,1708826504.666
2762,1708826504.686
2763,1708826504.706
2764,1708826504.726
2765,1708826504.746
2766,1708826504.766
2767,1708826504.796
2768,1708826504.816
2769,1708826504.836
2770,1708826504.856
2771,1708826504.876
2772,1708826504.896
2773,1708826504.916
2774,1708826504.936
2775,1708826504.966
2776,1708826504.986
2777,1708826505.006
2778,1708826505.026
2779,1708826505.046
2780,1708826505.066
2781,1708826505.086
2782,1708826505.116
2783,1708826505.136
2784,1708826505.156
2785,1708826505.176
2786,1708826505.196
2787,1708826505.216
2788,1708826505.236
2789,1708826505.256
2790,1708826505.286
2791,1708826505.306
2792,1708826505.326
2793,1708826505.346
2794,1708826505.366
2795,1708826505.386
2796,1708826505.406
2797,1708826505.436
2798,1708826505.456
2799,1708826505.476
2800,1708826505.496
2801,1708826505.516
2802,1708826505.536
2803,1708826505.556
2804,1708826505.576
2805,1708826505.606
2806,1708826505.626
2807,1708826505.646
2808,1708826505.666
2809,1708826505.686
2810,1708826505.706
2811,1708826505.726
2812,1708826505.756
2813,1708826505.776
2814,1708826505.796
2815,1708826505.816
2816,1708826505.836
2817,1708826505.856
2818,1708826505.876
2819,1708826505.896
2820,1708826505.926
2821,1708826505.946
2822,1708826505.966
2823,1708826505.986
2824,1708826506.006
2825,1708826506.026
2826,1708826506.046
2827,1708826506.076
2828,1708826506.096
2829,1708826506.116
2830,1708826506.136
2831,1708826506.156
2832,1708826506.176
2833,1708826506.196
2834,1708826506.216
2835,1708826506.246
2836,1708826506.266
2837,1708826506.286
2838,1708826506.306
2839,1708826506.326
2840,1708826506.346
2841,1708826506.366
2842,1708826506.396
2843,1708826506.416
2844,1708826506.436
2845,1708826506.456
2846,1708826506.476
2847,1708826506.496
2848,1708826506.516
2849,1708826506.536
2850,1708826506.566
2851,1708826506.586
2852,1708826506.606
2853,1708826506.626
2854,1708826506.646
2855,1708826506.666
2856,1708826506.686
2857,1708826506.716
2858,1708826506.736
2859,1708826506.756
2860,1708826506.776
2861,1708826506.796
2862,1708826506.816
2863,1708826506.836
2864,1708826506.856
2865,1708826506.886
2866,1708826506.906
2867,1708826506.926
2868,1708826506.946
2869,1708826506.966
2870,1708826506.986
2871,1708826507.006
2872,1708826507.036
2873,1708826507.056
2874,1708826507.076
2875,1708826507.096
2876,1708826507.116
2877,1708826507.136
2878,1708826507.156
2879,1708826507.176
2880,1708826507.206
2881,1708826507.226
2882,1708826507.246
2883,1708826507.266
2884,1708826507.286
2885,1708826507.306
2886,1708826507.326
2887,1708826507.356
2888,1708826507.376
2889,1708826507.396
2890,1708826507.416
2891,1708826507.436
2892,1708826507.456
2893,1708826507.476
2894,1708826507.496
2895,1708826507.526
2896,1708826507.546
2897,1708826507.566
2898,1708826507.586
2899,1708826507.606
2900,1708826507.626
2901,1708826507.646
2902,1708826507.676
2903,1708826507.696
2904,1708826507.716
2905,1708826507.736
2906,1708826507.756
2907,1708826507.776
2908,1708826507.796
2909,1708826507.816
2910,1708826507.846
2911,1708826507.866
2912,1708826507.886
2913,1708826507.906
2914,1708826507.926
2915,1708826507.946
2916,1708826507.966
2917,1708826507.996
2918,1708826508.016
2919,1708826508.036
2920,1708826508.056
2921,1708826508.076
2922,1708826508.096
2923,1708826508.116
2924,1708826508.136
2925,1708826508.166
2926,1708826508.186
2927,1708826508.206
2928,1708826508.226
2929,1708826508.246
2930,1708826508.266
2931,1708826508.286
2932,1708826508.316
2933,1708826508.336
2934,1708826508.356
2935,1708826508.376
2936,1708826508.396
2937,1708826508.416
2938,1708826508.436
2939,1708826508.456
2940,1708826508.486
2941,1708826508.506
2942,1708826508.526
2943,1708826508.546
2944,1708826508.566
2945,1708826508.586
2946,1708826508.606
2947,1708826508.636
2948,1708826508.656
2949,1708826508.676
2950,1708826508.696
2951,1708826508.716
2952,1708826508.736
2953,1708826508.756
2954,1708826508.776
2955,1708826508.806
2956,1708826508.826
2957,1708826508.846
2958,1708826508.866
2959,1708826508.886
2960,1708826508.906
2961,1708826508.926
2962,1708826508.956
2963,1708826508.976
2964,1708826508.996
2965,1708826509.016
2966,1708826509.036
2967,1708826509.056
2968,1708826509.076
2969,1708826509.096
2970,1708826509.126
2971,1708826509.146
2972,1708826509.166
2973,1708826509.186
2974,1708826509.206
2975,1708826509.226
2976,1708826509.246
2977,1708826509.276
2978,1708826509.296
2979,1708826509.316
2980,1708826509.336
2981,1708826509.356
2982,1708826509.376
2983,1708826509.396
2984,1708826509.416
2985,1708826509.446
2986,1708826509.466
2987,1708826509.486
2988,1708826509.506
2989,1708826509.526
2990,1708826509.546
2991,1708826509.566
2992,1708826509.596
2993,1708826509.616
2994,1708826509.636
2995,1708826509.656
2996,1708826509.676
2997,1708826509.696
2998,1708826509.716
2999,1708826509.736
3000,1708826509.766
3001,1708826509.786
3002,1708826509.806
3003,1708826509.826
3004,1708826509.846
3005,1708826509.866
3006,1708826509.886
3007,1708826509.916
3008,1708826509.936
3009,1708826509.956
3010,1708826509.976
3011,1708826509.996
3012,1708826510.016
3013,1708826510.036
3014,1708826510.056
3015,1708826510.086
3016,1708826510.106
3017,1708826510.126
3018,1708826510.146
3019,1708826510.166
3020,1708826510.186
3021,1708826510.206
3022,1708826510.236
3023,1708826510.256
3024,1708826510.276
3025,1708826510.296
3026,1708826510.316
3027,1708826510.336
3028,1708826510.356
3029,1708826510.376
3030,1708826510.406
3031,1708826510.426
3032,1708826510.446
3033,1708826510.466
3034,1708826510.486
3035,1708826510.506
3036,1708826510.526
3037,1708826510.556
3038,1708826510.576
3039,1708826510.596
3040,1708826510.616
3041,1708826510.636
3042,1708826510.656
3043,1708826510.676
3044,1708826510.696
3045,1708826510.726
3046,1708826510.746
3047,1708826510.766
3048,1708826510.786
3049,1708826510.806
3050,1708826510.826
3051,1708826510.846
3052,1708826510.876
3053,1708826510.896
3054,1708826510.916
3055,1708826510.936
3056,1708826510.956
3057,1708826510.976
3058,1708826510.996
3059,1708826511.016
3060,1708826511.046
3061,1708826511.066
3062,1708826511.086
3063,1708826511.106
3064,1708826511.126
3065,1708826511.146
3066,1708826511.166
3067,1708826511.196
3068,1708826511.216
3069,1708826511.236
3070,1708826511.256
3071,1708826511.276
3072,1708826511.296
3073,1708826511.316
3074,1708826511.336
3075,1708826511.366
3076,1708826511.386
3077,1708826511.406
3078,1708826511.426
3079,1708826511.446
3080,1708826511.466
3081,1708826511.486
3082,1708826511.516
3083,1708826511.536
3084,1708826511.556
3085,1708826511.576
3086,1708826511.596
3087,1708826511.616
3088,1708826511.636
3089,1708826511.656
3090,1708826511.686
3091,1708826511.706
3092,1708826511.726
3093,1708826511.746
3094,1708826511.766
3095,1708826511.786
3096,1708826511.806
3097,1708826511.836
3098,1708826511.856
3099,1708826511.876
3100,1708826511.896
3101,1708826511.916
3102,1708826511.936
3103,1708826511.956
3104,1708826511.976
3105,1708826512.006
3106,1708826512.026
3107,1708826512.046
3108,1708826512.066
3109,1708826512.086
3110,1708826512.106
3111,1708826512.126
3112,1708826512.156
3113,1708826512.176
3114,1708826512.196
3115,1708826512.216
3116,1708826512.236
3117,1708826512.256
3118,1708826512.276
3119,1708826512.296
3120,1708826512.326
3121,1708826512.346
3122,1708826512.366
3123,1708826512.386
3124,1708826512.406
3125,1708826512.426
3126,1708826512.446
3127,1708826512.476
3128,1708826512.496
3129,1708826512.516
3130,1708826512.536
3131,1708826512.556
3132,1708826512.576
3133,1708826512.596
3134,1708826512.616
3135,1708826512.646
3136,1708826512.666
3137,1708826512.686
3138,1708826512.706
3139,1708826512.726
3140,1708826512.746
3141,1708826512.766
3142,1708826512.796
3143,1708826512.816
3144,1708826512.836
3145,1708826512.856
3146,1708826512.876
3147,1708826512.896
3148,1708826512.916
3149,1708826512.936
3150,1708826512.966
3151,1708826512.986
3152,1708826513.006
3153,1708826513.026
3154,1708826513.046
3155,1708826513.066
3156,1708826513.086
3157,1708826513.116
3158,1708826513.136
3159,1708826513.156
3160,1708826513.176
3161,1708826513.196
3162,1708826513.216
3163,1708826513.236
3164,1708826513.256
3165,1708826513.286
3166,1708826513.306
3167,1708826513.326
3168,1708826513.346
3169,1708826513.366
3170,1708826513.386
3171,1708826513.406
3172,1708826513.436
3173,1708826513.456
3174,1708826513.476
3175,1708826513.496
3176,1708826513.516
3177,1708826513.536
3178,1708826513.556
3179,1708826513.576
3180,1708826513.606
3181,1708826513.626
3182,1708826513.646
3183,1708826513.666
3184,1708826513.686
3185,1708826513.706
3186,1708826513.726
3187,1708826513.756
3188,1708826513.776
3189,1708826513.796
3190,1708826513.816
3191,1708826513.836
3192,1708826513.856
3193,1708826513.876
3194,1708826513.896
3195,1708826513.926
3196,1708826513.946
3197,1708826513.966
3198,1708826513.986
3199,1708826514.006
3200,1708826514.026
3201,1708826514.046
3202,1708826514.076
3203,1708826514.096
3204,1708826514.116
3205,1708826514.136
3206,1708826514.156
3207,1708826514.176
3208,1708826514.196
3209,1708826514.216
3210,1708826514.246
3211,1708826514.266
3212,1708826514.286
3213,1708826514.306
3214,1708826514.326
3215,1708826514.346
3216,1708826514.366
3217,1708826514.396
3218,1708826514.416
3219,1708826514.436
3220,1708826514.456
3221,1708826514.476
3222,1708826514.496
3223,1708826514.516
3224,1708826514.536
3225,1708826514.566
3226,1708826514.586
3227,1708826514.606
3228,1708826514.626
3229,1708826514.646
3230,1708826514.666
3231,1708826514.686
3232,1708826514.716
3233,1708826514.736
3234,1708826514.756
3235,1708826514.776
3236,1708826514.796
3237,1708826514.816
3238,1708826514.836
3239,1708826514.856
3240,1708826514.886
3241,1708826514.906
3242,1708826514.926
3243,1708826514.946
3244,1708826514.966
3245,1708826514.986
3246,1708826515.006
3247,1708826515.036
3248,1708826515.056
3249,1708826515.076
3250,1708826515.096
3251,1708826515.116
3252,1708826515.136
3253,1708826515.156
3254,1708826515.176
3255,1708826515.206
3256,1708826515.226
3257,1708826515.246
3258,1708826515.266
3259,1708826515.286
3260,1708826515.306
3261,1708826515.326
3262,1708826515.356
3263,1708826515.376
3264,1708826515.396
3265,1708826515.416
3266,1708826515.436
3267,1708826515.456
3268,1708826515.476
3269,1708826515.496
3270,1708826515.526
3271,1708826515.546
3272,1708826515.566
3273,1708826515.586
3274,1708826515.606
3275,1708826515.626
3276,1708826515.646
3277,1708826515.676
3278,1708826515.696
3279,1708826515.716
3280,1708826515.736
3281,1708826515.756
3282,1708826515.776
3283,1708826515.796
3284,1708826515.816
3285,1708826515.846
3286,1708826515.866
3287,1708826515.886
3288,1708826515.906
3289,1708826515.926
3290,1708826515.946
3291,1708826515.966
3292,1708826515.996
3293,1708826516.016
3294,1708826516.036
3295,1708826516.056
3296,1708826516.076
3297,1708826516.096
3298,1708826516.116
3299,1708826516.136
3300,1708826516.166
3301,1708826516.186
3302,1708826516.206
3303,1708826516.226
3304,1708826516.246
3305,1708826516.266
3306,1708826516.286
3307,1708826516.316
3308,1708826516.336
3309,1708826516.356
3310,1708826516.376
3311,1708826516.396
3312,1708826516.416
3313,1708826516.436
3314,1708826516.456
3315,1708826516.486
3316,1708826516.506
3317,1708826516.526
3318,1708826516.546
3319,1708826516.566
3320,1708826516.586
3321,1708826516.606
3322,1708826516.636
3323,1708826516.656
3324,1708826516.676
3325,1708826516.696
3326,1708826516.716
3327,1708826516.736
3328,1708826516.756
3329,1708826516.776
3330,1708826516.806
3331,1708826516.826
3332,1708826516.846
3333,1708826516.866
3334,1708826516.886
3335,1708826516.906
3336,1708826516.926
3337,1708826516.956
3338,1708826516.976
3339,1708826516.996
3340,1708826517.016
3341,1708826517.036
3342,1708826517.056
3343,1708826517.076
3344,1708826517.096
3345,1708826517.126
3346,1708826517.146
3347,1708826517.166
3348,1708826517.186
3349,1708826517.206
3350,1708826517.226
3351,1708826517.246
3352,1708826517.276
3353,1708826517.296
3354,1708826517.316
3355,1708826517.336
3356,1708826517.356
3357,1708826517.376
3358,1708826517.396
3359,1708826517.416
3360,1708826517.446
3361,1708826517.466
3362,1708826517.486
3363,1708826517.506
3364,1708826517.526
3365,1708826517.546
3366,1708826517.566
3367,1708826517.596
3368,1708826517.616
3369,1708826517.636
3370,1708826517.656
3371,1708826517.676
3372,1708826517.696
3373,1708826517.716
3374,1708826517.736
3375,1708826517.766
3376,1708826517.786
3377,1708826517.806
3378,1708826517.826
3379,1708826517.846
3380,1708826517.866
3381,1708826517.886
3382,1708826517.916
3383,1708826517.936
3384,1708826517.956
3385,1708826517.976
3386,1708826517.996
3387,1708826518.016
3388,1708826518.036
3389,1708826518.056
3390,1708826518.086
3391,1708826518.106
3392,1708826518.126
3393,1708826518.146
3394,1708826518.166
3395,1708826518.186
3396,1708826518.206
3397,1708826518.236
3398,1708826518.256
3399,1708826518.276
3400,1708826518.296
3401,1708826518.316
3402,1708826518.336
3403,1708826518.356
3404,1708826518.376
3405,1708826518.406
3406,1708826518.426
3407,1708826518.446
3408,1708826518.466
3409,1708826518.486
3410,1708826518.506
3411,1708826518.526
3412,1708826518.556
3413,1708826518.576
3414,1708826518.596
3415,1708826518.616
3416,1708826518.636
3417,1708826518.656
3418,1708826518.676
3419,1708826518.696
3420,1708826518.726
3421,1708826518.746
3422,1708826518.766
3423,1708826518.786
3424,1708826518.806
3425,1708826518.826
3426,1708826518.846
3427,1708826518.876
3428,1708826518.896
3429,1708826518.916
3430,1708826518.936
3431,1708826518.956
3432,1708826518.976
3433,1708826518.996
3434,1708826519.016
3435,1708826519.046
3436,1708826519.066
3437,1708826519.086
3438,1708826519.106
3439,1708826519.126
3440,1708826519.146
3441,1708826519.166
3442,1708826519.196
3443,1708826519.216
3444,1708826519.236
3445,1708826519.256
3446,1708826519.276
3447,1708826519.296
3448,1708826519.316
3449,1708826519.336
3450,1708826519.366
3451,1708826519.386
3452,1708826519.406
3453,1708826519.426
3454,1708826519.446
3455,1708826519.466
3456,1708826519.486
3457,1708826519.516
3458,1708826519.536
3459,1708826519.556
3460,1708826519.576
3461,1708826519.596
3462,1708826519.616
3463,1708826519.636
3464,1708826519.656
3465,1708826519.686
3466,1708826519.706
3467,1708826519.726
3468,1708826519.746
3469,1708826519.766
3470,1708826519.786
3471,1708826519.806
3472,1708826519.836
3473,1708826519.856
3474,1708826519.876
3475,1708826519.896
3476,1708826519.916
3477,1708826519.936
3478,1708826519.956
3479,1708826519.976
3480,1708826520.006
3481,1708826520.026
3482,1708826520.046
3483,1708826520.066
3484,1708826520.086
3485,1708826520.106
3486,1708826520.126
3487,1708826520.156
3488,1708826520.176
3489,1708826520.196
3490,1708826520.216
3491,1708826520.236
3492,1708826520.256
3493,1708826520.276
3494,1708826520.296
3495,1708826520.326
3496,1708826520.346
3497,1708826520.366
3498,1708826520.386
3499,1708826520.406
3500,1708826520.426
3501,1708826520.446
3502,1708826520.476
3503,1708826520.496
3504,1708826520.516
3505,1708826520.536
3506,1708826520.556
3507,1708826520.576
3508,1708826520.596
3509,1708826520.616
3510,1708826520.646
3511,1708826520.666
3512,1708826520.686
3513,1708826520.706
3514,1708826520.726
3515,1708826520.746
3516,1708826520.766
3517,1708826520.796
3518,1708826520.816
3519,1708826520.836
3520,1708826520.856
3521,1708826520.876
3522,1708826520.896
3523,1708826520.916
3524,1708826520.936
3525,1708826520.966
3526,1708826520.986
3527,1708826521.006
3528,1708826521.026
3529,1708826521.046
3530,1708826521.066
3531,1708826521.086
3532,1708826521.116
3533,1708826521.136
3534,1708826521.156
3535,1708826521.176
3536,1708826521.196
3537,1708826521.216
3538,1708826521.236
3539,1708826521.256
3540,1708826521.286
3541,1708826521.306
3542,1708826521.326
3543,1708826521.346
3544,1708826521.366
3545,1708826521.386
3546,1708826521.406
3547,1708826521.436
3548,1708826521.456
3549,1708826521.476
3550,1708826521.496
3551,1708826521.516
3552,1708826521.536
3553,1708826521.556
3554,1708826521.576
3555,1708826521.606
3556,1708826521.626
3557,1708826521.646
3558,1708826521.666
3559,1708826521.686
3560,1708826521.706
3561,1708826521.726
3562,1708826521.756
3563,1708826521.776
3564,1708826521.796
3565,1708826521.816
3566,1708826521.836
3567,1708826521.856
3568,1708826521.876
3569,1708826521.896
3570,1708826521.926
3571,1708826521.946
3572,1708826521.966
3573,1708826521.986
3574,1708826522.006
3575,1708826522.026
3576,1708826522.046
3577,1708826522.076
3578,1708826522.096
3579,1708826522.116
3580,1708826522.136
3581,1708826522.156
3582,1708826522.176
3583,1708826522.196
3584,1708826522.216
3585,1708826522.246
3586,1708826522.266
3587,1708826522.286
3588,1708826522.306
3589,1708826522.326
3590,1708826522.346
3591,1708826522.366
3592,1708826522.396
3593,1708826522.416
3594,1708826522.436
3595,1708826522.456
3596,1708826522.476
3597,1708826522.496
3598,1708826522.516
3599,1708826522.536
3600,1708826522.566
3601,1708826522.586
3602,1708826522.606
3603,1708826522.626
3604,1708826522.646
3605,1708826522.666
3606,1708826522.686
3607,1708826522.716
3608,1708826522.736
3609,1708826522.756
3610,1708826522.776
3611,1708826522.796
3612,1708826522.816
3613,1708826522.836
3614,1708826522.856
3615,1708826522.886
3616,1708826522.906
3617,1708826522.926
3618,1708826522.946
3619,1708826522.966
3620,1708826522.986
3621,1708826523.006
3622,1708826523.036
3623,1708826523.056
3624,1708826523.076
3625,1708826523.096
3626,1708826523.116
3627,1708826523.136
3628,1708826523.156
3629,1708826523.176
3630,1708826523.206
3631,1708826523.226
3632,1708826523.246
3633,1708826523.266
3634,1708826523.286
3635,1708826523.306
3636,1708826523.326
3637,1708826523.356
3638,1708826523.376
3639,1708826523.396
3640,1708826523.416
3641,1708826523.436
3642,1708826523.456
3643,1708826523.476
3644,1708826523.496
3645,1708826523.526
3646,1708826523.546
3647,1708826523.566
3648,1708826523.586
3649,1708826523.606
3650,1708826523.626
3651,1708826523.646
3652,1708826523.676
3653,1708826523.696
3654,1708826523.716
3655,1708826523.736
3656,1708826523.756
3657,1708826523.776
3658,1708826523.796
3659,1708826523.816
3660,1708826523.846
3661,1708826523.866
3662,1708826523.886
3663,1708826523.906
3664,1708826523.926
3665,1708826523.946
3666,1708826523.966
3667,1708826523.996
3668,1708826524.016
3669,1708826524.036
3670,1708826524.056
3671,1708826524.076
3672,1708826524.096
3673,1708826524.116
3674,1708826524.136
3675,1708826524.166
3676,1708826524.186
3677,1708826524.206
3678,1708826524.226
3679,1708826524.246
3680,1708826524.266
3681,1708826524.286
3682,1708826524.316
3683,1708826524.336
3684,1708826524.356
3685,1708826524.376
3686,1708826524.396
3687,1708826524.416
3688,1708826524.436
3689,1708826524.456
3690,1708826524.486
3691,1708826524.506
3692,1708826524.526
3693,1708826524.546
3694,1708826524.566
3695,1708826524.586
3696,1708826524.606
3697,1708826524.636
3698,1708826524.656
3699,1708826524.676
3700,1708826524.696
3701,1708826524.716
3702,1708826524.736
3703,1708826524.756
3704,1708826524.776
3705,1708826524.806
3706,1708826524.826
3707,1708826524.846
3708,1708826524.866
3709,1708826524.886
3710,1708826524.906
3711,1708826524.926
3712,1708826524.956
3713,1708826524.976
3714,1708826524.996
3715,1708826525.016
3716,1708826525.036
3717,1708826525.056
3718,1708826525.076
3719,1708826525.096
3720,1708826525.126
3721,1708826525.146
3722,1708826525.166
3723,1708826525.186
3724,1708826525.206
3725,1708826525.226
3726,1708826525.246
3727,1708826525.276
3728,1708826525.296
3729,1708826525.316
3730,1708826525.336
3731,1708826525.356
3732,1708826525.376
3733,1708826525.396
3734,1708826525.416
3735,1708826525.446
3736,1708826525.466
3737,1708826525.486
3738,1708826525.506
3739,1708826525.526
3740,1708826525.546
3741,1708826525.566
3742,1708826525.596
3743,1708826525.616
3744,1708826525.636
3745,1708826525.656
3746,1708826525.676
3747,1708826525.696
3748,1708826525.716
3749,1708826525.736
3750,1708826525.766
3751,1708826525.786
3752,1708826525.806
3753,1708826525.826
3754,1708826525.846
3755,1708826525.866
3756,1708826525.886
3757,1708826525.916
3758,1708826525.936
3759,1708826525.956
3760,1708826525.976
3761,1708826525.996
3762,1708826526.016
3763,1708826526.036
3764,1708826526.056
3765,1708826526.086
3766,1708826526.106
3767,1708826526.126
3768,1708826526.146
3769,1708826526.166
3770,1708826526.186
3771,1708826526.206
3772,1708826526.236
3773,1708826526.256
3774,1708826526.276
3775,1708826526.296
3776,1708826526.316
3777,1708826526.336
3778,1708826526.356
3779,1708826526.376
3780,1708826526.406
3781,1708826526.426
3782,1708826526.446
3783,1708826526.466
3784,1708826526.486
3785,1708826526.506
3786,1708826526.526
3787,1708826526.556
3788,1708826526.576
3789,1708826526.596
3790,1708826526.616
3791,1708826526.636
3792,1708826526.656
3793,1708826526.676
3794,1708826526.696
3795,1708826526.726
3796,1708826526.746
3797,1708826526.766
3798,1708826526.786
3799,1708826526.806
3800,1708826526.826
3801,1708826526.846
3802,1708826526.876
3803,1708826526.896
3804,1708826526.916
3805,1708826526.936
3806,1708826526.956
3807,1708826526.976
3808,1708826526.996
3809,1708826527.016
3810,1708826527.046
3811,1708826527.066
3812,1708826527.086
3813,1708826527.106
3814,1708826527.126
3815,1708826527.146
3816,1708826527.166
3817,1708826527.196
3818,1708826527.216
3819,1708826527.236
3820,1708826527.256
3821,1708826527.276
3822,1708826527.296
3823,1708826527.316
3824,1708826527.336
3825,1708826527.366
3826,1708826527.386
3827,1708826527.406
3828,1708826527.426
3829,1708826527.446
3830,1708826527.466
3831,1708826527.486
3832,1708826527.516
3833,1708826527.536
3834,1708826527.556
3835,1708826527.576
3836,1708826527.596
3837,1708826527.616
3838,1708826527.636
3839,1708826527.656
3840,1708826527.686
3841,1708826527.706
3842,1708826527.726
3843,1708826527.746
3844,1708826527.766
3845,1708826527.786
3846,1708826527.806
3847,1708826527.836
3848,1708826527.856
3849,1708826527.876
3850,1708826527.896
3851,1708826527.916
3852,1708826527.936
3853,1708826527.956
3854,1708826527.976
3855,1708826528.006
3856,1708826528.026
3857,1708826528.046
3858,1708826528.066
3859,1708826528.086
3860,1708826528.106
3861,1708826528.126
3862,1708826528.156
3863,1708826528.176
3864,1708826528.196
3865,1708826528.216
3866,1708826528.236
3867,1708826528.256
3868,1708826528.276
3869,1708826528.296
3870,1708826528.326
3871,1708826528.346
3872,1708826528.366
3873,1708826528.386
3874,1708826528.406
3875,1708826528.426
3876,1708826528.446
3877,1708826528.476
3878,1708826528.496
3879,1708826528.516
3880,1708826528.536
3881,1708826528.556
3882,1708826528.576
3883,1708826528.596
3884,1708826528.616
3885,1708826528.646
3886,1708826528.666
3887,1708826528.686
3888,1708826528.706
3889,1708826528.726
3890,1708826528.746
3891,1708826528.766
3892,1708826528.796
3893,1708826528.816
3894,1708826528.836
3895,1708826528.856
3896,1708826528.876
3897,1708826528.896
3898,1708826528.916
3899,1708826528.936
3900,1708826528.966
3901,1708826528.986
3902,1708826529.006
3903,1708826529.026
3904,1708826529.046
3905,1708826529.066
3906,1708826529.086
3907,1708826529.116
3908,1708826529.136
3909,1708826529.156
3910,1708826529.176
3911,1708826529.196
3912,1708826529.216
3913,1708826529.236
3914,1708826529.256
3915,1708826529.286
3916,1708826529.306
3917,1708826529.326
3918,1708826529.346
3919,1708826529.366
3920,1708826529.386
3921,1708826529.406
3922,1708826529.436
3923,1708826529.456
3924,1708826529.476
3925,1708826529.496
3926,1708826529.516
3927,1708826529.536
3928,1708826529.556
3929,1708826529.576
3930,1708826529.606
3931,1708826529.626
3932,1708826529.646
3933,1708826529.666
3934,1708826529.686
3935,1708826529.706
3936,1708826529.726
3937,1708826529.756
3938,1708826529.776
3939,1708826529.796
3940,1708826529.816
3941,1708826529.836
3942,1708826529.856
3943,1708826529.876
3944,1708826529.896
3945,1708826529.926
3946,1708826529.946
3947,1708826529.966
3948,1708826529.986
3949,1708826530.006
3950,1708826530.026
3951,1708826530.046
3952,1708826530.076
3953,1708826530.096
3954,1708826530.116
3955,1708826530.136
3956,1708826530.156
3957,1708826530.176
3958,1708826530.196
3959,1708826530.216
3960,1708826530.246
3961,1708826530.266
3962,1708826530.286
3963,1708826530.306
3964,1708826530.326
3965,1708826530.346
3966,1708826530.366
3967,1708826530.396
3968,1708826530.416
3969,1708826530.436
3970,1708826530.456
3971,1708826530.476
3972,1708826530.496
3973,1708826530.516
3974,1708826530.536
3975,1708826530.566
3976,1708826530.586
3977,1708826530.606
3978,1708826530.626
3979,1708826530.646
3980,1708826530.666
3981,1708826530.686
3982,1708826530.716
3983,1708826530.736
3984,1708826530.756
3985,1708826530.776
3986,1708826530.796
3987,1708826530.816
3988,1708826530.836
3989,1708826530.856
3990,1708826530.886
3991,1708826530.906
3992,1708826530.926
3993,1708826530.946
3994,1708826530.966
3995,1708826530.986
3996,1708826531.006
3997,1708826531.036
3998,1708826531.056
3999,1708826531.076
4000,1708826531.096
4001,1708826531.116
4002,1708826531.136
4003,1708826531.156
4004,1708826531.176
4005,1708826531.206
4006,1708826531.226
4007,1708826531.246
4008,1708826531.266
4009,1708826531.286
4010,1708826531.306
4011,1708826531.326
4012,1708826531.356
4013,1708826531.376
4014,1708826531.396
4015,1708826531.416
4016,1708826531.436
4017,1708826531.456
4018,1708826531.476
4019,1708826531.496
4020,1708826531.526
4021,1708826531.546
4022,1708826531.566
4023,1708826531.586
4024,1708826531.606
4025,1708826531.626
4026,1708826531.646
4027,1708826531.676
4028,1708826531.696
4029,1708826531.716
4030,1708826531.736
4031,1708826531.756
4032,1708826531.776
4033,1708826531.796
4034,1708826531.816
4035,1708826531.846
4036,1708826531.866
4037,1708826531.886
4038,1708826531.906
4039,1708826531.926
4040,1708826531.946
4041,1708826531.966
4042,1708826531.996
4043,1708826532.016
4044,1708826532.036
4045,1708826532.056
4046,1708826532.076
4047,1708826532.096
4048,1708826532.116
4049,1708826532.136
4050,1708826532.166
4051,1708826532.186
4052,1708826532.206
4053,1708826532.226
4054,1708826532.246
4055,1708826532.266
4056,1708826532.286
4057,1708826532.316
4058,1708826532.336
4059,1708826532.356
4060,1708826532.376
4061,1708826532.396
4062,1708826532.416
4063,1708826532.436
4064,1708826532.456
4065,1708826532.486
4066,1708826532.506
4067,1708826532.526
4068,1708826532.546
4069,1708826532.566
4070,1708826532.586
4071,1708826532.606
4072,1708826532.636
4073,1708826532.656
4074,1708826532.676
4075,1708826532.696
4076,1708826532.716
4077,1708826532.736
4078,1708826532.756
4079,1708826532.776
4080,1708826532.806
4081,1708826532.826
4082,1708826532.846
4083,1708826532.866
4084,1708826532.886
4085,1708826532.906
4086,1708826532.926
4087,1708826532.956
4088,1708826532.976
4089,1708826532.996
4090,1708826533.016
4091,1708826533.036
4092,1708826533.056
4093,1708826533.076
4094,1708826533.096
4095,1708826533.126
4096,1708826533.146
4097,1708826533.166
4098,1708826533.186
4099,1708826533.206
4100,1708826533.226
4101,1708826533.246
4102,1708826533.276
4103,1708826533.296
4104,1708826533.316
4105,1708826533.336
4106,1708826533.356
4107,1708826533.376
4108,1708826533.396
4109,1708826533.416
4110,1708826533.446
4111,1708826533.466
4112,1708826533.486
4113,1708826533.506
4114,1708826533.526
4115,1708826533.546
4116,1708826533.566
4117,1708826533.596
4118,1708826533.616
4119,1708826533.636
4120,1708826533.656
4121,1708826533.676
4122,1708826533.696
4123,1708826533.716
4124,1708826533.736
4125,1708826533.766
4126,1708826533.786
4127,1708826533.806
4128,1708826533.826
4129,1708826533.846
4130,1708826533.866
4131,1708826533.886
4132,1708826533.916
4133,1708826533.936
4134,1708826533.956
4135,1708826533.976
4136,1708826533.996
4137,1708826534.016
4138,1708826534.036
4139,1708826534.056
4140,1708826534.086
4141,1708826534.106
4142,1708826534.126
4143,1708826534.146
4144,1708826534.166
4145,1708826534.186
4146,1708826534.206
4147,1708826534.236
4148,1708826534.256
4149,1708826534.276
4150,1708826534.296
4151,1708826534.316
4152,1708826534.336
4153,1708826534.356
4154,1708826534.376
4155,1708826534.406
4156,1708826534.426
4157,1708826534.446
4158,1708826534.466
4159,1708826534.486
4160,1708826534.506
4161,1708826534.526
4162,1708826534.556
4163,1708826534.576
4164,1708826534.596
4165,1708826534.616
4166,1708826534.636
4167,1708826534.656
4168,1708826534.676
4169,1708826534.696
4170,1708826534.726
4171,1708826534.746
4172,1708826534.766
4173,1708826534.786
4174,1708826534.806
4175,1708826534.826
4176,1708826534.846
4177,1708826534.876
4178,1708826534.896
4179,1708826534.916
4180,1708826534.936
4181,1708826534.956
4182,1708826534.976
4183,1708826534.996
4184,1708826535.016
4185,1708826535.046
4186,1708826535.066
4187,1708826535.086
4188,1708826535.106
4189,1708826535.126
4190,1708826535.146
4191,1708826535.166
4192,1708826535.196
4193,1708826535.216
4194,1708826535.236
4195,1708826535.256
4196,1708826535.276
4197,1708826535.296
4198,1708826535.316
4199,1708826535.336
4200,1708826535.366
4201,1708826535.386
4202,1708826535.406
4203,1708826535.426
4204,1708826535.446
4205,1708826535.466
4206,1708826535.486
4207,1708826535.516
4208,1708826535.536
4209,1708826535.556
4210,1708826535.576
4211,1708826535.596
4212,1708826535.616
4213,1708826535.636
4214,1708826535.656
4215,1708826535.686
4216,1708826535.706
4217,1708826535.726
4218,1708826535.746
4219,1708826535.766
4220,1708826535.786
4221,1708826535.806
4222,1708826535.836
4223,1708826535.856
4224,1708826535.876
4225,1708826535.896
4226,1708826535.916
4227,1708826535.936
4228,1708826535.956
4229,1708826535.976
4230,1708826536.006
4231,1708826536.026
4232,1708826536.046
4233,1708826536.066
4234,1708826536.086
4235,1708826536.106
4236,1708826536.126
4237,1708826536.156
4238,1708826536.176
4239,1708826536.196
4240,1708826536.216
4241,1708826536.236
4242,1708826536.256
4243,1708826536.276
4244,1708826536.296
4245,1708826536.326
4246,1708826536.346
4247,1708826536.366
4248,1708826536.386
4249,1708826536.406
4250,1708826536.426
4251,1708826536.446
4252,1708826536.476
4253,1708826536.496
4254,1708826536.516
4255,1708826536.536
4256,1708826536.556
4257,1708826536.576
4258,1708826536.596
4259,1708826536.616
4260,1708826536.646
4261,1708826536.666
4262,1708826536.686
4263,1708826536.706
4264,1708826536.726
4265,1708826536.746
4266,1708826536.766
4267,1708826536.796
4268,1708826536.816
4269,1708826536.836
4270,1708826536.856
4271,1708826536.876
4272,1708826536.896
4273,1708826536.916
4274,1708826536.936
4275,1708826536.966
4276,1708826536.986
4277,1708826537.006
4278,1708826537.026
4279,1708826537.046
4280,1708826537.066
4281,1708826537.086
4282,1708826537.116
4283,1708826537.136
4284,1708826537.156
4285,1708826537.176
4286,1708826537.196
4287,1708826537.216
4288,1708826537.236
4289,1708826537.256
4290,1708826537.286
4291,1708826537.306
4292,1708826537.326
4293,1708826537.346
4294,1708826537.366
4295,1708826537.386
4296,1708826537.406
4297,1708826537.436
4298,1708826537.456
4299,1708826537.476
4300,1708826537.496
4301,1708826537.516
4302,1708826537.536
4303,1708826537.556
4304,1708826537.576
4305,1708826537.606
4306,1708826537.626
4307,1708826537.646
4308,1708826537.666
4309,1708826537.686
4310,1708826537.706
4311,1708826537.726
4312,1708826537.756
4313,1708826537.776
4314,1708826537.796
4315,1708826537.816
4316,1708826537.836
4317,1708826537.856
4318,1708826537.876
4319,1708826537.896
4320,1708826537.926
4321,1708826537.946
4322,1708826537.966
4323,1708826537.986
4324,1708826538.006
4325,1708826538.026
4326,1708826538.046
4327,1708826538.076
4328,1708826538.096
4329,1708826538.116
4330,1708826538.136
4331,1708826538.156
4332,1708826538.176
4333,1708826538.196
4334,1708826538.216
4335,1708826538.246
4336,1708826538.266
4337,1708826538.286
4338,1708826538.306
4339,1708826538.326
4340,1708826538.346
4341,1708826538.366
4342,1708826538.396
4343,1708826538.416
4344,1708826538.436
4345,1708826538.456
4346,1708826538.476
4347,1708826538.496
4348,1708826538.516
4349,1708826538.536
4350,1708826538.566
4351,1708826538.586
4352,1708826538.606
4353,1708826538.626
4354,1708826538.646
4355,1708826538.666
4356,1708826538.686
4357,1708826538.716
4358,1708826538.736
4359,1708826538.756
4360,1708826538.776
4361,1708826538.796
4362,1708826538.816
4363,1708826538.836
4364,1708826538.856
4365,1708826538.886
4366,1708826538.906
4367,1708826538.926
4368,1708826538.946
4369,1708826538.966
4370,1708826538.986
4371,1708826539.006
4372,1708826539.036
4373,1708826539.056
4374,1708826539.076
4375,1708826539.096
4376,1708826539.116
4377,1708826539.136
4378,1708826539.156
4379,1708826539.176
4380,1708826539.206
4381,1708826539.226
4382,1708826539.246
4383,1708826539.266
4384,1708826539.286
4385,1708826539.306
4386,1708826539.326
4387,1708826539.356
4388,1708826539.376
4389,1708826539.396
4390,1708826539.416
4391,1708826539.436
4392,1708826539.456
4393,1708826539.476
4394,1708826539.496
4395,1708826539.526
4396,1708826539.546
4397,1708826539.566
4398,1708826539.586
4399,1708826539.606
4400,1708826539.626
4401,1708826539.646
4402,1708826539.676
4403,1708826539.696
4404,1708826539.716
4405,1708826539.736
4406,1708826539.756
4407,1708826539.776
4408,1708826539.796
4409,1708826539.816
4410,1708826539.846
4411,1708826539.866
4412,1708826539.886
4413,1708826539.906
4414,1708826539.926
4415,1708826539.946
4416,1708826539.966
4417,1708826539.996
4418,1708826540.016
4419,1708826540.036
4420,1708826540.056
4421,1708826540.076
4422,1708826540.096
4423,1708826540.116
4424,1708826540.136
4425,1708826540.166
4426,1708826540.186
4427,1708826540.206
4428,1708826540.226
4429,1708826540.246
4430,1708826540.266
4431,1708826540.286
4432,1708826540.316
4433,1708826540.336
4434,1708826540.356
4435,1708826540.376
4436,1708826540.396
4437,1708826540.416
4438,1708826540.436
4439,1708826540.456
4440,1708826540.486
4441,1708826540.506
4442,1708826540.526
4443,1708826540.546
4444,1708826540.566
4445,1708826540.586
4446,1708826540.606
4447,1708826540.636
4448,1708826540.656
4449,1708826540.676
4450,1708826540.696
4451,1708826540.716
4452,1708826540.736
4453,1708826540.756
4454,1708826540.776
4455,1708826540.806
4456,1708826540.826
4457,1708826540.846
4458,1708826540.866
4459,1708826540.886
4460,1708826540.906
4461,1708826540.926
4462,1708826540.956
4463,1708826540.976
4464,1708826540.996
4465,1708826541.016
4466,1708826541.036
4467,1708826541.056
4468,1708826541.076
4469,1708826541.096
4470,1708826541.126
4471,1708826541.146
4472,1708826541.166
4473,1708826541.186
4474,1708826541.206
4475,1708826541.226
4476,1708826541.246
4477,1708826541.276
4478,1708826541.296
4479,1708826541.316
4480,1708826541.336
4481,1708826541.356
4482,1708826541.376
4483,1708826541.396
4484,1708826541.416
4485,1708826541.446
4486,1708826541.466
4487,1708826541.486
4488,1708826541.506
4489,1708826541.526
4490,1708826541.546
4491,1708826541.566
4492,1708826541.596
4493,1708826541.616
4494,1708826541.636
4495,1708826541.656
4496,1708826541.676
4497,1708826541.696
4498,1708826541.716
4499,1708826541.736
4500,1708826541.766
4501,1708826541.786
4502,1708826541.806
4503,1708826541.826
4504,1708826541.846
4505,1708826541.866
4506,1708826541.886
4507,1708826541.916
4508,1708826541.936
4509,1708826541.956
4510,1708826541.976
4511,1708826541.996
4512,1708826542.016
4513,1708826542.036
4514,1708826542.056
4515,1708826542.086
4516,1708826542.106
4517,1708826542.126
4518,1708826542.146
4519,1708826542.166
4520,1708826542.186
4521,1708826542.206
4522,1708826542.236
4523,1708826542.256
4524,1708826542.276
4525,1708826542.296
4526,1708826542.316
4527,1708826542.336
4528,1708826542.356
4529,1708826542.376
4530,1708826542.406
4531,1708826542.426
4532,1708826542.446
4533,1708826542.466
4534,1708826542.486
4535,1708826542.506
4536,1708826542.526
4537,1708826542.556
4538,1708826542.576
4539,1708826542.596
4540,1708826542.616
4541,1708826542.636
4542,1708826542.656
4543,1708826542.676
4544,1708826542.696
4545,1708826542.726
4546,1708826542.746
4547,1708826542.766
4548,1708826542.786
4549,1708826542.806
4550,1708826542.826
4551,1708826542.846
4552,1708826542.876
4553,1708826542.896
4554,1708826542.916
4555,1708826542.936
4556,1708826542.956
4557,1708826542.976
4558,1708826542.996
4559,1708826543.016
4560,1708826543.046
4561,1708826543.066
4562,1708826543.086
4563,1708826543.106
4564,1708826543.126
4565,1708826543.146
4566,1708826543.166
4567,1708826543.196
4568,1708826543.216
4569,1708826543.236
4570,1708826543.256
4571,1708826543.276
4572,1708826543.296
4573,1708826543.316
4574,1708826543.336
4575,1708826543.366
4576,1708826543.386
4577,1708826543.406
4578,1708826543.426
4579,1708826543.446
4580,1708826543.466
4581,1708826543.486
4582,1708826543.516
4583,1708826543.536
4584,1708826543.556
4585,1708826543.576
4586,1708826543.596
4587,1708826543.616
4588,1708826543.636
4589,1708826543.656
4590,1708826543.686
4591,1708826543.706
4592,1708826543.726
4593,1708826543.746
4594,1708826543.766
4595,1708826543.786
4596,1708826543.806
4597,1708826543.836
4598,1708826543.856
4599,1708826543.876
4600,1708826543.896
4601,1708826543.916
4602,1708826543.936
4603,1708826543.956
4604,1708826543.976
4605,1708826544.006
4606,1708826544.026
4607,1708826544.046
4608,1708826544.066
4609,1708826544.086
4610,1708826544.106
4611,1708826544.126
4612,1708826544.156
4613,1708826544.176
4614,1708826544.196
4615,1708826544.216
4616,1708826544.236
4617,1708826544.256
4618,1708826544.276
4619,1708826544.296
4620,1708826544.326
4621,1708826544.346
4622,1708826544.366
4623,1708826544.386
4624,1708826544.406
4625,1708826544.426
4626,1708826544.446
4627,1708826544.476
4628,1708826544.496
4629,1708826544.516
4630,1708826544.536
4631,1708826544.556
4632,1708826544.576
4633,1708826544.596
4634,1708826544.616
4635,1708826544.646
4636,1708826544.666
4637,1708826544.686
4638,1708826544.706
4639,1708826544.726
4640,1708826544.746
4641,1708826544.766
4642,1708826544.796
4643,1708826544.816
4644,1708826544.836
4645,1708826544.856
4646,1708826544.876
4647,1708826544.896
4648,1708826544.916
4649,1708826544.936
4650,1708826544.966
4651,1708826544.986
4652,1708826545.006
4653,1708826545.026
4654,1708826545.046
4655,1708826545.066
4656,1708826545.086
4657,1708826545.116
4658,1708826545.136
4659,1708826545.156
4660,1708826545.176
4661,1708826545.196
4662,1708826545.216
4663,1708826545.236
4664,1708826545.256
4665,1708826545.286
4666,1708826545.306
4667,1708826545.326
4668,1708826545.346
4669,1708826545.366
4670,1708826545.386
4671,1708826545.406
4672,1708826545.436
4673,1708826545.456
4674,1708826545.476
4675,1708826545.496
4676,1708826545.516
4677,1708826545.536
4678,1708826545.556
4679,1708826545.576
4680,1708826545.606
4681,1708826545.626
4682,1708826545.646
4683,1708826545.666
4684,1708826545.686
4685,1708826545.706
4686,1708826545.726
4687,1708826545.756
4688,1708826545.776
4689,1708826545.796
4690,1708826545.816
4691,1708826545.836
4692,1708826545.856
4693,1708826545.876
4694,1708826545.896
4695,1708826545.926
4696,1708826545.946
4697,1708826545.966
4698,1708826545.986
4699,1708826546.006
4700,1708826546.026
4701,1708826546.046
4702,1708826546.076
4703,1708826546.096
4704,1708826546.116
4705,1708826546.136
4706,1708826546.156
4707,1708826546.176
4708,1708826546.196
4709,1708826546.216
4710,1708826546.246
4711,1708826546.266
4712,1708826546.286
4713,1708826546.306
4714,1708826546.326
4715,1708826546.346
4716,1708826546.366
4717,1708826546.396
4718,1708826546.416
4719,1708826546.436
4720,1708826546.456
4721,1708826546.476
4722,1708826546.496
4723,1708826546.516
4724,1708826546.536
4725,1708826546.566
4726,1708826546.586
4727,1708826546.606
4728,1708826546.626
4729,1708826546.646
4730,1708826546.666
4731,1708826546.686
4732,1708826546.716
4733,1708826546.736
4734,1708826546.756
4735,1708826546.776
4736,1708826546.796
4737,1708826546.816
4738,1708826546.836
4739,1708826546.856
4740,1708826546.886
4741,1708826546.906
4742,1708826546.926
4743,1708826546.946
4744,1708826546.966
4745,1708826546.986
4746,1708826547.006
4747,1708826547.036
4748,1708826547.056
4749,1708826547.076
4750,1708826547.096
4751,1708826547.116
4752,1708826547.136
4753,1708826547.156
4754,1708826547.176
4755,1708826547.206
4756,1708826547.226
4757,1708826547.246
4758,1708826547.266
4759,1708826547.286
4760,1708826547.306
4761,1708826547.326
4762,1708826547.356
4763,1708826547.376
4764,1708826547.396
4765,1708826547.416
4766,1708826547.436
4767,1708826547.456
4768,1708826547.476
4769,1708826547.496
4770,1708826547.526
4771,1708826547.546
4772,1708826547.566
4773,1708826547.586
4774,1708826547.606
4775,1708826547.626
4776,1708826547.646
4777,1708826547.676
4778,1708826547.696
4779,1708826547.716
4780,1708826547.736
4781,1708826547.756
4782,1708826547.776
4783,1708826547.796
4784,1708826547.816
4785,1708826547.846
4786,1708826547.866
4787,1708826547.886
4788,1708826547.906
4789,1708826547.926
4790,1708826547.946
4791,1708826547.966
4792,1708826547.996
4793,1708826548.016
4794,1708826548.036
4795,1708826548.056
4796,1708826548.076
4797,1708826548.096
4798,1708826548.116
4799,1708826548.136
4800,1708826548.166
4801,1708826548.186
4802,1708826548.206
4803,1708826548.226
4804,1708826548.246
4805,1708826548.266
4806,1708826548.286
4807,1708826548.316
4808,1708826548.336
4809,1708826548.356
4810,1708826548.376
4811,1708826548.396
4812,1708826548.416
4813,1708826548.436
4814,1708826548.456
4815,1708826548.486
4816,1708826548.506
4817,1708826548.526
4818,1708826548.546
4819,1708826548.566
4820,1708826548.586
4821,1708826548.606
4822,1708826548.636
4823,1708826548.656
4824,1708826548.676
4825,1708826548.696
4826,1708826548.716
4827,1708826548.736
4828,1708826548.756
4829,1708826548.776
4830,1708826548.806
4831,1708826548.826
4832,1708826548.846
4833,1708826548.866
4834,1708826548.886
4835,1708826548.906
4836,1708826548.926
4837,1708826548.956
4838,1708826548.976
4839,1708826548.996
4840,1708826549.016
4841,1708826549.036
4842,1708826549.056
4843,1708826549.076
4844,1708826549.096
4845,1708826549.126
4846,1708826549.146
4847,1708826549.166
4848,1708826549.186
4849,1708826549.206
4850,1708826549.226
4851,1708826549.246
4852,1708826549.276
4853,1708826549.296
4854,1708826549.316
4855,1708826549.336
4856,1708826549.356
4857,1708826549.376
4858,1708826549.396
4859,1708826549.416
4860,1708826549.446
4861,1708826549.466
4862,1708826549.486
4863,1708826549.506
4864,1708826549.526
4865,1708826549.546
4866,1708826549.566
4867,1708826549.596
4868,1708826549.616
4869,1708826549.636
4870,1708826549.656
4871,1708826549.676
4872,1708826549.696
4873,1708826549.716
4874,1708826549.736
4875,1708826549.766
4876,1708826549.786
4877,1708826549.806
4878,1708826549.826
4879,1708826549.846
4880,1708826549.866
4881,1708826549.886
4882,1708826549.916
4883,1708826549.936
4884,1708826549.956
4885,1708826549.976
4886,1708826549.996
4887,1708826550.016
4888,1708826550.036
4889,1708826550.056
4890,1708826550.086
4891,1708826550.106
4892,1708826550.126
4893,1708826550.146
4894,1708826550.166
4895,1708826550.186
4896,1708826550.206
4897,1708826550.236
4898,1708826550.256
4899,1708826550.276
4900,1708826550.296
4901,1708826550.316
4902,1708826550.336
4903,1708826550.356
4904,1708826550.376
4905,1708826550.406
4906,1708826550.426
4907,1708826550.446
4908,1708826550.466
4909,1708826550.486
4910,1708826550.506
4911,1708826550.526
4912,1708826550.556
4913,1708826550.576
4914,1708826550.596
4915,1708826550.616
4916,1708826550.636
4917,1708826550.656
4918,1708826550.676
4919,1708826550.696
4920,1708826550.726
4921,1708826550.746
4922,1708826550.766
4923,1708826550.786
4924,1708826550.806
4925,1708826550.826
4926,1708826550.846
4927,1708826550.876
4928,1708826550.896
4929,1708826550.916
4930,1708826550.936
4931,1708826550.956
4932,1708826550.976
4933,1708826550.996
4934,1708826551.016
4935,1708826551.046
4936,1708826551.066
4937,1708826551.086
4938,1708826551.106
4939,1708826551.126
4940,1708826551.146
4941,1708826551.166
4942,1708826551.196
4943,1708826551.216
4944,1708826551.236
4945,1708826551.256
4946,1708826551.276
4947,1708826551.296
4948,1708826551.316
4949,1708826551.336
4950,1708826551.366
4951,1708826551.386
4952,1708826551.406
4953,1708826551.426
4954,1708826551.446
4955,1708826551.466
4956,1708826551.486
4957,1708826551.516
4958,1708826551.536
4959,1708826551.556
4960,1708826551.576
4961,1708826551.596
4962,1708826551.616
4963,1708826551.636
4964,1708826551.656
4965,1708826551.686
4966,1708826551.706
4967,1708826551.726
4968,1708826551.746
4969,1708826551.766
4970,1708826551.786
4971,1708826551.806
4972,1708826551.836
4973,1708826551.856
4974,1708826551.876
4975,1708826551.896
4976,1708826551.916
4977,1708826551.936
4978,1708826551.956
4979,1708826551.976
4980,1708826552.006
4981,1708826552.026
4982,1708826552.046
4983,1708826552.066
4984,1708826552.086
4985,1708826552.106
4986,1708826552.126
4987,1708826552.156
4988,1708826552.176
4989,1708826552.196
4990,1708826552.216
4991,1708826552.236
4992,1708826552.256
4993,1708826552.276
4994,1708826552.296
4995,1708826552.326
4996,1708826552.346
4997,1708826552.366
4998,1708826552.386
4999,1708826552.406
5000,1708826552.426
5001,1708826552.446
5002,1708826552.476
5003,1708826552.496
5004,1708826552.516
5005,1708826552.536
5006,1708826552.556
5007,1708826552.576
5008,1708826552.596
5009,1708826552.616
5010,1708826552.646
5011,1708826552.666
5012,1708826552.686
5013,1708826552.706
5014,1708826552.726
5015,1708826552.746
5016,1708826552.766
5017,1708826552.796
5018,1708826552.816
5019,1708826552.836
5020,1708826552.856
5021,1708826552.876
5022,1708826552.896
5023,1708826552.916
5024,1708826552.936
5025,1708826552.966
5026,1708826552.986
5027,1708826553.006
5028,1708826553.026
5029,1708826553.046
5030,1708826553.066
5031,1708826553.086
5032,1708826553.116
5033,1708826553.136
5034,1708826553.156
5035,1708826553.176
5036,1708826553.196
5037,1708826553.216
5038,1708826553.236
5039,1708826553.256
5040,1708826553.286
5041,1708826553.306
5042,1708826553.326
5043,1708826553.346
5044,1708826553.366
5045,1708826553.386
5046,1708826553.406
5047,1708826553.436
5048,1708826553.456
5049,1708826553.476
5050,1708826553.496
5051,1708826553.516
5052,1708826553.536
5053,1708826553.556
5054,1708826553.576
5055,1708826553.606
5056,1708826553.626
5057,1708826553.646
5058,1708826553.666
5059,1708826553.686
5060,1708826553.706
5061,1708826553.726
5062,1708826553.756
5063,1708826553.776
5064,1708826553.796
5065,1708826553.816
5066,1708826553.836
5067,1708826553.856
5068,1708826553.876
5069,1708826553.896
5070,1708826553.926
5071,1708826553.946
5072,1708826553.966
5073,1708826553.986
5074,1708826554.006
5075,1708826554.026
5076,1708826554.046
5077,1708826554.076
5078,1708826554.096
5079,1708826554.116
5080,1708826554.136
5081,1708826554.156
5082,1708826554.176
5083,1708826554.196
5084,1708826554.216
5085,1708826554.246
5086,1708826554.266
5087,1708826554.286
5088,1708826554.306
5089,1708826554.326
5090,1708826554.346
5091,1708826554.366
5092,1708826554.396
5093,1708826554.416
5094,1708826554.436
5095,1708826554.456
5096,1708826554.476
5097,1708826554.496
5098,1708826554.516
5099,1708826554.536
5100,1708826554.566
5101,1708826554.586
5102,1708826554.606
5103,1708826554.626
5104,1708826554.646
5105,1708826554.666
5106,1708826554.686
5107,1708826554.716
5108,1708826554.736
5109,1708826554.756
5110,1708826554.776
5111,1708826554.796
5112,1708826554.816
5113,1708826554.836
5114,1708826554.856
5115,1708826554.886
5116,1708826554.906
5117,1708826554.926
5118,1708826554.946
5119,1708826554.966
5120,1708826554.986
5121,1708826555.006
5122,1708826555.036
5123,1708826555.056
5124,1708826555.076
5125,1708826555.096
5126,1708826555.116
5127,1708826555.136
5128,1708826555.156
5129,1708826555.176
5130,1708826555.206
5131,1708826555.226
5132,1708826555.246
5133,1708826555.266
5134,1708826555.286
5135,1708826555.306
5136,1708826555.326
5137,1708826555.356
5138,1708826555.376
5139,1708826555.396
5140,1708826555.416
5141,1708826555.436
5142,1708826555.456
5143,1708826555.476
5144,1708826555.496
5145,1708826555.526
5146,1708826555.546
5147,1708826555.566
5148,1708826555.586
5149,1708826555.606
5150,1708826555.626
5151,1708826555.646
5152,1708826555.676
5153,1708826555.696
5154,1708826555.716
5155,1708826555.736
5156,1708826555.756
5157,1708826555.776
5158,1708826555.796
5159,1708826555.816
5160,1708826555.846
5161,1708826555.866
5162,1708826555.886
5163,1708826555.906
5164,1708826555.926
5165,1708826555.946
5166,1708826555.966
5167,1708826555.996
5168,1708826556.016
5169,1708826556.036
5170,1708826556.056
5171,1708826556.076
5172,1708826556.096
5173,1708826556.116
5174,1708826556.136
5175,1708826556.166
5176,1708826556.186
5177,1708826556.206
5178,1708826556.226
5179,1708826556.246
5180,1708826556.266
5181,1708826556.286
5182,1708826556.316
5183,1708826556.336
5184,1708826556.356
5185,1708826556.376
5186,1708826556.396
5187,1708826556.416
5188,1708826556.436
5189,1708826556.456
5190,1708826556.486
5191,1708826556.506
5192,1708826556.526
5193,1708826556.546
5194,1708826556.566
5195,1708826556.586
5196,1708826556.606
5197,1708826556.636
5198,1708826556.656
5199,1708826556.676
5200,1708826556.696
5201,1708826556.716
5202,1708826556.736
5203,1708826556.756
5204,1708826556.776
5205,1708826556.806
5206,1708826556.826
5207,1708826556.846
5208,1708826556.866
5209,1708826556.886
5210,1708826556.906
5211,1708826556.926
5212,1708826556.956
5213,1708826556.976
5214,1708826556.996
5215,1708826557.016
5216,1708826557.036
5217,1708826557.056
5218,1708826557.076
5219,1708826557.096
5220,1708826557.126
5221,1708826557.146
5222,1708826557.166
5223,1708826557.186
5224,1708826557.206
5225,1708826557.226
5226,1708826557.246
5227,1708826557.276
5228,1708826557.296
5229,1708826557.316
5230,1708826557.336
5231,1708826557.356
5232,1708826557.376
5233,1708826557.396
5234,1708826557.416
5235,1708826557.446
5236,1708826557.466
5237,1708826557.486
5238,1708826557.506
5239,1708826557.526
5240,1708826557.546
5241,1708826557.566
5242,1708826557.596
5243,1708826557.616
5244,1708826557.636
5245,1708826557.656
5246,1708826557.676
5247,1708826557.696
5248,1708826557.716
5249,1708826557.736
5250,1708826557.766
5251,1708826557.786
5252,1708826557.806
5253,1708826557.826
5254,1708826557.846
5255,1708826557.866
5256,1708826557.886
5257,1708826557.916
5258,1708826557.936
5259,1708826557.956
5260,1708826557.976
5261,1708826557.996
5262,1708826558.016
5263,1708826558.036
5264,1708826558.056
5265,1708826558.086
5266,1708826558.106
5267,1708826558.126
5268,1708826558.146
5269,1708826558.166
5270,1708826558.186
5271,1708826558.206
5272,1708826558.236
5273,1708826558.256
5274,1708826558.276
5275,1708826558.296
5276,1708826558.316
5277,1708826558.336
5278,1708826558.356
5279,1708826558.376
5280,1708826558.406
5281,1708826558.426
5282,1708826558.446
5283,1708826558.466
5284,1708826558.486
5285,1708826558.506
5286,1708826558.526
5287,1708826558.556
5288,1708826558.576
5289,1708826558.596
5290,1708826558.616
5291,1708826558.636
5292,1708826558.656
5293,1708826558.676
5294,1708826558.696
5295,1708826558.726
5296,1708826558.746
5297,1708826558.766
5298,1708826558.786
5299,1708826558.806
5300,1708826558.826
5301,1708826558.846
5302,1708826558.876
5303,1708826558.896
5304,1708826558.916
5305,1708826558.936
5306,1708826558.956
5307,1708826558.976
5308,1708826558.996
5309,1708826559.016
5310,1708826559.046
5311,1708826559.066
5312,1708826559.086
5313,1708826559.106
5314,1708826559.126
5315,1708826559.146
5316,1708826559.166
5317,1708826559.196
5318,1708826559.216
5319,1708826559.236
5320,1708826559.256
5321,1708826559.276
5322,1708826559.296
5323,1708826559.316
5324,1708826559.336
5325,1708826559.366
5326,1708826559.386
5327,1708826559.406
5328,1708826559.426
5329,1708826559.446
5330,1708826559.466
5331,1708826559.486
5332,1708826559.516
5333,1708826559.536
5334,1708826559.556
5335,1708826559.576
5336,1708826559.596
5337,1708826559.616
5338,1708826559.636
5339,1708826559.656
5340,1708826559.686
5341,1708826559.706
5342,1708826559.726
5343,1708826559.746
5344,1708826559.766
5345,1708826559.786
5346,1708826559.806
5347,1708826559.836
5348,1708826559.856
5349,1708826559.876
5350,1708826559.896
5351,1708826559.916
5352,1708826559.936
5353,1708826559.956
5354,1708826559.976
5355,1708826560.006
5356,1708826560.026
5357,1708826560.046
5358,1708826560.066
5359,1708826560.086
5360,1708826560.106
5361,1708826560.126
5362,1708826560.156
5363,1708826560.176
5364,1708826560.196
5365,1708826560.216
5366,1708826560.236
5367,1708826560.256
5368,1708826560.276
5369,1708826560.296
5370,1708826560.326
5371,1708826560.346
5372,1708826560.366
5373,1708826560.386
5374,1708826560.406
5375,1708826560.426
5376,1708826560.446
5377,1708826560.476
5378,1708826560.496
5379,1708826560.516
5380,1708826560.536
5381,1708826560.556
5382,1708826560.576
5383,1708826560.596
5384,1708826560.616
5385,1708826560.646
5386,1708826560.666
5387,1708826560.686
5388,1708826560.706
5389,1708826560.726
5390,1708826560.746
5391,1708826560.766
5392,1708826560.796
5393,1708826560.816
5394,1708826560.836
5395,1708826560.856
5396,1708826560.876
5397,1708826560.896
5398,1708826560.916
5399,1708826560.936
5400,1708826560.966
5401,1708826560.986
5402,1708826561.006
5403,1708826561.026
5404,1708826561.046
5405,1708826561.066
5406,1708826561.086
5407,1708826561.116
5408,1708826561.136
5409,1708826561.156
5410,1708826561.176
5411,1708826561.196
5412,1708826561.216
5413,1708826561.236
5414,1708826561.256
5415,1708826561.286
5416,1708826561.306
5417,1708826561.326
5418,1708826561.346
5419,1708826561.366
5420,1708826561.386
5421,1708826561.406
5422,1708826561.436
5423,1708826561.456
5424,1708826561.476
5425,1708826561.496
5426,1708826561.516
5427,1708826561.536
5428,1708826561.556
5429,1708826561.576
5430,1708826561.606
5431,1708826561.626
5432,1708826561.646
5433,1708826561.666
5434,1708826561.686
5435,1708826561.706
5436,1708826561.726
5437,1708826561.756
5438,1708826561.776
5439,1708826561.796
5440,1708826561.816
5441,1708826561.836
5442,1708826561.856
5443,1708826561.876
5444,1708826561.896
5445,1708826561.926
5446,1708826561.946
5447,1708826561.966
5448,1708826561.986
5449,1708826562.006
5450,1708826562.026
5451,1708826562.046
5452,1708826562.076
5453,1708826562.096
5454,1708826562.116
5455,1708826562.136
5456,1708826562.156
5457,1708826562.176
5458,1708826562.196
5459,1708826562.216
5460,1708826562.246
5461,1708826562.266
5462,1708826562.286
5463,1708826562.306
5464,1708826562.326
5465,1708826562.346
5466,1708826562.366
5467,1708826562.396
5468,1708826562.416
5469,1708826562.436
5470,1708826562.456
5471,1708826562.476
5472,1708826562.496
5473,1708826562.516
5474,1708826562.536
5475,1708826562.566
5476,1708826562.586
5477,1708826562.606
5478,1708826562.626
5479,1708826562.646
5480,1708826562.666
5481,1708826562.686
5482,1708826562.716
5483,1708826562.736
5484,1708826562.756
5485,1708826562.776
5486,1708826562.796
5487,1708826562.816
5488,1708826562.836
5489,1708826562.856
5490,1708826562.886
5491,1708826562.906
5492,1708826562.926
5493,1708826562.946
5494,1708826562.966
5495,1708826562.986
5496,1708826563.006
5497,1708826563.036
5498,1708826563.056
5499,1708826563.076
5500,1708826563.096
5501,1708826563.116
5502,1708826563.136
5503,1708826563.156
5504,1708826563.176
5505,1708826563.206
5506,1708826563.226
5507,1708826563.246
5508,1708826563.266
5509,1708826563.286
5510,1708826563.306
5511,1708826563.326
5512,1708826563.356
5513,1708826563.376
5514,1708826563.396
5515,1708826563.416
5516,1708826563.436
5517,1708826563.456
5518,1708826563.476
5519,1708826563.496
5520,1708826563.526
5521,1708826563.546
5522,1708826563.566
5523,1708826563.586
5524,1708826563.606
5525,1708826563.626
5526,1708826563.646
5527,1708826563.676
5528,1708826563.696
5529,1708826563.716
5530,1708826563.736
5531,1708826563.756
5532,1708826563.776
5533,1708826563.796
5534,1708826563.816
5535,1708826563.846
5536,1708826563.866
5537,1708826563.886
5538,1708826563.906
5539,1708826563.926
5540,1708826563.946
5541,1708826563.966
5542,1708826563.996
5543,1708826564.016
5544,1708826564.036
5545,1708826564.056
5546,1708826564.076
5547,1708826564.096
5548,1708826564.116
5549,1708826564.136
5550,1708826564.166
5551,1708826564.186
5552,1708826564.206
5553,1708826564.226
5554,1708826564.246
5555,1708826564.266
5556,1708826564.286
5557,1708826564.316
5558,1708826564.336
5559,1708826564.356
5560,1708826564.376
5561,1708826564.396
5562,1708826564.416
5563,1708826564.436
5564,1708826564.456
5565,1708826564.486
5566,1708826564.506
5567,1708826564.526
5568,1708826564.546
5569,1708826564.566
5570,1708826564.586
5571,1708826564.606
5572,1708826564.636
5573,1708826564.656
5574,1708826564.676
5575,1708826564.696
5576,1708826564.716
5577,1708826564.736
5578,1708826564.756
5579,1708826564.776
5580,1708826564.806
5581,1708826564.826
5582,1708826564.846
5583,1708826564.866
5584,1708826564.886
5585,1708826564.906
5586,1708826564.926
5587,1708826564.956
5588,1708826564.976
5589,1708826564.996
5590,1708826565.016
5591,1708826565.036
5592,1708826565.056
5593,1708826565.076
5594,1708826565.096
5595,1708826565.126
5596,1708826565.146
5597,1708826565.166
5598,1708826565.186
5599,1708826565.206
5600,1708826565.226
5601,1708826565.246
5602,1708826565.276
5603,1708826565.296
5604,1708826565.316
5605,1708826565.336
5606,1708826565.356
5607,1708826565.376
5608,1708826565.396
5609,1708826565.416
5610,1708826565.446
5611,1708826565.466
5612,1708826565.486
5613,1708826565.506
5614,1708826565.526
5615,1708826565.546
5616,1708826565.566
5617,1708826565.596
5618,1708826565.616
5619,1708826565.636
5620,1708826565.656
5621,1708826565.676
5622,1708826565.696
5623,1708826565.716
5624,1708826565.736
5625,1708826565.766
5626,1708826565.786
5627,1708826565.806
5628,1708826565.826
5629,1708826565.846
5630,1708826565.866
5631,1708826565.886
5632,1708826565.916
5633,1708826565.936
5634,1708826565.956
5635,1708826565.976
5636,1708826565.996
5637,1708826566.016
5638,1708826566.036
5639,1708826566.056
5640,1708826566.086
5641,1708826566.106
5642,1708826566.126
5643,1708826566.146
5644,1708826566.166
5645,1708826566.186
5646,1708826566.206
5647,1708826566.236
5648,1708826566.256
5649,1708826566.276
5650,1708826566.296
5651,1708826566.316
5652,1708826566.336
5653,1708826566.356
5654,1708826566.376
5655,1708826566.406
5656,1708826566.426
5657,1708826566.446
5658,1708826566.466
5659,1708826566.486
5660,1708826566.506
5661,1708826566.526
5662,1708826566.556
5663,1708826566.576
5664,1708826566.596
5665,1708826566.616
5666,1708826566.636
5667,1708826566.656
5668,1708826566.676
5669,1708826566.696
5670,1708826566.726
5671,1708826566.746
5672,1708826566.766
5673,1708826566.786
5674,1708826566.806
5675,1708826566.826
5676,1708826566.846
5677,1708826566.876
5678,1708826566.896
5679,1708826566.916
5680,1708826566.936
5681,1708826566.956
5682,1708826566.976
5683,1708826566.996
5684,1708826567.016
5685,1708826567.046
5686,1708826567.066
5687,1708826567.086
5688,1708826567.106
5689,1708826567.126
5690,1708826567.146
5691,1708826567.166
5692,1708826567.196
5693,1708826567.216
5694,1708826567.236
5695,1708826567.256
5696,1708826567.276
5697,1708826567.296
5698,1708826567.316
5699,1708826567.336
5700,1708826567.366
5701,1708826567.386
5702,1708826567.406
5703,1708826567.426
5704,1708826567.446
5705,1708826567.466
5706,1708826567.486
5707,1708826567.516
5708,1708826567.536
5709,1708826567.556
5710,1708826567.576
5711,1708826567.596
5712,1708826567.616
5713,1708826567.636
5714,1708826567.656
5715,1708826567.686
5716,1708826567.706
5717,1708826567.726
5718,1708826567.746
5719,1708826567.766
5720,1708826567.786
5721,1708826567.806
5722,1708826567.836
5723,1708826567.856
5724,1708826567.876
5725,1708826567.896
5726,1708826567.916
5727,1708826567.936
5728,1708826567.956
5729,1708826567.976
5730,1708826568.006
5731,1708826568.026
5732,1708826568.046
5733,1708826568.066
5734,1708826568.086
5735,1708826568.106
5736,1708826568.126
5737,1708826568.156
5738,1708826568.176
5739,1708826568.196
5740,1708826568.216
5741,1708826568.236
5742,1708826568.256
5743,1708826568.276
5744,1708826568.296
5745,1708826568.326
5746,1708826568.346
5747,1708826568.366
5748,1708826568.386
5749,1708826568.406
5750,1708826568.426
5751,1708826568.446
5752,1708826568.476
5753,1708826568.496
5754,1708826568.516
5755,1708826568.536
5756,1708826568.556
5757,1708826568.576
5758,1708826568.596
5759,1708826568.616
5760,1708826568.646
5761,1708826568.666
5762,1708826568.686
5763,1708826568.706
5764,1708826568.726
5765,1708826568.746
5766,1708826568.766
5767,1708826568.796
5768,1708826568.816
5769,1708826568.836
5770,1708826568.856
5771,1708826568.876
5772,1708826568.896
5773,1708826568.916
5774,1708826568.936
5775,1708826568.966
5776,1708826568.986
5777,1708826569.006
5778,1708826569.026
5779,1708826569.046
5780,1708826569.066
5781,1708826569.086
5782,1708826569.116
5783,1708826569.136
5784,1708826569.156
5785,1708826569.176
5786,1708826569.196
5787,1708826569.216
5788,1708826569.236
5789,1708826569.256
5790,1708826569.286
5791,1708826569.306
5792,1708826569.326
5793,1708826569.346
5794,1708826569.366
5795,1708826569.386
5796,1708826569.406
5797,1708826569.436
5798,1708826569.456
5799,1708826569.476
5800,1708826569.496
5801,1708826569.516
5802,1708826569.536
5803,1708826569.556
5804,1708826569.576
5805,1708826569.606
5806,1708826569.626
5807,1708826569.646
5808,1708826569.666
5809,1708826569.686
5810,1708826569.706
5811,1708826569.726
5812,1708826569.756
5813,1708826569.776
5814,1708826569.796
5815,1708826569.816
5816,1708826569.836
5817,1708826569.856
5818,1708826569.876
5819,1708826569.896
5820,1708826569.926
5821,1708826569.946
5822,1708826569.966
5823,1708826569.986
5824,1708826570.006
5825,1708826570.026
5826,1708826570.046
5827,1708826570.076
5828,1708826570.096
5829,1708826570.116
5830,1708826570.136
5831,1708826570.156
5832,1708826570.176
5833,1708826570.196
5834,1708826570.216
5835,1708826570.246
5836,1708826570.266
5837,1708826570.286
5838,1708826570.306
5839,1708826570.326
5840,1708826570.346
5841,1708826570.366
5842,1708826570.396
5843,1708826570.416
5844,1708826570.436
5845,1708826570.456
5846,1708826570.476
5847,1708826570.496
5848,1708826570.516
5849,1708826570.536
5850,1708826570.566
5851,1708826570.586
5852,1708826570.606
5853,1708826570.626
5854,1708826570.646
5855,1708826570.666
5856,1708826570.686
5857,1708826570.716
5858,1708826570.736
5859,1708826570.756
5860,1708826570.776
5861,1708826570.796
5862,1708826570.816
5863,1708826570.836
5864,1708826570.856
5865,1708826570.886
5866,1708826570.906
5867,1708826570.926
5868,1708826570.946
5869,1708826570.966
5870,1708826570.986
5871,1708826571.006
5872,1708826571.036
5873,1708826571.056
5874,1708826571.076
5875,1708826571.096
5876,1708826571.116
5877,1708826571.136
5878,1708826571.156
5879,1708826571.176
5880,1708826571.206
5881,1708826571.226
5882,1708826571.246
5883,1708826571.266
5884,1708826571.286
5885,1708826571.306
5886,1708826571.326
5887,1708826571.356
5888,1708826571.376
5889,1708826571.396
5890,1708826571.416
5891,1708826571.436
5892,1708826571.456
5893,1708826571.476
5894,1708826571.496
5895,1708826571.526
5896,1708826571.546
5897,1708826571.566
5898,1708826571.586
5899,1708826571.606
5900,1708826571.626
5901,1708826571.646
5902,1708826571.676
5903,1708826571.696
5904,1708826571.716
5905,1708826571.736
5906,1708826571.756
5907,1708826571.776
5908,1708826571.796
5909,1708826571.816
5910,1708826571.846
5911,1708826571.866
5912,1708826571.886
5913,1708826571.906
5914,1708826571.926
5915,1708826571.946
5916,1708826571.966
5917,1708826571.996
5918,1708826572.016
5919,1708826572.036
5920,1708826572.056
5921,1708826572.076
5922,1708826572.096
5923,1708826572.116
5924,1708826572.136
5925,1708826572.166
5926,1708826572.186
5927,1708826572.206
5928,1708826572.226
5929,1708826572.246
5930,1708826572.266
5931,1708826572.286
5932,1708826572.316
5933,1708826572.336
5934,1708826572.356
5935,1708826572.376
5936,1708826572.396
5937,1708826572.416
5938,1708826572.436
5939,1708826572.456
5940,1708826572.486
5941,1708826572.506
5942,1708826572.526
5943,1708826572.546
5944,1708826572.566
5945,1708826572.586
5946,1708826572.606
5947,1708826572.636
5948,1708826572.656
5949,1708826572.676
5950,1708826572.696
5951,1708826572.716
5952,1708826572.736
5953,1708826572.756
5954,1708826572.776
5955,1708826572.806
5956,1708826572.826
5957,1708826572.846
5958,1708826572.866
5959,1708826572.886
5960,1708826572.906
5961,1708826572.926
5962,1708826572.956
5963,1708826572.976
5964,1708826572.996
5965,1708826573.016
5966,1708826573.036
5967,1708826573.056
5968,1708826573.076
5969,1708826573.096
5970,1708826573.126
5971,1708826573.146
5972,1708826573.166
5973,1708826573.186
5974,1708826573.206
5975,1708826573.226
5976,1708826573.246
5977,1708826573.276
5978,1708826573.296
5979,1708826573.316
5980,1708826573.336
5981,1708826573.356
5982,1708826573.376
5983,1708826573.396
5984,1708826573.416
5985,1708826573.446
5986,1708826573.466
5987,1708826573.486
5988,1708826573.506
5989,1708826573.526
5990,1708826573.546
5991,1708826573.566
5992,1708826573.596
5993,1708826573.616
5994,1708826573.636
5995,1708826573.656
5996,1708826573.676
5997,1708826573.696
5998,1708826573.716
5999,1708826573.736
6000,1708826573.766
6001,1708826573.786
6002,1708826573.806
6003,1708826573.826
6004,1708826573.846
6005,1708826573.866
6006,1708826573.886
6007,1708826573.916
6008,1708826573.936
6009,1708826573.956
6010,1708826573.976
6011,1708826573.996
6012,1708826574.016
6013,1708826574.036
6014,1708826574.056
6015,1708826574.086
6016,1708826574.106
6017,1708826574.126
6018,1708826574.146
6019,1708826574.166
6020,1708826574.186
6021,1708826574.206
6022,1708826574.236
6023,1708826574.256
6024,1708826574.276
6025,1708826574.296
6026,1708826574.316
6027,1708826574.336
6028,1708826574.356
6029,1708826574.376
6030,1708826574.406
6031,1708826574.426
6032,1708826574.446
6033,1708826574.466
6034,1708826574.486
6035,1708826574.506
6036,1708826574.526
6037,1708826574.556
6038,1708826574.576
6039,1708826574.596
6040,1708826574.616
6041,1708826574.636
6042,1708826574.656
6043,1708826574.676
6044,1708826574.696
6045,1708826574.726
6046,1708826574.746
6047,1708826574.766
6048,1708826574.786
6049,1708826574.806
6050,1708826574.826
6051,1708826574.846
6052,1708826574.876
6053,1708826574.896
6054,1708826574.916
6055,1708826574.936
6056,1708826574.956
6057,1708826574.976
6058,1708826574.996
6059,1708826575.016
6060,1708826575.046
6061,1708826575.066
6062,1708826575.086
6063,1708826575.106
6064,1708826575.126
6065,1708826575.146
6066,1708826575.166
6067,1708826575.196
6068,1708826575.216
6069,1708826575.236
6070,1708826575.256
6071,1708826575.276
6072,1708826575.296
6073,1708826575.316
6074,1708826575.336
6075,1708826575.366
6076,1708826575.386
6077,1708826575.406
6078,1708826575.426
6079,1708826575.446
6080,1708826575.466
6081,1708826575.486
6082,1708826575.516
6083,1708826575.536
6084,1708826575.556
6085,1708826575.576
6086,1708826575.596
6087,1708826575.616
6088,1708826575.636
6089,1708826575.656
6090,1708826575.686
6091,1708826575.706
6092,1708826575.726
6093,1708826575.746
6094,1708826575.766
6095,1708826575.786
6096,1708826575.806
6097,1708826575.836
6098,1708826575.856
6099,1708826575.876
6100,1708826575.896
6101,1708826575.916
6102,1708826575.936
6103,1708826575.956
6104,1708826575.976
6105,1708826576.006
6106,1708826576.026
6107,1708826576.046
6108,1708826576.066
6109,1708826576.086
6110,1708826576.106
6111,1708826576.126
6112,1708826576.156
6113,1708826576.176
6114,1708826576.196
6115,1708826576.216
6116,1708826576.236
6117,1708826576.256
6118,1708826576.276
6119,1708826576.296
6120,1708826576.326
6121,1708826576.346
6122,1708826576.366
6123,1708826576.386
6124,1708826576.406
6125,1708826576.426
6126,1708826576.446
6127,1708826576.476
6128,1708826576.496
6129,1708826576.516
6130,1708826576.536
6131,1708826576.556
6132,1708826576.576
6133,1708826576.596
6134,1708826576.616
6135,1708826576.646
6136,1708826576.666
6137,1708826576.686
6138,1708826576.706
6139,1708826576.726
6140,1708826576.746
6141,1708826576.766
6142,1708826576.796
6143,1708826576.816
6144,1708826576.836
6145,1708826576.856
6146,1708826576.876
6147,1708826576.896
6148,1708826576.916
6149,1708826576.936
6150,1708826576.966
6151,1708826576.986
6152,1708826577.006
6153,1708826577.026
6154,1708826577.046
6155,1708826577.066
6156,1708826577.086
6157,1708826577.116
6158,1708826577.136
6159,1708826577.156
6160,1708826577.176
6161,1708826577.196
6162,1708826577.216
6163,1708826577.236
6164,1708826577.256
6165,1708826577.286
6166,1708826577.306
6167,1708826577.326
6168,1708826577.346
6169,1708826577.366
6170,1708826577.386
6171,1708826577.406
6172,1708826577.436
6173,1708826577.456
6174,1708826577.476
6175,1708826577.496
6176,1708826577.516
6177,1708826577.536
6178,1708826577.556
6179,1708826577.576
6180,1708826577.606
6181,1708826577.626
6182,1708826577.646
6183,1708826577.666
6184,1708826577.686
6185,1708826577.706
6186,1708826577.726
6187,1708826577.756
6188,1708826577.776
6189,1708826577.796
6190,1708826577.816
6191,1708826577.836
6192,1708826577.856
6193,1708826577.876
6194,1708826577.896
6195,1708826577.926
6196,1708826577.946
6197,1708826577.966
6198,1708826577.986
6199,1708826578.006
6200,1708826578.026
6201,1708826578.046
6202,1708826578.076
6203,1708826578.096
6204,1708826578.116
6205,1708826578.136
6206,1708826578.156
6207,1708826578.176
6208,1708826578.196
6209,1708826578.216
6210,1708826578.246
6211,1708826578.266
6212,1708826578.286
6213,1708826578.306
6214,1708826578.326
6215,1708826578.346
6216,1708826578.366
6217,1708826578.396
6218,1708826578.416
6219,1708826578.436
6220,1708826578.456
6221,1708826578.476
6222,1708826578.496
6223,1708826578.516
6224,1708826578.536
6225,1708826578.566
6226,1708826578.586
6227,1708826578.606
6228,1708826578.626
6229,1708826578.646
6230,1708826578.666
6231,1708826578.686
6232,1708826578.716
6233,1708826578.736
6234,1708826578.756
6235,1708826578.776
6236,1708826578.796
6237,1708826578.816
6238,1708826578.836
6239,1708826578.856
6240,1708826578.886
6241,1708826578.906
6242,1708826578.926
6243,1708826578.946
6244,1708826578.966
6245,1708826578.986
6246,1708826579.006
6247,1708826579.036
6248,1708826579.056
6249,1708826579.076
6250,1708826579.096
6251,1708826579.116
6252,1708826579.136
6253,1708826579.156
6254,1708826579.176
6255,1708826579.206
6256,1708826579.226
6257,1708826579.246
6258,1708826579.266
6259,1708826579.286
6260,1708826579.306
6261,1708826579.326
6262,1708826579.356
6263,1708826579.376
6264,1708826579.396
6265,1708826579.416
6266,1708826579.436
6267,1708826579.456
6268,1708826579.476
6269,1708826579.496
6270,1708826579.526
6271,1708826579.546
6272,1708826579.566
6273,1708826579.586
6274,1708826579.606
6275,1708826579.626
6276,1708826579.646
6277,1708826579.676
6278,1708826579.696
6279,1708826579.716
6280,1708826579.736
6281,1708826579.756
6282,1708826579.776
6283,1708826579.796
6284,1708826579.816
6285,1708826579.846
6286,1708826579.866
6287,1708826579.886
6288,1708826579.906
6289,1708826579.926
6290,1708826579.946
6291,1708826579.966
6292,1708826579.996
6293,1708826580.016
6294,1708826580.036
6295,1708826580.056
6296,1708826580.076
6297,1708826580.096
6298,1708826580.116
6299,1708826580.136
6300,1708826580.166
6301,1708826580.186
6302,1708826580.206
6303,1708826580.226
6304,1708826580.246
6305,1708826580.266
6306,1708826580.286
6307,1708826580.316
6308,1708826580.336
6309,1708826580.356
6310,1708826580.376
6311,1708826580.396
6312,1708826580.416
6313,1708826580.436
6314,1708826580.456
6315,1708826580.486
6316,1708826580.506
6317,1708826580.526
6318,1708826580.546
6319,1708826580.566
6320,1708826580.586
6321,1708826580.606
6322,1708826580.636
6323,1708826580.656
6324,1708826580.676
6325,1708826580.696
6326,1708826580.716
6327,1708826580.736
6328,1708826580.756
6329,1708826580.776
6330,1708826580.806
6331,1708826580.826
6332,1708826580.846
6333,1708826580.866
6334,1708826580.886
6335,1708826580.906
6336,1708826580.926
6337,1708826580.956
6338,1708826580.976
6339,1708826580.996
6340,1708826581.016
6341,1708826581.036
6342,1708826581.056
6343,1708826581.076
6344,1708826581.096
6345,1708826581.126
6346,1708826581.146
6347,1708826581.166
6348,1708826581.186
6349,1708826581.206
6350,1708826581.226
6351,1708826581.246
6352,1708826581.276
6353,1708826581.296
6354,1708826581.316
6355,1708826581.336
6356,1708826581.356
6357,1708826581.376
6358,1708826581.396
6359,1708826581.416
6360,1708826581.446
6361,1708826581.466
6362,1708826581.486
6363,1708826581.506
6364,1708826581.526
6365,1708826581.546
6366,1708826581.566
6367,1708826581.596
6368,1708826581.616
6369,1708826581.636
6370,1708826581.656
6371,1708826581.676
6372,1708826581.696
6373,1708826581.716
6374,1708826581.736
6375,1708826581.766
6376,1708826581.786
6377,1708826581.806
6378,1708826581.826
6379,1708826581.846
6380,1708826581.866
6381,1708826581.886
6382,1708826581.916
6383,1708826581.936
6384,1708826581.956
6385,1708826581.976
6386,1708826581.996
6387,1708826582.016
6388,1708826582.036
6389,1708826582.056
6390,1708826582.086
6391,1708826582.106
6392,1708826582.126
6393,1708826582.146
6394,1708826582.166
6395,1708826582.186
6396,1708826582.206
6397,1708826582.236
6398,1708826582.256
6399,1708826582.276
6400,1708826582.296
6401,1708826582.316
6402,1708826582.336
6403,1708826582.356
6404,1708826582.376
6405,1708826582.406
6406,1708826582.426
6407,1708826582.446
6408,1708826582.466
6409,1708826582.486
6410,1708826582.506
6411,1708826582.526
6412,1708826582.556
6413,1708826582.576
6414,1708826582.596
6415,1708826582.616
6416,1708826582.636
6417,1708826582.656
6418,1708826582.676
6419,1708826582.696
6420,1708826582.726
6421,1708826582.746
6422,1708826582.766
6423,1708826582.786
6424,1708826582.806
6425,1708826582.826
6426,1708826582.846
6427,1708826582.876
6428,1708826582.896
6429,1708826582.916
6430,1708826582.936
6431,1708826582.956
6432,1708826582.976
6433,1708826582.996
6434,1708826583.016
6435,1708826583.046
6436,1708826583.066
6437,1708826583.086
6438,1708826583.106
6439,1708826583.126
6440,1708826583.146
6441,1708826583.166
6442,1708826583.196
6443,1708826583.216
6444,1708826583.236
6445,1708826583.256
6446,1708826583.276
6447,1708826583.296
6448,1708826583.316
6449,1708826583.336
6450,1708826583.366
6451,1708826583.386
6452,1708826583.406
6453,1708826583.426
6454,1708826583.446
6455,1708826583.466
6456,1708826583.486
6457,1708826583.516
6458,1708826583.536
6459,1708826583.556
6460,1708826583.576
6461,1708826583.596
6462,1708826583.616
6463,1708826583.636
6464,1708826583.656
6465,1708826583.686
6466,1708826583.706
6467,1708826583.726
6468,1708826583.746
6469,1708826583.766
6470,1708826583.786
6471,1708826583.806
6472,1708826583.836
6473,1708826583.856
6474,1708826583.876
6475,1708826583.896
6476,1708826583.916
6477,1708826583.936
6478,1708826583.956
6479,1708826583.976
6480,1708826584.006
6481,1708826584.026
6482,1708826584.046
6483,1708826584.066
6484,1708826584.086
6485,1708826584.106
6486,1708826584.126
6487,1708826584.156
6488,1708826584.176
6489,1708826584.196
6490,1708826584.216
6491,1708826584.236
6492,1708826584.256
6493,1708826584.276
6494,1708826584.296
6495,1708826584.326
6496,1708826584.346
6497,1708826584.366
6498,1708826584.386
6499,1708826584.406
6500,1708826584.426
6501,1708826584.446
6502,1708826584.476
6503,1708826584.496
6504,1708826584.516
6505,1708826584.536
6506,1708826584.556
6507,1708826584.576
6508,1708826584.596
6509,1708826584.616
6510,1708826584.646
6511,1708826584.666
6512,1708826584.686
6513,1708826584.706
6514,1708826584.726
6515,1708826584.746
6516,1708826584.766
6517,1708826584.796
6518,1708826584.816
6519,1708826584.836
6520,1708826584.856
6521,1708826584.876
6522,1708826584.896
6523,1708826584.916
6524,1708826584.936
6525,1708826584.966
6526,1708826584.986
6527,1708826585.006
6528,1708826585.026
6529,1708826585.046
6530,1708826585.066
6531,1708826585.086
6532,1708826585.116
6533,1708826585.136
6534,1708826585.156
6535,1708826585.176
6536,1708826585.196
6537,1708826585.216
6538,1708826585.236
6539,1708826585.256
6540,1708826585.286
6541,1708826585.306
6542,1708826585.326
6543,1708826585.346
6544,1708826585.366
6545,1708826585.386
6546,1708826585.406
6547,1708826585.436
6548,1708826585.456
6549,1708826585.476
6550,1708826585.496
6551,1708826585.516
6552,1708826585.536
6553,1708826585.556
6554,1708826585.576
6555,1708826585.606
6556,1708826585.626
6557,1708826585.646
6558,1708826585.666
6559,1708826585.686
6560,1708826585.706
6561,1708826585.726
6562,1708826585.756
6563,1708826585.776
6564,1708826585.796
6565,1708826585.816
6566,1708826585.836
6567,1708826585.856
6568,1708826585.876
6569,1708826585.896
6570,1708826585.926
6571,1708826585.946
6572,1708826585.966
6573,1708826585.986
6574,1708826586.006
6575,1708826586.026
6576,1708826586.046
6577,1708826586.076
6578,1708826586.096
6579,1708826586.116
6580,1708826586.136
6581,1708826586.156
6582,1708826586.176
6583,1708826586.196
6584,1708826586.216
6585,1708826586.246
6586,1708826586.266
6587,1708826586.286
6588,1708826586.306
6589,1708826586.326
6590,1708826586.346
6591,1708826586.366
6592,1708826586.396
6593,1708826586.416
6594,1708826586.436
6595,1708826586.456
6596,1708826586.476
6597,1708826586.496
6598,1708826586.516
6599,1708826586.536
6600,1708826586.566
6601,1708826586.586
6602,1708826586.606
6603,1708826586.626
6604,1708826586.646
6605,1708826586.666
6606,1708826586.686
6607,1708826586.716
6608,1708826586.736
6609,1708826586.756
6610,1708826586.776
6611,1708826586.796
6612,1708826586.816
6613,1708826586.836
6614,1708826586.856
6615,1708826586.886
6616,1708826586.906
6617,1708826586.926
6618,1708826586.946
6619,1708826586.966
6620,1708826586.986
6621,1708826587.006
6622,1708826587.036
6623,1708826587.056
6624,1708826587.076
6625,1708826587.096
6626,1708826587.116
6627,1708826587.136
6628,1708826587.156
6629,1708826587.176
6630,1708826587.206
6631,1708826587.226
6632,1708826587.246
6633,1708826587.266
6634,1708826587.286
6635,1708826587.306
6636,1708826587.326
6637,1708826587.356
6638,1708826587.376
6639,1708826587.396
6640,1708826587.416
6641,1708826587.436
6642,1708826587.456
6643,1708826587.476
6644,1708826587.496
6645,1708826587.526
6646,1708826587.546
6647,1708826587.566
6648,1708826587.586
6649,1708826587.606
6650,1708826587.626
6651,1708826587.646
6652,1708826587.676
6653,1708826587.696
6654,1708826587.716
6655,1708826587.736
6656,1708826587.756
6657,1708826587.776
6658,1708826587.796
6659,1708826587.816
6660,1708826587.846
6661,1708826587.866
6662,1708826587.886
6663,1708826587.906
6664,1708826587.926
6665,1708826587.946
6666,1708826587.966
6667,1708826587.996
6668,1708826588.016
6669,1708826588.036
6670,1708826588.056
6671,1708826588.076
6672,1708826588.096
6673,1708826588.116
6674,1708826588.136
6675,1708826588.166
6676,1708826588.186
6677,1708826588.206
6678,1708826588.226
6679,1708826588.246
6680,1708826588.266
6681,1708826588.286
6682,1708826588.316
6683,1708826588.336
6684,1708826588.356
6685,1708826588.376
6686,1708826588.396
6687,1708826588.416
6688,1708826588.436
6689,1708826588.456
6690,1708826588.486
6691,1708826588.506
6692,1708826588.526
6693,1708826588.546
6694,1708826588.566
6695,1708826588.586
6696,1708826588.606
6697,1708826588.636
6698,1708826588.656
6699,1708826588.676
6700,1708826588.696
6701,1708826588.716
6702,1708826588.736
6703,1708826588.756
6704,1708826588.776
6705,1708826588.806
6706,1708826588.826
6707,1708826588.846
6708,1708826588.866
6709,1708826588.886
6710,1708826588.906
6711,1708826588.926
6712,1708826588.956
6713,1708826588.976
6714,1708826588.996
6715,1708826589.016
6716,1708826589.036
6717,1708826589.056
6718,1708826589.076
6719,1708826589.096
6720,1708826589.126
6721,1708826589.146
6722,1708826589.166
6723,1708826589.186
6724,1708826589.206
6725,1708826589.226
6726,1708826589.246
6727,1708826589.276
6728,1708826589.296
6729,1708826589.316
6730,1708826589.336
6731,1708826589.356
6732,1708826589.376
6733,1708826589.396
6734,1708826589.416
6735,1708826589.446
6736,1708826589.466
6737,1708826589.486
6738,1708826589.506
6739,1708826589.526
6740,1708826589.546
6741,1708826589.566
6742,1708826589.596
6743,1708826589.616
6744,1708826589.636
6745,1708826589.656
6746,1708826589.676
6747,1708826589.696
6748,1708826589.716
6749,1708826589.736
6750,1708826589.766
6751,1708826589.786
6752,1708826589.806
6753,1708826589.826
6754,1708826589.846
6755,1708826589.866
6756,1708826589.886
6757,1708826589.916
6758,1708826589.936
6759,1708826589.956
6760,1708826589.976
6761,1708826589.996
6762,1708826590.016
6763,1708826590.036
6764,1708826590.056
6765,1708826590.086
6766,1708826590.106
6767,1708826590.126
6768,1708826590.146
6769,1708826590.166
6770,1708826590.186
6771,1708826590.206
6772,1708826590.236
6773,1708826590.256
6774,1708826590.276
6775,1708826590.296
6776,1708826590.316
6777,1708826590.336
6778,1708826590.356
6779,1708826590.376
6780,1708826590.406
6781,1708826590.426
6782,1708826590.446
6783,1708826590.466
6784,1708826590.486
6785,1708826590.506
6786,1708826590.526
6787,1708826590.556
6788,1708826590.576
6789,1708826590.596
6790,1708826590.616
6791,1708826590.636
6792,1708826590.656
6793,1708826590.676
6794,1708826590.696
6795,1708826590.726
6796,1708826590.746
6797,1708826590.766
6798,1708826590.786
6799,1708826590.806
6800,1708826590.826
6801,1708826590.846
6802,1708826590.876
6803,1708826590.896
6804,1708826590.916
6805,1708826590.936
6806,1708826590.956
6807,1708826590.976
6808,1708826590.996
6809,1708826591.016
6810,1708826591.046
6811,1708826591.066
6812,1708826591.086
6813,1708826591.106
6814,1708826591.126
6815,1708826591.146
6816,1708826591.166
6817,1708826591.196
6818,1708826591.216
6819,1708826591.236
6820,1708826591.256
6821,1708826591.276
6822,1708826591.296
6823,1708826591.316
6824,1708826591.336
6825,1708826591.366
6826,1708826591.386
6827,1708826591.406
6828,1708826591.426
6829,1708826591.446
6830,1708826591.466
6831,1708826591.486
6832,1708826591.516
6833,1708826591.536
6834,1708826591.556
6835,1708826591.576
6836,1708826591.596
6837,1708826591.616
6838,1708826591.636
6839,1708826591.656
6840,1708826591.686
6841,1708826591.706
6842,1708826591.726
6843,1708826591.746
6844,1708826591.766
6845,1708826591.786
6846,1708826591.806
6847,1708826591.836
6848,1708826591.856
6849,1708826591.876
6850,1708826591.896
6851,1708826591.916
6852,1708826591.936
6853,1708826591.956
6854,1708826591.976
6855,1708826592.006
6856,1708826592.026
6857,1708826592.046
6858,1708826592.066
6859,1708826592.086
6860,1708826592.106
6861,1708826592.126
6862,1708826592.156
6863,1708826592.176
6864,1708826592.196
6865,1708826592.216
6866,1708826592.236
6867,1708826592.256
6868,1708826592.276
6869,1708826592.296
6870,1708826592.326
6871,1708826592.346
6872,1708826592.366
6873,1708826592.386
6874,1708826592.406
6875,1708826592.426
6876,1708826592.446
6877,1708826592.476
6878,1708826592.496
6879,1708826592.516
6880,1708826592.536
6881,1708826592.556
6882,1708826592.576
6883,1708826592.596
6884,1708826592.616
6885,1708826592.646
6886,1708826592.666
6887,1708826592.686
6888,1708826592.706
6889,1708826592.726
6890,1708826592.746
6891,1708826592.766
6892,1708826592.796
6893,1708826592.816
6894,1708826592.836
6895,1708826592.856
6896,1708826592.876
6897,1708826592.896
6898,1708826592.916
6899,1708826592.936
6900,1708826592.966
6901,1708826592.986
6902,1708826593.006
6903,1708826593.026
6904,1708826593.046
6905,1708826593.066
6906,1708826593.086
6907,1708826593.116
6908,1708826593.136
6909,1708826593.156
6910,1708826593.176
6911,1708826593.196
6912,1708826593.216
6913,1708826593.236
6914,1708826593.256
6915,1708826593.286
6916,1708826593.306
6917,1708826593.326
6918,1708826593.346
6919,1708826593.366
6920,1708826593.386
6921,1708826593.406
6922,1708826593.436
6923,1708826593.456
6924,1708826593.476
6925,1708826593.496
6926,1708826593.516
6927,1708826593.536
6928,1708826593.556
6929,1708826593.576
6930,1708826593.606
6931,1708826593.626
6932,1708826593.646
6933,1708826593.666
6934,1708826593.686
6935,1708826593.706
6936,1708826593.726
6937,1708826593.756
6938,1708826593.776
6939,1708826593.796
6940,1708826593.816
6941,1708826593.836
6942,1708826593.856
6943,1708826593.876
6944,1708826593.896
6945,1708826593.926
6946,1708826593.946
6947,1708826593.966
6948,1708826593.986
6949,1708826594.006
6950,1708826594.026
6951,1708826594.046
6952,1708826594.076
6953,1708826594.096
6954,1708826594.116
6955,1708826594.136
6956,1708826594.156
6957,1708826594.176
6958,1708826594.196
6959,1708826594.216
6960,1708826594.246
6961,1708826594.266
6962,1708826594.286
6963,1708826594.306
6964,1708826594.326
6965,1708826594.346
6966,1708826594.366
6967,1708826594.396
6968,1708826594.416
6969,1708826594.436
6970,1708826594.456
6971,1708826594.476
6972,1708826594.496
6973,1708826594.516
6974,1708826594.536
6975,1708826594.566
6976,1708826594.586
6977,1708826594.606
6978,1708826594.626
6979,1708826594.646
6980,1708826594.666
6981,1708826594.686
6982,1708826594.716
6983,1708826594.736
6984,1708826594.756
6985,1708826594.776
6986,1708826594.796
6987,1708826594.816
6988,1708826594.836
6989,1708826594.856
6990,1708826594.886
6991,1708826594.906
6992,1708826594.926
6993,1708826594.946
6994,1708826594.966
6995,1708826594.986
6996,1708826595.006
6997,1708826595.036
6998,1708826595.056
6999,1708826595.076
7000,1708826595.096
7001,1708826595.116
7002,1708826595.136
7003,1708826595.156
7004,1708826595.176
7005,1708826595.206
7006,1708826595.226
7007,1708826595.246
7008,1708826595.266
7009,1708826595.286
7010,1708826595.306
7011,1708826595.326
7012,1708826595.356
7013,1708826595.376
7014,1708826595.396
7015,1708826595.416
7016,1708826595.436
7017,1708826595.456
7018,1708826595.476
7019,1708826595.496
7020,1708826595.526
7021,1708826595.546
7022,1708826595.566
7023,1708826595.586
7024,1708826595.606
7025,1708826595.626
7026,1708826595.646
7027,1708826595.676
7028,1708826595.696
7029,1708826595.716
7030,1708826595.736
7031,1708826595.756
7032,1708826595.776
7033,1708826595.796
7034,1708826595.816
7035,1708826595.846
7036,1708826595.866
7037,1708826595.886
7038,1708826595.906
7039,1708826595.926
7040,1708826595.946
7041,1708826595.966
7042,1708826595.996
7043,1708826596.016
7044,1708826596.036
7045,1708826596.056
7046,1708826596.076
7047,1708826596.096
7048,1708826596.116
7049,1708826596.136
7050,1708826596.166
7051,1708826596.186
7052,1708826596.206
7053,1708826596.226
7054,1708826596.246
7055,1708826596.266
7056,1708826596.286
7057,1708826596.316
7058,1708826596.336
7059,1708826596.356
7060,1708826596.376
7061,1708826596.396
7062,1708826596.416
7063,1708826596.436
7064,1708826596.456
7065,1708826596.486
7066,1708826596.506
7067,1708826596.526
7068,1708826596.546
7069,1708826596.566
7070,1708826596.586
7071,1708826596.606
7072,1708826596.636
7073,1708826596.656
7074,1708826596.676
7075,1708826596.696
7076,1708826596.716
7077,1708826596.736
7078,1708826596.756
7079,1708826596.776
7080,1708826596.806
7081,1708826596.826
7082,1708826596.846
7083,1708826596.866
7084,1708826596.886
7085,1708826596.906
7086,1708826596.926
7087,1708826596.956
7088,1708826596.976
7089,1708826596.996
7090,1708826597.016
7091,1708826597.036
7092,1708826597.056
7093,1708826597.076
7094,1708826597.096
7095,1708826597.126
7096,1708826597.146
7097,1708826597.166
7098,1708826597.186
7099,1708826597.206
7100,1708826597.226
7101,1708826597.246
7102,1708826597.276
7103,1708826597.296
7104,1708826597.316
7105,1708826597.336
7106,1708826597.356
7107,1708826597.376
7108,1708826597.396
7109,1708826597.416
7110,1708826597.446
7111,1708826597.466
7112,1708826597.486
7113,1708826597.506
7114,1708826597.526
7115,1708826597.546
7116,1708826597.566
7117,1708826597.596
7118,1708826597.616
7119,1708826597.636
7120,1708826597.656
7121,1708826597.676
7122,1708826597.696
7123,1708826597.716
7124,1708826597.736
7125,1708826597.766
7126,1708826597.786
7127,1708826597.806
7128,1708826597.826
7129,1708826597.846
7130,1708826597.866
7131,1708826597.886
7132,1708826597.916
7133,1708826597.936
7134,1708826597.956
7135,1708826597.976
7136,1708826597.996
7137,1708826598.016
7138,1708826598.036
7139,1708826598.056
7140,1708826598.086
7141,1708826598.106
7142,1708826598.126
7143,1708826598.146
7144,1708826598.166
7145,1708826598.186
7146,1708826598.206
7147,1708826598.236
7148,1708826598.256
7149,1708826598.276
7150,1708826598.296
7151,1708826598.316
7152,1708826598.336
7153,1708826598.356
7154,1708826598.376
7155,1708826598.406
7156,1708826598.426
7157,1708826598.446
7158,1708826598.466
7159,1708826598.486
7160,1708826598.506
7161,1708826598.526
7162,1708826598.556
7163,1708826598.576
7164,1708826598.596
7165,1708826598.616
7166,1708826598.636
7167,1708826598.656
7168,1708826598.676
7169,1708826598.696
7170,1708826598.726
7171,1708826598.746
7172,1708826598.766
7173,1708826598.786
7174,1708826598.806
7175,1708826598.826
7176,1708826598.846
7177,1708826598.876
7178,1708826598.896
7179,1708826598.916
7180,1708826598.936
7181,1708826598.956
7182,1708826598.976
7183,1708826598.996
7184,1708826599.016
7185,1708826599.046
7186,1708826599.066
7187,1708826599.086
7188,1708826599.106
7189,1708826599.126
7190,1708826599.146
7191,1708826599.166
7192,1708826599.196
7193,1708826599.216
7194,1708826599.236
7195,1708826599.256
7196,1708826599.276
7197,1708826599.296
7198,1708826599.316
7199,1708826599.336
7200,1708826599.366
7201,1708826599.386
7202,1708826599.406
7203,1708826599.426
7204,1708826599.446
7205,1708826599.466
7206,1708826599.486
7207,1708826599.516
7208,1708826599.536
7209,1708826599.556
7210,1708826599.576
7211,1708826599.596
7212,1708826599.616
7213,1708826599.636
7214,1708826599.656
7215,1708826599.686
7216,1708826599.706
7217,1708826599.726
7218,1708826599.746
7219,1708826599.766
7220,1708826599.786
7221,1708826599.806
7222,1708826599.836
7223,1708826599.856
7224,1708826599.876
7225,1708826599.896
7226,1708826599.916
7227,1708826599.936
7228,1708826599.956
7229,1708826599.976
7230,1708826600.006
7231,1708826600.026
7232,1708826600.046
7233,1708826600.066
7234,1708826600.086
7235,1708826600.106
7236,1708826600.126
7237,1708826600.156
7238,1708826600.176
7239,1708826600.196
7240,1708826600.216
7241,1708826600.236
7242,1708826600.256
7243,1708826600.276
7244,1708826600.296
7245,1708826600.326
7246,1708826600.346
7247,1708826600.366
7248,1708826600.386
7249,1708826600.406
7250,1708826600.426
7251,1708826600.446
7252,1708826600.476
7253,1708826600.496
7254,1708826600.516
7255,1708826600.536
7256,1708826600.556
7257,1708826600.576
7258,1708826600.596
7259,1708826600.616
7260,1708826600.646
7261,1708826600.666
7262,1708826600.686
7263,1708826600.706
7264,1708826600.726
7265,1708826600.746
7266,1708826600.766
7267,1708826600.796
7268,1708826600.816
7269,1708826600.836
7270,1708826600.856
7271,1708826600.876
7272,1708826600.896
7273,1708826600.916
7274,1708826600.936
7275,1708826600.966
7276,1708826600.986
7277,1708826601.006
7278,1708826601.026
7279,1708826601.046
7280,1708826601.066
7281,1708826601.086
7282,1708826601.116
7283,1708826601.136
7284,1708826601.156
7285,1708826601.176
7286,1708826601.196
7287,1708826601.216
7288,1708826601.236
7289,1708826601.256
7290,1708826601.286
7291,1708826601.306
7292,1708826601.326
7293,1708826601.346
7294,1708826601.366
7295,1708826601.386
7296,1708826601.406
7297,1708826601.436
7298,1708826601.456
7299,1708826601.476
7300,1708826601.496
7301,1708826601.516
7302,1708826601.536
7303,1708826601.556
7304,1708826601.576
7305,1708826601.606
7306,1708826601.626
7307,1708826601.646
7308,1708826601.666
7309,1708826601.686
7310,1708826601.706
7311,1708826601.726
7312,1708826601.756
7313,1708826601.776
7314,1708826601.796
7315,1708826601.816
7316,1708826601.836
7317,1708826601.856
7318,1708826601.876
7319,1708826601.896
7320,1708826601.926
7321,1708826601.946
7322,1708826601.966
7323,1708826601.986
7324,1708826602.006
7325,1708826602.026
7326,1708826602.046
7327,1708826602.076
7328,1708826602.096
7329,1708826602.116
7330,1708826602.136
7331,1708826602.156
7332,1708826602.176
7333,1708826602.196
7334,1708826602.216
7335,1708826602.246
7336,1708826602.266
7337,1708826602.286
7338,1708826602.306
7339,1708826602.326
7340,1708826602.346
7341,1708826602.366
7342,1708826602.396
7343,1708826602.416
7344,1708826602.436
7345,1708826602.456
7346,1708826602.476
7347,1708826602.496
7348,1708826602.516
7349,1708826602.536
7350,1708826602.566
7351,1708826602.586
7352,1708826602.606
7353,1708826602.626
7354,1708826602.646
7355,1708826602.666
7356,1708826602.686
7357,1708826602.716
7358,1708826602.736
7359,1708826602.756
7360,1708826602.776
7361,1708826602.796
7362,1708826602.816
7363,1708826602.836
7364,1708826602.856
7365,1708826602.886
7366,1708826602.906
7367,1708826602.926
7368,1708826602.946
7369,1708826602.966
7370,1708826602.986
7371,1708826603.006
7372,1708826603.036
7373,1708826603.056
7374,1708826603.076
7375,1708826603.096
7376,1708826603.116
7377,1708826603.136
7378,1708826603.156
7379,1708826603.176
7380,1708826603.206
7381,1708826603.226
7382,1708826603.246
7383,1708826603.266
7384,1708826603.286
7385,1708826603.306
7386,1708826603.326
7387,1708826603.356
7388,1708826603.376
7389,1708826603.396
7390,1708826603.416
7391,1708826603.436
7392,1708826603.456
7393,1708826603.476
7394,1708826603.496
7395,1708826603.526
7396,1708826603.546
7397,1708826603.566
7398,1708826603.586
7399,1708826603.606
7400,1708826603.626
7401,1708826603.646
7402,1708826603.676
7403,1708826603.696
7404,1708826603.716
7405,1708826603.736
7406,1708826603.756
7407,1708826603.776
7408,1708826603.796
7409,1708826603.816
7410,1708826603.846
7411,1708826603.866
7412,1708826603.886
7413,1708826603.906
7414,1708826603.926
7415,1708826603.946
7416,1708826603.966
7417,1708826603.996
7418,1708826604.016
7419,1708826604.036
7420,1708826604.056
7421,1708826604.076
7422,1708826604.096
7423,1708826604.116
7424,1708826604.136
7425,1708826604.166
7426,1708826604.186
7427,1708826604.206
7428,1708826604.226
7429,1708826604.246
7430,1708826604.266
7431,1708826604.286
7432,1708826604.316
7433,1708826604.336
7434,1708826604.356
7435,1708826604.376
7436,1708826604.396
7437,1708826604.416
7438,1708826604.436
7439,1708826604.456
7440,1708826604.486
7441,1708826604.506
7442,1708826604.526
7443,1708826604.546
7444,1708826604.566
7445,1708826604.586
7446,1708826604.606
7447,1708826604.636
7448,1708826604.656
7449,1708826604.676
7450,1708826604.696
7451,1708826604.716
7452,1708826604.736
7453,1708826604.756
7454,1708826604.776
7455,1708826604.806
7456,1708826604.826
7457,1708826604.846
7458,1708826604.866
7459,1708826604.886
7460,1708826604.906
7461,1708826604.926
7462,1708826604.956
7463,1708826604.976
7464,1708826604.996
7465,1708826605.016
7466,1708826605.036
7467,1708826605.056
7468,1708826605.076
7469,1708826605.096
7470,1708826605.126
7471,1708826605.146
7472,1708826605.166
7473,1708826605.186
7474,1708826605.206
7475,1708826605.226
7476,1708826605.246
7477,1708826605.276
7478,1708826605.296
7479,1708826605.316
7480,1708826605.336
7481,1708826605.356
7482,1708826605.376
7483,1708826605.396
7484,1708826605.416
7485,1708826605.446
7486,1708826605.466
7487,1708826605.486
7488,1708826605.506
7489,1708826605.526
7490,1708826605.546
7491,1708826605.566
7492,1708826605.596
7493,1708826605.616
7494,1708826605.636
7495,1708826605.656
7496,1708826605.676
7497,1708826605.696
7498,1708826605.716
7499,1708826605.736
7500,1708826605.766
7501,1708826605.786
7502,1708826605.806
7503,1708826605.826
7504,1708826605.846
7505,1708826605.866
7506,1708826605.886
7507,1708826605.916
7508,1708826605.936
7509,1708826605.956
7510,1708826605.976
7511,1708826605.996
7512,1708826606.016
7513,1708826606.036
7514,1708826606.056
7515,1708826606.086
7516,1708826606.106
7517,1708826606.126
7518,1708826606.146
7519,1708826606.166
7520,1708826606.186
7521,1708826606.206
7522,1708826606.236
7523,1708826606.256
7524,1708826606.276
7525,1708826606.296
7526,1708826606.316
7527,1708826606.336
7528,1708826606.356
7529,1708826606.376
7530,1708826606.406
7531,1708826606.426
7532,1708826606.446
7533,1708826606.466
7534,1708826606.486
7535,1708826606.506
7536,1708826606.526
7537,1708826606.556
7538,1708826606.576
7539,1708826606.596
7540,1708826606.616
7541,1708826606.636
7542,1708826606.656
7543,1708826606.676
7544,1708826606.696
7545,1708826606.726
7546,1708826606.746
7547,1708826606.766
7548,1708826606.786
7549,1708826606.806
7550,1708826606.826
7551,1708826606.846
7552,1708826606.876
7553,1708826606.896
7554,1708826606.916
7555,1708826606.936
7556,1708826606.956
7557,1708826606.976
7558,1708826606.996
7559,1708826607.016
7560,1708826607.046
7561,1708826607.066
7562,1708826607.086
7563,1708826607.106
7564,1708826607.126
7565,1708826607.146
7566,1708826607.166
7567,1708826607.196
7568,1708826607.216
7569,1708826607.236
7570,1708826607.256
7571,1708826607.276
7572,1708826607.296
7573,1708826607.316
7574,1708826607.336
7575,1708826607.366
7576,1708826607.386
7577,1708826607.406
7578,1708826607.426
7579,1708826607.446
7580,1708826607.466
7581,1708826607.486
7582,1708826607.516
7583,1708826607.536
7584,1708826607.556
7585,1708826607.576
7586,1708826607.596
7587,1708826607.616
7588,1708826607.636
7589,1708826607.656
7590,1708826607.686
7591,1708826607.706
7592,1708826607.726
7593,1708826607.746
7594,1708826607.766
7595,1708826607.786
7596,1708826607.806
7597,1708826607.836
7598,1708826607.856
7599,1708826607.876
7600,1708826607.896
7601,1708826607.916
7602,1708826607.936
7603,1708826607.956
7604,1708826607.976
7605,1708826608.006
7606,1708826608.026
7607,1708826608.046
7608,1708826608.066
7609,1708826608.086
7610,1708826608.106
7611,1708826608.126
7612,1708826608.156
7613,1708826608.176
7614,1708826608.196
7615,1708826608.216
7616,1708826608.236
7617,1708826608.256
7618,1708826608.276
7619,1708826608.296
7620,1708826608.326
7621,1708826608.346
7622,1708826608.366
7623,1708826608.386
7624,1708826608.406
7625,1708826608.426
7626,1708826608.446
7627,1708826608.476
7628,1708826608.496
7629,1708826608.516
7630,1708826608.536
7631,1708826608.556
7632,1708826608.576
7633,1708826608.596
7634,1708826608.616
7635,1708826608.646
7636,1708826608.666
7637,1708826608.686
7638,1708826608.706
7639,1708826608.726
7640,1708826608.746
7641,1708826608.766
7642,1708826608.796
7643,1708826608.816
7644,1708826608.836
7645,1708826608.856
7646,1708826608.876
7647,1708826608.896
7648,1708826608.916
7649,1708826608.936
7650,1708826608.966
7651,1708826608.986
7652,1708826609.006
7653,1708826609.026
7654,1708826609.046
7655,1708826609.066
7656,1708826609.086
7657,1708826609.116
7658,1708826609.136
7659,1708826609.156
7660,1708826609.176
7661,1708826609.196
7662,1708826609.216
7663,1708826609.236
7664,1708826609.256
7665,1708826609.286
7666,1708826609.306
7667,1708826609.326
7668,1708826609.346
7669,1708826609.366
7670,1708826609.386
7671,1708826609.406
7672,1708826609.436
7673,1708826609.456
7674,1708826609.476
7675,1708826609.496
7676,1708826609.516
7677,1708826609.536
7678,1708826609.556
7679,1708826609.576
7680,1708826609.606
7681,1708826609.626
7682,1708826609.646
7683,1708826609.666
7684,1708826609.686
7685,1708826609.706
7686,1708826609.726
7687,1708826609.756
7688,1708826609.776
7689,1708826609.796
7690,1708826609.816
7691,1708826609.836
7692,1708826609.856
7693,1708826609.876
7694,1708826609.896
7695,1708826609.926
7696,1708826609.946
7697,1708826609.966
7698,1708826609.986
7699,1708826610.006
7700,1708826610.026
7701,1708826610.046
7702,1708826610.076
7703,1708826610.096
7704,1708826610.116
7705,1708826610.136
7706,1708826610.156
7707,1708826610.176
7708,1708826610.196
7709,1708826610.216
7710,1708826610.246
7711,1708826610.266
7712,1708826610.286
7713,1708826610.306
7714,1708826610.326
7715,1708826610.346
7716,1708826610.366
7717,1708826610.396
7718,1708826610.416
7719,1708826610.436
7720,1708826610.456
7721,1708826610.476
7722,1708826610.496
7723,1708826610.516
7724,1708826610.536
7725,1708826610.566
7726,1708826610.586
7727,1708826610.606
7728,1708826610.626
7729,1708826610.646
7730,1708826610.666
7731,1708826610.686
7732,1708826610.716
7733,1708826610.736
7734,1708826610.756
7735,1708826610.776
7736,1708826610.796
7737,1708826610.816
7738,1708826610.836
7739,1708826610.856
7740,1708826610.886
7741,1708826610.906
7742,1708826610.926
7743,1708826610.946
7744,1708826610.966
7745,1708826610.986
7746,1708826611.006
7747,1708826611.036
7748,1708826611.056
7749,1708826611.076
7750,1708826611.096
7751,1708826611.116
7752,1708826611.136
7753,1708826611.156
7754,1708826611.176
7755,1708826611.206
7756,1708826611.226
7757,1708826611.246
7758,1708826611.266
7759,1708826611.286
7760,1708826611.306
7761,1708826611.326
7762,1708826611.356
7763,1708826611.376
7764,1708826611.396
7765,1708826611.416
7766,1708826611.436
7767,1708826611.456
7768,1708826611.476
7769,1708826611.496
7770,1708826611.526
7771,1708826611.546
7772,1708826611.566
7773,1708826611.586
7774,1708826611.606
7775,1708826611.626
7776,1708826611.646
7777,1708826611.676
7778,1708826611.696
7779,1708826611.716
7780,1708826611.736
7781,1708826611.756
7782,1708826611.776
7783,1708826611.796
7784,1708826611.816
7785,1708826611.846
7786,1708826611.866
7787,1708826611.886
7788,1708826611.906
7789,1708826611.926
7790,1708826611.946
7791,1708826611.966
7792,1708826611.996
7793,1708826612.016
7794,1708826612.036
7795,1708826612.056
7796,1708826612.076
7797,1708826612.096
7798,1708826612.116
7799,1708826612.136
7800,1708826612.166
7801,1708826612.186
7802,1708826612.206
7803,1708826612.226
7804,1708826612.246
7805,1708826612.266
7806,1708826612.286
7807,1708826612.316
7808,1708826612.336
7809,1708826612.356
7810,1708826612.376
7811,1708826612.396
7812,1708826612.416
7813,1708826612.436
7814,1708826612.456
7815,1708826612.486
7816,1708826612.506
7817,1708826612.526
7818,1708826612.546
7819,1708826612.566
7820,1708826612.586
7821,1708826612.606
7822,1708826612.636
7823,1708826612.656
7824,1708826612.676
7825,1708826612.696
7826,1708826612.716
7827,1708826612.736
7828,1708826612.756
7829,1708826612.776
7830,1708826612.806
7831,1708826612.826
7832,1708826612.846
7833,1708826612.866
7834,1708826612.886
7835,1708826612.906
7836,1708826612.926
7837,1708826612.956
7838,1708826612.976
7839,1708826612.996
7840,1708826613.016
7841,1708826613.036
7842,1708826613.056
7843,1708826613.076
7844,1708826613.096
7845,1708826613.126
7846,1708826613.146
7847,1708826613.166
7848,1708826613.186
7849,1708826613.206
7850,1708826613.226
7851,1708826613.246
7852,1708826613.276
7853,1708826613.296
7854,1708826613.316
7855,1708826613.336
7856,1708826613.356
7857,1708826613.376
7858,1708826613.396
7859,1708826613.416
7860,1708826613.446
7861,1708826613.466
7862,1708826613.486
7863,1708826613.506
7864,1708826613.526
7865,1708826613.546
7866,1708826613.566
7867,1708826613.596
7868,1708826613.616
7869,1708826613.636
7870,1708826613.656
7871,1708826613.676
7872,1708826613.696
7873,1708826613.716
7874,1708826613.736
7875,1708826613.766
7876,1708826613.786
7877,1708826613.806
7878,1708826613.826
7879,1708826613.846
7880,1708826613.866
7881,1708826613.886
7882,1708826613.916
7883,1708826613.936
7884,1708826613.956
7885,1708826613.976
7886,1708826613.996
7887,1708826614.016
7888,1708826614.036
7889,1708826614.056
7890,1708826614.086
7891,1708826614.106
7892,1708826614.126
7893,1708826614.146
7894,1708826614.166
7895,1708826614.186
7896,1708826614.206
7897,1708826614.236
7898,1708826614.256
7899,1708826614.276
7900,1708826614.296
7901,1708826614.316
7902,1708826614.336
7903,1708826614.356
7904,1708826614.376
7905,1708826614.406
7906,1708826614.426
7907,1708826614.446
7908,1708826614.466
7909,1708826614.486
7910,1708826614.506
7911,1708826614.526
7912,1708826614.556
7913,1708826614.576
7914,1708826614.596
7915,1708826614.616
7916,1708826614.636
7917,1708826614.656
7918,1708826614.676
7919,1708826614.696
7920,1708826614.726
7921,1708826614.746
7922,1708826614.766
7923,1708826614.786
7924,1708826614.806
7925,1708826614.826
7926,1708826614.846
7927,1708826614.876
7928,1708826614.896
7929,1708826614.916
7930,1708826614.936
7931,1708826614.956
7932,1708826614.976
7933,1708826614.996
7934,1708826615.016
7935,1708826615.046
7936,1708826615.066
7937,1708826615.086
7938,1708826615.106
7939,1708826615.126
7940,1708826615.146
7941,1708826615.166
7942,1708826615.196
7943,1708826615.216
7944,1708826615.236
7945,1708826615.256
7946,1708826615.276
7947,1708826615.296
7948,1708826615.316
7949,1708826615.336
7950,1708826615.366
7951,1708826615.386
7952,1708826615.406
7953,1708826615.426
7954,1708826615.446
7955,1708826615.466
7956,1708826615.486
7957,1708826615.516
7958,1708826615.536
7959,1708826615.556
7960,1708826615.576
7961,1708826615.596
7962,1708826615.616
7963,1708826615.636
7964,1708826615.656
7965,1708826615.686
7966,1708826615.706
7967,1708826615.726
7968,1708826615.746
7969,1708826615.766
7970,1708826615.786
7971,1708826615.806
7972,1708826615.836
7973,1708826615.856
7974,1708826615.876
7975,1708826615.896
7976,1708826615.916
7977,1708826615.936
7978,1708826615.956
7979,1708826615.976
7980,1708826616.006
7981,1708826616.026
7982,1708826616.046
7983,1708826616.066
7984,1708826616.086
7985,1708826616.106
7986,1708826616.126
7987,1708826616.156
7988,1708826616.176
7989,1708826616.196
7990,1708826616.216
7991,1708826616.236
7992,1708826616.256
7993,1708826616.276
7994,1708826616.296
7995,1708826616.326
7996,1708826616.346
7997,1708826616.366
7998,1708826616.386
7999,1708826616.406
8000,1708826616.426
8001,1708826616.446
8002,1708826616.476
8003,1708826616.496
8004,1708826616.516
8005,1708826616.536
8006,1708826616.556
8007,1708826616.576
8008,1708826616.596
8009,1708826616.616
8010,1708826616.646
8011,1708826616.666
8012,1708826616.686
8013,1708826616.706
8014,1708826616.726
8015,1708826616.746
8016,1708826616.766
8017,1708826616.796
8018,1708826616.816
8019,1708826616.836
8020,1708826616.856
8021,1708826616.876
8022,1708826616.896
8023,1708826616.916
8024,1708826616.936
8025,1708826616.966
8026,1708826616.986
8027,1708826617.006
8028,1708826617.026
8029,1708826617.046
8030,1708826617.066
8031,1708826617.086
8032,1708826617.116
8033,1708826617.136
8034,1708826617.156
8035,1708826617.176
8036,1708826617.196
8037,1708826617.216
8038,1708826617.236
8039,1708826617.256
8040,1708826617.286
8041,1708826617.306
8042,1708826617.326
8043,1708826617.346
8044,1708826617.366
8045,1708826617.386
8046,1708826617.406
8047,1708826617.436
8048,1708826617.456
8049,1708826617.476
8050,1708826617.496
8051,1708826617.516
8052,1708826617.536
8053,1708826617.556
8054,1708826617.576
8055,1708826617.606
8056,1708826617.626
8057,1708826617.646
8058,1708826617.666
8059,1708826617.686
8060,1708826617.706
8061,1708826617.726
8062,1708826617.756
8063,1708826617.776
8064,1708826617.796
8065,1708826617.816
8066,1708826617.836
8067,1708826617.856
8068,1708826617.876
8069,1708826617.896
8070,1708826617.926
8071,1708826617.946
8072,1708826617.966
8073,1708826617.986
8074,1708826618.006
8075,1708826618.026
8076,1708826618.046
8077,1708826618.076
8078,1708826618.096
8079,1708826618.116
8080,1708826618.136
8081,1708826618.156
8082,1708826618.176
8083,1708826618.196
8084,1708826618.216
8085,1708826618.246
8086,1708826618.266
8087,1708826618.286
8088,1708826618.306
8089,1708826618.326
8090,1708826618.346
8091,1708826618.366
8092,1708826618.396
8093,1708826618.416
8094,1708826618.436
8095,1708826618.456
8096,1708826618.476
8097,1708826618.496
8098,1708826618.516
8099,1708826618.536
8100,1708826618.566
8101,1708826618.586
8102,1708826618.606
8103,1708826618.626
8104,1708826618.646
8105,1708826618.666
8106,1708826618.686
8107,1708826618.716
8108,1708826618.736
8109,1708826618.756
8110,1708826618.776
8111,1708826618.796
8112,1708826618.816
8113,1708826618.836
8114,1708826618.856
8115,1708826618.886
8116,1708826618.906
8117,1708826618.926
8118,1708826618.946
8119,1708826618.966
8120,1708826618.986
8121,1708826619.006
8122,1708826619.036
8123,1708826619.056
8124,1708826619.076
8125,1708826619.096
8126,1708826619.116
8127,1708826619.136
8128,1708826619.156
8129,1708826619.176
8130,1708826619.206
8131,1708826619.226
8132,1708826619.246
8133,1708826619.266
8134,1708826619.286
8135,1708826619.306
8136,1708826619.326
8137,1708826619.356
8138,1708826619.376
8139,1708826619.396
8140,1708826619.416
8141,1708826619.436
8142,1708826619.456
8143,1708826619.476
8144,1708826619.496
8145,1708826619.526
8146,1708826619.546
8147,1708826619.566
8148,1708826619.586
8149,1708826619.606
8150,1708826619.626
8151,1708826619.646
8152,1708826619.676
8153,1708826619.696
8154,1708826619.716
8155,1708826619.736
8156,1708826619.756
8157,1708826619.776
8158,1708826619.796
8159,1708826619.816
8160,1708826619.846
8161,1708826619.866
8162,1708826619.886
8163,1708826619.906
8164,1708826619.926
8165,1708826619.946
8166,1708826619.966
8167,1708826619.996
8168,1708826620.016
8169,1708826620.036
8170,1708826620.056
8171,1708826620.076
8172,1708826620.096
8173,1708826620.116
8174,1708826620.136
8175,1708826620.166
8176,1708826620.186
8177,1708826620.206
8178,1708826620.226
8179,1708826620.246
8180,1708826620.266
8181,1708826620.286
8182,1708826620.316
8183,1708826620.336
8184,1708826620.356
8185,1708826620.376
8186,1708826620.396
8187,1708826620.416
8188,1708826620.436
8189,1708826620.456
8190,1708826620.486
8191,1708826620.506
8192,1708826620.526
8193,1708826620.546
8194,1708826620.566
8195,1708826620.586
8196,1708826620.606
8197,1708826620.636
8198,1708826620.656
8199,1708826620.676
8200,1708826620.696
8201,1708826620.716
8202,1708826620.736
8203,1708826620.756
8204,1708826620.776
8205,1708826620.806
8206,1708826620.826
8207,1708826620.846
8208,1708826620.866
8209,1708826620.886
8210,1708826620.906
8211,1708826620.926
8212,1708826620.956
8213,1708826620.976
8214,1708826620.996
8215,1708826621.016
8216,1708826621.036
8217,1708826621.056
8218,1708826621.076
8219,1708826621.096
8220,1708826621.126
8221,1708826621.146
8222,1708826621.166
8223,1708826621.186
8224,1708826621.206
8225,1708826621.226
8226,1708826621.246
8227,1708826621.276
8228,1708826621.296
8229,1708826621.316
8230,1708826621.336
8231,1708826621.356
8232,1708826621.376
8233,1708826621.396
8234,1708826621.416
8235,1708826621.446
8236,1708826621.466
8237,1708826621.486
8238,1708826621.506
8239,1708826621.526
8240,1708826621.546
8241,1708826621.566
8242,1708826621.596
8243,1708826621.616
8244,1708826621.636
8245,1708826621.656
8246,1708826621.676
8247,1708826621.696
8248,1708826621.716
8249,1708826621.736
8250,1708826621.766
8251,1708826621.786
8252,1708826621.806
8253,1708826621.826
8254,1708826621.846
8255,1708826621.866
8256,1708826621.886
8257,1708826621.916
8258,1708826621.936
8259,1708826621.956
8260,1708826621.976
8261,1708826621.996
8262,1708826622.016
8263,1708826622.036
8264,1708826622.056
8265,1708826622.086
8266,1708826622.106
8267,1708826622.126
8268,1708826622.146
8269,1708826622.166
8270,1708826622.186
8271,1708826622.206
8272,1708826622.236
8273,1708826622.256
8274,1708826622.276
8275,1708826622.296
8276,1708826622.316
8277,1708826622.336
8278,1708826622.356
8279,1708826622.376
8280,1708826622.406
8281,1708826622.426
8282,1708826622.446
8283,1708826622.466
8284,1708826622.486
8285,1708826622.506
8286,1708826622.526
8287,1708826622.556
8288,1708826622.576
8289,1708826622.596
8290,1708826622.616
8291,1708826622.636
8292,1708826622.656
8293,1708826622.676
8294,1708826622.696
8295,1708826622.726
8296,1708826622.746
8297,1708826622.766
8298,1708826622.786
8299,1708826622.806
8300,1708826622.826
8301,1708826622.846
8302,1708826622.876
8303,1708826622.896
8304,1708826622.916
8305,1708826622.936
8306,1708826622.956
8307,1708826622.976
8308,1708826622.996
8309,1708826623.016
8310,1708826623.046
8311,1708826623.066
8312,1708826623.086
8313,1708826623.106
8314,1708826623.126
8315,1708826623.146
8316,1708826623.166
8317,1708826623.196
8318,1708826623.216
8319,1708826623.236
8320,1708826623.256
8321,1708826623.276
8322,1708826623.296
8323,1708826623.316
8324,1708826623.336
8325,1708826623.366
8326,1708826623.386
8327,1708826623.406
8328,1708826623.426
8329,1708826623.446
8330,1708826623.466
8331,1708826623.486
8332,1708826623.516
8333,1708826623.536
8334,1708826623.556
8335,1708826623.576
8336,1708826623.596
8337,1708826623.616
8338,1708826623.636
8339,1708826623.656
8340,1708826623.686
8341,1708826623.706
8342,1708826623.726
8343,1708826623.746
8344,1708826623.766
8345,1708826623.786
8346,1708826623.806
8347,1708826623.836
8348,1708826623.856
8349,1708826623.876
8350,1708826623.896
8351,1708826623.916
8352,1708826623.936
8353,1708826623.956
8354,1708826623.976
8355,1708826624.006
8356,1708826624.026
8357,1708826624.046
8358,1708826624.066
8359,1708826624.086
8360,1708826624.106
8361,1708826624.126
8362,1708826624.156
8363,1708826624.176
8364,1708826624.196
8365,1708826624.216
8366,1708826624.236
8367,1708826624.256
8368,1708826624.276
8369,1708826624.296
8370,1708826624.326
8371,1708826624.346
8372,1708826624.366
8373,1708826624.386
8374,1708826624.406
8375,1708826624.426
8376,1708826624.446
8377,1708826624.476
8378,1708826624.496
8379,1708826624.516
8380,1708826624.536
8381,1708826624.556
8382,1708826624.576
8383,1708826624.596
8384,1708826624.616
8385,1708826624.646
8386,1708826624.666
8387,1708826624.686
8388,1708826624.706
8389,1708826624.726
8390,1708826624.746
8391,1708826624.766
8392,1708826624.796
8393,1708826624.816
8394,1708826624.836
8395,1708826624.856
8396,1708826624.876
8397,1708826624.896
8398,1708826624.916
8399,1708826624.936
8400,1708826624.966
8401,1708826624.986
8402,1708826625.006
8403,1708826625.026
8404,1708826625.046
8405,1708826625.066
8406,1708826625.086
8407,1708826625.116
8408,1708826625.136
8409,1708826625.156
8410,1708826625.176
8411,1708826625.196
8412,1708826625.216
8413,1708826625.236
8414,1708826625.256
8415,1708826625.286
8416,1708826625.306
8417,1708826625.326
8418,1708826625.346
8419,1708826625.366
8420,1708826625.386
8421,1708826625.406
8422,1708826625.436
8423,1708826625.456
8424,1708826625.476
8425,1708826625.496
8426,1708826625.516
8427,1708826625.536
8428,1708826625.556
8429,1708826625.576
8430,1708826625.606
8431,1708826625.626
8432,1708826625.646
8433,1708826625.666
8434,1708826625.686
8435,1708826625.706
8436,1708826625.726
8437,1708826625.756
8438,1708826625.776
8439,1708826625.796
8440,1708826625.816
8441,1708826625.836
8442,1708826625.856
8443,1708826625.876
8444,1708826625.896
8445,1708826625.926
8446,1708826625.946
8447,1708826625.966
8448,1708826625.986
8449,1708826626.006
8450,1708826626.026
8451,1708826626.046
8452,1708826626.076
8453,1708826626.096
8454,1708826626.116
8455,1708826626.136
8456,1708826626.156
8457,1708826626.176
8458,1708826626.196
8459,1708826626.216
8460,1708826626.246
8461,1708826626.266
8462,1708826626.286
8463,1708826626.306
8464,1708826626.326
8465,1708826626.346
8466,1708826626.366
8467,1708826626.396
8468,1708826626.416
8469,1708826626.436
8470,1708826626.456
8471,1708826626.476
8472,1708826626.496
8473,1708826626.516
8474,1708826626.536
8475,1708826626.566
8476,1708826626.586
8477,1708826626.606
8478,1708826626.626
8479,1708826626.646
8480,1708826626.666
8481,1708826626.686
8482,1708826626.716
8483,1708826626.736
8484,1708826626.756
8485,1708826626.776
8486,1708826626.796
8487,1708826626.816
8488,1708826626.836
8489,1708826626.856
8490,1708826626.886
8491,1708826626.906
8492,1708826626.926
8493,1708826626.946
8494,1708826626.966
8495,1708826626.986
8496,1708826627.006
8497,1708826627.036
8498,1708826627.056
8499,1708826627.076
8500,1708826627.096
8501,1708826627.116
8502,1708826627.136
8503,1708826627.156
8504,1708826627.176
8505,1708826627.206
8506,1708826627.226
8507,1708826627.246
8508,1708826627.266
8509,1708826627.286
8510,1708826627.306
8511,1708826627.326
8512,1708826627.356
8513,1708826627.376
8514,1708826627.396
8515,1708826627.416
8516,1708826627.436
8517,1708826627.456
8518,1708826627.476
8519,1708826627.496
8520,1708826627.526
8521,1708826627.546
8522,1708826627.566
8523,1708826627.586
8524,1708826627.606
8525,1708826627.626
8526,1708826627.646
8527,1708826627.676
8528,1708826627.696
8529,1708826627.716
8530,1708826627.736
8531,1708826627.756
8532,1708826627.776
8533,1708826627.796
8534,1708826627.816
8535,1708826627.846
8536,1708826627.866
8537,1708826627.886
8538,1708826627.906
8539,1708826627.926
8540,1708826627.946
8541,1708826627.966
8542,1708826627.996
8543,1708826628.016
8544,1708826628.036
8545,1708826628.056
8546,1708826628.076
8547,1708826628.096
8548,1708826628.116
8549,1708826628.136
8550,1708826628.166
8551,1708826628.186
8552,1708826628.206
8553,1708826628.226
8554,1708826628.246
8555,1708826628.266
8556,1708826628.286
8557,1708826628.316
8558,1708826628.336
8559,1708826628.356
8560,1708826628.376
8561,1708826628.396
8562,1708826628.416
8563,1708826628.436
8564,1708826628.456
8565,1708826628.486
8566,1708826628.506
8567,1708826628.526
8568,1708826628.546
8569,1708826628.566
8570,1708826628.586
8571,1708826628.606
8572,1708826628.636
8573,1708826628.656
8574,1708826628.676
8575,1708826628.696
8576,1708826628.716
8577,1708826628.736
8578,1708826628.756
8579,1708826628.776
8580,1708826628.806
8581,1708826628.826
8582,1708826628.846
8583,1708826628.866
8584,1708826628.886
8585,1708826628.906
8586,1708826628.926
8587,1708826628.956
8588,1708826628.976
8589,1708826628.996
8590,1708826629.016
8591,1708826629.036
8592,1708826629.056
8593,1708826629.076
8594,1708826629.096
8595,1708826629.126
8596,1708826629.146
8597,1708826629.166
8598,1708826629.186
8599,1708826629.206
8600,1708826629.226
8601,1708826629.246
8602,1708826629.276
8603,1708826629.296
8604,1708826629.316
8605,1708826629.336
8606,1708826629.356
8607,1708826629.376
8608,1708826629.396
8609,1708826629.416
8610,1708826629.446
8611,1708826629.466
8612,1708826629.486
8613,1708826629.506
8614,1708826629.526
8615,1708826629.546
8616,1708826629.566
8617,1708826629.596
8618,1708826629.616
8619,1708826629.636
8620,1708826629.656
8621,1708826629.676
8622,1708826629.696
8623,1708826629.716
8624,1708826629.736
8625,1708826629.766
8626,1708826629.786
8627,1708826629.806
8628,1708826629.826
8629,1708826629.846
8630,1708826629.866
8631,1708826629.886
8632,1708826629.916
8633,1708826629.936
8634,1708826629.956
8635,1708826629.976
8636,1708826629.996
8637,1708826630.016
8638,1708826630.036
8639,1708826630.056
8640,1708826630.086
8641,1708826630.106
8642,1708826630.126
8643,1708826630.146
8644,1708826630.166
8645,1708826630.186
8646,1708826630.206
8647,1708826630.236
8648,1708826630.256
8649,1708826630.276
8650,1708826630.296
8651,1708826630.316
8652,1708826630.336
8653,1708826630.356
8654,1708826630.376
8655,1708826630.406
8656,1708826630.426
8657,1708826630.446
8658,1708826630.466
8659,1708826630.486
8660,1708826630.506
8661,1708826630.526
8662,1708826630.556
8663,1708826630.576
8664,1708826630.596
8665,1708826630.616
8666,1708826630.636
8667,1708826630.656
8668,1708826630.676
8669,1708826630.696
8670,1708826630.726
8671,1708826630.746
8672,1708826630.766
8673,1708826630.786
8674,1708826630.806
8675,1708826630.826
8676,1708826630.846
8677,1708826630.876
8678,1708826630.896
8679,1708826630.916
8680,1708826630.936
8681,1708826630.956
8682,1708826630.976
8683,1708826630.996
8684,1708826631.016
8685,1708826631.046
8686,1708826631.066
8687,1708826631.086
8688,1708826631.106
8689,1708826631.126
8690,1708826631.146
8691,1708826631.166
8692,1708826631.196
8693,1708826631.216
8694,1708826631.236
8695,1708826631.256
8696,1708826631.276
8697,1708826631.296
8698,1708826631.316
8699,1708826631.336
8700,1708826631.366
8701,1708826631.386
8702,1708826631.406
8703,1708826631.426
8704,1708826631.446
8705,1708826631.466
8706,1708826631.486
8707,1708826631.516
8708,1708826631.536
8709,1708826631.556
8710,1708826631.576
8711,1708826631.596
8712,1708826631.616
8713,1708826631.636
8714,1708826631.656
8715,1708826631.686
8716,1708826631.706
8717,1708826631.726
8718,1708826631.746
8719,1708826631.766
8720,1708826631.786
8721,1708826631.806
8722,1708826631.836
8723,1708826631.856
8724,1708826631.876
8725,1708826631.896
8726,1708826631.916
8727,1708826631.936
8728,1708826631.956
8729,1708826631.976
8730,1708826632.006
8731,1708826632.026
8732,1708826632.046
8733,1708826632.066
8734,1708826632.086
8735,1708826632.106
8736,1708826632.126
8737,1708826632.156
8738,1708826632.176
8739,1708826632.196
8740,1708826632.216
8741,1708826632.236
8742,1708826632.256
8743,1708826632.276
8744,1708826632.296
8745,1708826632.326
8746,1708826632.346
8747,1708826632.366
8748,1708826632.386
8749,1708826632.406
8750,1708826632.426
8751,1708826632.446
8752,1708826632.476
8753,1708826632.496
8754,1708826632.516
8755,1708826632.536
8756,1708826632.556
8757,1708826632.576
8758,1708826632.596
8759,1708826632.616
8760,1708826632.646
8761,1708826632.666
8762,1708826632.686
8763,1708826632.706
8764,1708826632.726
8765,1708826632.746
8766,1708826632.766
8767,1708826632.796
8768,1708826632.816
8769,1708826632.836
8770,1708826632.856
8771,1708826632.876
8772,1708826632.896
8773,1708826632.916
8774,1708826632.936
8775,1708826632.966
8776,1708826632.986
8777,1708826633.006
8778,1708826633.026
8779,1708826633.046
8780,1708826633.066
8781,1708826633.086
8782,1708826633.116
8783,1708826633.136
8784,1708826633.156
8785,1708826633.176
8786,1708826633.196
8787,1708826633.216
8788,1708826633.236
8789,1708826633.256
8790,1708826633.286
8791,1708826633.306
8792,1708826633.326
8793,1708826633.346
8794,1708826633.366
8795,1708826633.386
8796,1708826633.406
8797,1708826633.436
8798,1708826633.456
8799,1708826633.476
8800,1708826633.496
8801,1708826633.516
8802,1708826633.536
8803,1708826633.556
8804,1708826633.576
8805,1708826633.606
8806,1708826633.626
8807,1708826633.646
8808,1708826633.666
8809,1708826633.686
8810,1708826633.706
8811,1708826633.726
8812,1708826633.756
8813,1708826633.776
8814,1708826633.796
8815,1708826633.816
8816,1708826633.836
8817,1708826633.856
8818,1708826633.876
8819,1708826633.896
8820,1708826633.926
8821,1708826633.946
8822,1708826633.966
8823,1708826633.986
8824,1708826634.006
8825,1708826634.026
8826,1708826634.046
8827,1708826634.076
8828,1708826634.096
8829,1708826634.116
8830,1708826634.136
8831,1708826634.156
8832,1708826634.176
8833,1708826634.196
8834,1708826634.216
8835,1708826634.246
8836,1708826634.266
8837,1708826634.286
8838,1708826634.306
8839,1708826634.326
8840,1708826634.346
8841,1708826634.366
8842,1708826634.396
8843,1708826634.416
8844,1708826634.436
8845,1708826634.456
8846,1708826634.476
8847,1708826634.496
8848,1708826634.516
8849,1708826634.536
8850,1708826634.566
8851,1708826634.586
8852,1708826634.606
8853,1708826634.626
8854,1708826634.646
8855,1708826634.666
8856,1708826634.686
8857,1708826634.716
8858,1708826634.736
8859,1708826634.756
8860,1708826634.776
8861,1708826634.796
8862,1708826634.816
8863,1708826634.836
8864,1708826634.856
8865,1708826634.886
8866,1708826634.906
8867,1708826634.926
8868,1708826634.946
8869,1708826634.966
8870,1708826634.986
8871,1708826635.006
8872,1708826635.036
8873,1708826635.056
8874,1708826635.076
8875,1708826635.096
8876,1708826635.116
8877,1708826635.136
8878,1708826635.156
8879,1708826635.176
8880,1708826635.206
8881,1708826635.226
8882,1708826635.246
8883,1708826635.266
8884,1708826635.286
8885,1708826635.306
8886,1708826635.326
8887,1708826635.356
8888,1708826635.376
8889,1708826635.396
8890,1708826635.416
8891,1708826635.436
8892,1708826635.456
8893,1708826635.476
8894,1708826635.496
8895,1708826635.526
8896,1708826635.546
8897,1708826635.566
8898,1708826635.586
8899,1708826635.606
8900,1708826635.626
8901,1708826635.646
8902,1708826635.676
8903,1708826635.696
8904,1708826635.716
8905,1708826635.736
8906,1708826635.756
8907,1708826635.776
8908,1708826635.796
8909,1708826635.816
8910,1708826635.846
8911,1708826635.866
8912,1708826635.886
8913,1708826635.906
8914,1708826635.926
8915,1708826635.946
8916,1708826635.966
8917,1708826635.996
8918,1708826636.016
8919,1708826636.036
8920,1708826636.056
8921,1708826636.076
8922,1708826636.096
8923,1708826636.116
8924,1708826636.136
8925,1708826636.166
8926,1708826636.186
8927,1708826636.206
8928,1708826636.226
8929,1708826636.246
8930,1708826636.266
8931,1708826636.286
8932,1708826636.316
8933,1708826636.336
8934,1708826636.356
8935,1708826636.376
8936,1708826636.396
8937,1708826636.416
8938,1708826636.436
8939,1708826636.456
8940,1708826636.486
8941,1708826636.506
8942,1708826636.526
8943,1708826636.546
8944,1708826636.566
8945,1708826636.586
8946,1708826636.606
8947,1708826636.636
8948,1708826636.656
8949,1708826636.676
8950,1708826636.696
8951,1708826636.716
8952,1708826636.736
8953,1708826636.756
8954,1708826636.776
8955,1708826636.806
8956,1708826636.826
8957,1708826636.846
8958,1708826636.866
8959,1708826636.886
8960,1708826636.906
8961,1708826636.926
8962,1708826636.956
8963,1708826636.976
8964,1708826636.996
8965,1708826637.016
8966,1708826637.036
8967,1708826637.056
8968,1708826637.076
8969,1708826637.096
8970,1708826637.126
8971,1708826637.146
8972,1708826637.166
8973,1708826637.186
8974,1708826637.206
8975,1708826637.226
8976,1708826637.246
8977,1708826637.276
8978,1708826637.296
8979,1708826637.316
8980,1708826637.336
8981,1708826637.356
8982,1708826637.376
8983,1708826637.396
8984,1708826637.416
8985,1708826637.446
8986,1708826637.466
8987,1708826637.486
8988,1708826637.506
8989,1708826637.526
8990,1708826637.546
8991,1708826637.566
8992,1708826637.596
8993,1708826637.616
8994,1708826637.636
8995,1708826637.656
8996,1708826637.676
8997,1708826637.696
8998,1708826637.716
8999,1708826637.736
9000,1708826637.766
9001,1708826637.786
9002,1708826637.806
9003,1708826637.826
9004,1708826637.846
9005,1708826637.866
9006,1708826637.886
9007,1708826637.916
9008,1708826637.936
9009,1708826637.956
9010,1708826637.976
9011,1708826637.996
9012,1708826638.016
9013,1708826638.036
9014,1708826638.056
9015,1708826638.086
9016,1708826638.106
9017,1708826638.126
9018,1708826638.146
9019,1708826638.166
9020,1708826638.186
9021,1708826638.206
9022,1708826638.236
9023,1708826638.256
9024,1708826638.276
9025,1708826638.296
9026,1708826638.316
9027,1708826638.336
9028,1708826638.356
9029,1708826638.376
9030,1708826638.406
9031,1708826638.426
9032,1708826638.446
9033,1708826638.466
9034,1708826638.486
9035,1708826638.506
9036,1708826638.526
9037,1708826638.556
9038,1708826638.576
9039,1708826638.596
9040,1708826638.616
9041,1708826638.636
9042,1708826638.656
9043,1708826638.676
9044,1708826638.696
9045,1708826638.726
9046,1708826638.746
9047,1708826638.766
9048,1708826638.786
9049,1708826638.806
9050,1708826638.826
9051,1708826638.846
9052,1708826638.876
9053,1708826638.896
9054,1708826638.916
9055,1708826638.936
9056,1708826638.956
9057,1708826638.976
9058,1708826638.996
9059,1708826639.016
9060,1708826639.046
9061,1708826639.066
9062,1708826639.086
9063,1708826639.106
9064,1708826639.126
9065,1708826639.146
9066,1708826639.166
9067,1708826639.196
9068,1708826639.216
9069,1708826639.236
9070,1708826639.256
9071,1708826639.276
9072,1708826639.296
9073,1708826639.316
9074,1708826639.336
9075,1708826639.366
9076,1708826639.386
9077,1708826639.406
9078,1708826639.426
9079,1708826639.446
9080,1708826639.466
9081,1708826639.486
9082,1708826639.516
9083,1708826639.536
9084,1708826639.556
9085,1708826639.576
9086,1708826639.596
9087,1708826639.616
9088,1708826639.636
9089,1708826639.656
9090,1708826639.686
9091,1708826639.706
9092,1708826639.726
9093,1708826639.746
9094,1708826639.766
9095,1708826639.786
9096,1708826639.806
9097,1708826639.836
9098,1708826639.856
9099,1708826639.876
9100,1708826639.896
9101,1708826639.916
9102,1708826639.936
9103,1708826639.956
9104,1708826639.976
9105,1708826640.006
9106,1708826640.026
9107,1708826640.046
9108,1708826640.066
9109,1708826640.086
9110,1708826640.106
9111,1708826640.126
9112,1708826640.156
9113,1708826640.176
9114,1708826640.196
9115,1708826640.216
9116,1708826640.236
9117,1708826640.256
9118,1708826640.276
9119,1708826640.296
9120,1708826640.326
9121,1708826640.346
9122,1708826640.366
9123,1708826640.386
9124,1708826640.406
9125,1708826640.426
9126,1708826640.446
9127,1708826640.476
9128,1708826640.496
9129,1708826640.516
9130,1708826640.536
9131,1708826640.556
9132,1708826640.576
9133,1708826640.596
9134,1708826640.616
9135,1708826640.646
9136,1708826640.666
9137,1708826640.686
9138,1708826640.706
9139,1708826640.726
9140,1708826640.746
9141,1708826640.766
9142,1708826640.796
9143,1708826640.816
9144,1708826640.836
9145,1708826640.856
9146,1708826640.876
9147,1708826640.896
9148,1708826640.916
9149,1708826640.936
9150,1708826640.966
9151,1708826640.986
9152,1708826641.006
9153,1708826641.026
9154,1708826641.046
9155,1708826641.066
9156,1708826641.086
9157,1708826641.116
9158,1708826641.136
9159,1708826641.156
9160,1708826641.176
9161,1708826641.196
9162,1708826641.216
9163,1708826641.236
9164,1708826641.256
9165,1708826641.286
9166,1708826641.306
9167,1708826641.326
9168,1708826641.346
9169,1708826641.366
9170,1708826641.386
9171,1708826641.406
9172,1708826641.436
9173,1708826641.456
9174,1708826641.476
9175,1708826641.496
9176,1708826641.516
9177,1708826641.536
9178,1708826641.556
9179,1708826641.576
9180,1708826641.606
9181,1708826641.626
9182,1708826641.646
9183,1708826641.666
9184,1708826641.686
9185,1708826641.706
9186,1708826641.726
9187,1708826641.756
9188,1708826641.776
9189,1708826641.796
9190,1708826641.816
9191,1708826641.836
9192,1708826641.856
9193,1708826641.876
9194,1708826641.896
9195,1708826641.926
9196,1708826641.946
9197,1708826641.966
9198,1708826641.986
9199,1708826642.006
9200,1708826642.026
9201,1708826642.046
9202,1708826642.076
9203,1708826642.096
9204,1708826642.116
9205,1708826642.136
9206,1708826642.156
9207,1708826642.176
9208,1708826642.196
9209,1708826642.216
9210,1708826642.246
9211,1708826642.266
9212,1708826642.286
9213,1708826642.306
9214,1708826642.326
9215,1708826642.346
9216,1708826642.366
9217,1708826642.396
9218,1708826642.416
9219,1708826642.436
9220,1708826642.456
9221,1708826642.476
9222,1708826642.496
9223,1708826642.516
9224,1708826642.536
9225,1708826642.566
9226,1708826642.586
9227,1708826642.606
9228,1708826642.626
9229,1708826642.646
9230,1708826642.666
9231,1708826642.686
9232,1708826642.716
9233,1708826642.736
9234,1708826642.756
9235,1708826642.776
9236,1708826642.796
9237,1708826642.816
9238,1708826642.836
9239,1708826642.856
9240,1708826642.886
9241,1708826642.906
9242,1708826642.926
9243,1708826642.946
9244,1708826642.966
9245,1708826642.986
9246,1708826643.006
9247,1708826643.036
9248,1708826643.056
9249,1708826643.076
9250,1708826643.096
9251,1708826643.116
9252,1708826643.136
9253,1708826643.156
9254,1708826643.176
9255,1708826643.206
9256,1708826643.226
9257,1708826643.246
9258,1708826643.266
9259,1708826643.286
9260,1708826643.306
9261,1708826643.326
9262,1708826643.356
9263,1708826643.376
9264,1708826643.396
9265,1708826643.416
9266,1708826643.436
9267,1708826643.456
9268,1708826643.476
9269,1708826643.496
9270,1708826643.526
9271,1708826643.546
9272,1708826643.566
9273,1708826643.586
9274,1708826643.606
9275,1708826643.626
9276,1708826643.646
9277,1708826643.676
9278,1708826643.696
9279,1708826643.716
9280,1708826643.736
9281,1708826643.756
9282,1708826643.776
9283,1708826643.796
9284,1708826643.816
9285,1708826643.846
9286,1708826643.866
9287,1708826643.886
9288,1708826643.906
9289,1708826643.926
9290,1708826643.946
9291,1708826643.966
9292,1708826643.996
9293,1708826644.016
9294,1708826644.036
9295,1708826644.056
9296,1708826644.076
9297,1708826644.096
9298,1708826644.116
9299,1708826644.136
9300,1708826644.166
9301,1708826644.186
9302,1708826644.206
9303,1708826644.226
9304,1708826644.246
9305,1708826644.266
9306,1708826644.286
9307,1708826644.316
9308,1708826644.336
9309,1708826644.356
9310,1708826644.376
9311,1708826644.396
9312,1708826644.416
9313,1708826644.436
9314,1708826644.456
9315,1708826644.486
9316,1708826644.506
9317,1708826644.526
9318,1708826644.546
9319,1708826644.566
9320,1708826644.586
9321,1708826644.606
9322,1708826644.636
9323,1708826644.656
9324,1708826644.676
9325,1708826644.696
9326,1708826644.716
9327,1708826644.736
9328,1708826644.756
9329,1708826644.776
9330,1708826644.806
9331,1708826644.826
9332,1708826644.846
9333,1708826644.866
9334,1708826644.886
9335,1708826644.906
9336,1708826644.926
9337,1708826644.956
9338,1708826644.976
9339,1708826644.996
9340,1708826645.016
9341,1708826645.036
9342,1708826645.056
9343,1708826645.076
9344,1708826645.096
9345,1708826645.126
9346,1708826645.146
9347,1708826645.166
9348,1708826645.186
9349,1708826645.206
9350,1708826645.226
9351,1708826645.246
9352,1708826645.276
9353,1708826645.296
9354,1708826645.316
9355,1708826645.336
9356,1708826645.356
9357,1708826645.376
9358,1708826645.396
9359,1708826645.416
9360,1708826645.446
9361,1708826645.466
9362,1708826645.486
9363,1708826645.506
9364,1708826645.526
9365,1708826645.546
9366,1708826645.566
9367,1708826645.596
9368,1708826645.616
9369,1708826645.636
9370,1708826645.656
9371,1708826645.676
9372,1708826645.696
9373,1708826645.716
9374,1708826645.736
9375,1708826645.766
9376,1708826645.786
9377,1708826645.806
9378,1708826645.826
9379,1708826645.846
9380,1708826645.866
9381,1708826645.886
9382,1708826645.916
9383,1708826645.936
9384,1708826645.956
9385,1708826645.976
9386,1708826645.996
9387,1708826646.016
9388,1708826646.036
9389,1708826646.056
9390,1708826646.086
9391,1708826646.106
9392,1708826646.126
9393,1708826646.146
9394,1708826646.166
9395,1708826646.186
9396,1708826646.206
9397,1708826646.236
9398,1708826646.256
9399,1708826646.276
9400,1708826646.296
9401,1708826646.316
9402,1708826646.336
9403,1708826646.356
9404,1708826646.376
9405,1708826646.406
9406,1708826646.426
9407,1708826646.446
9408,1708826646.466
9409,1708826646.486
9410,1708826646.506
9411,1708826646.526
9412,1708826646.556
9413,1708826646.576
9414,1708826646.596
9415,1708826646.616
9416,1708826646.636
9417,1708826646.656
9418,1708826646.676
9419,1708826646.696
9420,1708826646.726
9421,1708826646.746
9422,1708826646.766
9423,1708826646.786
9424,1708826646.806
9425,1708826646.826
9426,1708826646.846
9427,1708826646.876
9428,1708826646.896
9429,1708826646.916
9430,1708826646.936
9431,1708826646.956
9432,1708826646.976
9433,1708826646.996
9434,1708826647.016
9435,1708826647.046
9436,1708826647.066
9437,1708826647.086
9438,1708826647.106
9439,1708826647.126
9440,1708826647.146
9441,1708826647.166
9442,1708826647.196
9443,1708826647.216
9444,1708826647.236
9445,1708826647.256
9446,1708826647.276
9447,1708826647.296
9448,1708826647.316
9449,1708826647.336
9450,1708826647.366
9451,1708826647.386
9452,1708826647.406
9453,1708826647.426
9454,1708826647.446
9455,1708826647.466
9456,1708826647.486
9457,1708826647.516
9458,1708826647.536
9459,1708826647.556
9460,1708826647.576
9461,1708826647.596
9462,1708826647.616
9463,1708826647.636
9464,1708826647.656
9465,1708826647.686
9466,1708826647.706
9467,1708826647.726
9468,1708826647.746
9469,1708826647.766
9470,1708826647.786
9471,1708826647.806
9472,1708826647.836
9473,1708826647.856
9474,1708826647.876
9475,1708826647.896
9476,1708826647.916
9477,1708826647.936
9478,1708826647.956
9479,1708826647.976
9480,1708826648.006
9481,1708826648.026
9482,1708826648.046
9483,1708826648.066
9484,1708826648.086
9485,1708826648.106
9486,1708826648.126
9487,1708826648.156
9488,1708826648.176
9489,1708826648.196
9490,1708826648.216
9491,1708826648.236
9492,1708826648.256
9493,1708826648.276
9494,1708826648.296
9495,1708826648.326
9496,1708826648.346
9497,1708826648.366
9498,1708826648.386
9499,1708826648.406
9500,1708826648.426
9501,1708826648.446
9502,1708826648.476
9503,1708826648.496
9504,1708826648.516
9505,1708826648.536
9506,1708826648.556
9507,1708826648.576
9508,1708826648.596
9509,1708826648.616
9510,1708826648.646
9511,1708826648.666
9512,1708826648.686
9513,1708826648.706
9514,1708826648.726
9515,1708826648.746
9516,1708826648.766
9517,1708826648.796
9518,1708826648.816
9519,1708826648.836
9520,1708826648.856
9521,1708826648.876
9522,1708826648.896
9523,1708826648.916
9524,1708826648.936
9525,1708826648.966
9526,1708826648.986
9527,1708826649.006
9528,1708826649.026
9529,1708826649.046
9530,1708826649.066
9531,1708826649.086
9532,1708826649.116
9533,1708826649.136
9534,1708826649.156
9535,1708826649.176
9536,1708826649.196
9537,1708826649.216
9538,1708826649.236
9539,1708826649.256
9540,1708826649.286
9541,1708826649.306
9542,1708826649.326
9543,1708826649.346
9544,1708826649.366
9545,1708826649.386
9546,1708826649.406
9547,1708826649.436
9548,1708826649.456
9549,1708826649.476
9550,1708826649.496
9551,1708826649.516
9552,1708826649.536
9553,1708826649.556
9554,1708826649.576
9555,1708826649.606
9556,1708826649.626
9557,1708826649.646
9558,1708826649.666
9559,1708826649.686
9560,1708826649.706
9561,1708826649.726
9562,1708826649.756
9563,1708826649.776
9564,1708826649.796
9565,1708826649.816
9566,1708826649.836
9567,1708826649.856
9568,1708826649.876
9569,1708826649.896
9570,1708826649.926
9571,1708826649.946
9572,1708826649.966
9573,1708826649.986
9574,1708826650.006
9575,1708826650.026
9576,1708826650.046
9577,1708826650.076
9578,1708826650.096
9579,1708826650.116
9580,1708826650.136
9581,1708826650.156
9582,1708826650.176
9583,1708826650.196
9584,1708826650.216
9585,1708826650.246
9586,1708826650.266
9587,1708826650.286
9588,1708826650.306
9589,1708826650.326
9590,1708826650.346
9591,1708826650.366
9592,1708826650.396
9593,1708826650.416
9594,1708826650.436
9595,1708826650.456
9596,1708826650.476
9597,1708826650.496
9598,1708826650.516
9599,1708826650.536
9600,1708826650.566
9601,1708826650.586
9602,1708826650.606
9603,1708826650.626
9604,1708826650.646
9605,1708826650.666
9606,1708826650.686
9607,1708826650.716
9608,1708826650.736
9609,1708826650.756
9610,1708826650.776
9611,1708826650.796
9612,1708826650.816
9613,1708826650.836
9614,1708826650.856
9615,1708826650.886
9616,1708826650.906
9617,1708826650.926
9618,1708826650.946
9619,1708826650.966
9620,1708826650.986
9621,1708826651.006
9622,1708826651.036
9623,1708826651.056
9624,1708826651.076
9625,1708826651.096
9626,1708826651.116
9627,1708826651.136
9628,1708826651.156
9629,1708826651.176
9630,1708826651.206
9631,1708826651.226
9632,1708826651.246
9633,1708826651.266
9634,1708826651.286
9635,1708826651.306
9636,1708826651.326
9637,1708826651.356
9638,1708826651.376
9639,1708826651.396
9640,1708826651.416
9641,1708826651.436
9642,1708826651.456
9643,1708826651.476
9644,1708826651.496
9645,1708826651.526
9646,1708826651.546
9647,1708826651.566
9648,1708826651.586
9649,1708826651.606
9650,1708826651.626
9651,1708826651.646
9652,1708826651.676
9653,1708826651.696
9654,1708826651.716
9655,1708826651.736
9656,1708826651.756
9657,1708826651.776
9658,1708826651.796
9659,1708826651.816
9660,1708826651.846
9661,1708826651.866
9662,1708826651.886
9663,1708826651.906
9664,1708826651.926
9665,1708826651.946
9666,1708826651.966
9667,1708826651.996
9668,1708826652.016
9669,1708826652.036
9670,1708826652.056
9671,1708826652.076
9672,1708826652.096
9673,1708826652.116
9674,1708826652.136
9675,1708826652.166
9676,1708826652.186
9677,1708826652.206
9678,1708826652.226
9679,1708826652.246
9680,1708826652.266
9681,1708826652.286
9682,1708826652.316
9683,1708826652.336
9684,1708826652.356
9685,1708826652.376
9686,1708826652.396
9687,1708826652.416
9688,1708826652.436
9689,1708826652.456
9690,1708826652.486
9691,1708826652.506
9692,1708826652.526
9693,1708826652.546
9694,1708826652.566
9695,1708826652.586
9696,1708826652.606
9697,1708826652.636
9698,1708826652.656
9699,1708826652.676
9700,1708826652.696
9701,1708826652.716
9702,1708826652.736
9703,1708826652.756
9704,1708826652.776
9705,1708826652.806
9706,1708826652.826
9707,1708826652.846
9708,1708826652.866
9709,1708826652.886
9710,1708826652.906
9711,1708826652.926
9712,1708826652.956
9713,1708826652.976
9714,1708826652.996
9715,1708826653.016
9716,1708826653.036
9717,1708826653.056
9718,1708826653.076
9719,1708826653.096
9720,1708826653.126
9721,1708826653.146
9722,1708826653.166
9723,1708826653.186
9724,1708826653.206
9725,1708826653.226
9726,1708826653.246
9727,1708826653.276
9728,1708826653.296
9729,1708826653.316
9730,1708826653.336
9731,1708826653.356
9732,1708826653.376
9733,1708826653.396
9734,1708826653.416
9735,1708826653.446
9736,1708826653.466
9737,1708826653.486
9738,1708826653.506
9739,1708826653.526
9740,1708826653.546
9741,1708826653.566
9742,1708826653.596
9743,1708826653.616
9744,1708826653.636
9745,1708826653.656
9746,1708826653.676
9747,1708826653.696
9748,1708826653.716
9749,1708826653.736
9750,1708826653.766
9751,1708826653.786
9752,1708826653.806
9753,1708826653.826
9754,1708826653.846
9755,1708826653.866
9756,1708826653.886
9757,1708826653.916
9758,1708826653.936
9759,1708826653.956
9760,1708826653.976
9761,1708826653.996
9762,1708826654.016
9763,1708826654.036
9764,1708826654.056
9765,1708826654.086
9766,1708826654.106
9767,1708826654.126
9768,1708826654.146
9769,1708826654.166
9770,1708826654.186
9771,1708826654.206
9772,1708826654.236
9773,1708826654.256
9774,1708826654.276
9775,1708826654.296
9776,1708826654.316
9777,1708826654.336
9778,1708826654.356
9779,1708826654.376
9780,1708826654.406
9781,1708826654.426
9782,1708826654.446
9783,1708826654.466
9784,1708826654.486
9785,1708826654.506
9786,1708826654.526
9787,1708826654.556
9788,1708826654.576
9789,1708826654.596
9790,1708826654.616
9791,1708826654.636
9792,1708826654.656
9793,1708826654.676
9794,1708826654.696
9795,1708826654.726
9796,1708826654.746
9797,1708826654.766
9798,1708826654.786
9799,1708826654.806
9800,1708826654.826
9801,1708826654.846
9802,1708826654.876
9803,1708826654.896
9804,1708826654.916
9805,1708826654.936
9806,1708826654.956
9807,1708826654.976
9808,1708826654.996
9809,1708826655.016
9810,1708826655.046
9811,1708826655.066
9812,1708826655.086
9813,1708826655.106
9814,1708826655.126
9815,1708826655.146
9816,1708826655.166
9817,1708826655.196
9818,1708826655.216
9819,1708826655.236
9820,1708826655.256
9821,1708826655.276
9822,1708826655.296
9823,1708826655.316
9824,1708826655.336
9825,1708826655.366
9826,1708826655.386
9827,1708826655.406
9828,1708826655.426
9829,1708826655.446
9830,1708826655.466
9831,1708826655.486
9832,1708826655.516
9833,1708826655.536
9834,1708826655.556
9835,1708826655.576
9836,1708826655.596
9837,1708826655.616
9838,1708826655.636
9839,1708826655.656
9840,1708826655.686
9841,1708826655.706
9842,1708826655.726
9843,1708826655.746
9844,1708826655.766
9845,1708826655.786
9846,1708826655.806
9847,1708826655.836
9848,1708826655.856
9849,1708826655.876
9850,1708826655.896
9851,1708826655.916
9852,1708826655.936
9853,1708826655.956
9854,1708826655.976
9855,1708826656.006
9856,1708826656.026
9857,1708826656.046
9858,1708826656.066
9859,1708826656.086
9860,1708826656.106
9861,1708826656.126
9862,1708826656.156
9863,1708826656.176
9864,1708826656.196
9865,1708826656.216
9866,1708826656.236
9867,1708826656.256
9868,1708826656.276
9869,1708826656.296
9870,1708826656.326
9871,1708826656.346
9872,1708826656.366
9873,1708826656.386
9874,1708826656.406
9875,1708826656.426
9876,1708826656.446
9877,1708826656.476
9878,1708826656.496
9879,1708826656.516
9880,1708826656.536
9881,1708826656.556
9882,1708826656.576
9883,1708826656.596
9884,1708826656.616
9885,1708826656.646
9886,1708826656.666
9887,1708826656.686
9888,1708826656.706
9889,1708826656.726
9890,1708826656.746
9891,1708826656.766
9892,1708826656.796
9893,1708826656.816
9894,1708826656.836
9895,1708826656.856
9896,1708826656.876
9897,1708826656.896
9898,1708826656.916
9899,1708826656.936
9900,1708826656.966
9901,1708826656.986
9902,1708826657.006
9903,1708826657.026
9904,1708826657.046
9905,1708826657.066
9906,1708826657.086
9907,1708826657.116
9908,1708826657.136
9909,1708826657.156
9910,1708826657.176
9911,1708826657.196
9912,1708826657.216
9913,1708826657.236
9914,1708826657.256
9915,1708826657.286
9916,1708826657.306
9917,1708826657.326
9918,1708826657.346
9919,1708826657.366
9920,1708826657.386
9921,1708826657.406
9922,1708826657.436
9923,1708826657.456
9924,1708826657.476
9925,1708826657.496
9926,1708826657.516
9927,1708826657.536
9928,1708826657.556
9929,1708826657.576
9930,1708826657.606
9931,1708826657.626
9932,1708826657.646
9933,1708826657.666
9934,1708826657.686
9935,1708826657.706
9936,1708826657.726
9937,1708826657.756
9938,1708826657.776
9939,1708826657.796
9940,1708826657.816
9941,1708826657.836
9942,1708826657.856
9943,1708826657.876
9944,1708826657.896
9945,1708826657.926
9946,1708826657.946
9947,1708826657.966
9948,1708826657.986
9949,1708826658.006
9950,1708826658.026
9951,1708826658.046
9952,1708826658.076
9953,1708826658.096
9954,1708826658.116
9955,1708826658.136
9956,1708826658.156
9957,1708826658.176
9958,1708826658.196
9959,1708826658.216
9960,1708826658.246
9961,1708826658.266
9962,1708826658.286
9963,1708826658.306
9964,1708826658.326
9965,1708826658.346
9966,1708826658.366
9967,1708826658.396
9968,1708826658.416
9969,1708826658.436
9970,1708826658.456
9971,1708826658.476
9972,1708826658.496
9973,1708826658.516
9974,1708826658.536
9975,1708826658.566
9976,1708826658.586
9977,1708826658.606
9978,1708826658.626
9979,1708826658.646
9980,1708826658.666
9981,1708826658.686
9982,1708826658.716
9983,1708826658.736
9984,1708826658.756
9985,1708826658.776
9986,1708826658.796
9987,1708826658.816
9988,1708826658.836
9989,1708826658.856
9990,1708826658.886
9991,1708826658.906
9992,1708826658.926
9993,1708826658.946
9994,1708826658.966
9995,1708826658.986
9996,1708826659.006
9997,1708826659.036
9998,1708826659.056
9999,1708826659.076
10000,1708826659.096
10001,1708826659.116
10002,1708826659.136
10003,1708826659.156
10004,1708826659.176
10005,1708826659.206
10006,1708826659.226
10007,1708826659.246
10008,1708826659.266
10009,1708826659.286
10010,1708826659.306
10011,1708826659.326
10012,1708826659.356
10013,1708826659.376
10014,1708826659.396
10015,1708826659.416
10016,1708826659.436
10017,1708826659.456
10018,1708826659.476
10019,1708826659.496
10020,1708826659.526
10021,1708826659.546
10022,1708826659.566
10023,1708826659.586
10024,1708826659.606
10025,1708826659.626
10026,1708826659.646
10027,1708826659.676
10028,1708826659.696
10029,1708826659.716
10030,1708826659.736
10031,1708826659.756
10032,1708826659.776
10033,1708826659.796
10034,1708826659.816
10035,1708826659.846
10036,1708826659.866
10037,1708826659.886
10038,1708826659.906
10039,1708826659.926
10040,1708826659.946
10041,1708826659.966
10042,1708826659.996
10043,1708826660.016
10044,1708826660.036
10045,1708826660.056
10046,1708826660.076
10047,1708826660.096
10048,1708826660.116
10049,1708826660.136
10050,1708826660.166
10051,1708826660.186
10052,1708826660.206
10053,1708826660.226
10054,1708826660.246
10055,1708826660.266
10056,1708826660.286
10057,1708826660.316
10058,1708826660.336
10059,1708826660.356
10060,1708826660.376
10061,1708826660.396
10062,1708826660.416
10063,1708826660.436
10064,1708826660.456
10065,1708826660.486
10066,1708826660.506
10067,1708826660.526
10068,1708826660.546
10069,1708826660.566
10070,1708826660.586
10071,1708826660.606
10072,1708826660.636
10073,1708826660.656
10074,1708826660.676
10075,1708826660.696
10076,1708826660.716
10077,1708826660.736
10078,1708826660.756
10079,1708826660.776
10080,1708826660.806
10081,1708826660.826
10082,1708826660.846
10083,1708826660.866
10084,1708826660.886
10085,1708826660.906
10086,1708826660.926
10087,1708826660.956
10088,1708826660.976
10089,1708826660.996
10090,1708826661.016
10091,1708826661.036
10092,1708826661.056
10093,1708826661.076
10094,1708826661.096
10095,1708826661.126
10096,1708826661.146
10097,1708826661.166
10098,1708826661.186
10099,1708826661.206
10100,1708826661.226
10101,1708826661.246
10102,1708826661.276
10103,1708826661.296
10104,1708826661.316
10105,1708826661.336
10106,1708826661.356
10107,1708826661.376
10108,1708826661.396
10109,1708826661.416
10110,1708826661.446
10111,1708826661.466
10112,1708826661.486
10113,1708826661.506
10114,1708826661.526
10115,1708826661.546
10116,1708826661.566
10117,1708826661.596
10118,1708826661.616
10119,1708826661.636
10120,1708826661.656
10121,1708826661.676
10122,1708826661.696
10123,1708826661.716
10124,1708826661.736
10125,1708826661.766
10126,1708826661.786
10127,1708826661.806
10128,1708826661.826
10129,1708826661.846
10130,1708826661.866
10131,1708826661.886
10132,1708826661.916
10133,1708826661.936
10134,1708826661.956
10135,1708826661.976
10136,1708826661.996
10137,1708826662.016
10138,1708826662.036
10139,1708826662.056
10140,1708826662.086
10141,1708826662.106
10142,1708826662.126
10143,1708826662.146
10144,1708826662.166
10145,1708826662.186
10146,1708826662.206
10147,1708826662.236
10148,1708826662.256
10149,1708826662.276
10150,1708826662.296
10151,1708826662.316
10152,1708826662.336
10153,1708826662.356
10154,1708826662.376
10155,1708826662.406
10156,1708826662.426
10157,1708826662.446
10158,1708826662.466
10159,1708826662.486
10160,1708826662.506
10161,1708826662.526
10162,1708826662.556
10163,1708826662.576
10164,1708826662.596
10165,1708826662.616
10166,1708826662.636
10167,1708826662.656
10168,1708826662.676
10169,1708826662.696
10170,1708826662.726
10171,1708826662.746
10172,1708826662.766
10173,1708826662.786
10174,1708826662.806
10175,1708826662.826
10176,1708826662.846
10177,1708826662.876
10178,1708826662.896
10179,1708826662.916
10180,1708826662.936
10181,1708826662.956
10182,1708826662.976
10183,1708826662.996
10184,1708826663.016
10185,1708826663.046
10186,1708826663.066
10187,1708826663.086
10188,1708826663.106
10189,1708826663.126
10190,1708826663.146
10191,1708826663.166
10192,1708826663.196
10193,1708826663.216
10194,1708826663.236
10195,1708826663.256
10196,1708826663.276
10197,1708826663.296
10198,1708826663.316
10199,1708826663.336
10200,1708826663.366
10201,1708826663.386
10202,1708826663.406
10203,1708826663.426
10204,1708826663.446
10205,1708826663.466
10206,1708826663.486
10207,1708826663.516
10208,1708826663.536
10209,1708826663.556
10210,1708826663.576
10211,1708826663.596
10212,1708826663.616
10213,1708826663.636
10214,1708826663.656
10215,1708826663.686
10216,1708826663.706
10217,1708826663.726
10218,1708826663.746
10219,1708826663.766
10220,1708826663.786
10221,1708826663.806
10222,1708826663.836
10223,1708826663.856
10224,1708826663.876
10225,1708826663.896
10226,1708826663.916
10227,1708826663.936
10228,1708826663.956
10229,1708826663.976
10230,1708826664.006
10231,1708826664.026
10232,1708826664.046
10233,1708826664.066
10234,1708826664.086
10235,1708826664.106
10236,1708826664.126
10237,1708826664.156
10238,1708826664.176
10239,1708826664.196
10240,1708826664.216
10241,1708826664.236
10242,1708826664.256
10243,1708826664.276
10244,1708826664.296
10245,1708826664.326
10246,1708826664.346
10247,1708826664.366
10248,1708826664.386
10249,1708826664.406
10250,1708826664.426
10251,1708826664.446
10252,1708826664.476
10253,1708826664.496
10254,1708826664.516
10255,1708826664.536
10256,1708826664.556
10257,1708826664.576
10258,1708826664.596
10259,1708826664.616
10260,1708826664.646
10261,1708826664.666
10262,1708826664.686
10263,1708826664.706
10264,1708826664.726
10265,1708826664.746
10266,1708826664.766
10267,1708826664.796
10268,1708826664.816
10269,1708826664.836
10270,1708826664.856
10271,1708826664.876
10272,1708826664.896
10273,1708826664.916
10274,1708826664.936
10275,1708826664.966
10276,1708826664.986
10277,1708826665.006
10278,1708826665.026
10279,1708826665.046
10280,1708826665.066
10281,1708826665.086
10282,1708826665.116
10283,1708826665.136
10284,1708826665.156
10285,1708826665.176
10286,1708826665.196
10287,1708826665.216
10288,1708826665.236
10289,1708826665.256
10290,1708826665.286
10291,1708826665.306
10292,1708826665.326
10293,1708826665.346
10294,1708826665.366
10295,1708826665.386
10296,1708826665.406
10297,1708826665.436
10298,1708826665.456
10299,1708826665.476
10300,1708826665.496
10301,1708826665.516
10302,1708826665.536
10303,1708826665.556
10304,1708826665.576
10305,1708826665.606
10306,1708826665.626
10307,1708826665.646
10308,1708826665.666
10309,1708826665.686
10310,1708826665.706
10311,1708826665.726
10312,1708826665.756
10313,1708826665.776
10314,1708826665.796
10315,1708826665.816
10316,1708826665.836
10317,1708826665.856
10318,1708826665.876
10319,1708826665.896
10320,1708826665.926
10321,1708826665.946
10322,1708826665.966
10323,1708826665.986
10324,1708826666.006
10325,1708826666.026
10326,1708826666.046
10327,1708826666.076
10328,1708826666.096
10329,1708826666.116
10330,1708826666.136
10331,1708826666.156
10332,1708826666.176
10333,1708826666.196
10334,1708826666.216
10335,1708826666.246
10336,1708826666.266
10337,1708826666.286
10338,1708826666.306
10339,1708826666.326
10340,1708826666.346
10341,1708826666.366
10342,1708826666.396
10343,1708826666.416
10344,1708826666.436
10345,1708826666.456
10346,1708826666.476
10347,1708826666.496
10348,1708826666.516
10349,1708826666.536
10350,1708826666.566
10351,1708826666.586
10352,1708826666.606
10353,1708826666.626
10354,1708826666.646
10355,1708826666.666
10356,1708826666.686
10357,1708826666.716
10358,1708826666.736
10359,1708826666.756
10360,1708826666.776
10361,1708826666.796
10362,1708826666.816
10363,1708826666.836
10364,1708826666.856
10365,1708826666.886
10366,1708826666.906
10367,1708826666.926
10368,1708826666.946
10369,1708826666.966
10370,1708826666.986
10371,1708826667.006
10372,1708826667.036
10373,1708826667.056
10374,1708826667.076
10375,1708826667.096
10376,1708826667.116
10377,1708826667.136
10378,1708826667.156
10379,1708826667.176
10380,1708826667.206
10381,1708826667.226
10382,1708826667.246
10383,1708826667.266
10384,1708826667.286
10385,1708826667.306
10386,1708826667.326
10387,1708826667.356
10388,1708826667.376
10389,1708826667.396
10390,1708826667.416
10391,1708826667.436
10392,1708826667.456
10393,1708826667.476
10394,1708826667.496
10395,1708826667.526
10396,1708826667.546
10397,1708826667.566
10398,1708826667.586
10399,1708826667.606
10400,1708826667.626
10401,1708826667.646
10402,1708826667.676
10403,1708826667.696
10404,1708826667.716
10405,1708826667.736
10406,1708826667.756
10407,1708826667.776
10408,1708826667.796
10409,1708826667.816
10410,1708826667.846
10411,1708826667.866
10412,1708826667.886
10413,1708826667.906
10414,1708826667.926
10415,1708826667.946
10416,1708826667.966
10417,1708826667.996
10418,1708826668.016
10419,1708826668.036
10420,1708826668.056
10421,1708826668.076
10422,1708826668.096
10423,1708826668.116
10424,1708826668.136
10425,1708826668.166
10426,1708826668.186
10427,1708826668.206
10428,1708826668.226
10429,1708826668.246
10430,1708826668.266
10431,1708826668.286
10432,1708826668.316
10433,1708826668.336
10434,1708826668.356
10435,1708826668.376
10436,1708826668.396
10437,1708826668.416
10438,1708826668.436
10439,1708826668.456
10440,1708826668.486
10441,1708826668.506
10442,1708826668.526
10443,1708826668.546
10444,1708826668.566
10445,1708826668.586
10446,1708826668.606
10447,1708826668.636
10448,1708826668.656
10449,1708826668.676
10450,1708826668.696
10451,1708826668.716
10452,1708826668.736
10453,1708826668.756
10454,1708826668.776
10455,1708826668.806
10456,1708826668.826
10457,1708826668.846
10458,1708826668.866
10459,1708826668.886
10460,1708826668.906
10461,1708826668.926
10462,1708826668.956
10463,1708826668.976
10464,1708826668.996
10465,1708826669.016
10466,1708826669.036
10467,1708826669.056
10468,1708826669.076
10469,1708826669.096
10470,1708826669.126
10471,1708826669.146
10472,1708826669.166
10473,1708826669.186
10474,1708826669.206
10475,1708826669.226
10476,1708826669.246
10477,1708826669.276
10478,1708826669.296
10479,1708826669.316
10480,1708826669.336
10481,1708826669.356
10482,1708826669.376
10483,1708826669.396
10484,1708826669.416
10485,1708826669.446
10486,1708826669.466
10487,1708826669.486
10488,1708826669.506
10489,1708826669.526
10490,1708826669.546
10491,1708826669.566
10492,1708826669.596
10493,1708826669.616
10494,1708826669.636
10495,1708826669.656
10496,1708826669.676
10497,1708826669.696
10498,1708826669.716
10499,1708826669.736
10500,1708826669.766
10501,1708826669.786
10502,1708826669.806
10503,1708826669.826
10504,1708826669.846
10505,1708826669.866
10506,1708826669.886
10507,1708826669.916
10508,1708826669.936
10509,1708826669.956
10510,1708826669.976
10511,1708826669.996
10512,1708826670.016
10513,1708826670.036
10514,1708826670.056
10515,1708826670.086
10516,1708826670.106
10517,1708826670.126
10518,1708826670.146
10519,1708826670.166
10520,1708826670.186
10521,1708826670.206
10522,1708826670.236
10523,1708826670.256
10524,1708826670.276
10525,1708826670.296
10526,1708826670.316
10527,1708826670.336
10528,1708826670.356
10529,1708826670.376
10530,1708826670.406
10531,1708826670.426
10532,1708826670.446
10533,1708826670.466
10534,1708826670.486
10535,1708826670.506
10536,1708826670.526
10537,1708826670.556
10538,1708826670.576
10539,1708826670.596
10540,1708826670.616
10541,1708826670.636
10542,1708826670.656
10543,1708826670.676
10544,1708826670.696
10545,1708826670.726
10546,1708826670.746
10547,1708826670.766
10548,1708826670.786
10549,1708826670.806
10550,1708826670.826
10551,1708826670.846
10552,1708826670.876
10553,1708826670.896
10554,1708826670.916
10555,1708826670.936
10556,1708826670.956
10557,1708826670.976
10558,1708826670.996
10559,1708826671.016
10560,1708826671.046
10561,1708826671.066
10562,1708826671.086
10563,1708826671.106
10564,1708826671.126
10565,1708826671.146
10566,1708826671.166
10567,1708826671.196
10568,1708826671.216
10569,1708826671.236
10570,1708826671.256
10571,1708826671.276
10572,1708826671.296
10573,1708826671.316
10574,1708826671.336
10575,1708826671.366
10576,1708826671.386
10577,1708826671.406
10578,1708826671.426
10579,1708826671.446
10580,1708826671.466
10581,1708826671.486
10582,1708826671.516
10583,1708826671.536
10584,1708826671.556
10585,1708826671.576
10586,1708826671.596
10587,1708826671.616
10588,1708826671.636
10589,1708826671.656
10590,1708826671.686
10591,1708826671.706
10592,1708826671.726
10593,1708826671.746
10594,1708826671.766
10595,1708826671.786
10596,1708826671.806
10597,1708826671.836
10598,1708826671.856
10599,1708826671.876
10600,1708826671.896
10601,1708826671.916
10602,1708826671.936
10603,1708826671.956
10604,1708826671.976
10605,1708826672.006
10606,1708826672.026
10607,1708826672.046
10608,1708826672.066
10609,1708826672.086
10610,1708826672.106
10611,1708826672.126
10612,1708826672.156
10613,1708826672.176
10614,1708826672.196
10615,1708826672.216
10616,1708826672.236
10617,1708826672.256
10618,1708826672.276
10619,1708826672.296
10620,1708826672.326
10621,1708826672.346
10622,1708826672.366
10623,1708826672.386
10624,1708826672.406
10625,1708826672.426
10626,1708826672.446
10627,1708826672.476
10628,1708826672.496
10629,1708826672.516
10630,1708826672.536
10631,1708826672.556
10632,1708826672.576
10633,1708826672.596
10634,1708826672.616
10635,1708826672.646
10636,1708826672.666
10637,1708826672.686
10638,1708826672.706
10639,1708826672.726
10640,1708826672.746
10641,1708826672.766
10642,1708826672.796
10643,1708826672.816
10644,1708826672.836
10645,1708826672.856
10646,1708826672.876
10647,1708826672.896
10648,1708826672.916
10649,1708826672.936
10650,1708826672.966
10651,1708826672.986
10652,1708826673.006
10653,1708826673.026
10654,1708826673.046
10655,1708826673.066
10656,1708826673.086
10657,1708826673.116
10658,1708826673.136
10659,1708826673.156
10660,1708826673.176
10661,1708826673.196
10662,1708826673.216
10663,1708826673.236
10664,1708826673.256
10665,1708826673.286
10666,1708826673.306
10667,1708826673.326
10668,1708826673.346
10669,1708826673.366
10670,1708826673.386
10671,1708826673.406
10672,1708826673.436
10673,1708826673.456
10674,1708826673.476
10675,1708826673.496
10676,1708826673.516
10677,1708826673.536
10678,1708826673.556
10679,1708826673.576
10680,1708826673.606
10681,1708826673.626
10682,1708826673.646
10683,1708826673.666
10684,1708826673.686
10685,1708826673.706
10686,1708826673.726
10687,1708826673.756
10688,1708826673.776
10689,1708826673.796
10690,1708826673.816
10691,1708826673.836
10692,1708826673.856
10693,1708826673.876
10694,1708826673.896
10695,1708826673.926
10696,1708826673.946
10697,1708826673.966
10698,1708826673.986
10699,1708826674.006
10700,1708826674.026
10701,1708826674.046
10702,1708826674.076
10703,1708826674.096
10704,1708826674.116
10705,1708826674.136
10706,1708826674.156
10707,1708826674.176
10708,1708826674.196
10709,1708826674.216
10710,1708826674.246
10711,1708826674.266
10712,1708826674.286
10713,1708826674.306
10714,1708826674.326
10715,1708826674.346
10716,1708826674.366
10717,1708826674.396
10718,1708826674.416
10719,1708826674.436
10720,1708826674.456
10721,1708826674.476
10722,1708826674.496
10723,1708826674.516
10724,1708826674.536
10725,1708826674.566
10726,1708826674.586
10727,1708826674.606
10728,1708826674.626
10729,1708826674.646
10730,1708826674.666
10731,1708826674.686
10732,1708826674.716
10733,1708826674.736
10734,1708826674.756
10735,1708826674.776
10736,1708826674.796
10737,1708826674.816
10738,1708826674.836
10739,1708826674.856
10740,1708826674.886
10741,1708826674.906
10742,1708826674.926
10743,1708826674.946
10744,1708826674.966
10745,1708826674.986
10746,1708826675.006
10747,1708826675.036
10748,1708826675.056
10749,1708826675.076
10750,1708826675.096
10751,1708826675.116
10752,1708826675.136
10753,1708826675.156
10754,1708826675.176
10755,1708826675.206
10756,1708826675.226
10757,1708826675.246
10758,1708826675.266
10759,1708826675.286
10760,1708826675.306
10761,1708826675.326
10762,1708826675.356
10763,1708826675.376
10764,1708826675.396
10765,1708826675.416
10766,1708826675.436
10767,1708826675.456
10768,1708826675.476
10769,1708826675.496
10770,1708826675.526
10771,1708826675.546
10772,1708826675.566
10773,1708826675.586
10774,1708826675.606
10775,1708826675.626
10776,1708826675.646
10777,1708826675.676
10778,1708826675.696
10779,1708826675.716
10780,1708826675.736
10781,1708826675.756
10782,1708826675.776
10783,1708826675.796
10784,1708826675.816
10785,1708826675.846
10786,1708826675.866
10787,1708826675.886
10788,1708826675.906
10789,1708826675.926
10790,1708826675.946
10791,1708826675.966
10792,1708826675.996
10793,1708826676.016
10794,1708826676.036
10795,1708826676.056
10796,1708826676.076
10797,1708826676.096
10798,1708826676.116
10799,1708826676.136
10800,1708826676.166
10801,1708826676.186
10802,1708826676.206
10803,1708826676.226
10804,1708826676.246
10805,1708826676.266
10806,1708826676.286
10807,1708826676.316
10808,1708826676.336
10809,1708826676.356
10810,1708826676.376
10811,1708826676.396
10812,1708826676.416
10813,1708826676.436
10814,1708826676.456
10815,1708826676.486
10816,1708826676.506
10817,1708826676.526
10818,1708826676.546
10819,1708826676.566
10820,1708826676.586
10821,1708826676.606
10822,1708826676.636
10823,1708826676.656
10824,1708826676.676
10825,1708826676.696
10826,1708826676.716
10827,1708826676.736
10828,1708826676.756
10829,1708826676.776
10830,1708826676.806
10831,1708826676.826
10832,1708826676.846
10833,1708826676.866
10834,1708826676.886
10835,1708826676.906
10836,1708826676.926
10837,1708826676.956
10838,1708826676.976
10839,1708826676.996
10840,1708826677.016
10841,1708826677.036
10842,1708826677.056
10843,1708826677.076
10844,1708826677.096
10845,1708826677.126
10846,1708826677.146
10847,1708826677.166
10848,1708826677.186
10849,1708826677.206
10850,1708826677.226
10851,1708826677.246
10852,1708826677.276
10853,1708826677.296
10854,1708826677.316
10855,1708826677.336
10856,1708826677.356
10857,1708826677.376
10858,1708826677.396
10859,1708826677.416
10860,1708826677.446
10861,1708826677.466
10862,1708826677.486
10863,1708826677.506
10864,1708826677.526
10865,1708826677.546
10866,1708826677.566
10867,1708826677.596
10868,1708826677.616
10869,1708826677.636
10870,1708826677.656
10871,1708826677.676
10872,1708826677.696
10873,1708826677.716
10874,1708826677.736
10875,1708826677.766
10876,1708826677.786
10877,1708826677.806
10878,1708826677.826
10879,1708826677.846
10880,1708826677.866
10881,1708826677.886
10882,1708826677.916
10883,1708826677.936
10884,1708826677.956
10885,1708826677.976
10886,1708826677.996
10887,1708826678.016
10888,1708826678.036
10889,1708826678.056
10890,1708826678.086
10891,1708826678.106
10892,1708826678.126
10893,1708826678.146
10894,1708826678.166
10895,1708826678.186
10896,1708826678.206
10897,1708826678.236
10898,1708826678.256
10899,1708826678.276
10900,1708826678.296
10901,1708826678.316
10902,1708826678.336
10903,1708826678.356
10904,1708826678.376
10905,1708826678.406
10906,1708826678.426
10907,1708826678.446
10908,1708826678.466
10909,1708826678.486
10910,1708826678.506
10911,1708826678.526
10912,1708826678.556
10913,1708826678.576
10914,1708826678.596
10915,1708826678.616
10916,1708826678.636
10917,1708826678.656
10918,1708826678.676
10919,1708826678.696
10920,1708826678.726
10921,1708826678.746
10922,1708826678.766
10923,1708826678.786
10924,1708826678.806
10925,1708826678.826
10926,1708826678.846
10927,1708826678.876
10928,1708826678.896
10929,1708826678.916
10930,1708826678.936
10931,1708826678.956
10932,1708826678.976
10933,1708826678.996
10934,1708826679.016
10935,1708826679.046
10936,1708826679.066
10937,1708826679.086
10938,1708826679.106
10939,1708826679.126
10940,1708826679.146
10941,1708826679.166
10942,1708826679.196
10943,1708826679.216
10944,1708826679.236
10945,1708826679.256
10946,1708826679.276
10947,1708826679.296
10948,1708826679.316
10949,1708826679.336
10950,1708826679.366
10951,1708826679.386
10952,1708826679.406
10953,1708826679.426
10954,1708826679.446
10955,1708826679.466
10956,1708826679.486
10957,1708826679.516
10958,1708826679.536
10959,1708826679.556
10960,1708826679.576
10961,1708826679.596
10962,1708826679.616
10963,1708826679.636
10964,1708826679.656
10965,1708826679.686
10966,1708826679.706
10967,1708826679.726
10968,1708826679.746
10969,1708826679.766
10970,1708826679.786
10971,1708826679.806
10972,1708826679.836
10973,1708826679.856
10974,1708826679.876
10975,1708826679.896
10976,1708826679.916
10977,1708826679.936
10978,1708826679.956
10979,1708826679.976
10980,1708826680.006
10981,1708826680.026
10982,1708826680.046
10983,1708826680.066
10984,1708826680.086
10985,1708826680.106
10986,1708826680.126
10987,1708826680.156
10988,1708826680.176
10989,1708826680.196
10990,1708826680.216
10991,1708826680.236
10992,1708826680.256
10993,1708826680.276
10994,1708826680.296
10995,1708826680.326
10996,1708826680.346
10997,1708826680.366
10998,1708826680.386
10999,1708826680.406
11000,1708826680.426
11001,1708826680.446
11002,1708826680.476
11003,1708826680.496
11004,1708826680.516
11005,1708826680.536
11006,1708826680.556
11007,1708826680.576
11008,1708826680.596
11009,1708826680.616
11010,1708826680.646
11011,1708826680.666
11012,1708826680.686
11013,1708826680.706
11014,1708826680.726
11015,1708826680.746
11016,1708826680.766
11017,1708826680.796
11018,1708826680.816
11019,1708826680.836
11020,1708826680.856
11021,1708826680.876
11022,1708826680.896
11023,1708826680.916
11024,1708826680.936
11025,1708826680.966
11026,1708826680.986
11027,1708826681.006
11028,1708826681.026
11029,1708826681.046
11030,1708826681.066
11031,1708826681.086
11032,1708826681.116
11033,1708826681.136
11034,1708826681.156
11035,1708826681.176
11036,1708826681.196
11037,1708826681.216
11038,1708826681.236
11039,1708826681.256
11040,1708826681.286
11041,1708826681.306
11042,1708826681.326
11043,1708826681.346
11044,1708826681.366
11045,1708826681.386
11046,1708826681.406
11047,1708826681.436
11048,1708826681.456
11049,1708826681.476
11050,1708826681.496
11051,1708826681.516
11052,1708826681.536
11053,1708826681.556
11054,1708826681.576
11055,1708826681.606
11056,1708826681.626
11057,1708826681.646
11058,1708826681.666
11059,1708826681.686
11060,1708826681.706
11061,1708826681.726
11062,1708826681.756
11063,1708826681.776
11064,1708826681.796
11065,1708826681.816
11066,1708826681.836
11067,1708826681.856
11068,1708826681.876
11069,1708826681.896
11070,1708826681.926
11071,1708826681.946
11072,1708826681.966
11073,1708826681.986
11074,1708826682.006
11075,1708826682.026
11076,1708826682.046
11077,1708826682.076
11078,1708826682.096
11079,1708826682.116
11080,1708826682.136
11081,1708826682.156
11082,1708826682.176
11083,1708826682.196
11084,1708826682.216
11085,1708826682.246
11086,1708826682.266
11087,1708826682.286
11088,1708826682.306
11089,1708826682.326
11090,1708826682.346
11091,1708826682.366
11092,1708826682.396
11093,1708826682.416
11094,1708826682.436
11095,1708826682.456
11096,1708826682.476
11097,1708826682.496
11098,1708826682.516
11099,1708826682.536
11100,1708826682.566
11101,1708826682.586
11102,1708826682.606
11103,1708826682.626
11104,1708826682.646
11105,1708826682.666
11106,1708826682.686
11107,1708826682.716
11108,1708826682.736
11109,1708826682.756
11110,1708826682.776
11111,1708826682.796
11112,1708826682.816
11113,1708826682.836
11114,1708826682.856
11115,1708826682.886
11116,1708826682.906
11117,1708826682.926
11118,1708826682.946
11119,1708826682.966
11120,1708826682.986
11121,1708826683.006
11122,1708826683.036
11123,1708826683.056
11124,1708826683.076
11125,1708826683.096
11126,1708826683.116
11127,1708826683.136
11128,1708826683.156
11129,1708826683.176
11130,1708826683.206
11131,1708826683.226
11132,1708826683.246
11133,1708826683.266
11134,1708826683.286
11135,1708826683.306
11136,1708826683.326
11137,1708826683.356
11138,1708826683.376
11139,1708826683.396
11140,1708826683.416
11141,1708826683.436
11142,1708826683.456
11143,1708826683.476
11144,1708826683.496
11145,1708826683.526
11146,1708826683.546
11147,1708826683.566
11148,1708826683.586
11149,1708826683.606
11150,1708826683.626
11151,1708826683.646
11152,1708826683.676
11153,1708826683.696
11154,1708826683.716
11155,1708826683.736
11156,1708826683.756
11157,1708826683.776
11158,1708826683.796
11159,1708826683.816
11160,1708826683.846
11161,1708826683.866
11162,1708826683.886
11163,1708826683.906
11164,1708826683.926
11165,1708826683.946
11166,1708826683.966
11167,1708826683.996
11168,1708826684.016
11169,1708826684.036
11170,1708826684.056
11171,1708826684.076
11172,1708826684.096
11173,1708826684.116
11174,1708826684.136
11175,1708826684.166
11176,1708826684.186
11177,1708826684.206
11178,1708826684.226
11179,1708826684.246
11180,1708826684.266
11181,1708826684.286
11182,1708826684.316
11183,1708826684.336
11184,1708826684.356
11185,1708826684.376
11186,1708826684.396
11187,1708826684.416
11188,1708826684.436
11189,1708826684.456
11190,1708826684.486
11191,1708826684.506
11192,1708826684.526
11193,1708826684.546
11194,1708826684.566
11195,1708826684.586
11196,1708826684.606
11197,1708826684.636
11198,1708826684.656
11199,1708826684.676
11200,1708826684.696
11201,1708826684.716
11202,1708826684.736
11203,1708826684.756
11204,1708826684.776
11205,1708826684.806
11206,1708826684.826
11207,1708826684.846
11208,1708826684.866
11209,1708826684.886
11210,1708826684.906
11211,1708826684.926
11212,1708826684.956
11213,1708826684.976
11214,1708826684.996
11215,1708826685.016
11216,1708826685.036
11217,1708826685.056
11218,1708826685.076
11219,1708826685.096
11220,1708826685.126
11221,1708826685.146
11222,1708826685.166
11223,1708826685.186
11224,1708826685.206
11225,1708826685.226
11226,1708826685.246
11227,1708826685.276
11228,1708826685.296
11229,1708826685.316
11230,1708826685.336
11231,1708826685.356
11232,1708826685.376
11233,1708826685.396
11234,1708826685.416
11235,1708826685.446
11236,1708826685.466
11237,1708826685.486
11238,1708826685.506
11239,1708826685.526
11240,1708826685.546
11241,1708826685.566
11242,1708826685.596
11243,1708826685.616
11244,1708826685.636
11245,1708826685.656
11246,1708826685.676
11247,1708826685.696
11248,1708826685.716
11249,1708826685.736
11250,1708826685.766
11251,1708826685.786
11252,1708826685.806
11253,1708826685.826
11254,1708826685.846
11255,1708826685.866
11256,1708826685.886
11257,1708826685.916
11258,1708826685.936
11259,1708826685.956
11260,1708826685.976
11261,1708826685.996
11262,1708826686.016
11263,1708826686.036
11264,1708826686.056
11265,1708826686.086
11266,1708826686.106
11267,1708826686.126
11268,1708826686.146
11269,1708826686.166
11270,1708826686.186
11271,1708826686.206
11272,1708826686.236
11273,1708826686.256
11274,1708826686.276
11275,1708826686.296
11276,1708826686.316
11277,1708826686.336
11278,1708826686.356
11279,1708826686.376
11280,1708826686.406
11281,1708826686.426
11282,1708826686.446
11283,1708826686.466
11284,1708826686.486
11285,1708826686.506
11286,1708826686.526
11287,1708826686.556
11288,1708826686.576
11289,1708826686.596
11290,1708826686.616
11291,1708826686.636
11292,1708826686.656
11293,1708826686.676
11294,1708826686.696
11295,1708826686.726
11296,1708826686.746
11297,1708826686.766
11298,1708826686.786
11299,1708826686.806
11300,1708826686.826
11301,1708826686.846
11302,1708826686.876
11303,1708826686.896
11304,1708826686.916
11305,1708826686.936
11306,1708826686.956
11307,1708826686.976
11308,1708826686.996
11309,1708826687.016
11310,1708826687.046
11311,1708826687.066
11312,1708826687.086
11313,1708826687.106
11314,1708826687.126
11315,1708826687.146
11316,1708826687.166
11317,1708826687.196
11318,1708826687.216
11319,1708826687.236
11320,1708826687.256
11321,1708826687.276
11322,1708826687.296
11323,1708826687.316
11324,1708826687.336
11325,1708826687.366
11326,1708826687.386
11327,1708826687.406
11328,1708826687.426
11329,1708826687.446
11330,1708826687.466
11331,1708826687.486
11332,1708826687.516
11333,1708826687.536
11334,1708826687.556
11335,1708826687.576
11336,1708826687.596
11337,1708826687.616
11338,1708826687.636
11339,1708826687.656
11340,1708826687.686
11341,1708826687.706
11342,1708826687.726
11343,1708826687.746
11344,1708826687.766
11345,1708826687.786
11346,1708826687.806
11347,1708826687.836
11348,1708826687.856
11349,1708826687.876
11350,1708826687.896
11351,1708826687.916
11352,1708826687.936
11353,1708826687.956
11354,1708826687.976
11355,1708826688.006
11356,1708826688.026
11357,1708826688.046
11358,1708826688.066
11359,1708826688.086
11360,1708826688.106
11361,1708826688.126
11362,1708826688.156
11363,1708826688.176
11364,1708826688.196
11365,1708826688.216
11366,1708826688.236
11367,1708826688.256
11368,1708826688.276
11369,1708826688.296
11370,1708826688.326
11371,1708826688.346
11372,1708826688.366
11373,1708826688.386
11374,1708826688.406
11375,1708826688.426
11376,1708826688.446
11377,1708826688.476
11378,1708826688.496
11379,1708826688.516
11380,1708826688.536
11381,1708826688.556
11382,1708826688.576
11383,1708826688.596
11384,1708826688.616
11385,1708826688.646
11386,1708826688.666
11387,1708826688.686
11388,1708826688.706
11389,1708826688.726
11390,1708826688.746
11391,1708826688.766
11392,1708826688.796
11393,1708826688.816
11394,1708826688.836
11395,1708826688.856
11396,1708826688.876
11397,1708826688.896
11398,1708826688.916
11399,1708826688.936
11400,1708826688.966
11401,1708826688.986
11402,1708826689.006
11403,1708826689.026
11404,1708826689.046
11405,1708826689.066
11406,1708826689.086
11407,1708826689.116
11408,1708826689.136
11409,1708826689.156
11410,1708826689.176
11411,1708826689.196
11412,1708826689.216
11413,1708826689.236
11414,1708826689.256
11415,1708826689.286
11416,1708826689.306
11417,1708826689.326
11418,1708826689.346
11419,1708826689.366
11420,1708826689.386
11421,1708826689.406
11422,1708826689.436
11423,1708826689.456
11424,1708826689.476
11425,1708826689.496
11426,1708826689.516
11427,1708826689.536
11428,1708826689.556
11429,1708826689.576
11430,1708826689.606
11431,1708826689.626
11432,1708826689.646
11433,1708826689.666
11434,1708826689.686
11435,1708826689.706
11436,1708826689.726
11437,1708826689.756
11438,1708826689.776
11439,1708826689.796
11440,1708826689.816
11441,1708826689.836
11442,1708826689.856
11443,1708826689.876
11444,1708826689.896
11445,1708826689.926
11446,1708826689.946
11447,1708826689.966
11448,1708826689.986
11449,1708826690.006
11450,1708826690.026
11451,1708826690.046
11452,1708826690.076
11453,1708826690.096
11454,1708826690.116
11455,1708826690.136
11456,1708826690.156
11457,1708826690.176
11458,1708826690.196
11459,1708826690.216
11460,1708826690.246
11461,1708826690.266
11462,1708826690.286
11463,1708826690.306
11464,1708826690.326
11465,1708826690.346
11466,1708826690.366
11467,1708826690.396
11468,1708826690.416
11469,1708826690.436
11470,1708826690.456
11471,1708826690.476
11472,1708826690.496
11473,1708826690.516
11474,1708826690.536
11475,1708826690.566
11476,1708826690.586
11477,1708826690.606
11478,1708826690.626
11479,1708826690.646
11480,1708826690.666
11481,1708826690.686
11482,1708826690.716
11483,1708826690.736
11484,1708826690.756
11485,1708826690.776
11486,1708826690.796
11487,1708826690.816
11488,1708826690.836
11489,1708826690.856
11490,1708826690.886
11491,1708826690.906
11492,1708826690.926
11493,1708826690.946
11494,1708826690.966
11495,1708826690.986
11496,1708826691.006
11497,1708826691.036
11498,1708826691.056
11499,1708826691.076
11500,1708826691.096
11501,1708826691.116
11502,1708826691.136
11503,1708826691.156
11504,1708826691.176
11505,1708826691.206
11506,1708826691.226
11507,1708826691.246
11508,1708826691.266
11509,1708826691.286
11510,1708826691.306
11511,1708826691.326
11512,1708826691.356
11513,1708826691.376
11514,1708826691.396
11515,1708826691.416
11516,1708826691.436
11517,1708826691.456
11518,1708826691.476
11519,1708826691.496
11520,1708826691.526
11521,1708826691.546
11522,1708826691.566
11523,1708826691.586
11524,1708826691.606
11525,1708826691.626
11526,1708826691.646
11527,1708826691.676
11528,1708826691.696
11529,1708826691.716
11530,1708826691.736
11531,1708826691.756
11532,1708826691.776
11533,1708826691.796
11534,1708826691.816
11535,1708826691.846
11536,1708826691.866
11537,1708826691.886
11538,1708826691.906
11539,1708826691.926
11540,1708826691.946
11541,1708826691.966
11542,1708826691.996
11543,1708826692.016
11544,1708826692.036
11545,1708826692.056
11546,1708826692.076
11547,1708826692.096
11548,1708826692.116
11549,1708826692.136
11550,1708826692.166
11551,1708826692.186
11552,1708826692.206
11553,1708826692.226
11554,1708826692.246
11555,1708826692.266
11556,1708826692.286
11557,1708826692.316
11558,1708826692.336
11559,1708826692.356
11560,1708826692.376
11561,1708826692.396
11562,1708826692.416
11563,1708826692.436
11564,1708826692.456
11565,1708826692.486
11566,1708826692.506
11567,1708826692.526
11568,1708826692.546
11569,1708826692.566
11570,1708826692.586
11571,1708826692.606
11572,1708826692.636
11573,1708826692.656
11574,1708826692.676
11575,1708826692.696
11576,1708826692.716
11577,1708826692.736
11578,1708826692.756
11579,1708826692.776
11580,1708826692.806
11581,1708826692.826
11582,1708826692.846
11583,1708826692.866
11584,1708826692.886
11585,1708826692.906
11586,1708826692.926
11587,1708826692.956
11588,1708826692.976
11589,1708826692.996
11590,1708826693.016
11591,1708826693.036
11592,1708826693.056
11593,1708826693.076
11594,1708826693.096
11595,1708826693.126
11596,1708826693.146
11597,1708826693.166
11598,1708826693.186
11599,1708826693.206
11600,1708826693.226
11601,1708826693.246
11602,1708826693.276
11603,1708826693.296
11604,1708826693.316
11605,1708826693.336
11606,1708826693.356
11607,1708826693.376
11608,1708826693.396
11609,1708826693.416
11610,1708826693.446
11611,1708826693.466
11612,1708826693.486
11613,1708826693.506
11614,1708826693.526
11615,1708826693.546
11616,1708826693.566
11617,1708826693.596
11618,1708826693.616
11619,1708826693.636
11620,1708826693.656
11621,1708826693.676
11622,1708826693.696
11623,1708826693.716
11624,1708826693.736
11625,1708826693.766
11626,1708826693.786
11627,1708826693.806
11628,1708826693.826
11629,1708826693.846
11630,1708826693.866
11631,1708826693.886
11632,1708826693.916
11633,1708826693.936
11634,1708826693.956
11635,1708826693.976
11636,1708826693.996
11637,1708826694.016
11638,1708826694.036
11639,1708826694.056
11640,1708826694.086
11641,1708826694.106
11642,1708826694.126
11643,1708826694.146
11644,1708826694.166
11645,1708826694.186
11646,1708826694.206
11647,1708826694.236
11648,1708826694.256
11649,1708826694.276
11650,1708826694.296
11651,1708826694.316
11652,1708826694.336
11653,1708826694.356
11654,1708826694.376
11655,1708826694.406
11656,1708826694.426
11657,1708826694.446
11658,1708826694.466
11659,1708826694.486
11660,1708826694.506
11661,1708826694.526
11662,1708826694.556
11663,1708826694.576
11664,1708826694.596
11665,1708826694.616
11666,1708826694.636
11667,1708826694.656
11668,1708826694.676
11669,1708826694.696
11670,1708826694.726
11671,1708826694.746
11672,1708826694.766
11673,1708826694.786
11674,1708826694.806
11675,1708826694.826
11676,1708826694.846
11677,1708826694.876
11678,1708826694.896
11679,1708826694.916
11680,1708826694.936
11681,1708826694.956
11682,1708826694.976
11683,1708826694.996
11684,1708826695.016
11685,1708826695.046
11686,1708826695.066
11687,1708826695.086
11688,1708826695.106
11689,1708826695.126
11690,1708826695.146
11691,1708826695.166
11692,1708826695.196
11693,1708826695.216
11694,1708826695.236
11695,1708826695.256
11696,1708826695.276
11697,1708826695.296
11698,1708826695.316
11699,1708826695.336
11700,1708826695.366
11701,1708826695.386
11702,1708826695.406
11703,1708826695.426
11704,1708826695.446
11705,1708826695.466
11706,1708826695.486
11707,1708826695.516
11708,1708826695.536
11709,1708826695.556
11710,1708826695.576
11711,1708826695.596
11712,1708826695.616
11713,1708826695.636
11714,1708826695.656
11715,1708826695.686
11716,1708826695.706
11717,1708826695.726
11718,1708826695.746
11719,1708826695.766
11720,1708826695.786
11721,1708826695.806
11722,1708826695.836
11723,1708826695.856
11724,1708826695.876
11725,1708826695.896
11726,1708826695.916
11727,1708826695.936
11728,1708826695.956
11729,1708826695.976
11730,1708826696.006
11731,1708826696.026
11732,1708826696.046
11733,1708826696.066
11734,1708826696.086
11735,1708826696.106
11736,1708826696.126
11737,1708826696.156
11738,1708826696.176
11739,1708826696.196
11740,1708826696.216
11741,1708826696.236
11742,1708826696.256
11743,1708826696.276
11744,1708826696.296
11745,1708826696.326
11746,1708826696.346
11747,1708826696.366
11748,1708826696.386
11749,1708826696.406
11750,1708826696.426
11751,1708826696.446
11752,1708826696.476
11753,1708826696.496
11754,1708826696.516
11755,1708826696.536
11756,1708826696.556
11757,1708826696.576
11758,1708826696.596
11759,1708826696.616
11760,1708826696.646
11761,1708826696.666
11762,1708826696.686
11763,1708826696.706
11764,1708826696.726
11765,1708826696.746
11766,1708826696.766
11767,1708826696.796
11768,1708826696.816
11769,1708826696.836
11770,1708826696.856
11771,1708826696.876
11772,1708826696.896
11773,1708826696.916
11774,1708826696.936
11775,1708826696.966
11776,1708826696.986
11777,1708826697.006
11778,1708826697.026
11779,1708826697.046
11780,1708826697.066
11781,1708826697.086
11782,1708826697.116
11783,1708826697.136
11784,1708826697.156
11785,1708826697.176
11786,1708826697.196
11787,1708826697.216
11788,1708826697.236
11789,1708826697.256
11790,1708826697.286
11791,1708826697.306
11792,1708826697.326
11793,1708826697.346
11794,1708826697.366
11795,1708826697.386
11796,1708826697.406
11797,1708826697.436
11798,1708826697.456
11799,1708826697.476
11800,1708826697.496
11801,1708826697.516
11802,1708826697.536
11803,1708826697.556
11804,1708826697.576
11805,1708826697.606
11806,1708826697.626
11807,1708826697.646
11808,1708826697.666
11809,1708826697.686
11810,1708826697.706
11811,1708826697.726
11812,1708826697.756
11813,1708826697.776
11814,1708826697.796
11815,1708826697.816
11816,1708826697.836
11817,1708826697.856
11818,1708826697.876
11819,1708826697.896
11820,1708826697.926
11821,1708826697.946
11822,1708826697.966
11823,1708826697.986
11824,1708826698.006
11825,1708826698.026
11826,1708826698.046
11827,1708826698.076
11828,1708826698.096
11829,1708826698.116
11830,1708826698.136
11831,1708826698.156
11832,1708826698.176
11833,1708826698.196
11834,1708826698.216
11835,1708826698.246
11836,1708826698.266
11837,1708826698.286
11838,1708826698.306
11839,1708826698.326
11840,1708826698.346
11841,1708826698.366
11842,1708826698.396
11843,1708826698.416
11844,1708826698.436
11845,1708826698.456
11846,1708826698.476
11847,1708826698.496
11848,1708826698.516
11849,1708826698.536
11850,1708826698.566
11851,1708826698.586
11852,1708826698.606
11853,1708826698.626
11854,1708826698.646
11855,1708826698.666
11856,1708826698.686
11857,1708826698.716
11858,1708826698.736
11859,1708826698.756
11860,1708826698.776
11861,1708826698.796
11862,1708826698.816
11863,1708826698.836
11864,1708826698.856
11865,1708826698.886
11866,1708826698.906
11867,1708826698.926
11868,1708826698.946
11869,1708826698.966
11870,1708826698.986
11871,1708826699.006
11872,1708826699.036
11873,1708826699.056
11874,1708826699.076
11875,1708826699.096
11876,1708826699.116
11877,1708826699.136
11878,1708826699.156
11879,1708826699.176
11880,1708826699.206
11881,1708826699.226
11882,1708826699.246
11883,1708826699.266
11884,1708826699.286
11885,1708826699.306
11886,1708826699.326
11887,1708826699.356
11888,1708826699.376
11889,1708826699.396
11890,1708826699.416
11891,1708826699.436
11892,1708826699.456
11893,1708826699.476
11894,1708826699.496
11895,1708826699.526
11896,1708826699.546
11897,1708826699.566
11898,1708826699.586
11899,1708826699.606
11900,1708826699.626
11901,1708826699.646
11902,1708826699.676
11903,1708826699.696
11904,1708826699.716
11905,1708826699.736
11906,1708826699.756
11907,1708826699.776
11908,1708826699.796
11909,1708826699.816
11910,1708826699.846
11911,1708826699.866
11912,1708826699.886
11913,1708826699.906
11914,1708826699.926
11915,1708826699.946
11916,1708826699.966
11917,1708826699.996
11918,1708826700.016
11919,1708826700.036
11920,1708826700.056
11921,1708826700.076
11922,1708826700.096
11923,1708826700.116
11924,1708826700.136
11925,1708826700.166
11926,1708826700.186
11927,1708826700.206
11928,1708826700.226
11929,1708826700.246
11930,1708826700.266
11931,1708826700.286
11932,1708826700.316
11933,1708826700.336
11934,1708826700.356
11935,1708826700.376
11936,1708826700.396
11937,1708826700.416
11938,1708826700.436
11939,1708826700.456
11940,1708826700.486
11941,1708826700.506
11942,1708826700.526
11943,1708826700.546
11944,1708826700.566
11945,1708826700.586
11946,1708826700.606
11947,1708826700.636
11948,1708826700.656
11949,1708826700.676
11950,1708826700.696
11951,1708826700.716
11952,1708826700.736
11953,1708826700.756
11954,1708826700.776
11955,1708826700.806
11956,1708826700.826
11957,1708826700.846
11958,1708826700.866
11959,1708826700.886
11960,1708826700.906
11961,1708826700.926
11962,1708826700.956
11963,1708826700.976
11964,1708826700.996
11965,1708826701.016
11966,1708826701.036
11967,1708826701.056
11968,1708826701.076
11969,1708826701.096
11970,1708826701.126
11971,1708826701.146
11972,1708826701.166
11973,1708826701.186
11974,1708826701.206
11975,1708826701.226
11976,1708826701.246
11977,1708826701.276
11978,1708826701.296
11979,1708826701.316
11980,1708826701.336
11981,1708826701.356
11982,1708826701.376
11983,1708826701.396
11984,1708826701.416
11985,1708826701.446
11986,1708826701.466
11987,1708826701.486
11988,1708826701.506
11989,1708826701.526
11990,1708826701.546
11991,1708826701.566
11992,1708826701.596
11993,1708826701.616
11994,1708826701.636
11995,1708826701.656
11996,1708826701.676
11997,1708826701.696
11998,1708826701.716
11999,1708826701.736
12000,1708826701.766
12001,1708826701.786
12002,1708826701.806
12003,1708826701.826
12004,1708826701.846
12005,1708826701.866
12006,1708826701.886
12007,1708826701.916
12008,1708826701.936
12009,1708826701.956
12010,1708826701.976
12011,1708826701.996
12012,1708826702.016
12013,1708826702.036
12014,1708826702.056
12015,1708826702.086
12016,1708826702.106
12017,1708826702.126
12018,1708826702.146
12019,1708826702.166
12020,1708826702.186
12021,1708826702.206
12022,1708826702.236
12023,1708826702.256
12024,1708826702.276
12025,1708826702.296
12026,1708826702.316
12027,1708826702.336
12028,1708826702.356
12029,1708826702.376
12030,1708826702.406
12031,1708826702.426
12032,1708826702.446
12033,1708826702.466
12034,1708826702.486
12035,1708826702.506
12036,1708826702.526
12037,1708826702.556
12038,1708826702.576
12039,1708826702.596
12040,1708826702.616
12041,1708826702.636
12042,1708826702.656
12043,1708826702.676
12044,1708826702.696
12045,1708826702.726
12046,1708826702.746
12047,1708826702.766
12048,1708826702.786
12049,1708826702.806
12050,1708826702.826
12051,1708826702.846
12052,1708826702.876
12053,1708826702.896
12054,1708826702.916
12055,1708826702.936
12056,1708826702.956
12057,1708826702.976
12058,1708826702.996
12059,1708826703.016
12060,1708826703.046
12061,1708826703.066
12062,1708826703.086
12063,1708826703.106
12064,1708826703.126
12065,1708826703.146
12066,1708826703.166
12067,1708826703.196
12068,1708826703.216
12069,1708826703.236
12070,1708826703.256
12071,1708826703.276
12072,1708826703.296
12073,1708826703.316
12074,1708826703.336
12075,1708826703.366
12076,1708826703.386
12077,1708826703.406
12078,1708826703.426
12079,1708826703.446
12080,1708826703.466
12081,1708826703.486
12082,1708826703.516
12083,1708826703.536
12084,1708826703.556
12085,1708826703.576
12086,1708826703.596
12087,1708826703.616
12088,1708826703.636
12089,1708826703.656
12090,1708826703.686
12091,1708826703.706
12092,1708826703.726
12093,1708826703.746
12094,1708826703.766
12095,1708826703.786
12096,1708826703.806
12097,1708826703.836
12098,1708826703.856
12099,1708826703.876
12100,1708826703.896
12101,1708826703.916
12102,1708826703.936
12103,1708826703.956
12104,1708826703.976
12105,1708826704.006
12106,1708826704.026
12107,1708826704.046
12108,1708826704.066
12109,1708826704.086
12110,1708826704.106
12111,1708826704.126
12112,1708826704.156
12113,1708826704.176
12114,1708826704.196
12115,1708826704.216
12116,1708826704.236
12117,1708826704.256
12118,1708826704.276
12119,1708826704.296
12120,1708826704.326
12121,1708826704.346
12122,1708826704.366
12123,1708826704.386
12124,1708826704.406
12125,1708826704.426
12126,1708826704.446
12127,1708826704.476
12128,1708826704.496
12129,1708826704.516
12130,1708826704.536
12131,1708826704.556
12132,1708826704.576
12133,1708826704.596
12134,1708826704.616
12135,1708826704.646
12136,1708826704.666
12137,1708826704.686
12138,1708826704.706
12139,1708826704.726
12140,1708826704.746
12141,1708826704.766
12142,1708826704.796
12143,1708826704.816
12144,1708826704.836
12145,1708826704.856
12146,1708826704.876
12147,1708826704.896
12148,1708826704.916
12149,1708826704.936
12150,1708826704.966
12151,1708826704.986
12152,1708826705.006
12153,1708826705.026
12154,1708826705.046
12155,1708826705.066
12156,1708826705.086
12157,1708826705.116
12158,1708826705.136
12159,1708826705.156
12160,1708826705.176
12161,1708826705.196
12162,1708826705.216
12163,1708826705.236
12164,1708826705.256
12165,1708826705.286
12166,1708826705.306
12167,1708826705.326
12168,1708826705.346
12169,1708826705.366
12170,1708826705.386
12171,1708826705.406
12172,1708826705.436
12173,1708826705.456
12174,1708826705.476
12175,1708826705.496
12176,1708826705.516
12177,1708826705.536
12178,1708826705.556
12179,1708826705.576
12180,1708826705.606
12181,1708826705.626
12182,1708826705.646
12183,1708826705.666
12184,1708826705.686
12185,1708826705.706
12186,1708826705.726
12187,1708826705.756
12188,1708826705.776
12189,1708826705.796
12190,1708826705.816
12191,1708826705.836
12192,1708826705.856
12193,1708826705.876
12194,1708826705.896
12195,1708826705.926
12196,1708826705.946
12197,1708826705.966
12198,1708826705.986
12199,1708826706.006
12200,1708826706.026
12201,1708826706.046
12202,1708826706.076
12203,1708826706.096
12204,1708826706.116
12205,1708826706.136
12206,1708826706.156
12207,1708826706.176
12208,1708826706.196
12209,1708826706.216
12210,1708826706.246
12211,1708826706.266
12212,1708826706.286
12213,1708826706.306
12214,1708826706.326
12215,1708826706.346
12216,1708826706.366
12217,1708826706.396
12218,1708826706.416
12219,1708826706.436
12220,1708826706.456
12221,1708826706.476
12222,1708826706.496
12223,1708826706.516
12224,1708826706.536
12225,1708826706.566
12226,1708826706.586
12227,1708826706.606
12228,1708826706.626
12229,1708826706.646
12230,1708826706.666
12231,1708826706.686
12232,1708826706.716
12233,1708826706.736
12234,1708826706.756
12235,1708826706.776
12236,1708826706.796
12237,1708826706.816
12238,1708826706.836
12239,1708826706.856
12240,1708826706.886
12241,1708826706.906
12242,1708826706.926
12243,1708826706.946
12244,1708826706.966
12245,1708826706.986
12246,1708826707.006
12247,1708826707.036
12248,1708826707.056
12249,1708826707.076
12250,1708826707.096
12251,1708826707.116
12252,1708826707.136
12253,1708826707.156
12254,1708826707.176
12255,1708826707.206
12256,1708826707.226
12257,1708826707.246
12258,1708826707.266
12259,1708826707.286
12260,1708826707.306
12261,1708826707.326
12262,1708826707.356
12263,1708826707.376
12264,1708826707.396
12265,1708826707.416
12266,1708826707.436
12267,1708826707.456
12268,1708826707.476
12269,1708826707.496
12270,1708826707.526
12271,1708826707.546
12272,1708826707.566
12273,1708826707.586
12274,1708826707.606
12275,1708826707.626
12276,1708826707.646
12277,1708826707.676
12278,1708826707.696
12279,1708826707.716
12280,1708826707.736
12281,1708826707.756
12282,1708826707.776
12283,1708826707.796
12284,1708826707.816
12285,1708826707.846
12286,1708826707.866
12287,1708826707.886
12288,1708826707.906
12289,1708826707.926
12290,1708826707.946
12291,1708826707.966
12292,1708826707.996
12293,1708826708.016
12294,1708826708.036
12295,1708826708.056
12296,1708826708.076
12297,1708826708.096
12298,1708826708.116
12299,1708826708.136
12300,1708826708.166
12301,1708826708.186
12302,1708826708.206
12303,1708826708.226
12304,1708826708.246
12305,1708826708.266
12306,1708826708.286
12307,1708826708.316
12308,1708826708.336
12309,1708826708.356
12310,1708826708.376
12311,1708826708.396
12312,1708826708.416
12313,1708826708.436
12314,1708826708.456
12315,1708826708.486
12316,1708826708.506
12317,1708826708.526
12318,1708826708.546
12319,1708826708.566
12320,1708826708.586
12321,1708826708.606
12322,1708826708.636
12323,1708826708.656
12324,1708826708.676
12325,1708826708.696
12326,1708826708.716
12327,1708826708.736
12328,1708826708.756
12329,1708826708.776
12330,1708826708.806
12331,1708826708.826
12332,1708826708.846
12333,1708826708.866
12334,1708826708.886
12335,1708826708.906
12336,1708826708.926
12337,1708826708.956
12338,1708826708.976
12339,1708826708.996
12340,1708826709.016
12341,1708826709.036
12342,1708826709.056
12343,1708826709.076
12344,1708826709.096
12345,1708826709.126
12346,1708826709.146
12347,1708826709.166
12348,1708826709.186
12349,1708826709.206
12350,1708826709.226
12351,1708826709.246
12352,1708826709.276
12353,1708826709.296
12354,1708826709.316
12355,1708826709.336
12356,1708826709.356
12357,1708826709.376
12358,1708826709.396
12359,1708826709.416
12360,1708826709.446
12361,1708826709.466
12362,1708826709.486
12363,1708826709.506
12364,1708826709.526
12365,1708826709.546
12366,1708826709.566
12367,1708826709.596
12368,1708826709.616
12369,1708826709.636
12370,1708826709.656
12371,1708826709.676
12372,1708826709.696
12373,1708826709.716
12374,1708826709.736
12375,1708826709.766
12376,1708826709.786
12377,1708826709.806
12378,1708826709.826
12379,1708826709.846
12380,1708826709.866
12381,1708826709.886
12382,1708826709.916
12383,1708826709.936
12384,1708826709.956
12385,1708826709.976
12386,1708826709.996
12387,1708826710.016
12388,1708826710.036
12389,1708826710.056
12390,1708826710.086
12391,1708826710.106
12392,1708826710.126
12393,1708826710.146
12394,1708826710.166
12395,1708826710.186
12396,1708826710.206
12397,1708826710.236
12398,1708826710.256
12399,1708826710.276
12400,1708826710.296
12401,1708826710.316
12402,1708826710.336
12403,1708826710.356
12404,1708826710.376
12405,1708826710.406
12406,1708826710.426
12407,1708826710.446
12408,1708826710.466
12409,1708826710.486
12410,1708826710.506
12411,1708826710.526
12412,1708826710.556
12413,1708826710.576
12414,1708826710.596
12415,1708826710.616
12416,1708826710.636
12417,1708826710.656
12418,1708826710.676
12419,1708826710.696
12420,1708826710.726
12421,1708826710.746
12422,1708826710.766
12423,1708826710.786
12424,1708826710.806
12425,1708826710.826
12426,1708826710.846
12427,1708826710.876
12428,1708826710.896
12429,1708826710.916
12430,1708826710.936
12431,1708826710.956
12432,1708826710.976
12433,1708826710.996
12434,1708826711.016
12435,1708826711.046
12436,1708826711.066
12437,1708826711.086
12438,1708826711.106
12439,1708826711.126
12440,1708826711.146
12441,1708826711.166
12442,1708826711.196
12443,1708826711.216
12444,1708826711.236
12445,1708826711.256
12446,1708826711.276
12447,1708826711.296
12448,1708826711.316
12449,1708826711.336
12450,1708826711.366
12451,1708826711.386
12452,1708826711.406
12453,1708826711.426
12454,1708826711.446
12455,1708826711.466
12456,1708826711.486
12457,1708826711.516
12458,1708826711.536
12459,1708826711.556
12460,1708826711.576
12461,1708826711.596
12462,1708826711.616
12463,1708826711.636
12464,1708826711.656
12465,1708826711.686
12466,1708826711.706
12467,1708826711.726
12468,1708826711.746
12469,1708826711.766
12470,1708826711.786
12471,1708826711.806
12472,1708826711.836
12473,1708826711.856
12474,1708826711.876
12475,1708826711.896
12476,1708826711.916
12477,1708826711.936
12478,1708826711.956
12479,1708826711.976
12480,1708826712.006
12481,1708826712.026
12482,1708826712.046
12483,1708826712.066
12484,1708826712.086
12485,1708826712.106
12486,1708826712.126
12487,1708826712.156
12488,1708826712.176
12489,1708826712.196
12490,1708826712.216
12491,1708826712.236
12492,1708826712.256
12493,1708826712.276
12494,1708826712.296
12495,1708826712.326
12496,1708826712.346
12497,1708826712.366
12498,1708826712.386
12499,1708826712.406
12500,1708826712.426
12501,1708826712.446
12502,1708826712.476
12503,1708826712.496
12504,1708826712.516
12505,1708826712.536
12506,1708826712.556
12507,1708826712.576
12508,1708826712.596
12509,1708826712.616
12510,1708826712.646
12511,1708826712.666
12512,1708826712.686
12513,1708826712.706
12514,1708826712.726
12515,1708826712.746
12516,1708826712.766
12517,1708826712.796
12518,1708826712.816
12519,1708826712.836
12520,1708826712.856
12521,1708826712.876
12522,1708826712.896
12523,1708826712.916
12524,1708826712.936
12525,1708826712.966
12526,1708826712.986
12527,1708826713.006
12528,1708826713.026
12529,1708826713.046
12530,1708826713.066
12531,1708826713.086
12532,1708826713.116
12533,1708826713.136
12534,1708826713.156
12535,1708826713.176
12536,1708826713.196
12537,1708826713.216
12538,1708826713.236
12539,1708826713.256
12540,1708826713.286
12541,1708826713.306
12542,1708826713.326
12543,1708826713.346
12544,1708826713.366
12545,1708826713.386
12546,1708826713.406
12547,1708826713.436
12548,1708826713.456
12549,1708826713.476
12550,1708826713.496
12551,1708826713.516
12552,1708826713.536
12553,1708826713.556
12554,1708826713.576
12555,1708826713.606
12556,1708826713.626
12557,1708826713.646
12558,1708826713.666
12559,1708826713.686
12560,1708826713.706
12561,1708826713.726
12562,1708826713.756
12563,1708826713.776
12564,1708826713.796
12565,1708826713.816
12566,1708826713.836
12567,1708826713.856
12568,1708826713.876
12569,1708826713.896
12570,1708826713.926
12571,1708826713.946
12572,1708826713.966
12573,1708826713.986
12574,1708826714.006
12575,1708826714.026
12576,1708826714.046
12577,1708826714.076
12578,1708826714.096
12579,1708826714.116
12580,1708826714.136
12581,1708826714.156
12582,1708826714.176
12583,1708826714.196
12584,1708826714.216
12585,1708826714.246
12586,1708826714.266
12587,1708826714.286
12588,1708826714.306
12589,1708826714.326
12590,1708826714.346
12591,1708826714.366
12592,1708826714.396
12593,1708826714.416
12594,1708826714.436
12595,1708826714.456
12596,1708826714.476
12597,1708826714.496
12598,1708826714.516
12599,1708826714.536
12600,1708826714.566
12601,1708826714.586
12602,1708826714.606
12603,1708826714.626
12604,1708826714.646
12605,1708826714.666
12606,1708826714.686
12607,1708826714.716
12608,1708826714.736
12609,1708826714.756
12610,1708826714.776
12611,1708826714.796
12612,1708826714.816
12613,1708826714.836
12614,1708826714.856
12615,1708826714.886
12616,1708826714.906
12617,1708826714.926
12618,1708826714.946
12619,1708826714.966
12620,1708826714.986
12621,1708826715.006
12622,1708826715.036
12623,1708826715.056
12624,1708826715.076
12625,1708826715.096
12626,1708826715.116
12627,1708826715.136
12628,1708826715.156
12629,1708826715.176
12630,1708826715.206
12631,1708826715.226
12632,1708826715.246
12633,1708826715.266
12634,1708826715.286
12635,1708826715.306
12636,1708826715.326
12637,1708826715.356
12638,1708826715.376
12639,1708826715.396
12640,1708826715.416
12641,1708826715.436
12642,1708826715.456
12643,1708826715.476
12644,1708826715.496
12645,1708826715.526
12646,1708826715.546
12647,1708826715.566
12648,1708826715.586
12649,1708826715.606
12650,1708826715.626
12651,1708826715.646
12652,1708826715.676
12653,1708826715.696
12654,1708826715.716
12655,1708826715.736
12656,1708826715.756
12657,1708826715.776
12658,1708826715.796
12659,1708826715.816
12660,1708826715.846
12661,1708826715.866
12662,1708826715.886
12663,1708826715.906
12664,1708826715.926
12665,1708826715.946
12666,1708826715.966
12667,1708826715.996
12668,1708826716.016
12669,1708826716.036
12670,1708826716.056
12671,1708826716.076
12672,1708826716.096
12673,1708826716.116
12674,1708826716.136
12675,1708826716.166
12676,1708826716.186
12677,1708826716.206
12678,1708826716.226
12679,1708826716.246
12680,1708826716.266
12681,1708826716.286
12682,1708826716.316
12683,1708826716.336
12684,1708826716.356
12685,1708826716.376
12686,1708826716.396
12687,1708826716.416
12688,1708826716.436
12689,1708826716.456
12690,1708826716.486
12691,1708826716.506
12692,1708826716.526
12693,1708826716.546
12694,1708826716.566
12695,1708826716.586
12696,1708826716.606
12697,1708826716.636
12698,1708826716.656
12699,1708826716.676
12700,1708826716.696
12701,1708826716.716
12702,1708826716.736
12703,1708826716.756
12704,1708826716.776
12705,1708826716.806
12706,1708826716.826
12707,1708826716.846
12708,1708826716.866
12709,1708826716.886
12710,1708826716.906
12711,1708826716.926
12712,1708826716.956
12713,1708826716.976
12714,1708826716.996
12715,1708826717.016
12716,1708826717.036
12717,1708826717.056
12718,1708826717.076
12719,1708826717.096
12720,1708826717.126
12721,1708826717.146
12722,1708826717.166
12723,1708826717.186
12724,1708826717.206
12725,1708826717.226
12726,1708826717.246
12727,1708826717.276
12728,1708826717.296
12729,1708826717.316
12730,1708826717.336
12731,1708826717.356
12732,1708826717.376
12733,1708826717.396
12734,1708826717.416
12735,1708826717.446
12736,1708826717.466
12737,1708826717.486
12738,1708826717.506
12739,1708826717.526
12740,1708826717.546
12741,1708826717.566
12742,1708826717.596
12743,1708826717.616
12744,1708826717.636
12745,1708826717.656
12746,1708826717.676
12747,1708826717.696
12748,1708826717.716
12749,1708826717.736
12750,1708826717.766
12751,1708826717.786
12752,1708826717.806
12753,1708826717.826
12754,1708826717.846
12755,1708826717.866
12756,1708826717.886
12757,1708826717.916
12758,1708826717.936
12759,1708826717.956
12760,1708826717.976
12761,1708826717.996
12762,1708826718.016
12763,1708826718.036
12764,1708826718.056
12765,1708826718.086
12766,1708826718.106
12767,1708826718.126
12768,1708826718.146
12769,1708826718.166
12770,1708826718.186
12771,1708826718.206
12772,1708826718.236
12773,1708826718.256
12774,1708826718.276
12775,1708826718.296
12776,1708826718.316
12777,1708826718.336
12778,1708826718.356
12779,1708826718.376
12780,1708826718.406
12781,1708826718.426
12782,1708826718.446
12783,1708826718.466
12784,1708826718.486
12785,1708826718.506
12786,1708826718.526
12787,1708826718.556
12788,1708826718.576
12789,1708826718.596
12790,1708826718.616
12791,1708826718.636
12792,1708826718.656
12793,1708826718.676
12794,1708826718.696
12795,1708826718.726
12796,1708826718.746
12797,1708826718.766
12798,1708826718.786
12799,1708826718.806
12800,1708826718.826
12801,1708826718.846
12802,1708826718.876
12803,1708826718.896
12804,1708826718.916
12805,1708826718.936
12806,1708826718.956
12807,1708826718.976
12808,1708826718.996
12809,1708826719.016
12810,1708826719.046
12811,1708826719.066
12812,1708826719.086
12813,1708826719.106
12814,1708826719.126
12815,1708826719.146
12816,1708826719.166
12817,1708826719.196
12818,1708826719.216
12819,1708826719.236
12820,1708826719.256
12821,1708826719.276
12822,1708826719.296
12823,1708826719.316
12824,1708826719.336
12825,1708826719.366
12826,1708826719.386
12827,1708826719.406
12828,1708826719.426
12829,1708826719.446
12830,1708826719.466
12831,1708826719.486
12832,1708826719.516
12833,1708826719.536
12834,1708826719.556
12835,1708826719.576
12836,1708826719.596
12837,1708826719.616
12838,1708826719.636
12839,1708826719.656
12840,1708826719.686
12841,1708826719.706
12842,1708826719.726
12843,1708826719.746
12844,1708826719.766
12845,1708826719.786
12846,1708826719.806
12847,1708826719.836
12848,1708826719.856
12849,1708826719.876
12850,1708826719.896
12851,1708826719.916
12852,1708826719.936
12853,1708826719.956
12854,1708826719.976
12855,1708826720.006
12856,1708826720.026
12857,1708826720.046
12858,1708826720.066
12859,1708826720.086
12860,1708826720.106
12861,1708826720.126
12862,1708826720.156
12863,1708826720.176
12864,1708826720.196
12865,1708826720.216
12866,1708826720.236
12867,1708826720.256
12868,1708826720.276
12869,1708826720.296
12870,1708826720.326
12871,1708826720.346
12872,1708826720.366
12873,1708826720.386
12874,1708826720.406
12875,1708826720.426
12876,1708826720.446
12877,1708826720.476
12878,1708826720.496
12879,1708826720.516
12880,1708826720.536
12881,1708826720.556
12882,1708826720.576
12883,1708826720.596
12884,1708826720.616
12885,1708826720.646
12886,1708826720.666
12887,1708826720.686
12888,1708826720.706
12889,1708826720.726
12890,1708826720.746
12891,1708826720.766
12892,1708826720.796
12893,1708826720.816
12894,1708826720.836
12895,1708826720.856
12896,1708826720.876
12897,1708826720.896
12898,1708826720.916
12899,1708826720.936
12900,1708826720.966
12901,1708826720.986
12902,1708826721.006
12903,1708826721.026
12904,1708826721.046
12905,1708826721.066
12906,1708826721.086
12907,1708826721.116
12908,1708826721.136
12909,1708826721.156
12910,1708826721.176
12911,1708826721.196
12912,1708826721.216
12913,1708826721.236
12914,1708826721.256
12915,1708826721.286
12916,1708826721.306
12917,1708826721.326
12918,1708826721.346
12919,1708826721.366
12920,1708826721.386
12921,1708826721.406
12922,1708826721.436
12923,1708826721.456
12924,1708826721.476
12925,1708826721.496
12926,1708826721.516
12927,1708826721.536
12928,1708826721.556
12929,1708826721.576
12930,1708826721.606
12931,1708826721.626
12932,1708826721.646
12933,1708826721.666
12934,1708826721.686
12935,1708826721.706
12936,1708826721.726
12937,1708826721.756
12938,1708826721.776
12939,1708826721.796
12940,1708826721.816
12941,1708826721.836
12942,1708826721.856
12943,1708826721.876
12944,1708826721.896
12945,1708826721.926
12946,1708826721.946
12947,1708826721.966
12948,1708826721.986
12949,1708826722.006
12950,1708826722.026
12951,1708826722.046
12952,1708826722.076
12953,1708826722.096
12954,1708826722.116
12955,1708826722.136
12956,1708826722.156
12957,1708826722.176
12958,1708826722.196
12959,1708826722.216
12960,1708826722.246
12961,1708826722.266
12962,1708826722.286
12963,1708826722.306
12964,1708826722.326
12965,1708826722.346
12966,1708826722.366
12967,1708826722.396
12968,1708826722.416
12969,1708826722.436
12970,1708826722.456
12971,1708826722.476
12972,1708826722.496
12973,1708826722.516
12974,1708826722.536
12975,1708826722.566
12976,1708826722.586
12977,1708826722.606
12978,1708826722.626
12979,1708826722.646
12980,1708826722.666
12981,1708826722.686
12982,1708826722.716
12983,1708826722.736
12984,1708826722.756
12985,1708826722.776
12986,1708826722.796
12987,1708826722.816
12988,1708826722.836
12989,1708826722.856
12990,1708826722.886
12991,1708826722.906
12992,1708826722.926
12993,1708826722.946
12994,1708826722.966
12995,1708826722.986
12996,1708826723.006
12997,1708826723.036
12998,1708826723.056
12999,1708826723.076
13000,1708826723.096
13001,1708826723.116
13002,1708826723.136
13003,1708826723.156
13004,1708826723.176
13005,1708826723.206
13006,1708826723.226
13007,1708826723.246
13008,1708826723.266
13009,1708826723.286
13010,1708826723.306
13011,1708826723.326
13012,1708826723.356
13013,1708826723.376
13014,1708826723.396
13015,1708826723.416
13016,1708826723.436
13017,1708826723.456
13018,1708826723.476
13019,1708826723.496
13020,1708826723.526
13021,1708826723.546
13022,1708826723.566
13023,1708826723.586
13024,1708826723.606
13025,1708826723.626
13026,1708826723.646
13027,1708826723.676
13028,1708826723.696
13029,1708826723.716
13030,1708826723.736
13031,1708826723.756
13032,1708826723.776
13033,1708826723.796
13034,1708826723.816
13035,1708826723.846
13036,1708826723.866
13037,1708826723.886
13038,1708826723.906
13039,1708826723.926
13040,1708826723.946
13041,1708826723.966
13042,1708826723.996
13043,1708826724.016
13044,1708826724.036
13045,1708826724.056
13046,1708826724.076
13047,1708826724.096
13048,1708826724.116
13049,1708826724.136
13050,1708826724.166
13051,1708826724.186
13052,1708826724.206
13053,1708826724.226
13054,1708826724.246
13055,1708826724.266
13056,1708826724.286
13057,1708826724.316
13058,1708826724.336
13059,1708826724.356
13060,1708826724.376
13061,1708826724.396
13062,1708826724.416
13063,1708826724.436
13064,1708826724.456
13065,1708826724.486
13066,1708826724.506
13067,1708826724.526
13068,1708826724.546
13069,1708826724.566
13070,1708826724.586
13071,1708826724.606
13072,1708826724.636
13073,1708826724.656
13074,1708826724.676
13075,1708826724.696
13076,1708826724.716
13077,1708826724.736
13078,1708826724.756
13079,1708826724.776
13080,1708826724.806
13081,1708826724.826
13082,1708826724.846
13083,1708826724.866
13084,1708826724.886
13085,1708826724.906
13086,1708826724.926
13087,1708826724.956
13088,1708826724.976
13089,1708826724.996
13090,1708826725.016
13091,1708826725.036
13092,1708826725.056
13093,1708826725.076
13094,1708826725.096
13095,1708826725.126
13096,1708826725.146
13097,1708826725.166
13098,1708826725.186
13099,1708826725.206
13100,1708826725.226
13101,1708826725.246
13102,1708826725.276
13103,1708826725.296
13104,1708826725.316
13105,1708826725.336
13106,1708826725.356
13107,1708826725.376
13108,1708826725.396
13109,1708826725.416
13110,1708826725.446
13111,1708826725.466
13112,1708826725.486
13113,1708826725.506
13114,1708826725.526
13115,1708826725.546
13116,1708826725.566
13117,1708826725.596
13118,1708826725.616
13119,1708826725.636
13120,1708826725.656
13121,1708826725.676
13122,1708826725.696
13123,1708826725.716
13124,1708826725.736
13125,1708826725.766
13126,1708826725.786
13127,1708826725.806
13128,1708826725.826
13129,1708826725.846
13130,1708826725.866
13131,1708826725.886
13132,1708826725.916
13133,1708826725.936
13134,1708826725.956
13135,1708826725.976
13136,1708826725.996
13137,1708826726.016
13138,1708826726.036
13139,1708826726.056
13140,1708826726.086
13141,1708826726.106
13142,1708826726.126
13143,1708826726.146
13144,1708826726.166
13145,1708826726.186
13146,1708826726.206
13147,1708826726.236
13148,1708826726.256
13149,1708826726.276
13150,1708826726.296
13151,1708826726.316
13152,1708826726.336
13153,1708826726.356
13154,1708826726.376
13155,1708826726.406
13156,1708826726.426
13157,1708826726.446
13158,1708826726.466
13159,1708826726.486
13160,1708826726.506
13161,1708826726.526
13162,1708826726.556
13163,1708826726.576
13164,1708826726.596
13165,1708826726.616
13166,1708826726.636
13167,1708826726.656
13168,1708826726.676
13169,1708826726.696
13170,1708826726.726
13171,1708826726.746
13172,1708826726.766
13173,1708826726.786
13174,1708826726.806
13175,1708826726.826
13176,1708826726.846
13177,1708826726.876
13178,1708826726.896
13179,1708826726.916
13180,1708826726.936
13181,1708826726.956
13182,1708826726.976
13183,1708826726.996
13184,1708826727.016
13185,1708826727.046
13186,1708826727.066
13187,1708826727.086
13188,1708826727.106
13189,1708826727.126
13190,1708826727.146
13191,1708826727.166
13192,1708826727.196
13193,1708826727.216
13194,1708826727.236
13195,1708826727.256
13196,1708826727.276
13197,1708826727.296
13198,1708826727.316
13199,1708826727.336
13200,1708826727.366
13201,1708826727.386
13202,1708826727.406
13203,1708826727.426
13204,1708826727.446
13205,1708826727.466
13206,1708826727.486
13207,1708826727.516
13208,1708826727.536
13209,1708826727.556
13210,1708826727.576
13211,1708826727.596
13212,1708826727.616
13213,1708826727.636
13214,1708826727.656
13215,1708826727.686
13216,1708826727.706
13217,1708826727.726
13218,1708826727.746
13219,1708826727.766
13220,1708826727.786
13221,1708826727.806
13222,1708826727.836
13223,1708826727.856
13224,1708826727.876
13225,1708826727.896
13226,1708826727.916
13227,1708826727.936
13228,1708826727.956
13229,1708826727.976
13230,1708826728.006
13231,1708826728.026
13232,1708826728.046
13233,1708826728.066
13234,1708826728.086
13235,1708826728.106
13236,1708826728.126
13237,1708826728.156
13238,1708826728.176
13239,1708826728.196
13240,1708826728.216
13241,1708826728.236
13242,1708826728.256
13243,1708826728.276
13244,1708826728.296
13245,1708826728.326
13246,1708826728.346
13247,1708826728.366
13248,1708826728.386
13249,1708826728.406
13250,1708826728.426
13251,1708826728.446
13252,1708826728.476
13253,1708826728.496
13254,1708826728.516
13255,1708826728.536
13256,1708826728.556
13257,1708826728.576
13258,1708826728.596
13259,1708826728.616
13260,1708826728.646
13261,1708826728.666
13262,1708826728.686
13263,1708826728.706
13264,1708826728.726
13265,1708826728.746
13266,1708826728.766
13267,1708826728.796
13268,1708826728.816
13269,1708826728.836
13270,1708826728.856
13271,1708826728.876
13272,1708826728.896
13273,1708826728.916
13274,1708826728.936
13275,1708826728.966
13276,1708826728.986
13277,1708826729.006
13278,1708826729.026
13279,1708826729.046
13280,1708826729.066
13281,1708826729.086
13282,1708826729.116
13283,1708826729.136
13284,1708826729.156
13285,1708826729.176
13286,1708826729.196
13287,1708826729.216
13288,1708826729.236
13289,1708826729.256
13290,1708826729.286
13291,1708826729.306
13292,1708826729.326
13293,1708826729.346
13294,1708826729.366
13295,1708826729.386
13296,1708826729.406
13297,1708826729.436
13298,1708826729.456
13299,1708826729.476
13300,1708826729.496
13301,1708826729.516
13302,1708826729.536
13303,1708826729.556
13304,1708826729.576
13305,1708826729.606
13306,1708826729.626
13307,1708826729.646
13308,1708826729.666
13309,1708826729.686
13310,1708826729.706
13311,1708826729.726
13312,1708826729.756
13313,1708826729.776
13314,1708826729.796
13315,1708826729.816
13316,1708826729.836
13317,1708826729.856
13318,1708826729.876
13319,1708826729.896
13320,1708826729.926
13321,1708826729.946
13322,1708826729.966
13323,1708826729.986
13324,1708826730.006
13325,1708826730.026
13326,1708826730.046
13327,1708826730.076
13328,1708826730.096
13329,1708826730.116
13330,1708826730.136
13331,1708826730.156
13332,1708826730.176
13333,1708826730.196
13334,1708826730.216
13335,1708826730.246
13336,1708826730.266
13337,1708826730.286
13338,1708826730.306
13339,1708826730.326
13340,1708826730.346
13341,1708826730.366
13342,1708826730.396
13343,1708826730.416
13344,1708826730.436
13345,1708826730.456
13346,1708826730.476
13347,1708826730.496
13348,1708826730.516
13349,1708826730.536
13350,1708826730.566
13351,1708826730.586
13352,1708826730.606
13353,1708826730.626
13354,1708826730.646
13355,1708826730.666
13356,1708826730.686
13357,1708826730.716
13358,1708826730.736
13359,1708826730.756
13360,1708826730.776
13361,1708826730.796
13362,1708826730.816
13363,1708826730.836
13364,1708826730.856
13365,1708826730.886
13366,1708826730.906
13367,1708826730.926
13368,1708826730.946
13369,1708826730.966
13370,1708826730.986
13371,1708826731.006
13372,1708826731.036
13373,1708826731.056
13374,1708826731.076
13375,1708826731.096
13376,1708826731.116
13377,1708826731.136
13378,1708826731.156
13379,1708826731.176
13380,1708826731.206
13381,1708826731.226
13382,1708826731.246
13383,1708826731.266
13384,1708826731.286
13385,1708826731.306
13386,1708826731.326
13387,1708826731.356
13388,1708826731.376
13389,1708826731.396
13390,1708826731.416
13391,1708826731.436
13392,1708826731.456
13393,1708826731.476
13394,1708826731.496
13395,1708826731.526
13396,1708826731.546
13397,1708826731.566
13398,1708826731.586
13399,1708826731.606
13400,1708826731.626
13401,1708826731.646
13402,1708826731.676
13403,1708826731.696
13404,1708826731.716
13405,1708826731.736
13406,1708826731.756
13407,1708826731.776
13408,1708826731.796
13409,1708826731.816
13410,1708826731.846
13411,1708826731.866
13412,1708826731.886
13413,1708826731.906
13414,1708826731.926
13415,1708826731.946
13416,1708826731.966
13417,1708826731.996
13418,1708826732.016
13419,1708826732.036
13420,1708826732.056
13421,1708826732.076
13422,1708826732.096
13423,1708826732.116
13424,1708826732.136
13425,1708826732.166
13426,1708826732.186
13427,1708826732.206
13428,1708826732.226
13429,1708826732.246
13430,1708826732.266
13431,1708826732.286
13432,1708826732.316
13433,1708826732.336
13434,1708826732.356
13435,1708826732.376
13436,1708826732.396
13437,1708826732.416
13438,1708826732.436
13439,1708826732.456
13440,1708826732.486
13441,1708826732.506
13442,1708826732.526
13443,1708826732.546
13444,1708826732.566
13445,1708826732.586
13446,1708826732.606
13447,1708826732.636
13448,1708826732.656
13449,1708826732.676
13450,1708826732.696
13451,1708826732.716
13452,1708826732.736
13453,1708826732.756
13454,1708826732.776
13455,1708826732.806
13456,1708826732.826
13457,1708826732.846
13458,1708826732.866
13459,1708826732.886
13460,1708826732.906
13461,1708826732.926
13462,1708826732.956
13463,1708826732.976
13464,1708826732.996
13465,1708826733.016
13466,1708826733.036
13467,1708826733.056
13468,1708826733.076
13469,1708826733.096
13470,1708826733.126
13471,1708826733.146
13472,1708826733.166
13473,1708826733.186
13474,1708826733.206
13475,1708826733.226
13476,1708826733.246
13477,1708826733.276
13478,1708826733.296
13479,1708826733.316
13480,1708826733.336
13481,1708826733.356
13482,1708826733.376
13483,1708826733.396
13484,1708826733.416
13485,1708826733.446
13486,1708826733.466
13487,1708826733.486
13488,1708826733.506
13489,1708826733.526
13490,1708826733.546
13491,1708826733.566
13492,1708826733.596
13493,1708826733.616
13494,1708826733.636
13495,1708826733.656
13496,1708826733.676
13497,1708826733.696
13498,1708826733.716
13499,1708826733.736
13500,1708826733.766
13501,1708826733.786
13502,1708826733.806
13503,1708826733.826
13504,1708826733.846
13505,1708826733.866
13506,1708826733.886
13507,1708826733.916
13508,1708826733.936
13509,1708826733.956
13510,1708826733.976
13511,1708826733.996
13512,1708826734.016
13513,1708826734.036
13514,1708826734.056
13515,1708826734.086
13516,1708826734.106
13517,1708826734.126
13518,1708826734.146
13519,1708826734.166
13520,1708826734.186
13521,1708826734.206
13522,1708826734.236
13523,1708826734.256
13524,1708826734.276
13525,1708826734.296
13526,1708826734.316
13527,1708826734.336
13528,1708826734.356
13529,1708826734.376
13530,1708826734.406
13531,1708826734.426
13532,1708826734.446
13533,1708826734.466
13534,1708826734.486
13535,1708826734.506
13536,1708826734.526
13537,1708826734.556
13538,1708826734.576
13539,1708826734.596
13540,1708826734.616
13541,1708826734.636
13542,1708826734.656
13543,1708826734.676
13544,1708826734.696
13545,1708826734.726
13546,1708826734.746
13547,1708826734.766
13548,1708826734.786
13549,1708826734.806
13550,1708826734.826
13551,1708826734.846
13552,1708826734.876
13553,1708826734.896
13554,1708826734.916
13555,1708826734.936
13556,1708826734.956
13557,1708826734.976
13558,1708826734.996
13559,1708826735.016
13560,1708826735.046
13561,1708826735.066
13562,1708826735.086
13563,1708826735.106
13564,1708826735.126
13565,1708826735.146
13566,1708826735.166
13567,1708826735.196
13568,1708826735.216
13569,1708826735.236
13570,1708826735.256
13571,1708826735.276
13572,1708826735.296
13573,1708826735.316
13574,1708826735.336
13575,1708826735.366
13576,1708826735.386
13577,1708826735.406
13578,1708826735.426
13579,1708826735.446
13580,1708826735.466
13581,1708826735.486
13582,1708826735.516
13583,1708826735.536
13584,1708826735.556
13585,1708826735.576
13586,1708826735.596
13587,1708826735.616
13588,1708826735.636
13589,1708826735.656
13590,1708826735.686
13591,1708826735.706
13592,1708826735.726
13593,1708826735.746
13594,1708826735.766
13595,1708826735.786
13596,1708826735.806
13597,1708826735.836
13598,1708826735.856
13599,1708826735.876
13600,1708826735.896
13601,1708826735.916
13602,1708826735.936
13603,1708826735.956
13604,1708826735.976
13605,1708826736.006
13606,1708826736.026
13607,1708826736.046
13608,1708826736.066
13609,1708826736.086
13610,1708826736.106
13611,1708826736.126
13612,1708826736.156
13613,1708826736.176
13614,1708826736.196
13615,1708826736.216
13616,1708826736.236
13617,1708826736.256
13618,1708826736.276
13619,1708826736.296
13620,1708826736.326
13621,1708826736.346
13622,1708826736.366
13623,1708826736.386
13624,1708826736.406
13625,1708826736.426
13626,1708826736.446
13627,1708826736.476
13628,1708826736.496
13629,1708826736.516
13630,1708826736.536
13631,1708826736.556
13632,1708826736.576
13633,1708826736.596
13634,1708826736.616
13635,1708826736.646
13636,1708826736.666
13637,1708826736.686
13638,1708826736.706
13639,1708826736.726
13640,1708826736.746
13641,1708826736.766
13642,1708826736.796
13643,1708826736.816
13644,1708826736.836
13645,1708826736.856
13646,1708826736.876
13647,1708826736.896
13648,1708826736.916
13649,1708826736.936
13650,1708826736.966
13651,1708826736.986
13652,1708826737.006
13653,1708826737.026
13654,1708826737.046
13655,1708826737.066
13656,1708826737.086
13657,1708826737.116
13658,1708826737.136
13659,1708826737.156
13660,1708826737.176
13661,1708826737.196
13662,1708826737.216
13663,1708826737.236
13664,1708826737.256
13665,1708826737.286
13666,1708826737.306
13667,1708826737.326
13668,1708826737.346
13669,1708826737.366
13670,1708826737.386
13671,1708826737.406
13672,1708826737.436
13673,1708826737.456
13674,1708826737.476
13675,1708826737.496
13676,1708826737.516
13677,1708826737.536
13678,1708826737.556
13679,1708826737.576
13680,1708826737.606
13681,1708826737.626
13682,1708826737.646
13683,1708826737.666
13684,1708826737.686
13685,1708826737.706
13686,1708826737.726
13687,1708826737.756
13688,1708826737.776
13689,1708826737.796
13690,1708826737.816
13691,1708826737.836
13692,1708826737.856
13693,1708826737.876
13694,1708826737.896
13695,1708826737.926
13696,1708826737.946
13697,1708826737.966
13698,1708826737.986
13699,1708826738.006
13700,1708826738.026
13701,1708826738.046
13702,1708826738.076
13703,1708826738.096
13704,1708826738.116
13705,1708826738.136
13706,1708826738.156
13707,1708826738.176
13708,1708826738.196
13709,1708826738.216
13710,1708826738.246
13711,1708826738.266
13712,1708826738.286
13713,1708826738.306
13714,1708826738.326
13715,1708826738.346
13716,1708826738.366
13717,1708826738.396
13718,1708826738.416
13719,1708826738.436
13720,1708826738.456
13721,1708826738.476
13722,1708826738.496
13723,1708826738.516
13724,1708826738.536
13725,1708826738.566
13726,1708826738.586
13727,1708826738.606
13728,1708826738.626
13729,1708826738.646
13730,1708826738.666
13731,1708826738.686
13732,1708826738.716
13733,1708826738.736
13734,1708826738.756
13735,1708826738.776
13736,1708826738.796
13737,1708826738.816
13738,1708826738.836
13739,1708826738.856
13740,1708826738.886
13741,1708826738.906
13742,1708826738.926
13743,1708826738.946
13744,1708826738.966
13745,1708826738.986
13746,1708826739.006
13747,1708826739.036
13748,1708826739.056
13749,1708826739.076
13750,1708826739.096
13751,1708826739.116
13752,1708826739.136
13753,1708826739.156
13754,1708826739.176
13755,1708826739.206
13756,1708826739.226
13757,1708826739.246
13758,1708826739.266
13759,1708826739.286
13760,1708826739.306
13761,1708826739.326
13762,1708826739.356
13763,1708826739.376
13764,1708826739.396
13765,1708826739.416
13766,1708826739.436
13767,1708826739.456
13768,1708826739.476
13769,1708826739.496
13770,1708826739.526
13771,1708826739.546
13772,1708826739.566
13773,1708826739.586
13774,1708826739.606
13775,1708826739.626
13776,1708826739.646
13777,1708826739.676
13778,1708826739.696
13779,1708826739.716
13780,1708826739.736
13781,1708826739.756
13782,1708826739.776
13783,1708826739.796
13784,1708826739.816
13785,1708826739.846
13786,1708826739.866
13787,1708826739.886
13788,1708826739.906
13789,1708826739.926
13790,1708826739.946
13791,1708826739.966
13792,1708826739.996
13793,1708826740.016
13794,1708826740.036
13795,1708826740.056
13796,1708826740.076
13797,1708826740.096
13798,1708826740.116
13799,1708826740.136
13800,1708826740.166
13801,1708826740.186
13802,1708826740.206
13803,1708826740.226
13804,1708826740.246
13805,1708826740.266
13806,1708826740.286
13807,1708826740.316
13808,1708826740.336
13809,1708826740.356
13810,1708826740.376
13811,1708826740.396
13812,1708826740.416
13813,1708826740.436
13814,1708826740.456
13815,1708826740.486
13816,1708826740.506
13817,1708826740.526
13818,1708826740.546
13819,1708826740.566
13820,1708826740.586
13821,1708826740.606
13822,1708826740.636
13823,1708826740.656
13824,1708826740.676
13825,1708826740.696
13826,1708826740.716
13827,1708826740.736
13828,1708826740.756
13829,1708826740.776
13830,1708826740.806
13831,1708826740.826
13832,1708826740.846
13833,1708826740.866
13834,1708826740.886
13835,1708826740.906
13836,1708826740.926
13837,1708826740.956
13838,1708826740.976
13839,1708826740.996
13840,1708826741.016
13841,1708826741.036
13842,1708826741.056
13843,1708826741.076
13844,1708826741.096
13845,1708826741.126
13846,1708826741.146
13847,1708826741.166
13848,1708826741.186
13849,1708826741.206
13850,1708826741.226
13851,1708826741.246
13852,1708826741.276
13853,1708826741.296
13854,1708826741.316
13855,1708826741.336
13856,1708826741.356
13857,1708826741.376
13858,1708826741.396
13859,1708826741.416
13860,1708826741.446
13861,1708826741.466
13862,1708826741.486
13863,1708826741.506
13864,1708826741.526
13865,1708826741.546
13866,1708826741.566
13867,1708826741.596
13868,1708826741.616
13869,1708826741.636
13870,1708826741.656
13871,1708826741.676
13872,1708826741.696
13873,1708826741.716
13874,1708826741.736
13875,1708826741.766
13876,1708826741.786
13877,1708826741.806
13878,1708826741.826
13879,1708826741.846
13880,1708826741.866
13881,1708826741.886
13882,1708826741.916
13883,1708826741.936
13884,1708826741.956
13885,1708826741.976
13886,1708826741.996
13887,1708826742.016
13888,1708826742.036
13889,1708826742.056
13890,1708826742.086
13891,1708826742.106
13892,1708826742.126
13893,1708826742.146
13894,1708826742.166
13895,1708826742.186
13896,1708826742.206
13897,1708826742.236
13898,1708826742.256
13899,1708826742.276
13900,1708826742.296
13901,1708826742.316
13902,1708826742.336
13903,1708826742.356
13904,1708826742.376
13905,1708826742.406
13906,1708826742.426
13907,1708826742.446
13908,1708826742.466
13909,1708826742.486
13910,1708826742.506
13911,1708826742.526
13912,1708826742.556
13913,1708826742.576
13914,1708826742.596
13915,1708826742.616
13916,1708826742.636
13917,1708826742.656
13918,1708826742.676
13919,1708826742.696
13920,1708826742.726
13921,1708826742.746
13922,1708826742.766
13923,1708826742.786
13924,1708826742.806
13925,1708826742.826
13926,1708826742.846
13927,1708826742.876
13928,1708826742.896
13929,1708826742.916
13930,1708826742.936
13931,1708826742.956
13932,1708826742.976
13933,1708826742.996
13934,1708826743.016
13935,1708826743.046
13936,1708826743.066
13937,1708826743.086
13938,1708826743.106
13939,1708826743.126
13940,1708826743.146
13941,1708826743.166
13942,1708826743.196
13943,1708826743.216
13944,1708826743.236
13945,1708826743.256
13946,1708826743.276
13947,1708826743.296
13948,1708826743.316
13949,1708826743.336
13950,1708826743.366
13951,1708826743.386
13952,1708826743.406
13953,1708826743.426
13954,1708826743.446
13955,1708826743.466
13956,1708826743.486
13957,1708826743.516
13958,1708826743.536
13959,1708826743.556
13960,1708826743.576
13961,1708826743.596
13962,1708826743.616
13963,1708826743.636
13964,1708826743.656
13965,1708826743.686
13966,1708826743.706
13967,1708826743.726
13968,1708826743.746
13969,1708826743.766
13970,1708826743.786
13971,1708826743.806
13972,1708826743.836
13973,1708826743.856
13974,1708826743.876
13975,1708826743.896
13976,1708826743.916
13977,1708826743.936
13978,1708826743.956
13979,1708826743.976
13980,1708826744.006
13981,1708826744.026
13982,1708826744.046
13983,1708826744.066
13984,1708826744.086
13985,1708826744.106
13986,1708826744.126
13987,1708826744.156
13988,1708826744.176
13989,1708826744.196
13990,1708826744.216
13991,1708826744.236
13992,1708826744.256
13993,1708826744.276
13994,1708826744.296
13995,1708826744.326
13996,1708826744.346
13997,1708826744.366
13998,1708826744.386
13999,1708826744.406
14000,1708826744.426
14001,1708826744.446
14002,1708826744.476
14003,1708826744.496
14004,1708826744.516
14005,1708826744.536
14006,1708826744.556
14007,1708826744.576
14008,1708826744.596
14009,1708826744.616
14010,1708826744.646
14011,1708826744.666
14012,1708826744.686
14013,1708826744.706
14014,1708826744.726
14015,1708826744.746
14016,1708826744.766
14017,1708826744.796
14018,1708826744.816
14019,1708826744.836
14020,1708826744.856
14021,1708826744.876
14022,1708826744.896
14023,1708826744.916
14024,1708826744.936
14025,1708826744.966
14026,1708826744.986
14027,1708826745.006
14028,1708826745.026
14029,1708826745.046
14030,1708826745.066
14031,1708826745.086
14032,1708826745.116
14033,1708826745.136
14034,1708826745.156
14035,1708826745.176
14036,1708826745.196
14037,1708826745.216
14038,1708826745.236
14039,1708826745.256
14040,1708826745.286
14041,1708826745.306
14042,1708826745.326
14043,1708826745.346
14044,1708826745.366
14045,1708826745.386
14046,1708826745.406
14047,1708826745.436
14048,1708826745.456
14049,1708826745.476
14050,1708826745.496
14051,1708826745.516
14052,1708826745.536
14053,1708826745.556
14054,1708826745.576
14055,1708826745.606
14056,1708826745.626
14057,1708826745.646
14058,1708826745.666
14059,1708826745.686
14060,1708826745.706
14061,1708826745.726
14062,1708826745.756
14063,1708826745.776
14064,1708826745.796
14065,1708826745.816
14066,1708826745.836
14067,1708826745.856
14068,1708826745.876
14069,1708826745.896
14070,1708826745.926
14071,1708826745.946
14072,1708826745.966
14073,1708826745.986
14074,1708826746.006
14075,1708826746.026
14076,1708826746.046
14077,1708826746.076
14078,1708826746.096
14079,1708826746.116
14080,1708826746.136
14081,1708826746.156
14082,1708826746.176
14083,1708826746.196
14084,1708826746.216
14085,1708826746.246
14086,1708826746.266
14087,1708826746.286
14088,1708826746.306
14089,1708826746.326
14090,1708826746.346
14091,1708826746.366
14092,1708826746.396
14093,1708826746.416
14094,1708826746.436
14095,1708826746.456
14096,1708826746.476
14097,1708826746.496
14098,1708826746.516
14099,1708826746.536
14100,1708826746.566
14101,1708826746.586
14102,1708826746.606
14103,1708826746.626
14104,1708826746.646
14105,1708826746.666
14106,1708826746.686
14107,1708826746.716
14108,1708826746.736
14109,1708826746.756
14110,1708826746.776
14111,1708826746.796
14112,1708826746.816
14113,1708826746.836
14114,1708826746.856
14115,1708826746.886
14116,1708826746.906
14117,1708826746.926
14118,1708826746.946
14119,1708826746.966
14120,1708826746.986
14121,1708826747.006
14122,1708826747.036
14123,1708826747.056
14124,1708826747.076
14125,1708826747.096
14126,1708826747.116
14127,1708826747.136
14128,1708826747.156
14129,1708826747.176
14130,1708826747.206
14131,1708826747.226
14132,1708826747.246
14133,1708826747.266
14134,1708826747.286
14135,1708826747.306
14136,1708826747.326
14137,1708826747.356
14138,1708826747.376
14139,1708826747.396
14140,1708826747.416
14141,1708826747.436
14142,1708826747.456
14143,1708826747.476
14144,1708826747.496
14145,1708826747.526
14146,1708826747.546
14147,1708826747.566
14148,1708826747.586
14149,1708826747.606
14150,1708826747.626
14151,1708826747.646
14152,1708826747.676
14153,1708826747.696
14154,1708826747.716
14155,1708826747.736
14156,1708826747.756
14157,1708826747.776
14158,1708826747.796
14159,1708826747.816
14160,1708826747.846
14161,1708826747.866
14162,1708826747.886
14163,1708826747.906
14164,1708826747.926
14165,1708826747.946
14166,1708826747.966
14167,1708826747.996
14168,1708826748.016
14169,1708826748.036
14170,1708826748.056
14171,1708826748.076
14172,1708826748.096
14173,1708826748.116
14174,1708826748.136
14175,1708826748.166
14176,1708826748.186
14177,1708826748.206
14178,1708826748.226
14179,1708826748.246
14180,1708826748.266
14181,1708826748.286
14182,1708826748.316
14183,1708826748.336
14184,1708826748.356
14185,1708826748.376
14186,1708826748.396
14187,1708826748.416
14188,1708826748.436
14189,1708826748.456
14190,1708826748.486
14191,1708826748.506
14192,1708826748.526
14193,1708826748.546
14194,1708826748.566
14195,1708826748.586
14196,1708826748.606
14197,1708826748.636
14198,1708826748.656
14199,1708826748.676
14200,1708826748.696
14201,1708826748.716
14202,1708826748.736
14203,1708826748.756
14204,1708826748.776
14205,1708826748.806
14206,1708826748.826
14207,1708826748.846
14208,1708826748.866
14209,1708826748.886
14210,1708826748.906
14211,1708826748.926
14212,1708826748.956
14213,1708826748.976
14214,1708826748.996
14215,1708826749.016
14216,1708826749.036
14217,1708826749.056
14218,1708826749.076
14219,1708826749.096
14220,1708826749.126
14221,1708826749.146
14222,1708826749.166
14223,1708826749.186
14224,1708826749.206
14225,1708826749.226
14226,1708826749.246
14227,1708826749.276
14228,1708826749.296
14229,1708826749.316
14230,1708826749.336
14231,1708826749.356
14232,1708826749.376
14233,1708826749.396
14234,1708826749.416
14235,1708826749.446
14236,1708826749.466
14237,1708826749.486
14238,1708826749.506
14239,1708826749.526
14240,1708826749.546
14241,1708826749.566
14242,1708826749.596
14243,1708826749.616
14244,1708826749.636
14245,1708826749.656
14246,1708826749.676
14247,1708826749.696
14248,1708826749.716
14249,1708826749.736
14250,1708826749.766
14251,1708826749.786
14252,1708826749.806
14253,1708826749.826
14254,1708826749.846
14255,1708826749.866
14256,1708826749.886
14257,1708826749.916
14258,1708826749.936
14259,1708826749.956
14260,1708826749.976
14261,1708826749.996
14262,1708826750.016
14263,1708826750.036
14264,1708826750.056
14265,1708826750.086
14266,1708826750.106
14267,1708826750.126
14268,1708826750.146
14269,1708826750.166
14270,1708826750.186
14271,1708826750.206
14272,1708826750.236
14273,1708826750.256
14274,1708826750.276
14275,1708826750.296
14276,1708826750.316
14277,1708826750.336
14278,1708826750.356
14279,1708826750.376
14280,1708826750.406
14281,1708826750.426
14282,1708826750.446
14283,1708826750.466
14284,1708826750.486
14285,1708826750.506
14286,1708826750.526
14287,1708826750.556
14288,1708826750.576
14289,1708826750.596
14290,1708826750.616
14291,1708826750.636
14292,1708826750.656
14293,1708826750.676
14294,1708826750.696
14295,1708826750.726
14296,1708826750.746
14297,1708826750.766
14298,1708826750.786
14299,1708826750.806
14300,1708826750.826
14301,1708826750.846
14302,1708826750.876
14303,1708826750.896
14304,1708826750.916
14305,1708826750.936
14306,1708826750.956
14307,1708826750.976
14308,1708826750.996
14309,1708826751.016
14310,1708826751.046
14311,1708826751.066
14312,1708826751.086
14313,1708826751.106
14314,1708826751.126
14315,1708826751.146
14316,1708826751.166
14317,1708826751.196
14318,1708826751.216
14319,1708826751.236
14320,1708826751.256
14321,1708826751.276
14322,1708826751.296
14323,1708826751.316
14324,1708826751.336
14325,1708826751.366
14326,1708826751.386
14327,1708826751.406
14328,1708826751.426
14329,1708826751.446
14330,1708826751.466
14331,1708826751.486
14332,1708826751.516
14333,1708826751.536
14334,1708826751.556
14335,1708826751.576
14336,1708826751.596
14337,1708826751.616
14338,1708826751.636
14339,1708826751.656
14340,1708826751.686
14341,1708826751.706
14342,1708826751.726
14343,1708826751.746
14344,1708826751.766
14345,1708826751.786
14346,1708826751.806
14347,1708826751.836
14348,1708826751.856
14349,1708826751.876
14350,1708826751.896
14351,1708826751.916
14352,1708826751.936
14353,1708826751.956
14354,1708826751.976
14355,1708826752.006
14356,1708826752.026
14357,1708826752.046
14358,1708826752.066
14359,1708826752.086
14360,1708826752.106
14361,1708826752.126
14362,1708826752.156
14363,1708826752.176
14364,1708826752.196
14365,1708826752.216
14366,1708826752.236
14367,1708826752.256
14368,1708826752.276
14369,1708826752.296
14370,1708826752.326
14371,1708826752.346
14372,1708826752.366
14373,1708826752.386
14374,1708826752.406
14375,1708826752.426
14376,1708826752.446
14377,1708826752.476
14378,1708826752.496
14379,1708826752.516
14380,1708826752.536
14381,1708826752.556
14382,1708826752.576
14383,1708826752.596
14384,1708826752.616
14385,1708826752.646
14386,1708826752.666
14387,1708826752.686
14388,1708826752.706
14389,1708826752.726
14390,1708826752.746
14391,1708826752.766
14392,1708826752.796
14393,1708826752.816
14394,1708826752.836
14395,1708826752.856
14396,1708826752.876
14397,1708826752.896
14398,1708826752.916
14399,1708826752.936
14400,1708826752.966
14401,1708826752.986
14402,1708826753.006
14403,1708826753.026
14404,1708826753.046
14405,1708826753.066
14406,1708826753.086
14407,1708826753.116
14408,1708826753.136
14409,1708826753.156
14410,1708826753.176
14411,1708826753.196
14412,1708826753.216
14413,1708826753.236
14414,1708826753.256
14415,1708826753.286
14416,1708826753.306
14417,1708826753.326
14418,1708826753.346
14419,1708826753.366
14420,1708826753.386
14421,1708826753.406
14422,1708826753.436
14423,1708826753.456
14424,1708826753.476
14425,1708826753.496
14426,1708826753.516
14427,1708826753.536
14428,1708826753.556
14429,1708826753.576
14430,1708826753.606
14431,1708826753.626
14432,1708826753.646
14433,1708826753.666
14434,1708826753.686
14435,1708826753.706
14436,1708826753.726
14437,1708826753.756
14438,1708826753.776
14439,1708826753.796
14440,1708826753.816
14441,1708826753.836
14442,1708826753.856
14443,1708826753.876
14444,1708826753.896
14445,1708826753.926
14446,1708826753.946
14447,1708826753.966
14448,1708826753.986
14449,1708826754.006
14450,1708826754.026
14451,1708826754.046
14452,1708826754.076
14453,1708826754.096
14454,1708826754.116
14455,1708826754.136
14456,1708826754.156
14457,1708826754.176
14458,1708826754.196
14459,1708826754.216
14460,1708826754.246
14461,1708826754.266
14462,1708826754.286
14463,1708826754.306
14464,1708826754.326
14465,1708826754.346
14466,1708826754.366
14467,1708826754.396
14468,1708826754.416
14469,1708826754.436
14470,1708826754.456
14471,1708826754.476
14472,1708826754.496
14473,1708826754.516
14474,1708826754.536
14475,1708826754.566
14476,1708826754.586
14477,1708826754.606
14478,1708826754.626
14479,1708826754.646
14480,1708826754.666
14481,1708826754.686
14482,1708826754.716
14483,1708826754.736
14484,1708826754.756
14485,1708826754.776
14486,1708826754.796
14487,1708826754.816
14488,1708826754.836
14489,1708826754.856
14490,1708826754.886
14491,1708826754.906
14492,1708826754.926
14493,1708826754.946
14494,1708826754.966
14495,1708826754.986
14496,1708826755.006
14497,1708826755.036
14498,1708826755.056
14499,1708826755.076
14500,1708826755.096
14501,1708826755.116
14502,1708826755.136
14503,1708826755.156
14504,1708826755.176
14505,1708826755.206
14506,1708826755.226
14507,1708826755.246
14508,1708826755.266
14509,1708826755.286
14510,1708826755.306
14511,1708826755.326
14512,1708826755.356
14513,1708826755.376
14514,1708826755.396
14515,1708826755.416
14516,1708826755.436
14517,1708826755.456
14518,1708826755.476
14519,1708826755.496
14520,1708826755.526
14521,1708826755.546
14522,1708826755.566
14523,1708826755.586
14524,1708826755.606
14525,1708826755.626
14526,1708826755.646
14527,1708826755.676
14528,1708826755.696
14529,1708826755.716
14530,1708826755.736
14531,1708826755.756
14532,1708826755.776
14533,1708826755.796
14534,1708826755.816
14535,1708826755.846
14536,1708826755.866
14537,1708826755.886
14538,1708826755.906
14539,1708826755.926
14540,1708826755.946
14541,1708826755.966
14542,1708826755.996
14543,1708826756.016
14544,1708826756.036
14545,1708826756.056
14546,1708826756.076
14547,1708826756.096
14548,1708826756.116
14549,1708826756.136
14550,1708826756.166
14551,1708826756.186
14552,1708826756.206
14553,1708826756.226
14554,1708826756.246
14555,1708826756.266
14556,1708826756.286
14557,1708826756.316
14558,1708826756.336
14559,1708826756.356
14560,1708826756.376
14561,1708826756.396
14562,1708826756.416
14563,1708826756.436
14564,1708826756.456
14565,1708826756.486
14566,1708826756.506
14567,1708826756.526
14568,1708826756.546
14569,1708826756.566
14570,1708826756.586
14571,1708826756.606
14572,1708826756.636
14573,1708826756.656
14574,1708826756.676
14575,1708826756.696
14576,1708826756.716
14577,1708826756.736
14578,1708826756.756
14579,1708826756.776
14580,1708826756.806
14581,1708826756.826
14582,1708826756.846
14583,1708826756.866
14584,1708826756.886
14585,1708826756.906
14586,1708826756.926
14587,1708826756.956
14588,1708826756.976
14589,1708826756.996
14590,1708826757.016
14591,1708826757.036
14592,1708826757.056
14593,1708826757.076
14594,1708826757.096
14595,1708826757.126
14596,1708826757.146
14597,1708826757.166
14598,1708826757.186
14599,1708826757.206
14600,1708826757.226
14601,1708826757.246
14602,1708826757.276
14603,1708826757.296
14604,1708826757.316
14605,1708826757.336
14606,1708826757.356
14607,1708826757.376
14608,1708826757.396
14609,1708826757.416
14610,1708826757.446
14611,1708826757.466
14612,1708826757.486
14613,1708826757.506
14614,1708826757.526
14615,1708826757.546
14616,1708826757.566
14617,1708826757.596
14618,1708826757.616
14619,1708826757.636
14620,1708826757.656
14621,1708826757.676
14622,1708826757.696
14623,1708826757.716
14624,1708826757.736
14625,1708826757.766
14626,1708826757.786
14627,1708826757.806
14628,1708826757.826
14629,1708826757.846
14630,1708826757.866
14631,1708826757.886
14632,1708826757.916
14633,1708826757.936
14634,1708826757.956
14635,1708826757.976
14636,1708826757.996
14637,1708826758.016
14638,1708826758.036
14639,1708826758.056
14640,1708826758.086
14641,1708826758.106
14642,1708826758.126
14643,1708826758.146
14644,1708826758.166
14645,1708826758.186
14646,1708826758.206
14647,1708826758.236
14648,1708826758.256
14649,1708826758.276
14650,1708826758.296
14651,1708826758.316
14652,1708826758.336
14653,1708826758.356
14654,1708826758.376
14655,1708826758.406
14656,1708826758.426
14657,1708826758.446
14658,1708826758.466
14659,1708826758.486
14660,1708826758.506
14661,1708826758.526
14662,1708826758.556
14663,1708826758.576
14664,1708826758.596
14665,1708826758.616
14666,1708826758.636
14667,1708826758.656
14668,1708826758.676
14669,1708826758.696
14670,1708826758.726
14671,1708826758.746
14672,1708826758.766
14673,1708826758.786
14674,1708826758.806
14675,1708826758.826
14676,1708826758.846
14677,1708826758.876
14678,1708826758.896
14679,1708826758.916
14680,1708826758.936
14681,1708826758.956
14682,1708826758.976
14683,1708826758.996
14684,1708826759.016
14685,1708826759.046
14686,1708826759.066
14687,1708826759.086
14688,1708826759.106
14689,1708826759.126
14690,1708826759.146
14691,1708826759.166
14692,1708826759.196
14693,1708826759.216
14694,1708826759.236
14695,1708826759.256
14696,1708826759.276
14697,1708826759.296
14698,1708826759.316
14699,1708826759.336
14700,1708826759.366
14701,1708826759.386
14702,1708826759.406
14703,1708826759.426
14704,1708826759.446
14705,1708826759.466
14706,1708826759.486
14707,1708826759.516
14708,1708826759.536
14709,1708826759.556
14710,1708826759.576
14711,1708826759.596
14712,1708826759.616
14713,1708826759.636
14714,1708826759.656
14715,1708826759.686
14716,1708826759.706
14717,1708826759.726
14718,1708826759.746
14719,1708826759.766
14720,1708826759.786
14721,1708826759.806
14722,1708826759.836
14723,1708826759.856
14724,1708826759.876
14725,1708826759.896
14726,1708826759.916
14727,1708826759.936
14728,1708826759.956
14729,1708826759.976
14730,1708826760.006
14731,1708826760.026
14732,1708826760.046
14733,1708826760.066
14734,1708826760.086
14735,1708826760.106
14736,1708826760.126
14737,1708826760.156
14738,1708826760.176
14739,1708826760.196
14740,1708826760.216
14741,1708826760.236
14742,1708826760.256
14743,1708826760.276
14744,1708826760.296
14745,1708826760.326
14746,1708826760.346
14747,1708826760.366
14748,1708826760.386
14749,1708826760.406
14750,1708826760.426
14751,1708826760.446
14752,1708826760.476
14753,1708826760.496
14754,1708826760.516
14755,1708826760.536
14756,1708826760.556
14757,1708826760.576
14758,1708826760.596
14759,1708826760.616
14760,1708826760.646
14761,1708826760.666
14762,1708826760.686
14763,1708826760.706
14764,1708826760.726
14765,1708826760.746
14766,1708826760.766
14767,1708826760.796
14768,1708826760.816
14769,1708826760.836
14770,1708826760.856
14771,1708826760.876
14772,1708826760.896
14773,1708826760.916
14774,1708826760.936
14775,1708826760.966
14776,1708826760.986
14777,1708826761.006
14778,1708826761.026
14779,1708826761.046
14780,1708826761.066
14781,1708826761.086
14782,1708826761.116
14783,1708826761.136
14784,1708826761.156
14785,1708826761.176
14786,1708826761.196
14787,1708826761.216
14788,1708826761.236
14789,1708826761.256
14790,1708826761.286
14791,1708826761.306
14792,1708826761.326
14793,1708826761.346
14794,1708826761.366
14795,1708826761.386
14796,1708826761.406
14797,1708826761.436
14798,1708826761.456
14799,1708826761.476
14800,1708826761.496
14801,1708826761.516
14802,1708826761.536
14803,1708826761.556
14804,1708826761.576
14805,1708826761.606
14806,1708826761.626
14807,1708826761.646
14808,1708826761.666
14809,1708826761.686
14810,1708826761.706
14811,1708826761.726
14812,1708826761.756
14813,1708826761.776
14814,1708826761.796
14815,1708826761.816
14816,1708826761.836
14817,1708826761.856
14818,1708826761.876
14819,1708826761.896
14820,1708826761.926
14821,1708826761.946
14822,1708826761.966
14823,1708826761.986
14824,1708826762.006
14825,1708826762.026
14826,1708826762.046
14827,1708826762.076
14828,1708826762.096
14829,1708826762.116
14830,1708826762.136
14831,1708826762.156
14832,1708826762.176
14833,1708826762.196
14834,1708826762.216
14835,1708826762.246
14836,1708826762.266
14837,1708826762.286
14838,1708826762.306
14839,1708826762.326
14840,1708826762.346
14841,1708826762.366
14842,1708826762.396
14843,1708826762.416
14844,1708826762.436
14845,1708826762.456
14846,1708826762.476
14847,1708826762.496
14848,1708826762.516
14849,1708826762.536
14850,1708826762.566
14851,1708826762.586
14852,1708826762.606
14853,1708826762.626
14854,1708826762.646
14855,1708826762.666
14856,1708826762.686
14857,1708826762.716
14858,1708826762.736
14859,1708826762.756
14860,1708826762.776
14861,1708826762.796
14862,1708826762.816
14863,1708826762.836
14864,1708826762.856
14865,1708826762.886
14866,1708826762.906
14867,1708826762.926
14868,1708826762.946
14869,1708826762.966
14870,1708826762.986
14871,1708826763.006
14872,1708826763.036
14873,1708826763.056
14874,1708826763.076
14875,1708826763.096
14876,1708826763.116
14877,1708826763.136
14878,1708826763.156
14879,1708826763.176
14880,1708826763.206
14881,1708826763.226
14882,1708826763.246
14883,1708826763.266
14884,1708826763.286
14885,1708826763.306
14886,1708826763.326
14887,1708826763.356
14888,1708826763.376
14889,1708826763.396
14890,1708826763.416
14891,1708826763.436
14892,1708826763.456
14893,1708826763.476
14894,1708826763.496
14895,1708826763.526
14896,1708826763.546
14897,1708826763.566
14898,1708826763.586
14899,1708826763.606
14900,1708826763.626
14901,1708826763.646
14902,1708826763.676
14903,1708826763.696
14904,1708826763.716
14905,1708826763.736
14906,1708826763.756
14907,1708826763.776
14908,1708826763.796
14909,1708826763.816
14910,1708826763.846
14911,1708826763.866
14912,1708826763.886
14913,1708826763.906
14914,1708826763.926
14915,1708826763.946
14916,1708826763.966
14917,1708826763.996
14918,1708826764.016
14919,1708826764.036
14920,1708826764.056
14921,1708826764.076
14922,1708826764.096
14923,1708826764.116
14924,1708826764.136
14925,1708826764.166
14926,1708826764.186
14927,1708826764.206
14928,1708826764.226
14929,1708826764.246
14930,1708826764.266
14931,1708826764.286
14932,1708826764.316
14933,1708826764.336
14934,1708826764.356
14935,1708826764.376
14936,1708826764.396
14937,1708826764.416
14938,1708826764.436
14939,1708826764.456
14940,1708826764.486
14941,1708826764.506
14942,1708826764.526
14943,1708826764.546
14944,1708826764.566
14945,1708826764.586
14946,1708826764.606
14947,1708826764.636
14948,1708826764.656
14949,1708826764.676
14950,1708826764.696
14951,1708826764.716
14952,1708826764.736
14953,1708826764.756
14954,1708826764.776
14955,1708826764.806
14956,1708826764.826
14957,1708826764.846
14958,1708826764.866
14959,1708826764.886
14960,1708826764.906
14961,1708826764.926
14962,1708826764.956
14963,1708826764.976
14964,1708826764.996
14965,1708826765.016
14966,1708826765.036
14967,1708826765.056
14968,1708826765.076
14969,1708826765.096
14970,1708826765.126
14971,1708826765.146
14972,1708826765.166
14973,1708826765.186
14974,1708826765.206
14975,1708826765.226
14976,1708826765.246
14977,1708826765.276
14978,1708826765.296
14979,1708826765.316
14980,1708826765.336
14981,1708826765.356
14982,1708826765.376
14983,1708826765.396
14984,1708826765.416
14985,1708826765.446
14986,1708826765.466
14987,1708826765.486
14988,1708826765.506
14989,1708826765.526
14990,1708826765.546
14991,1708826765.566
14992,1708826765.596
14993,1708826765.616
14994,1708826765.636
14995,1708826765.656
14996,1708826765.676
14997,1708826765.696
14998,1708826765.716
14999,1708826765.736
15000,1708826765.766
15001,1708826765.786
15002,1708826765.806
15003,1708826765.826
15004,1708826765.846
15005,1708826765.866
15006,1708826765.886
15007,1708826765.916
15008,1708826765.936
15009,1708826765.956
15010,1708826765.976
15011,1708826765.996
15012,1708826766.016
15013,1708826766.036
15014,1708826766.056
15015,1708826766.086
15016,1708826766.106
15017,1708826766.126
15018,1708826766.146
15019,1708826766.166
15020,1708826766.186
15021,1708826766.206
15022,1708826766.236
15023,1708826766.256
15024,1708826766.276
15025,1708826766.296
15026,1708826766.316
15027,1708826766.336
15028,1708826766.356
15029,1708826766.376
15030,1708826766.406
15031,1708826766.426
15032,1708826766.446
15033,1708826766.466
15034,1708826766.486
15035,1708826766.506
15036,1708826766.526
15037,1708826766.556
15038,1708826766.576
15039,1708826766.596
15040,1708826766.616
15041,1708826766.636
15042,1708826766.656
15043,1708826766.676
15044,1708826766.696
15045,1708826766.726
15046,1708826766.746
15047,1708826766.766
15048,1708826766.786
15049,1708826766.806
15050,1708826766.826
15051,1708826766.846
15052,1708826766.876
15053,1708826766.896
15054,1708826766.916
15055,1708826766.936
15056,1708826766.956
15057,1708826766.976
15058,1708826766.996
15059,1708826767.016
15060,1708826767.046
15061,1708826767.066
15062,1708826767.086
15063,1708826767.106
15064,1708826767.126
15065,1708826767.146
15066,1708826767.166
15067,1708826767.196
15068,1708826767.216
15069,1708826767.236
15070,1708826767.256
15071,1708826767.276
15072,1708826767.296
15073,1708826767.316
15074,1708826767.336
15075,1708826767.366
15076,1708826767.386
15077,1708826767.406
15078,1708826767.426
15079,1708826767.446
15080,1708826767.466
15081,1708826767.486
15082,1708826767.516
15083,1708826767.536
15084,1708826767.556
15085,1708826767.576
15086,1708826767.596
15087,1708826767.616
15088,1708826767.636
15089,1708826767.656
15090,1708826767.686
15091,1708826767.706
15092,1708826767.726
15093,1708826767.746
15094,1708826767.766
15095,1708826767.786
15096,1708826767.806
15097,1708826767.836
15098,1708826767.856
15099,1708826767.876
15100,1708826767.896
15101,1708826767.916
15102,1708826767.936
15103,1708826767.956
15104,1708826767.976
15105,1708826768.006
15106,1708826768.026
15107,1708826768.046
15108,1708826768.066
15109,1708826768.086
15110,1708826768.106
15111,1708826768.126
15112,1708826768.156
15113,1708826768.176
15114,1708826768.196
15115,1708826768.216
15116,1708826768.236
15117,1708826768.256
15118,1708826768.276
15119,1708826768.296
15120,1708826768.326
15121,1708826768.346
15122,1708826768.366
15123,1708826768.386
15124,1708826768.406
15125,1708826768.426
15126,1708826768.446
15127,1708826768.476
15128,1708826768.496
15129,1708826768.516
15130,1708826768.536
15131,1708826768.556
15132,1708826768.576
15133,1708826768.596
15134,1708826768.616
15135,1708826768.646
15136,1708826768.666
15137,1708826768.686
15138,1708826768.706
15139,1708826768.726
15140,1708826768.746
15141,1708826768.766
15142,1708826768.796
15143,1708826768.816
15144,1708826768.836
15145,1708826768.856
15146,1708826768.876
15147,1708826768.896
15148,1708826768.916
15149,1708826768.936
15150,1708826768.966
15151,1708826768.986
15152,1708826769.006
15153,1708826769.026
15154,1708826769.046
15155,1708826769.066
15156,1708826769.086
15157,1708826769.116
15158,1708826769.136
15159,1708826769.156
15160,1708826769.176
15161,1708826769.196
15162,1708826769.216
15163,1708826769.236
15164,1708826769.256
15165,1708826769.286
15166,1708826769.306
15167,1708826769.326
15168,1708826769.346
15169,1708826769.366
15170,1708826769.386
15171,1708826769.406
15172,1708826769.436
15173,1708826769.456
15174,1708826769.476
15175,1708826769.496
15176,1708826769.516
15177,1708826769.536
15178,1708826769.556
15179,1708826769.576
15180,1708826769.606
15181,1708826769.626
15182,1708826769.646
15183,1708826769.666
15184,1708826769.686
15185,1708826769.706
15186,1708826769.726
15187,1708826769.756
15188,1708826769.776
15189,1708826769.796
15190,1708826769.816
15191,1708826769.836
15192,1708826769.856
15193,1708826769.876
15194,1708826769.896
15195,1708826769.926
15196,1708826769.946
15197,1708826769.966
15198,1708826769.986
15199,1708826770.006
15200,1708826770.026
15201,1708826770.046
15202,1708826770.076
15203,1708826770.096
15204,1708826770.116
15205,1708826770.136
15206,1708826770.156
15207,1708826770.176
15208,1708826770.196
15209,1708826770.216
15210,1708826770.246
15211,1708826770.266
15212,1708826770.286
15213,1708826770.306
15214,1708826770.326
15215,1708826770.346
15216,1708826770.366
15217,1708826770.396
15218,1708826770.416
15219,1708826770.436
15220,1708826770.456
15221,1708826770.476
15222,1708826770.496
15223,1708826770.516
15224,1708826770.536
15225,1708826770.566
15226,1708826770.586
15227,1708826770.606
15228,1708826770.626
15229,1708826770.646
15230,1708826770.666
15231,1708826770.686
15232,1708826770.716
15233,1708826770.736
15234,1708826770.756
15235,1708826770.776
15236,1708826770.796
15237,1708826770.816
15238,1708826770.836
15239,1708826770.856
15240,1708826770.886
15241,1708826770.906
15242,1708826770.926
15243,1708826770.946
15244,1708826770.966
15245,1708826770.986
15246,1708826771.006
15247,1708826771.036
15248,1708826771.056
15249,1708826771.076
15250,1708826771.096
15251,1708826771.116
15252,1708826771.136
15253,1708826771.156
15254,1708826771.176
15255,1708826771.206
15256,1708826771.226
15257,1708826771.246
15258,1708826771.266
15259,1708826771.286
15260,1708826771.306
15261,1708826771.326
15262,1708826771.356
15263,1708826771.376
15264,1708826771.396
15265,1708826771.416
15266,1708826771.436
15267,1708826771.456
15268,1708826771.476
15269,1708826771.496
15270,1708826771.526
15271,1708826771.546
15272,1708826771.566
15273,1708826771.586
15274,1708826771.606
15275,1708826771.626
15276,1708826771.646
15277,1708826771.676
15278,1708826771.696
15279,1708826771.716
15280,1708826771.736
15281,1708826771.756
15282,1708826771.776
15283,1708826771.796
15284,1708826771.816
15285,1708826771.846
15286,1708826771.866
15287,1708826771.886
15288,1708826771.906
15289,1708826771.926
15290,1708826771.946
15291,1708826771.966
15292,1708826771.996
15293,1708826772.016
15294,1708826772.036
15295,1708826772.056
15296,1708826772.076
15297,1708826772.096
15298,1708826772.116
15299,1708826772.136
15300,1708826772.166
15301,1708826772.186
15302,1708826772.206
15303,1708826772.226
15304,1708826772.246
15305,1708826772.266
15306,1708826772.286
15307,1708826772.316
15308,1708826772.336
15309,1708826772.356
15310,1708826772.376
15311,1708826772.396
15312,1708826772.416
15313,1708826772.436
15314,1708826772.456
15315,1708826772.486
15316,1708826772.506
15317,1708826772.526
15318,1708826772.546
15319,1708826772.566
15320,1708826772.586
15321,1708826772.606
15322,1708826772.636
15323,1708826772.656
15324,1708826772.676
15325,1708826772.696
15326,1708826772.716
15327,1708826772.736
15328,1708826772.756
15329,1708826772.776
15330,1708826772.806
15331,1708826772.826
15332,1708826772.846
15333,1708826772.866
15334,1708826772.886
15335,1708826772.906
15336,1708826772.926
15337,1708826772.956
15338,1708826772.976
15339,1708826772.996
15340,1708826773.016
15341,1708826773.036
15342,1708826773.056
15343,1708826773.076
15344,1708826773.096
15345,1708826773.126
15346,1708826773.146
15347,1708826773.166
15348,1708826773.186
15349,1708826773.206
15350,1708826773.226
15351,1708826773.246
15352,1708826773.276
15353,1708826773.296
15354,1708826773.316
15355,1708826773.336
15356,1708826773.356
15357,1708826773.376
15358,1708826773.396
15359,1708826773.416
15360,1708826773.446
15361,1708826773.466
15362,1708826773.486
15363,1708826773.506
15364,1708826773.526
15365,1708826773.546
15366,1708826773.566
15367,1708826773.596
15368,1708826773.616
15369,1708826773.636
15370,1708826773.656
15371,1708826773.676
15372,1708826773.696
15373,1708826773.716
15374,1708826773.736
15375,1708826773.766
15376,1708826773.786
15377,1708826773.806
15378,1708826773.826
15379,1708826773.846
15380,1708826773.866
15381,1708826773.886
15382,1708826773.916
15383,1708826773.936
15384,1708826773.956
15385,1708826773.976
15386,1708826773.996
15387,1708826774.016
15388,1708826774.036
15389,1708826774.056
15390,1708826774.086
15391,1708826774.106
15392,1708826774.126
15393,1708826774.146
15394,1708826774.166
15395,1708826774.186
15396,1708826774.206
15397,1708826774.236
15398,1708826774.256
15399,1708826774.276
15400,1708826774.296
15401,1708826774.316
15402,1708826774.336
15403,1708826774.356
15404,1708826774.376
15405,1708826774.406
15406,1708826774.426
15407,1708826774.446
15408,1708826774.466
15409,1708826774.486
15410,1708826774.506
15411,1708826774.526
15412,1708826774.556
15413,1708826774.576
15414,1708826774.596
15415,1708826774.616
15416,1708826774.636
15417,1708826774.656
15418,1708826774.676
15419,1708826774.696
15420,1708826774.726
15421,1708826774.746
15422,1708826774.766
15423,1708826774.786
15424,1708826774.806
15425,1708826774.826
15426,1708826774.846
15427,1708826774.876
15428,1708826774.896
15429,1708826774.916
15430,1708826774.936
15431,1708826774.956
15432,1708826774.976
15433,1708826774.996
15434,1708826775.016
15435,1708826775.046
15436,1708826775.066
15437,1708826775.086
15438,1708826775.106
15439,1708826775.126
15440,1708826775.146
15441,1708826775.166
15442,1708826775.196
15443,1708826775.216
15444,1708826775.236
15445,1708826775.256
15446,1708826775.276
15447,1708826775.296
15448,1708826775.316
15449,1708826775.336
15450,1708826775.366
15451,1708826775.386
15452,1708826775.406
15453,1708826775.426
15454,1708826775.446
15455,1708826775.466
15456,1708826775.486
15457,1708826775.516
15458,1708826775.536
15459,1708826775.556
15460,1708826775.576
15461,1708826775.596
15462,1708826775.616
15463,1708826775.636
15464,1708826775.656
15465,1708826775.686
15466,1708826775.706
15467,1708826775.726
15468,1708826775.746
15469,1708826775.766
15470,1708826775.786
15471,1708826775.806
15472,1708826775.836
15473,1708826775.856
15474,1708826775.876
15475,1708826775.896
15476,1708826775.916
15477,1708826775.936
15478,1708826775.956
15479,1708826775.976
15480,1708826776.006
15481,1708826776.026
15482,1708826776.046
15483,1708826776.066
15484,1708826776.086
15485,1708826776.106
15486,1708826776.126
15487,1708826776.156
15488,1708826776.176
15489,1708826776.196
15490,1708826776.216
15491,1708826776.236
15492,1708826776.256
15493,1708826776.276
15494,1708826776.296
15495,1708826776.326
15496,1708826776.346
15497,1708826776.366
15498,1708826776.386
15499,1708826776.406
15500,1708826776.426
15501,1708826776.446
15502,1708826776.476
15503,1708826776.496
15504,1708826776.516
15505,1708826776.536
15506,1708826776.556
15507,1708826776.576
15508,1708826776.596
15509,1708826776.616
15510,1708826776.646
15511,1708826776.666
15512,1708826776.686
15513,1708826776.706
15514,1708826776.726
15515,1708826776.746
15516,1708826776.766
15517,1708826776.796
15518,1708826776.816
15519,1708826776.836
15520,1708826776.856
15521,1708826776.876
15522,1708826776.896
15523,1708826776.916
15524,1708826776.936
15525,1708826776.966
15526,1708826776.986
15527,1708826777.006
15528,1708826777.026
15529,1708826777.046
15530,1708826777.066
15531,1708826777.086
15532,1708826777.116
15533,1708826777.136
15534,1708826777.156
15535,1708826777.176
15536,1708826777.196
15537,1708826777.216
15538,1708826777.236
15539,1708826777.256
15540,1708826777.286
15541,1708826777.306
15542,1708826777.326
15543,1708826777.346
15544,1708826777.366
15545,1708826777.386
15546,1708826777.406
15547,1708826777.436
15548,1708826777.456
15549,1708826777.476
15550,1708826777.496
15551,1708826777.516
15552,1708826777.536
15553,1708826777.556
15554,1708826777.576
15555,1708826777.606
15556,1708826777.626
15557,1708826777.646
15558,1708826777.666
15559,1708826777.686
15560,1708826777.706
15561,1708826777.726
15562,1708826777.756
15563,1708826777.776
15564,1708826777.796
15565,1708826777.816
15566,1708826777.836
15567,1708826777.856
15568,1708826777.876
15569,1708826777.896
15570,1708826777.926
15571,1708826777.946
15572,1708826777.966
15573,1708826777.986
15574,1708826778.006
15575,1708826778.026
15576,1708826778.046
15577,1708826778.076
15578,1708826778.096
15579,1708826778.116
15580,1708826778.136
15581,1708826778.156
15582,1708826778.176
15583,1708826778.196
15584,1708826778.216
15585,1708826778.246
15586,1708826778.266
15587,1708826778.286
15588,1708826778.306
15589,1708826778.326
15590,1708826778.346
15591,1708826778.366
15592,1708826778.396
15593,1708826778.416
15594,1708826778.436
15595,1708826778.456
15596,1708826778.476
15597,1708826778.496
15598,1708826778.516
15599,1708826778.536
15600,1708826778.566
15601,1708826778.586
15602,1708826778.606
15603,1708826778.626
15604,1708826778.646
15605,1708826778.666
15606,1708826778.686
15607,1708826778.716
15608,1708826778.736
15609,1708826778.756
15610,1708826778.776
15611,1708826778.796
15612,1708826778.816
15613,1708826778.836
15614,1708826778.856
15615,1708826778.886
15616,1708826778.906
15617,1708826778.926
15618,1708826778.946
15619,1708826778.966
15620,1708826778.986
15621,1708826779.006
15622,1708826779.036
15623,1708826779.056
15624,1708826779.076
15625,1708826779.096
15626,1708826779.116
15627,1708826779.136
15628,1708826779.156
15629,1708826779.176
15630,1708826779.206
15631,1708826779.226
15632,1708826779.246
15633,1708826779.266
15634,1708826779.286
15635,1708826779.306
15636,1708826779.326
15637,1708826779.356
15638,1708826779.376
15639,1708826779.396
15640,1708826779.416
15641,1708826779.436
15642,1708826779.456
15643,1708826779.476
15644,1708826779.496
15645,1708826779.526
15646,1708826779.546
15647,1708826779.566
15648,1708826779.586
15649,1708826779.606
15650,1708826779.626
15651,1708826779.646
15652,1708826779.676
15653,1708826779.696
15654,1708826779.716
15655,1708826779.736
15656,1708826779.756
15657,1708826779.776
15658,1708826779.796
15659,1708826779.816
15660,1708826779.846
15661,1708826779.866
15662,1708826779.886
15663,1708826779.906
15664,1708826779.926
15665,1708826779.946
15666,1708826779.966
15667,1708826779.996
15668,1708826780.016
15669,1708826780.036
15670,1708826780.056
15671,1708826780.076
15672,1708826780.096
15673,1708826780.116
15674,1708826780.136
15675,1708826780.166
15676,1708826780.186
15677,1708826780.206
15678,1708826780.226
15679,1708826780.246
15680,1708826780.266
15681,1708826780.286
15682,1708826780.316
15683,1708826780.336
15684,1708826780.356
15685,1708826780.376
15686,1708826780.396
15687,1708826780.416
15688,1708826780.436
15689,1708826780.456
15690,1708826780.486
15691,1708826780.506
15692,1708826780.526
15693,1708826780.546
15694,1708826780.566
15695,1708826780.586
15696,1708826780.606
15697,1708826780.636
15698,1708826780.656
15699,1708826780.676
15700,1708826780.696
15701,1708826780.716
15702,1708826780.736
15703,1708826780.756
15704,1708826780.776
15705,1708826780.806
15706,1708826780.826
15707,1708826780.846
15708,1708826780.866
15709,1708826780.886
15710,1708826780.906
15711,1708826780.926
15712,1708826780.956
15713,1708826780.976
15714,1708826780.996
15715,1708826781.016
15716,1708826781.036
15717,1708826781.056
15718,1708826781.076
15719,1708826781.096
15720,1708826781.126
15721,1708826781.146
15722,1708826781.166
15723,1708826781.186
15724,1708826781.206
15725,1708826781.226
15726,1708826781.246
15727,1708826781.276
15728,1708826781.296
15729,1708826781.316
15730,1708826781.336
15731,1708826781.356
15732,1708826781.376
15733,1708826781.396
15734,1708826781.416
15735,1708826781.446
15736,1708826781.466
15737,1708826781.486
15738,1708826781.506
15739,1708826781.526
15740,1708826781.546
15741,1708826781.566
15742,1708826781.596
15743,1708826781.616
15744,1708826781.636
15745,1708826781.656
15746,1708826781.676
15747,1708826781.696
15748,1708826781.716
15749,1708826781.736
15750,1708826781.766
15751,1708826781.786
15752,1708826781.806
15753,1708826781.826
15754,1708826781.846
15755,1708826781.866
15756,1708826781.886
15757,1708826781.916
15758,1708826781.936
15759,1708826781.956
15760,1708826781.976
15761,1708826781.996
15762,1708826782.016
15763,1708826782.036
15764,1708826782.056
15765,1708826782.086
15766,1708826782.106
15767,1708826782.126
15768,1708826782.146
15769,1708826782.166
15770,1708826782.186
15771,1708826782.206
15772,1708826782.236
15773,1708826782.256
15774,1708826782.276
15775,1708826782.296
15776,1708826782.316
15777,1708826782.336
15778,1708826782.356
15779,1708826782.376
15780,1708826782.406
15781,1708826782.426
15782,1708826782.446
15783,1708826782.466
15784,1708826782.486
15785,1708826782.506
15786,1708826782.526
15787,1708826782.556
15788,1708826782.576
15789,1708826782.596
15790,1708826782.616
15791,1708826782.636
15792,1708826782.656
15793,1708826782.676
15794,1708826782.696
15795,1708826782.726
15796,1708826782.746
15797,1708826782.766
15798,1708826782.786
15799,1708826782.806
15800,1708826782.826
15801,1708826782.846
15802,1708826782.876
15803,1708826782.896
15804,1708826782.916
15805,1708826782.936
15806,1708826782.956
15807,1708826782.976
15808,1708826782.996
15809,1708826783.016
15810,1708826783.046
15811,1708826783.066
15812,1708826783.086
15813,1708826783.106
15814,1708826783.126
15815,1708826783.146
15816,1708826783.166
15817,1708826783.196
15818,1708826783.216
15819,1708826783.236
15820,1708826783.256
15821,1708826783.276
15822,1708826783.296
15823,1708826783.316
15824,1708826783.336
15825,1708826783.366
15826,1708826783.386
15827,1708826783.406
15828,1708826783.426
15829,1708826783.446
15830,1708826783.466
15831,1708826783.486
15832,1708826783.516
15833,1708826783.536
15834,1708826783.556
15835,1708826783.576
15836,1708826783.596
15837,1708826783.616
15838,1708826783.636
15839,1708826783.656
15840,1708826783.686
15841,1708826783.706
15842,1708826783.726
15843,1708826783.746
15844,1708826783.766
15845,1708826783.786
15846,1708826783.806
15847,1708826783.836
15848,1708826783.856
15849,1708826783.876
15850,1708826783.896
15851,1708826783.916
15852,1708826783.936
15853,1708826783.956
15854,1708826783.976
15855,1708826784.006
15856,1708826784.026
15857,1708826784.046
15858,1708826784.066
15859,1708826784.086
15860,1708826784.106
15861,1708826784.126
15862,1708826784.156
15863,1708826784.176
15864,1708826784.196
15865,1708826784.216
15866,1708826784.236
15867,1708826784.256
15868,1708826784.276
15869,1708826784.296
15870,1708826784.326
15871,1708826784.346
15872,1708826784.366
15873,1708826784.386
15874,1708826784.406
15875,1708826784.426
15876,1708826784.446
15877,1708826784.476
15878,1708826784.496
15879,1708826784.516
15880,1708826784.536
15881,1708826784.556
15882,1708826784.576
15883,1708826784.596
15884,1708826784.616
15885,1708826784.646
15886,1708826784.666
15887,1708826784.686
15888,1708826784.706
15889,1708826784.726
15890,1708826784.746
15891,1708826784.766
15892,1708826784.796
15893,1708826784.816
15894,1708826784.836
15895,1708826784.856
15896,1708826784.876
15897,1708826784.896
15898,1708826784.916
15899,1708826784.936
15900,1708826784.966
15901,1708826784.986
15902,1708826785.006
15903,1708826785.026
15904,1708826785.046
15905,1708826785.066
15906,1708826785.086
15907,1708826785.116
15908,1708826785.136
15909,1708826785.156
15910,1708826785.176
15911,1708826785.196
15912,1708826785.216
15913,1708826785.236
15914,1708826785.256
15915,1708826785.286
15916,1708826785.306
15917,1708826785.326
15918,1708826785.346
15919,1708826785.366
15920,1708826785.386
15921,1708826785.406
15922,1708826785.436
15923,1708826785.456
15924,1708826785.476
15925,1708826785.496
15926,1708826785.516
15927,1708826785.536
15928,1708826785.556
15929,1708826785.576
15930,1708826785.606
15931,1708826785.626
15932,1708826785.646
15933,1708826785.666
15934,1708826785.686
15935,1708826785.706
15936,1708826785.726
15937,1708826785.756
15938,1708826785.776
15939,1708826785.796
15940,1708826785.816
15941,1708826785.836
15942,1708826785.856
15943,1708826785.876
15944,1708826785.896
15945,1708826785.926
15946,1708826785.946
15947,1708826785.966
15948,1708826785.986
15949,1708826786.006
15950,1708826786.026
15951,1708826786.046
15952,1708826786.076
15953,1708826786.096
15954,1708826786.116
15955,1708826786.136
15956,1708826786.156
15957,1708826786.176
15958,1708826786.196
15959,1708826786.216
15960,1708826786.246
15961,1708826786.266
15962,1708826786.286
15963,1708826786.306
15964,1708826786.326
15965,1708826786.346
15966,1708826786.366
15967,1708826786.396
15968,1708826786.416
15969,1708826786.436
15970,1708826786.456
15971,1708826786.476
15972,1708826786.496
15973,1708826786.516
15974,1708826786.536
15975,1708826786.566
15976,1708826786.586
15977,1708826786.606
15978,1708826786.626
15979,1708826786.646
15980,1708826786.666
15981,1708826786.686
15982,1708826786.716
15983,1708826786.736
15984,1708826786.756
15985,1708826786.776
15986,1708826786.796
15987,1708826786.816
15988,1708826786.836
15989,1708826786.856
15990,1708826786.886
15991,1708826786.906
15992,1708826786.926
15993,1708826786.946
15994,1708826786.966
15995,1708826786.986
15996,1708826787.006
15997,1708826787.036
15998,1708826787.056
15999,1708826787.076
16000,1708826787.096
16001,1708826787.116
16002,1708826787.136
16003,1708826787.156
16004,1708826787.176
16005,1708826787.206
16006,1708826787.226
16007,1708826787.246
16008,1708826787.266
16009,1708826787.286
16010,1708826787.306
16011,1708826787.326
16012,1708826787.356
16013,1708826787.376
16014,1708826787.396
16015,1708826787.416
16016,1708826787.436
16017,1708826787.456
16018,1708826787.476
16019,1708826787.496
16020,1708826787.526
16021,1708826787.546
16022,1708826787.566
16023,1708826787.586
16024,1708826787.606
16025,1708826787.626
16026,1708826787.646
16027,1708826787.676
16028,1708826787.696
16029,1708826787.716
16030,1708826787.736
16031,1708826787.756
16032,1708826787.776
16033,1708826787.796
16034,1708826787.816
16035,1708826787.846
16036,1708826787.866
16037,1708826787.886
16038,1708826787.906
16039,1708826787.926
16040,1708826787.946
16041,1708826787.966
16042,1708826787.996
16043,1708826788.016
16044,1708826788.036
16045,1708826788.056
16046,1708826788.076
16047,1708826788.096
16048,1708826788.116
16049,1708826788.136
16050,1708826788.166
16051,1708826788.186
16052,1708826788.206
16053,1708826788.226
16054,1708826788.246
16055,1708826788.266
16056,1708826788.286
16057,1708826788.316
16058,1708826788.336
16059,1708826788.356
16060,1708826788.376
16061,1708826788.396
16062,1708826788.416
16063,1708826788.436
16064,1708826788.456
16065,1708826788.486
16066,1708826788.506
16067,1708826788.526
16068,1708826788.546
16069,1708826788.566
16070,1708826788.586
16071,1708826788.606
16072,1708826788.636
16073,1708826788.656
16074,1708826788.676
16075,1708826788.696
16076,1708826788.716
16077,1708826788.736
16078,1708826788.756
16079,1708826788.776
16080,1708826788.806
16081,1708826788.826
16082,1708826788.846
16083,1708826788.866
16084,1708826788.886
16085,1708826788.906
16086,1708826788.926
16087,1708826788.956
16088,1708826788.976
16089,1708826788.996
16090,1708826789.016
16091,1708826789.036
16092,1708826789.056
16093,1708826789.076
16094,1708826789.096
16095,1708826789.126
16096,1708826789.146
16097,1708826789.166
16098,1708826789.186
16099,1708826789.206
16100,1708826789.226
16101,1708826789.246
16102,1708826789.276
16103,1708826789.296
16104,1708826789.316
16105,1708826789.336
16106,1708826789.356
16107,1708826789.376
16108,1708826789.396
16109,1708826789.416
16110,1708826789.446
16111,1708826789.466
16112,1708826789.486
16113,1708826789.506
16114,1708826789.526
16115,1708826789.546
16116,1708826789.566
16117,1708826789.596
16118,1708826789.616
16119,1708826789.636
16120,1708826789.656
16121,1708826789.676
16122,1708826789.696
16123,1708826789.716
16124,1708826789.736
16125,1708826789.766
16126,1708826789.786
16127,1708826789.806
16128,1708826789.826
16129,1708826789.846
16130,1708826789.866
16131,1708826789.886
16132,1708826789.916
16133,1708826789.936
16134,1708826789.956
16135,1708826789.976
16136,1708826789.996
16137,1708826790.016
16138,1708826790.036
16139,1708826790.056
16140,1708826790.086
16141,1708826790.106
16142,1708826790.126
16143,1708826790.146
16144,1708826790.166
16145,1708826790.186
16146,1708826790.206
16147,1708826790.236
16148,1708826790.256
16149,1708826790.276
16150,1708826790.296
16151,1708826790.316
16152,1708826790.336
16153,1708826790.356
16154,1708826790.376
16155,1708826790.406
16156,1708826790.426
16157,1708826790.446
16158,1708826790.466
16159,1708826790.486
16160,1708826790.506
16161,1708826790.526
16162,1708826790.556
16163,1708826790.576
16164,1708826790.596
16165,1708826790.616
16166,1708826790.636
16167,1708826790.656
16168,1708826790.676
16169,1708826790.696
16170,1708826790.726
16171,1708826790.746
16172,1708826790.766
16173,1708826790.786
16174,1708826790.806
16175,1708826790.826
16176,1708826790.846
16177,1708826790.876
16178,1708826790.896
16179,1708826790.916
16180,1708826790.936
16181,1708826790.956
16182,1708826790.976
16183,1708826790.996
16184,1708826791.016
16185,1708826791.046
16186,1708826791.066
16187,1708826791.086
16188,1708826791.106
16189,1708826791.126
16190,1708826791.146
16191,1708826791.166
16192,1708826791.196
16193,1708826791.216
16194,1708826791.236
16195,1708826791.256
16196,1708826791.276
16197,1708826791.296
16198,1708826791.316
16199,1708826791.336
16200,1708826791.366
16201,1708826791.386
16202,1708826791.406
16203,1708826791.426
16204,1708826791.446
16205,1708826791.466
16206,1708826791.486
16207,1708826791.516
16208,1708826791.536
16209,1708826791.556
16210,1708826791.576
16211,1708826791.596
16212,1708826791.616
16213,1708826791.636
16214,1708826791.656
16215,1708826791.686
16216,1708826791.706
16217,1708826791.726
16218,1708826791.746
16219,1708826791.766
16220,1708826791.786
16221,1708826791.806
16222,1708826791.836
16223,1708826791.856
16224,1708826791.876
16225,1708826791.896
16226,1708826791.916
16227,1708826791.936
16228,1708826791.956
16229,1708826791.976
16230,1708826792.006
16231,1708826792.026
16232,1708826792.046
16233,1708826792.066
16234,1708826792.086
16235,1708826792.106
16236,1708826792.126
16237,1708826792.156
16238,1708826792.176
16239,1708826792.196
16240,1708826792.216
16241,1708826792.236
16242,1708826792.256
16243,1708826792.276
16244,1708826792.296
16245,1708826792.326
16246,1708826792.346
16247,1708826792.366
16248,1708826792.386
16249,1708826792.406
16250,1708826792.426
16251,1708826792.446
16252,1708826792.476
16253,1708826792.496
16254,1708826792.516
16255,1708826792.536
16256,1708826792.556
16257,1708826792.576
16258,1708826792.596
16259,1708826792.616
16260,1708826792.646
16261,1708826792.666
16262,1708826792.686
16263,1708826792.706
16264,1708826792.726
16265,1708826792.746
16266,1708826792.766
16267,1708826792.796
16268,1708826792.816
16269,1708826792.836
16270,1708826792.856
16271,1708826792.876
16272,1708826792.896
16273,1708826792.916
16274,1708826792.936
16275,1708826792.966
16276,1708826792.986
16277,1708826793.006
16278,1708826793.026
16279,1708826793.046
16280,1708826793.066
16281,1708826793.086
16282,1708826793.116
16283,1708826793.136
16284,1708826793.156
16285,1708826793.176
16286,1708826793.196
16287,1708826793.216
16288,1708826793.236
16289,1708826793.256
16290,1708826793.286
16291,1708826793.306
16292,1708826793.326
16293,1708826793.346
16294,1708826793.366
16295,1708826793.386
16296,1708826793.406
16297,1708826793.436
16298,1708826793.456
16299,1708826793.476
16300,1708826793.496
16301,1708826793.516
16302,1708826793.536
16303,1708826793.556
16304,1708826793.576
16305,1708826793.606
16306,1708826793.626
16307,1708826793.646
16308,1708826793.666
16309,1708826793.686
16310,1708826793.706
16311,1708826793.726
16312,1708826793.756
16313,1708826793.776
16314,1708826793.796
16315,1708826793.816
16316,1708826793.836
16317,1708826793.856
16318,1708826793.876
16319,1708826793.896
16320,1708826793.926
16321,1708826793.946
16322,1708826793.966
16323,1708826793.986
16324,1708826794.006
16325,1708826794.026
16326,1708826794.046
16327,1708826794.076
16328,1708826794.096
16329,1708826794.116
16330,1708826794.136
16331,1708826794.156
16332,1708826794.176
16333,1708826794.196
16334,1708826794.216
16335,1708826794.246
16336,1708826794.266
16337,1708826794.286
16338,1708826794.306
16339,1708826794.326
16340,1708826794.346
16341,1708826794.366
16342,1708826794.396
16343,1708826794.416
16344,1708826794.436
16345,1708826794.456
16346,1708826794.476
16347,1708826794.496
16348,1708826794.516
16349,1708826794.536
16350,1708826794.566
16351,1708826794.586
16352,1708826794.606
16353,1708826794.626
16354,1708826794.646
16355,1708826794.666
16356,1708826794.686
16357,1708826794.716
16358,1708826794.736
16359,1708826794.756
16360,1708826794.776
16361,1708826794.796
16362,1708826794.816
16363,1708826794.836
16364,1708826794.856
16365,1708826794.886
16366,1708826794.906
16367,1708826794.926
16368,1708826794.946
16369,1708826794.966
16370,1708826794.986
16371,1708826795.006
16372,1708826795.036
16373,1708826795.056
16374,1708826795.076
16375,1708826795.096
16376,1708826795.116
16377,1708826795.136
16378,1708826795.156
16379,1708826795.176
16380,1708826795.206
16381,1708826795.226
16382,1708826795.246
16383,1708826795.266
16384,1708826795.286
16385,1708826795.306
16386,1708826795.326
16387,1708826795.356
16388,1708826795.376
16389,1708826795.396
16390,1708826795.416
16391,1708826795.436
16392,1708826795.456
16393,1708826795.476
16394,1708826795.496
16395,1708826795.526
16396,1708826795.546
16397,1708826795.566
16398,1708826795.586
16399,1708826795.606
16400,1708826795.626
16401,1708826795.646
16402,1708826795.676
16403,1708826795.696
16404,1708826795.716
16405,1708826795.736
16406,1708826795.756
16407,1708826795.776
16408,1708826795.796
16409,1708826795.816
16410,1708826795.846
16411,1708826795.866
16412,1708826795.886
16413,1708826795.906
16414,1708826795.926
16415,1708826795.946
16416,1708826795.966
16417,1708826795.996
16418,1708826796.016
16419,1708826796.036
16420,1708826796.056
16421,1708826796.076
16422,1708826796.096
16423,1708826796.116
16424,1708826796.136
16425,1708826796.166
16426,1708826796.186
16427,1708826796.206
16428,1708826796.226
16429,1708826796.246
16430,1708826796.266
16431,1708826796.286
16432,1708826796.316
16433,1708826796.336
16434,1708826796.356
16435,1708826796.376
16436,1708826796.396
16437,1708826796.416
16438,1708826796.436
16439,1708826796.456
16440,1708826796.486
16441,1708826796.506
16442,1708826796.526
16443,1708826796.546
16444,1708826796.566
16445,1708826796.586
16446,1708826796.606
16447,1708826796.636
16448,1708826796.656
16449,1708826796.676
16450,1708826796.696
16451,1708826796.716
16452,1708826796.736
16453,1708826796.756
16454,1708826796.776
16455,1708826796.806
16456,1708826796.826
16457,1708826796.846
16458,1708826796.866
16459,1708826796.886
16460,1708826796.906
16461,1708826796.926
16462,1708826796.956
16463,1708826796.976
16464,1708826796.996
16465,1708826797.016
16466,1708826797.036
16467,1708826797.056
16468,1708826797.076
16469,1708826797.096
16470,1708826797.126
16471,1708826797.146
16472,1708826797.166
16473,1708826797.186
16474,1708826797.206
16475,1708826797.226
16476,1708826797.246
16477,1708826797.276
16478,1708826797.296
16479,1708826797.316
16480,1708826797.336
16481,1708826797.356
16482,1708826797.376
16483,1708826797.396
16484,1708826797.416
16485,1708826797.446
16486,1708826797.466
16487,1708826797.486
16488,1708826797.506
16489,1708826797.526
16490,1708826797.546
16491,1708826797.566
16492,1708826797.596
16493,1708826797.616
16494,1708826797.636
16495,1708826797.656
16496,1708826797.676
16497,1708826797.696
16498,1708826797.716
16499,1708826797.736
16500,1708826797.766
16501,1708826797.786
16502,1708826797.806
16503,1708826797.826
16504,1708826797.846
16505,1708826797.866
16506,1708826797.886
16507,1708826797.916
16508,1708826797.936
16509,1708826797.956
16510,1708826797.976
16511,1708826797.996
16512,1708826798.016
16513,1708826798.036
16514,1708826798.056
16515,1708826798.086
16516,1708826798.106
16517,1708826798.126
16518,1708826798.146
16519,1708826798.166
16520,1708826798.186
16521,1708826798.206
16522,1708826798.236
16523,1708826798.256
16524,1708826798.276
16525,1708826798.296
16526,1708826798.316
16527,1708826798.336
16528,1708826798.356
16529,1708826798.376
16530,1708826798.406
16531,1708826798.426
16532,1708826798.446
16533,1708826798.466
16534,1708826798.486
16535,1708826798.506
16536,1708826798.526
16537,1708826798.556
16538,1708826798.576
16539,1708826798.596
16540,1708826798.616
16541,1708826798.636
16542,1708826798.656
16543,1708826798.676
16544,1708826798.696
16545,1708826798.726
16546,1708826798.746
16547,1708826798.766
16548,1708826798.786
16549,1708826798.806
16550,1708826798.826
16551,1708826798.846
16552,1708826798.876
16553,1708826798.896
16554,1708826798.916
16555,1708826798.936
16556,1708826798.956
16557,1708826798.976
16558,1708826798.996
16559,1708826799.016
16560,1708826799.046
16561,1708826799.066
16562,1708826799.086
16563,1708826799.106
16564,1708826799.126
16565,1708826799.146
16566,1708826799.166
16567,1708826799.196
16568,1708826799.216
16569,1708826799.236
16570,1708826799.256
16571,1708826799.276
16572,1708826799.296
16573,1708826799.316
16574,1708826799.336
16575,1708826799.366
16576,1708826799.386
16577,1708826799.406
16578,1708826799.426
16579,1708826799.446
16580,1708826799.466
16581,1708826799.486
16582,1708826799.516
16583,1708826799.536
16584,1708826799.556
16585,1708826799.576
16586,1708826799.596
16587,1708826799.616
16588,1708826799.636
16589,1708826799.656
16590,1708826799.686
16591,1708826799.706
16592,1708826799.726
16593,1708826799.746
16594,1708826799.766
16595,1708826799.786
16596,1708826799.806
16597,1708826799.836
16598,1708826799.856
16599,1708826799.876
16600,1708826799.896
16601,1708826799.916
16602,1708826799.936
16603,1708826799.956
16604,1708826799.976
16605,1708826800.006
16606,1708826800.026
16607,1708826800.046
16608,1708826800.066
16609,1708826800.086
16610,1708826800.106
16611,1708826800.126
16612,1708826800.156
16613,1708826800.176
16614,1708826800.196
16615,1708826800.216
16616,1708826800.236
16617,1708826800.256
16618,1708826800.276
16619,1708826800.296
16620,1708826800.326
16621,1708826800.346
16622,1708826800.366
16623,1708826800.386
16624,1708826800.406
16625,1708826800.426
16626,1708826800.446
16627,1708826800.476
16628,1708826800.496
16629,1708826800.516
16630,1708826800.536
16631,1708826800.556
16632,1708826800.576
16633,1708826800.596
16634,1708826800.616
16635,1708826800.646
16636,1708826800.666
16637,1708826800.686
16638,1708826800.706
16639,1708826800.726
16640,1708826800.746
16641,1708826800.766
16642,1708826800.796
16643,1708826800.816
16644,1708826800.836
16645,1708826800.856
16646,1708826800.876
16647,1708826800.896
16648,1708826800.916
16649,1708826800.936
16650,1708826800.966
16651,1708826800.986
16652,1708826801.006
16653,1708826801.026
16654,1708826801.046
16655,1708826801.066
16656,1708826801.086
16657,1708826801.116
16658,1708826801.136
16659,1708826801.156
16660,1708826801.176
16661,1708826801.196
16662,1708826801.216
16663,1708826801.236
16664,1708826801.256
16665,1708826801.286
16666,1708826801.306
16667,1708826801.326
16668,1708826801.346
16669,1708826801.366
16670,1708826801.386
16671,1708826801.406
16672,1708826801.436
16673,1708826801.456
16674,1708826801.476
16675,1708826801.496
16676,1708826801.516
16677,1708826801.536
16678,1708826801.556
16679,1708826801.576
16680,1708826801.606
16681,1708826801.626
16682,1708826801.646
16683,1708826801.666
16684,1708826801.686
16685,1708826801.706
16686,1708826801.726
16687,1708826801.756
16688,1708826801.776
16689,1708826801.796
16690,1708826801.816
16691,1708826801.836
16692,1708826801.856
16693,1708826801.876
16694,1708826801.896
16695,1708826801.926
16696,1708826801.946
16697,1708826801.966
16698,1708826801.986
16699,1708826802.006
16700,1708826802.026
16701,1708826802.046
16702,1708826802.076
16703,1708826802.096
16704,1708826802.116
16705,1708826802.136
16706,1708826802.156
16707,1708826802.176
16708,1708826802.196
16709,1708826802.216
16710,1708826802.246
16711,1708826802.266
16712,1708826802.286
16713,1708826802.306
16714,1708826802.326
16715,1708826802.346
16716,1708826802.366
16717,1708826802.396
16718,1708826802.416
16719,1708826802.436
16720,1708826802.456
16721,1708826802.476
16722,1708826802.496
16723,1708826802.516
16724,1708826802.536
16725,1708826802.566
16726,1708826802.586
16727,1708826802.606
16728,1708826802.626
16729,1708826802.646
16730,1708826802.666
16731,1708826802.686
16732,1708826802.716
16733,1708826802.736
16734,1708826802.756
16735,1708826802.776
16736,1708826802.796
16737,1708826802.816
16738,1708826802.836
16739,1708826802.856
16740,1708826802.886
16741,1708826802.906
16742,1708826802.926
16743,1708826802.946
16744,1708826802.966
16745,1708826802.986
16746,1708826803.006
16747,1708826803.036
16748,1708826803.056
16749,1708826803.076
16750,1708826803.096
16751,1708826803.116
16752,1708826803.136
16753,1708826803.156
16754,1708826803.176
16755,1708826803.206
16756,1708826803.226
16757,1708826803.246
16758,1708826803.266
16759,1708826803.286
16760,1708826803.306
16761,1708826803.326
16762,1708826803.356
16763,1708826803.376
16764,1708826803.396
16765,1708826803.416
16766,1708826803.436
16767,1708826803.456
16768,1708826803.476
16769,1708826803.496
16770,1708826803.526
16771,1708826803.546
16772,1708826803.566
16773,1708826803.586
16774,1708826803.606
16775,1708826803.626
16776,1708826803.646
16777,1708826803.676
16778,1708826803.696
16779,1708826803.716
16780,1708826803.736
16781,1708826803.756
16782,1708826803.776
16783,1708826803.796
16784,1708826803.816
16785,1708826803.846
16786,1708826803.866
16787,1708826803.886
16788,1708826803.906
16789,1708826803.926
16790,1708826803.946
16791,1708826803.966
16792,1708826803.996
16793,1708826804.016
16794,1708826804.036
16795,1708826804.056
16796,1708826804.076
16797,1708826804.096
16798,1708826804.116
16799,1708826804.136
16800,1708826804.166
16801,1708826804.186
16802,1708826804.206
16803,1708826804.226
16804,1708826804.246
16805,1708826804.266
16806,1708826804.286
16807,1708826804.316
16808,1708826804.336
16809,1708826804.356
16810,1708826804.376
16811,1708826804.396
16812,1708826804.416
16813,1708826804.436
16814,1708826804.456
16815,1708826804.486
16816,1708826804.506
16817,1708826804.526
16818,1708826804.546
16819,1708826804.566
16820,1708826804.586
16821,1708826804.606
16822,1708826804.636
16823,1708826804.656
16824,1708826804.676
16825,1708826804.696
16826,1708826804.716
16827,1708826804.736
16828,1708826804.756
16829,1708826804.776
16830,1708826804.806
16831,1708826804.826
16832,1708826804.846
16833,1708826804.866
16834,1708826804.886
16835,1708826804.906
16836,1708826804.926
16837,1708826804.956
16838,1708826804.976
16839,1708826804.996
16840,1708826805.016
16841,1708826805.036
16842,1708826805.056
16843,1708826805.076
16844,1708826805.096
16845,1708826805.126
16846,1708826805.146
16847,1708826805.166
16848,1708826805.186
16849,1708826805.206
16850,1708826805.226
16851,1708826805.246
16852,1708826805.276
16853,1708826805.296
16854,1708826805.316
16855,1708826805.336
16856,1708826805.356
16857,1708826805.376
16858,1708826805.396
16859,1708826805.416
16860,1708826805.446
16861,1708826805.466
16862,1708826805.486
16863,1708826805.506
16864,1708826805.526
16865,1708826805.546
16866,1708826805.566
16867,1708826805.596
16868,1708826805.616
16869,1708826805.636
16870,1708826805.656
16871,1708826805.676
16872,1708826805.696
16873,1708826805.716
16874,1708826805.736
16875,1708826805.766
16876,1708826805.786
16877,1708826805.806
16878,1708826805.826
16879,1708826805.846
16880,1708826805.866
16881,1708826805.886
16882,1708826805.916
16883,1708826805.936
16884,1708826805.956
16885,1708826805.976
16886,1708826805.996
16887,1708826806.016
16888,1708826806.036
16889,1708826806.056
16890,1708826806.086
16891,1708826806.106
16892,1708826806.126
16893,1708826806.146
16894,1708826806.166
16895,1708826806.186
16896,1708826806.206
16897,1708826806.236
16898,1708826806.256
16899,1708826806.276
16900,1708826806.296
16901,1708826806.316
16902,1708826806.336
16903,1708826806.356
16904,1708826806.376
16905,1708826806.406
16906,1708826806.426
16907,1708826806.446
16908,1708826806.466
16909,1708826806.486
16910,1708826806.506
16911,1708826806.526
16912,1708826806.556
16913,1708826806.576
16914,1708826806.596
16915,1708826806.616
16916,1708826806.636
16917,1708826806.656
16918,1708826806.676
16919,1708826806.696
16920,1708826806.726
16921,1708826806.746
16922,1708826806.766
16923,1708826806.786
16924,1708826806.806
16925,1708826806.826
16926,1708826806.846
16927,1708826806.876
16928,1708826806.896
16929,1708826806.916
16930,1708826806.936
16931,1708826806.956
16932,1708826806.976
16933,1708826806.996
16934,1708826807.016
16935,1708826807.046
16936,1708826807.066
16937,1708826807.086
16938,1708826807.106
16939,1708826807.126
16940,1708826807.146
16941,1708826807.166
16942,1708826807.196
16943,1708826807.216
16944,1708826807.236
16945,1708826807.256
16946,1708826807.276
16947,1708826807.296
16948,1708826807.316
16949,1708826807.336
16950,1708826807.366
16951,1708826807.386
16952,1708826807.406
16953,1708826807.426
16954,1708826807.446
16955,1708826807.466
16956,1708826807.486
16957,1708826807.516
16958,1708826807.536
16959,1708826807.556
16960,1708826807.576
16961,1708826807.596
16962,1708826807.616
16963,1708826807.636
16964,1708826807.656
16965,1708826807.686
16966,1708826807.706
16967,1708826807.726
16968,1708826807.746
16969,1708826807.766
16970,1708826807.786
16971,1708826807.806
16972,1708826807.836
16973,1708826807.856
16974,1708826807.876
16975,1708826807.896
16976,1708826807.916
16977,1708826807.936
16978,1708826807.956
16979,1708826807.976
16980,1708826808.006
16981,1708826808.026
16982,1708826808.046
16983,1708826808.066
16984,1708826808.086
16985,1708826808.106
16986,1708826808.126
16987,1708826808.156
16988,1708826808.176
16989,1708826808.196
16990,1708826808.216
16991,1708826808.236
16992,1708826808.256
16993,1708826808.276
16994,1708826808.296
16995,1708826808.326
16996,1708826808.346
16997,1708826808.366
16998,1708826808.386
16999,1708826808.406
17000,1708826808.426
17001,1708826808.446
17002,1708826808.476
17003,1708826808.496
17004,1708826808.516
17005,1708826808.536
17006,1708826808.556
17007,1708826808.576
17008,1708826808.596
17009,1708826808.616
17010,1708826808.646
17011,1708826808.666
17012,1708826808.686
17013,1708826808.706
17014,1708826808.726
17015,1708826808.746
17016,1708826808.766
17017,1708826808.796
17018,1708826808.816
17019,1708826808.836
17020,1708826808.856
17021,1708826808.876
17022,1708826808.896
17023,1708826808.916
17024,1708826808.936
17025,1708826808.966
17026,1708826808.986
17027,1708826809.006
17028,1708826809.026
17029,1708826809.046
17030,1708826809.066
17031,1708826809.086
17032,1708826809.116
17033,1708826809.136
17034,1708826809.156
17035,1708826809.176
17036,1708826809.196
17037,1708826809.216
17038,1708826809.236
17039,1708826809.256
17040,1708826809.286
17041,1708826809.306
17042,1708826809.326
17043,1708826809.346
17044,1708826809.366
17045,1708826809.386
17046,1708826809.406
17047,1708826809.436
17048,1708826809.456
17049,1708826809.476
17050,1708826809.496
17051,1708826809.516
17052,1708826809.536
17053,1708826809.556
17054,1708826809.576
17055,1708826809.606
17056,1708826809.626
17057,1708826809.646
17058,1708826809.666
17059,1708826809.686
17060,1708826809.706
17061,1708826809.726
17062,1708826809.756
17063,1708826809.776
17064,1708826809.796
17065,1708826809.816
17066,1708826809.836
17067,1708826809.856
17068,1708826809.876
17069,1708826809.896
17070,1708826809.926
17071,1708826809.946
17072,1708826809.966
17073,1708826809.986
17074,1708826810.006
17075,1708826810.026
17076,1708826810.046
17077,1708826810.076
17078,1708826810.096
17079,1708826810.116
17080,1708826810.136
17081,1708826810.156
17082,1708826810.176
17083,1708826810.196
17084,1708826810.216
17085,1708826810.246
17086,1708826810.266
17087,1708826810.286
17088,1708826810.306
17089,1708826810.326
17090,1708826810.346
17091,1708826810.366
17092,1708826810.396
17093,1708826810.416
17094,1708826810.436
17095,1708826810.456
17096,1708826810.476
17097,1708826810.496
17098,1708826810.516
17099,1708826810.536
17100,1708826810.566
17101,1708826810.586
17102,1708826810.606
17103,1708826810.626
17104,1708826810.646
17105,1708826810.666
17106,1708826810.686
17107,1708826810.716
17108,1708826810.736
17109,1708826810.756
17110,1708826810.776
17111,1708826810.796
17112,1708826810.816
17113,1708826810.836
17114,1708826810.856
17115,1708826810.886
17116,1708826810.906
17117,1708826810.926
17118,1708826810.946
17119,1708826810.966
17120,1708826810.986
17121,1708826811.006
17122,1708826811.036
17123,1708826811.056
17124,1708826811.076
17125,1708826811.096
17126,1708826811.116
17127,1708826811.136
17128,1708826811.156
17129,1708826811.176
17130,1708826811.206
17131,1708826811.226
17132,1708826811.246
17133,1708826811.266
17134,1708826811.286
17135,1708826811.306
17136,1708826811.326
17137,1708826811.356
17138,1708826811.376
17139,1708826811.396
17140,1708826811.416
17141,1708826811.436
17142,1708826811.456
17143,1708826811.476
17144,1708826811.496
17145,1708826811.526
17146,1708826811.546
17147,1708826811.566
17148,1708826811.586
17149,1708826811.606
17150,1708826811.626
17151,1708826811.646
17152,1708826811.676
17153,1708826811.696
17154,1708826811.716
17155,1708826811.736
17156,1708826811.756
17157,1708826811.776
17158,1708826811.796
17159,1708826811.816
17160,1708826811.846
17161,1708826811.866
17162,1708826811.886
17163,1708826811.906
17164,1708826811.926
17165,1708826811.946
17166,1708826811.966
17167,1708826811.996
17168,1708826812.016
17169,1708826812.036
17170,1708826812.056
17171,1708826812.076
17172,1708826812.096
17173,1708826812.116
17174,1708826812.136
17175,1708826812.166
17176,1708826812.186
17177,1708826812.206
17178,1708826812.226
17179,1708826812.246
17180,1708826812.266
17181,1708826812.286
17182,1708826812.316
17183,1708826812.336
17184,1708826812.356
17185,1708826812.376
17186,1708826812.396
17187,1708826812.416
17188,1708826812.436
17189,1708826812.456
17190,1708826812.486
17191,1708826812.506
17192,1708826812.526
17193,1708826812.546
17194,1708826812.566
17195,1708826812.586
17196,1708826812.606
17197,1708826812.636
17198,1708826812.656
17199,1708826812.676
17200,1708826812.696
17201,1708826812.716
17202,1708826812.736
17203,1708826812.756
17204,1708826812.776
17205,1708826812.806
17206,1708826812.826
17207,1708826812.846
17208,1708826812.866
17209,1708826812.886
17210,1708826812.906
17211,1708826812.926
17212,1708826812.956
17213,1708826812.976
17214,1708826812.996
17215,1708826813.016
17216,1708826813.036
17217,1708826813.056
17218,1708826813.076
17219,1708826813.096
17220,1708826813.126
17221,1708826813.146
17222,1708826813.166
17223,1708826813.186
17224,1708826813.206
17225,1708826813.226
17226,1708826813.246
17227,1708826813.276
17228,1708826813.296
17229,1708826813.316
17230,1708826813.336
17231,1708826813.356
17232,1708826813.376
17233,1708826813.396
17234,1708826813.416
17235,1708826813.446
17236,1708826813.466
17237,1708826813.486
17238,1708826813.506
17239,1708826813.526
17240,1708826813.546
17241,1708826813.566
17242,1708826813.596
17243,1708826813.616
17244,1708826813.636
17245,1708826813.656
17246,1708826813.676
17247,1708826813.696
17248,1708826813.716
17249,1708826813.736
17250,1708826813.766
17251,1708826813.786
17252,1708826813.806
17253,1708826813.826
17254,1708826813.846
17255,1708826813.866
17256,1708826813.886
17257,1708826813.916
17258,1708826813.936
17259,1708826813.956
17260,1708826813.976
17261,1708826813.996
17262,1708826814.016
17263,1708826814.036
17264,1708826814.056
17265,1708826814.086
17266,1708826814.106
17267,1708826814.126
17268,1708826814.146
17269,1708826814.166
17270,1708826814.186
17271,1708826814.206
17272,1708826814.236
17273,1708826814.256
17274,1708826814.276
17275,1708826814.296
17276,1708826814.316
17277,1708826814.336
17278,1708826814.356
17279,1708826814.376
17280,1708826814.406
17281,1708826814.426
17282,1708826814.446
17283,1708826814.466
17284,1708826814.486
17285,1708826814.506
17286,1708826814.526
17287,1708826814.556
17288,1708826814.576
17289,1708826814.596
17290,1708826814.616
17291,1708826814.636
17292,1708826814.656
17293,1708826814.676
17294,1708826814.696
17295,1708826814.726
17296,1708826814.746
17297,1708826814.766
17298,1708826814.786
17299,1708826814.806
17300,1708826814.826
17301,1708826814.846
17302,1708826814.876
17303,1708826814.896
17304,1708826814.916
17305,1708826814.936
17306,1708826814.956
17307,1708826814.976
17308,1708826814.996
17309,1708826815.016
17310,1708826815.046
17311,1708826815.066
17312,1708826815.086
17313,1708826815.106
17314,1708826815.126
17315,1708826815.146
17316,1708826815.166
17317,1708826815.196
17318,1708826815.216
17319,1708826815.236
17320,1708826815.256
17321,1708826815.276
17322,1708826815.296
17323,1708826815.316
17324,1708826815.336
17325,1708826815.366
17326,1708826815.386
17327,1708826815.406
17328,1708826815.426
17329,1708826815.446
17330,1708826815.466
17331,1708826815.486
17332,1708826815.516
17333,1708826815.536
17334,1708826815.556
17335,1708826815.576
17336,1708826815.596
17337,1708826815.616
17338,1708826815.636
17339,1708826815.656
17340,1708826815.686
17341,1708826815.706
17342,1708826815.726
17343,1708826815.746
17344,1708826815.766
17345,1708826815.786
17346,1708826815.806
17347,1708826815.836
17348,1708826815.856
17349,1708826815.876
17350,1708826815.896
17351,1708826815.916
17352,1708826815.936
17353,1708826815.956
17354,1708826815.976
17355,1708826816.006
17356,1708826816.026
17357,1708826816.046
17358,1708826816.066
17359,1708826816.086
17360,1708826816.106
17361,1708826816.126
17362,1708826816.156
17363,1708826816.176
17364,1708826816.196
17365,1708826816.216
17366,1708826816.236
17367,1708826816.256
17368,1708826816.276
17369,1708826816.296
17370,1708826816.326
17371,1708826816.346
17372,1708826816.366
17373,1708826816.386
17374,1708826816.406
17375,1708826816.426
17376,1708826816.446
17377,1708826816.476
17378,1708826816.496
17379,1708826816.516
17380,1708826816.536
17381,1708826816.556
17382,1708826816.576
17383,1708826816.596
17384,1708826816.616
17385,1708826816.646
17386,1708826816.666
17387,1708826816.686
17388,1708826816.706
17389,1708826816.726
17390,1708826816.746
17391,1708826816.766
17392,1708826816.796
17393,1708826816.816
17394,1708826816.836
17395,1708826816.856
17396,1708826816.876
17397,1708826816.896
17398,1708826816.916
17399,1708826816.936
17400,1708826816.966
17401,1708826816.986
17402,1708826817.006
17403,1708826817.026
17404,1708826817.046
17405,1708826817.066
17406,1708826817.086
17407,1708826817.116
17408,1708826817.136
17409,1708826817.156
17410,1708826817.176
17411,1708826817.196
17412,1708826817.216
17413,1708826817.236
17414,1708826817.256
17415,1708826817.286
17416,1708826817.306
17417,1708826817.326
17418,1708826817.346
17419,1708826817.366
17420,1708826817.386
17421,1708826817.406
17422,1708826817.436
17423,1708826817.456
17424,1708826817.476
17425,1708826817.496
17426,1708826817.516
17427,1708826817.536
17428,1708826817.556
17429,1708826817.576
17430,1708826817.606
17431,1708826817.626
17432,1708826817.646
17433,1708826817.666
17434,1708826817.686
17435,1708826817.706
17436,1708826817.726
17437,1708826817.756
17438,1708826817.776
17439,1708826817.796
17440,1708826817.816
17441,1708826817.836
17442,1708826817.856
17443,1708826817.876
17444,1708826817.896
17445,1708826817.926
17446,1708826817.946
17447,1708826817.966
17448,1708826817.986
17449,1708826818.006
17450,1708826818.026
17451,1708826818.046
17452,1708826818.076
17453,1708826818.096
17454,1708826818.116
17455,1708826818.136
17456,1708826818.156
17457,1708826818.176
17458,1708826818.196
17459,1708826818.216
17460,1708826818.246
17461,1708826818.266
17462,1708826818.286
17463,1708826818.306
17464,1708826818.326
17465,1708826818.346
17466,1708826818.366
17467,1708826818.396
17468,1708826818.416
17469,1708826818.436
17470,1708826818.456
17471,1708826818.476
17472,1708826818.496
17473,1708826818.516
17474,1708826818.536
17475,1708826818.566
17476,1708826818.586
17477,1708826818.606
17478,1708826818.626
17479,1708826818.646
17480,1708826818.666
17481,1708826818.686
17482,1708826818.716
17483,1708826818.736
17484,1708826818.756
17485,1708826818.776
17486,1708826818.796
17487,1708826818.816
17488,1708826818.836
17489,1708826818.856
17490,1708826818.886
17491,1708826818.906
17492,1708826818.926
17493,1708826818.946
17494,1708826818.966
17495,1708826818.986
17496,1708826819.006
17497,1708826819.036
17498,1708826819.056
17499,1708826819.076
17500,1708826819.096
17501,1708826819.116
17502,1708826819.136
17503,1708826819.156
17504,1708826819.176
17505,1708826819.206
17506,1708826819.226
17507,1708826819.246
17508,1708826819.266
17509,1708826819.286
17510,1708826819.306
17511,1708826819.326
17512,1708826819.356
17513,1708826819.376
17514,1708826819.396
17515,1708826819.416
17516,1708826819.436
17517,1708826819.456
17518,1708826819.476
17519,1708826819.496
17520,1708826819.526
17521,1708826819.546
17522,1708826819.566
17523,1708826819.586
17524,1708826819.606
17525,1708826819.626
17526,1708826819.646
17527,1708826819.676
17528,1708826819.696
17529,1708826819.716
17530,1708826819.736
17531,1708826819.756
17532,1708826819.776
17533,1708826819.796
17534,1708826819.816
17535,1708826819.846
17536,1708826819.866
17537,1708826819.886
17538,1708826819.906
17539,1708826819.926
17540,1708826819.946
17541,1708826819.966
17542,1708826819.996
17543,1708826820.016
17544,1708826820.036
17545,1708826820.056
17546,1708826820.076
17547,1708826820.096
17548,1708826820.116
17549,1708826820.136
17550,1708826820.166
17551,1708826820.186
17552,1708826820.206
17553,1708826820.226
17554,1708826820.246
17555,1708826820.266
17556,1708826820.286
17557,1708826820.316
17558,1708826820.336
17559,1708826820.356
17560,1708826820.376
17561,1708826820.396
17562,1708826820.416
17563,1708826820.436
17564,1708826820.456
17565,1708826820.486
17566,1708826820.506
17567,1708826820.526
17568,1708826820.546
17569,1708826820.566
17570,1708826820.586
17571,1708826820.606
17572,1708826820.636
17573,1708826820.656
17574,1708826820.676
17575,1708826820.696
17576,1708826820.716
17577,1708826820.736
17578,1708826820.756
17579,1708826820.776
17580,1708826820.806
17581,1708826820.826
17582,1708826820.846
17583,1708826820.866
17584,1708826820.886
17585,1708826820.906
17586,1708826820.926
17587,1708826820.956
17588,1708826820.976
17589,1708826820.996
17590,1708826821.016
17591,1708826821.036
17592,1708826821.056
17593,1708826821.076
17594,1708826821.096
17595,1708826821.126
17596,1708826821.146
17597,1708826821.166
17598,1708826821.186
17599,1708826821.206
17600,1708826821.226
17601,1708826821.246
17602,1708826821.276
17603,1708826821.296
17604,1708826821.316
17605,1708826821.336
17606,1708826821.356
17607,1708826821.376
17608,1708826821.396
17609,1708826821.416
17610,1708826821.446
17611,1708826821.466
17612,1708826821.486
17613,1708826821.506
17614,1708826821.526
17615,1708826821.546
17616,1708826821.566
17617,1708826821.596
17618,1708826821.616
17619,1708826821.636
17620,1708826821.656
17621,1708826821.676
17622,1708826821.696
17623,1708826821.716
17624,1708826821.736
17625,1708826821.766
17626,1708826821.786
17627,1708826821.806
17628,1708826821.826
17629,1708826821.846
17630,1708826821.866
17631,1708826821.886
17632,1708826821.916
17633,1708826821.936
17634,1708826821.956
17635,1708826821.976
17636,1708826821.996
17637,1708826822.016
17638,1708826822.036
17639,1708826822.056
17640,1708826822.086
17641,1708826822.106
17642,1708826822.126
17643,1708826822.146
17644,1708826822.166
17645,1708826822.186
17646,1708826822.206
17647,1708826822.236
17648,1708826822.256
17649,1708826822.276
17650,1708826822.296
17651,1708826822.316
17652,1708826822.336
17653,1708826822.356
17654,1708826822.376
17655,1708826822.406
17656,1708826822.426
17657,1708826822.446
17658,1708826822.466
17659,1708826822.486
17660,1708826822.506
17661,1708826822.526
17662,1708826822.556
17663,1708826822.576
17664,1708826822.596
17665,1708826822.616
17666,1708826822.636
17667,1708826822.656
17668,1708826822.676
17669,1708826822.696
17670,1708826822.726
17671,1708826822.746
17672,1708826822.766
17673,1708826822.786
17674,1708826822.806
17675,1708826822.826
17676,1708826822.846
17677,1708826822.876
17678,1708826822.896
17679,1708826822.916
17680,1708826822.936
17681,1708826822.956
17682,1708826822.976
17683,1708826822.996
17684,1708826823.016
17685,1708826823.046
17686,1708826823.066
17687,1708826823.086
17688,1708826823.106
17689,1708826823.126
17690,1708826823.146
17691,1708826823.166
17692,1708826823.196
17693,1708826823.216
17694,1708826823.236
17695,1708826823.256
17696,1708826823.276
17697,1708826823.296
17698,1708826823.316
17699,1708826823.336
17700,1708826823.366
17701,1708826823.386
17702,1708826823.406
17703,1708826823.426
17704,1708826823.446
17705,1708826823.466
17706,1708826823.486
17707,1708826823.516
17708,1708826823.536
17709,1708826823.556
17710,1708826823.576
17711,1708826823.596
17712,1708826823.616
17713,1708826823.636
17714,1708826823.656
17715,1708826823.686
17716,1708826823.706
17717,1708826823.726
17718,1708826823.746
17719,1708826823.766
17720,1708826823.786
17721,1708826823.806
17722,1708826823.836
17723,1708826823.856
17724,1708826823.876
17725,1708826823.896
17726,1708826823.916
17727,1708826823.936
17728,1708826823.956
17729,1708826823.976
17730,1708826824.006
17731,1708826824.026
17732,1708826824.046
17733,1708826824.066
17734,1708826824.086
17735,1708826824.106
17736,1708826824.126
17737,1708826824.156
17738,1708826824.176
17739,1708826824.196
17740,1708826824.216
17741,1708826824.236
17742,1708826824.256
17743,1708826824.276
17744,1708826824.296
17745,1708826824.326
17746,1708826824.346
17747,1708826824.366
17748,1708826824.386
17749,1708826824.406
17750,1708826824.426
17751,1708826824.446
17752,1708826824.476
17753,1708826824.496
17754,1708826824.516
17755,1708826824.536
17756,1708826824.556
17757,1708826824.576
17758,1708826824.596
17759,1708826824.616
17760,1708826824.646
17761,1708826824.666
17762,1708826824.686
17763,1708826824.706
17764,1708826824.726
17765,1708826824.746
17766,1708826824.766
17767,1708826824.796
17768,1708826824.816
17769,1708826824.836
17770,1708826824.856
17771,1708826824.876
17772,1708826824.896
17773,1708826824.916
17774,1708826824.936
17775,1708826824.966
17776,1708826824.986
17777,1708826825.006
17778,1708826825.026
17779,1708826825.046
17780,1708826825.066
17781,1708826825.086
17782,1708826825.116
17783,1708826825.136
17784,1708826825.156
17785,1708826825.176
17786,1708826825.196
17787,1708826825.216
17788,1708826825.236
17789,1708826825.256
17790,1708826825.286
17791,1708826825.306
17792,1708826825.326
17793,1708826825.346
17794,1708826825.366
17795,1708826825.386
17796,1708826825.406
17797,1708826825.436
17798,1708826825.456
17799,1708826825.476
17800,1708826825.496
17801,1708826825.516
17802,1708826825.536
17803,1708826825.556
17804,1708826825.576
17805,1708826825.606
17806,1708826825.626
17807,1708826825.646
17808,1708826825.666
17809,1708826825.686
17810,1708826825.706
17811,1708826825.726
17812,1708826825.756
17813,1708826825.776
17814,1708826825.796
17815,1708826825.816
17816,1708826825.836
17817,1708826825.856
17818,1708826825.876
17819,1708826825.896
17820,1708826825.926
17821,1708826825.946
17822,1708826825.966
17823,1708826825.986
17824,1708826826.006
17825,1708826826.026
17826,1708826826.046
17827,1708826826.076
17828,1708826826.096
17829,1708826826.116
17830,1708826826.136
17831,1708826826.156
17832,1708826826.176
17833,1708826826.196
17834,1708826826.216
17835,1708826826.246
17836,1708826826.266
17837,1708826826.286
17838,1708826826.306
17839,1708826826.326
17840,1708826826.346
17841,1708826826.366
17842,1708826826.396
17843,1708826826.416
17844,1708826826.436
17845,1708826826.456
17846,1708826826.476
17847,1708826826.496
17848,1708826826.516
17849,1708826826.536
17850,1708826826.566
17851,1708826826.586
17852,1708826826.606
17853,1708826826.626
17854,1708826826.646
17855,1708826826.666
17856,1708826826.686
17857,1708826826.716
17858,1708826826.736
17859,1708826826.756
17860,1708826826.776
17861,1708826826.796
17862,1708826826.816
17863,1708826826.836
17864,1708826826.856
17865,1708826826.886
17866,1708826826.906
17867,1708826826.926
17868,1708826826.946
17869,1708826826.966
17870,1708826826.986
17871,1708826827.006
17872,1708826827.036
17873,1708826827.056
17874,1708826827.076
17875,1708826827.096
17876,1708826827.116
17877,1708826827.136
17878,1708826827.156
17879,1708826827.176
17880,1708826827.206
17881,1708826827.226
17882,1708826827.246
17883,1708826827.266
17884,1708826827.286
17885,1708826827.306
17886,1708826827.326
17887,1708826827.356
17888,1708826827.376
17889,1708826827.396
17890,1708826827.416
17891,1708826827.436
17892,1708826827.456
17893,1708826827.476
17894,1708826827.496
17895,1708826827.526
17896,1708826827.546
17897,1708826827.566
17898,1708826827.586
17899,1708826827.606
17900,1708826827.626
17901,1708826827.646
17902,1708826827.676
17903,1708826827.696
17904,1708826827.716
17905,1708826827.736
17906,1708826827.756
17907,1708826827.776
17908,1708826827.796
17909,1708826827.816
17910,1708826827.846
17911,1708826827.866
17912,1708826827.886
17913,1708826827.906
17914,1708826827.926
17915,1708826827.946
17916,1708826827.966
17917,1708826827.996
17918,1708826828.016
17919,1708826828.036
17920,1708826828.056
17921,1708826828.076
17922,1708826828.096
17923,1708826828.116
17924,1708826828.136
17925,1708826828.166
17926,1708826828.186
17927,1708826828.206
17928,1708826828.226
17929,1708826828.246
17930,1708826828.266
17931,1708826828.286
17932,1708826828.316
17933,1708826828.336
17934,1708826828.356
17935,1708826828.376
17936,1708826828.396
17937,1708826828.416
17938,1708826828.436
17939,1708826828.456
17940,1708826828.486
17941,1708826828.506
17942,1708826828.526
17943,1708826828.546
17944,1708826828.566
17945,1708826828.586
17946,1708826828.606
17947,1708826828.636
17948,1708826828.656
17949,1708826828.676
17950,1708826828.696
17951,1708826828.716
17952,1708826828.736
17953,1708826828.756
17954,1708826828.776
17955,1708826828.806
17956,1708826828.826
17957,1708826828.846
17958,1708826828.866
17959,1708826828.886
17960,1708826828.906
17961,1708826828.926
17962,1708826828.956
17963,1708826828.976
17964,1708826828.996
17965,1708826829.016
17966,1708826829.036
17967,1708826829.056
17968,1708826829.076
17969,1708826829.096
17970,1708826829.126
17971,1708826829.146
17972,1708826829.166
17973,1708826829.186
17974,1708826829.206
17975,1708826829.226
17976,1708826829.246
17977,1708826829.276
17978,1708826829.296
17979,1708826829.316
17980,1708826829.336
17981,1708826829.356
17982,1708826829.376
17983,1708826829.396
17984,1708826829.416
17985,1708826829.446
17986,1708826829.466
17987,1708826829.486
17988,1708826829.506
17989,1708826829.526
17990,1708826829.546
17991,1708826829.566
17992,1708826829.596
17993,1708826829.616
17994,1708826829.636
17995,1708826829.656
17996,1708826829.676
17997,1708826829.696
17998,1708826829.716
17999,1708826829.736
18000,1708826829.766
18001,1708826829.786
18002,1708826829.806
18003,1708826829.826
18004,1708826829.846
18005,1708826829.866
18006,1708826829.886
18007,1708826829.916
18008,1708826829.936
18009,1708826829.956
18010,1708826829.976
18011,1708826829.996
18012,1708826830.016
18013,1708826830.036
18014,1708826830.056
18015,1708826830.086
18016,1708826830.106
18017,1708826830.126
18018,1708826830.146
18019,1708826830.166
18020,1708826830.186
18021,1708826830.206
18022,1708826830.236
18023,1708826830.256
18024,1708826830.276
18025,1708826830.296
18026,1708826830.316
18027,1708826830.336
18028,1708826830.356
18029,1708826830.376
18030,1708826830.406
18031,1708826830.426
18032,1708826830.446
18033,1708826830.466
18034,1708826830.486
18035,1708826830.506
18036,1708826830.526
18037,1708826830.556
18038,1708826830.576
18039,1708826830.596
18040,1708826830.616
18041,1708826830.636
18042,1708826830.656
18043,1708826830.676
18044,1708826830.696
18045,1708826830.726
18046,1708826830.746
18047,1708826830.766
18048,1708826830.786
18049,1708826830.806
18050,1708826830.826
18051,1708826830.846
18052,1708826830.876
18053,1708826830.896
18054,1708826830.916
18055,1708826830.936
18056,1708826830.956
18057,1708826830.976
18058,1708826830.996
18059,1708826831.016
18060,1708826831.046
18061,1708826831.066
18062,1708826831.086
18063,1708826831.106
18064,1708826831.126
18065,1708826831.146
18066,1708826831.166
18067,1708826831.196
18068,1708826831.216
18069,1708826831.236
18070,1708826831.256
18071,1708826831.276
18072,1708826831.296
18073,1708826831.316
18074,1708826831.336
18075,1708826831.366
18076,1708826831.386
18077,1708826831.406
18078,1708826831.426
18079,1708826831.446
18080,1708826831.466
18081,1708826831.486
18082,1708826831.516
18083,1708826831.536
18084,1708826831.556
18085,1708826831.576
18086,1708826831.596
18087,1708826831.616
18088,1708826831.636
18089,1708826831.656
18090,1708826831.686
18091,1708826831.706
18092,1708826831.726
18093,1708826831.746
18094,1708826831.766
18095,1708826831.786
18096,1708826831.806
18097,1708826831.836
18098,1708826831.856
18099,1708826831.876
18100,1708826831.896
18101,1708826831.916
18102,1708826831.936
18103,1708826831.956
18104,1708826831.976
18105,1708826832.006
18106,1708826832.026
18107,1708826832.046
18108,1708826832.066
18109,1708826832.086
18110,1708826832.106
18111,1708826832.126
18112,1708826832.156
18113,1708826832.176
18114,1708826832.196
18115,1708826832.216
18116,1708826832.236
18117,1708826832.256
18118,1708826832.276
18119,1708826832.296
18120,1708826832.326
18121,1708826832.346
18122,1708826832.366
18123,1708826832.386
18124,1708826832.406
18125,1708826832.426
18126,1708826832.446
18127,1708826832.476
18128,1708826832.496
18129,1708826832.516
18130,1708826832.536
18131,1708826832.556
18132,1708826832.576
18133,1708826832.596
18134,1708826832.616
18135,1708826832.646
18136,1708826832.666
18137,1708826832.686
18138,1708826832.706
18139,1708826832.726
18140,1708826832.746
18141,1708826832.766
18142,1708826832.796
18143,1708826832.816
18144,1708826832.836
18145,1708826832.856
18146,1708826832.876
18147,1708826832.896
18148,1708826832.916
18149,1708826832.936
18150,1708826832.966
18151,1708826832.986
18152,1708826833.006
18153,1708826833.026
18154,1708826833.046
18155,1708826833.066
18156,1708826833.086
18157,1708826833.116
18158,1708826833.136
18159,1708826833.156
18160,1708826833.176
18161,1708826833.196
18162,1708826833.216
18163,1708826833.236
18164,1708826833.256
18165,1708826833.286
18166,1708826833.306
18167,1708826833.326
18168,1708826833.346
18169,1708826833.366
18170,1708826833.386
18171,1708826833.406
18172,1708826833.436
18173,1708826833.456
18174,1708826833.476
18175,1708826833.496
18176,1708826833.516
18177,1708826833.536
18178,1708826833.556
18179,1708826833.576
18180,1708826833.606
18181,1708826833.626
18182,1708826833.646
18183,1708826833.666
18184,1708826833.686
18185,1708826833.706
18186,1708826833.726
18187,1708826833.756
18188,1708826833.776
18189,1708826833.796
18190,1708826833.816
18191,1708826833.836
18192,1708826833.856
18193,1708826833.876
18194,1708826833.896
18195,1708826833.926
18196,1708826833.946
18197,1708826833.966
18198,1708826833.986
18199,1708826834.006
18200,1708826834.026
18201,1708826834.046
18202,1708826834.076
18203,1708826834.096
18204,1708826834.116
18205,1708826834.136
18206,1708826834.156
18207,1708826834.176
18208,1708826834.196
18209,1708826834.216
18210,1708826834.246
18211,1708826834.266
18212,1708826834.286
18213,1708826834.306
18214,1708826834.326
18215,1708826834.346
18216,1708826834.366
18217,1708826834.396
18218,1708826834.416
18219,1708826834.436
18220,1708826834.456
18221,1708826834.476
18222,1708826834.496
18223,1708826834.516
18224,1708826834.536
18225,1708826834.566
18226,1708826834.586
18227,1708826834.606
18228,1708826834.626
18229,1708826834.646
18230,1708826834.666
18231,1708826834.686
18232,1708826834.716
18233,1708826834.736
18234,1708826834.756
18235,1708826834.776
18236,1708826834.796
18237,1708826834.816
18238,1708826834.836
18239,1708826834.856
18240,1708826834.886
18241,1708826834.906
18242,1708826834.926
18243,1708826834.946
18244,1708826834.966
18245,1708826834.986
18246,1708826835.006
18247,1708826835.036
18248,1708826835.056
18249,1708826835.076
18250,1708826835.096
18251,1708826835.116
18252,1708826835.136
18253,1708826835.156
18254,1708826835.176
18255,1708826835.206
18256,1708826835.226
18257,1708826835.246
18258,1708826835.266
18259,1708826835.286
18260,1708826835.306
18261,1708826835.326
18262,1708826835.356
18263,1708826835.376
18264,1708826835.396
18265,1708826835.416
18266,1708826835.436
18267,1708826835.456
18268,1708826835.476
18269,1708826835.496
18270,1708826835.526
18271,1708826835.546
18272,1708826835.566
18273,1708826835.586
18274,1708826835.606
18275,1708826835.626
18276,1708826835.646
18277,1708826835.676
18278,1708826835.696
18279,1708826835.716
18280,1708826835.736
18281,1708826835.756
18282,1708826835.776
18283,1708826835.796
18284,1708826835.816
18285,1708826835.846
18286,1708826835.866
18287,1708826835.886
18288,1708826835.906
18289,1708826835.926
18290,1708826835.946
18291,1708826835.966
18292,1708826835.996
18293,1708826836.016
18294,1708826836.036
18295,1708826836.056
18296,1708826836.076
18297,1708826836.096
18298,1708826836.116
18299,1708826836.136
18300,1708826836.166
18301,1708826836.186
18302,1708826836.206
18303,1708826836.226
18304,1708826836.246
18305,1708826836.266
18306,1708826836.286
18307,1708826836.316
18308,1708826836.336
18309,1708826836.356
18310,1708826836.376
18311,1708826836.396
18312,1708826836.416
18313,1708826836.436
18314,1708826836.456
18315,1708826836.486
18316,1708826836.506
18317,1708826836.526
18318,1708826836.546
18319,1708826836.566
18320,1708826836.586
18321,1708826836.606
18322,1708826836.636
18323,1708826836.656
18324,1708826836.676
18325,1708826836.696
18326,1708826836.716
18327,1708826836.736
18328,1708826836.756
18329,1708826836.776
18330,1708826836.806
18331,1708826836.826
18332,1708826836.846
18333,1708826836.866
18334,1708826836.886
18335,1708826836.906
18336,1708826836.926
18337,1708826836.956
18338,1708826836.976
18339,1708826836.996
18340,1708826837.016
18341,1708826837.036
18342,1708826837.056
18343,1708826837.076
18344,1708826837.096
18345,1708826837.126
18346,1708826837.146
18347,1708826837.166
18348,1708826837.186
18349,1708826837.206
18350,1708826837.226
18351,1708826837.246
18352,1708826837.276
18353,1708826837.296
18354,1708826837.316
18355,1708826837.336
18356,1708826837.356
18357,1708826837.376
18358,1708826837.396
18359,1708826837.416
18360,1708826837.446
18361,1708826837.466
18362,1708826837.486
18363,1708826837.506
18364,1708826837.526
18365,1708826837.546
18366,1708826837.566
18367,1708826837.596
18368,1708826837.616
18369,1708826837.636
18370,1708826837.656
18371,1708826837.676
18372,1708826837.696
18373,1708826837.716
18374,1708826837.736
18375,1708826837.766
18376,1708826837.786
18377,1708826837.806
18378,1708826837.826
18379,1708826837.846
18380,1708826837.866
18381,1708826837.886
18382,1708826837.916
18383,1708826837.936
18384,1708826837.956
18385,1708826837.976
18386,1708826837.996
18387,1708826838.016
18388,1708826838.036
18389,1708826838.056
18390,1708826838.086
18391,1708826838.106
18392,1708826838.126
18393,1708826838.146
18394,1708826838.166
18395,1708826838.186
18396,1708826838.206
18397,1708826838.236
18398,1708826838.256
18399,1708826838.276
18400,1708826838.296
18401,1708826838.316
18402,1708826838.336
18403,1708826838.356
18404,1708826838.376
18405,1708826838.406
18406,1708826838.426
18407,1708826838.446
18408,1708826838.466
18409,1708826838.486
18410,1708826838.506
18411,1708826838.526
18412,1708826838.556
18413,1708826838.576
18414,1708826838.596
18415,1708826838.616
18416,1708826838.636
18417,1708826838.656
18418,1708826838.676
18419,1708826838.696
18420,1708826838.726
18421,1708826838.746
18422,1708826838.766
18423,1708826838.786
18424,1708826838.806
18425,1708826838.826
18426,1708826838.846
18427,1708826838.876
18428,1708826838.896
18429,1708826838.916
18430,1708826838.936
18431,1708826838.956
18432,1708826838.976
18433,1708826838.996
18434,1708826839.016
18435,1708826839.046
18436,1708826839.066
18437,1708826839.086
18438,1708826839.106
18439,1708826839.126
18440,1708826839.146
18441,1708826839.166
18442,1708826839.196
18443,1708826839.216
18444,1708826839.236
18445,1708826839.256
18446,1708826839.276
18447,1708826839.296
18448,1708826839.316
18449,1708826839.336
18450,1708826839.366
18451,1708826839.386
18452,1708826839.406
18453,1708826839.426
18454,1708826839.446
18455,1708826839.466
18456,1708826839.486
18457,1708826839.516
18458,1708826839.536
18459,1708826839.556
18460,1708826839.576
18461,1708826839.596
18462,1708826839.616
18463,1708826839.636
18464,1708826839.656
18465,1708826839.686
18466,1708826839.706
18467,1708826839.726
18468,1708826839.746
18469,1708826839.766
18470,1708826839.786
18471,1708826839.806
18472,1708826839.836
18473,1708826839.856
18474,1708826839.876
18475,1708826839.896
18476,1708826839.916
18477,1708826839.936
18478,1708826839.956
18479,1708826839.976
18480,1708826840.006
18481,1708826840.026
18482,1708826840.046
18483,1708826840.066
18484,1708826840.086
18485,1708826840.106
18486,1708826840.126
18487,1708826840.156
18488,1708826840.176
18489,1708826840.196
18490,1708826840.216
18491,1708826840.236
18492,1708826840.256
18493,1708826840.276
18494,1708826840.296
18495,1708826840.326
18496,1708826840.346
18497,1708826840.366
18498,1708826840.386
18499,1708826840.406
18500,1708826840.426
18501,1708826840.446
18502,1708826840.476
18503,1708826840.496
18504,1708826840.516
18505,1708826840.536
18506,1708826840.556
18507,1708826840.576
18508,1708826840.596
18509,1708826840.616
18510,1708826840.646
18511,1708826840.666
18512,1708826840.686
18513,1708826840.706
18514,1708826840.726
18515,1708826840.746
18516,1708826840.766
18517,1708826840.796
18518,1708826840.816
18519,1708826840.836
18520,1708826840.856
18521,1708826840.876
18522,1708826840.896
18523,1708826840.916
18524,1708826840.936
18525,1708826840.966
18526,1708826840.986
18527,1708826841.006
18528,1708826841.026
18529,1708826841.046
18530,1708826841.066
18531,1708826841.086
18532,1708826841.116
18533,1708826841.136
18534,1708826841.156
18535,1708826841.176
18536,1708826841.196
18537,1708826841.216
18538,1708826841.236
18539,1708826841.256
18540,1708826841.286
18541,1708826841.306
18542,1708826841.326
18543,1708826841.346
18544,1708826841.366
18545,1708826841.386
18546,1708826841.406
18547,1708826841.436
18548,1708826841.456
18549,1708826841.476
18550,1708826841.496
18551,1708826841.516
18552,1708826841.536
18553,1708826841.556
18554,1708826841.576
18555,1708826841.606
18556,1708826841.626
18557,1708826841.646
18558,1708826841.666
18559,1708826841.686
18560,1708826841.706
18561,1708826841.726
18562,1708826841.756
18563,1708826841.776
18564,1708826841.796
18565,1708826841.816
18566,1708826841.836
18567,1708826841.856
18568,1708826841.876
18569,1708826841.896
18570,1708826841.926
18571,1708826841.946
18572,1708826841.966
18573,1708826841.986
18574,1708826842.006
18575,1708826842.026
18576,1708826842.046
18577,1708826842.076
18578,1708826842.096
18579,1708826842.116
18580,1708826842.136
18581,1708826842.156
18582,1708826842.176
18583,1708826842.196
18584,1708826842.216
18585,1708826842.246
18586,1708826842.266
18587,1708826842.286
18588,1708826842.306
18589,1708826842.326
18590,1708826842.346
18591,1708826842.366
18592,1708826842.396
18593,1708826842.416
18594,1708826842.436
18595,1708826842.456
18596,1708826842.476
18597,1708826842.496
18598,1708826842.516
18599,1708826842.536
18600,1708826842.566
18601,1708826842.586
18602,1708826842.606
18603,1708826842.626
18604,1708826842.646
18605,1708826842.666
18606,1708826842.686
18607,1708826842.716
18608,1708826842.736
18609,1708826842.756
18610,1708826842.776
18611,1708826842.796
18612,1708826842.816
18613,1708826842.836
18614,1708826842.856
18615,1708826842.886
18616,1708826842.906
18617,1708826842.926
18618,1708826842.946
18619,1708826842.966
18620,1708826842.986
18621,1708826843.006
18622,1708826843.036
18623,1708826843.056
18624,1708826843.076
18625,1708826843.096
18626,1708826843.116
18627,1708826843.136
18628,1708826843.156
18629,1708826843.176
18630,1708826843.206
18631,1708826843.226
18632,1708826843.246
18633,1708826843.266
18634,1708826843.286
18635,1708826843.306
18636,1708826843.326
18637,1708826843.356
18638,1708826843.376
18639,1708826843.396
18640,1708826843.416
18641,1708826843.436
18642,1708826843.456
18643,1708826843.476
18644,1708826843.496
18645,1708826843.526
18646,1708826843.546
18647,1708826843.566
18648,1708826843.586
18649,1708826843.606
18650,1708826843.626
18651,1708826843.646
18652,1708826843.676
18653,1708826843.696
18654,1708826843.716
18655,1708826843.736
18656,1708826843.756
18657,1708826843.776
18658,1708826843.796
18659,1708826843.816
18660,1708826843.846
18661,1708826843.866
18662,1708826843.886
18663,1708826843.906
18664,1708826843.926
18665,1708826843.946
18666,1708826843.966
18667,1708826843.996
18668,1708826844.016
18669,1708826844.036
18670,1708826844.056
18671,1708826844.076
18672,1708826844.096
18673,1708826844.116
18674,1708826844.136
18675,1708826844.166
18676,1708826844.186
18677,1708826844.206
18678,1708826844.226
18679,1708826844.246
18680,1708826844.266
18681,1708826844.286
18682,1708826844.316
18683,1708826844.336
18684,1708826844.356
18685,1708826844.376
18686,1708826844.396
18687,1708826844.416
18688,1708826844.436
18689,1708826844.456
18690,1708826844.486
18691,1708826844.506
18692,1708826844.526
18693,1708826844.546
18694,1708826844.566
18695,1708826844.586
18696,1708826844.606
18697,1708826844.636
18698,1708826844.656
18699,1708826844.676
18700,1708826844.696
18701,1708826844.716
18702,1708826844.736
18703,1708826844.756
18704,1708826844.776
18705,1708826844.806
18706,1708826844.826
18707,1708826844.846
18708,1708826844.866
18709,1708826844.886
18710,1708826844.906
18711,1708826844.926
18712,1708826844.956
18713,1708826844.976
18714,1708826844.996
18715,1708826845.016
18716,1708826845.036
18717,1708826845.056
18718,1708826845.076
18719,1708826845.096
18720,1708826845.126
18721,1708826845.146
18722,1708826845.166
18723,1708826845.186
18724,1708826845.206
18725,1708826845.226
18726,1708826845.246
18727,1708826845.276
18728,1708826845.296
18729,1708826845.316
18730,1708826845.336
18731,1708826845.356
18732,1708826845.376
18733,1708826845.396
18734,1708826845.416
18735,1708826845.446
18736,1708826845.466
18737,1708826845.486
18738,1708826845.506
18739,1708826845.526
18740,1708826845.546
18741,1708826845.566
18742,1708826845.596
18743,1708826845.616
18744,1708826845.636
18745,1708826845.656
18746,1708826845.676
18747,1708826845.696
18748,1708826845.716
18749,1708826845.736
18750,1708826845.766
18751,1708826845.786
18752,1708826845.806
18753,1708826845.826
18754,1708826845.846
18755,1708826845.866
18756,1708826845.886
18757,1708826845.916
18758,1708826845.936
18759,1708826845.956
18760,1708826845.976
18761,1708826845.996
18762,1708826846.016
18763,1708826846.036
18764,1708826846.056
18765,1708826846.086
18766,1708826846.106
18767,1708826846.126
18768,1708826846.146
18769,1708826846.166
18770,1708826846.186
18771,1708826846.206
18772,1708826846.236
18773,1708826846.256
18774,1708826846.276
18775,1708826846.296
18776,1708826846.316
18777,1708826846.336
18778,1708826846.356
18779,1708826846.376
18780,1708826846.406
18781,1708826846.426
18782,1708826846.446
18783,1708826846.466
18784,1708826846.486
18785,1708826846.506
18786,1708826846.526
18787,1708826846.556
18788,1708826846.576
18789,1708826846.596
18790,1708826846.616
18791,1708826846.636
18792,1708826846.656
18793,1708826846.676
18794,1708826846.696
18795,1708826846.726
18796,1708826846.746
18797,1708826846.766
18798,1708826846.786
18799,1708826846.806
18800,1708826846.826
18801,1708826846.846
18802,1708826846.876
18803,1708826846.896
18804,1708826846.916
18805,1708826846.936
18806,1708826846.956
18807,1708826846.976
18808,1708826846.996
18809,1708826847.016
18810,1708826847.046
18811,1708826847.066
18812,1708826847.086
18813,1708826847.106
18814,1708826847.126
18815,1708826847.146
18816,1708826847.166
18817,1708826847.196
18818,1708826847.216
18819,1708826847.236
18820,1708826847.256
18821,1708826847.276
18822,1708826847.296
18823,1708826847.316
18824,1708826847.336
18825,1708826847.366
18826,1708826847.386
18827,1708826847.406
18828,1708826847.426
18829,1708826847.446
18830,1708826847.466
18831,1708826847.486
18832,1708826847.516
18833,1708826847.536
18834,1708826847.556
18835,1708826847.576
18836,1708826847.596
18837,1708826847.616
18838,1708826847.636
18839,1708826847.656
18840,1708826847.686
18841,1708826847.706
18842,1708826847.726
18843,1708826847.746
18844,1708826847.766
18845,1708826847.786
18846,1708826847.806
18847,1708826847.836
18848,1708826847.856
18849,1708826847.876
18850,1708826847.896
18851,1708826847.916
18852,1708826847.936
18853,1708826847.956
18854,1708826847.976
18855,1708826848.006
18856,1708826848.026
18857,1708826848.046
18858,1708826848.066
18859,1708826848.086
18860,1708826848.106
18861,1708826848.126
18862,1708826848.156
18863,1708826848.176
18864,1708826848.196
18865,1708826848.216
18866,1708826848.236
18867,1708826848.256
18868,1708826848.276
18869,1708826848.296
18870,1708826848.326
18871,1708826848.346
18872,1708826848.366
18873,1708826848.386
18874,1708826848.406
18875,1708826848.426
18876,1708826848.446
18877,1708826848.476
18878,1708826848.496
18879,1708826848.516
18880,1708826848.536
18881,1708826848.556
18882,1708826848.576
18883,1708826848.596
18884,1708826848.616
18885,1708826848.646
18886,1708826848.666
18887,1708826848.686
18888,1708826848.706
18889,1708826848.726
18890,1708826848.746
18891,1708826848.766
18892,1708826848.796
18893,1708826848.816
18894,1708826848.836
18895,1708826848.856
18896,1708826848.876
18897,1708826848.896
18898,1708826848.916
18899,1708826848.936
18900,1708826848.966
18901,1708826848.986
18902,1708826849.006
18903,1708826849.026
18904,1708826849.046
18905,1708826849.066
18906,1708826849.086
18907,1708826849.116
18908,1708826849.136
18909,1708826849.156
18910,1708826849.176
18911,1708826849.196
18912,1708826849.216
18913,1708826849.236
18914,1708826849.256
18915,1708826849.286
18916,1708826849.306
18917,1708826849.326
18918,1708826849.346
18919,1708826849.366
18920,1708826849.386
18921,1708826849.406
18922,1708826849.436
18923,1708826849.456
18924,1708826849.476
18925,1708826849.496
18926,1708826849.516
18927,1708826849.536
18928,1708826849.556
18929,1708826849.576
18930,1708826849.606
18931,1708826849.626
18932,1708826849.646
18933,1708826849.666
18934,1708826849.686
18935,1708826849.706
18936,1708826849.726
18937,1708826849.756
18938,1708826849.776
18939,1708826849.796
18940,1708826849.816
18941,1708826849.836
18942,1708826849.856
18943,1708826849.876
18944,1708826849.896
18945,1708826849.926
18946,1708826849.946
18947,1708826849.966
18948,1708826849.986
18949,1708826850.006
18950,1708826850.026
18951,1708826850.046
18952,1708826850.076
18953,1708826850.096
18954,1708826850.116
18955,1708826850.136
18956,1708826850.156
18957,1708826850.176
18958,1708826850.196
18959,1708826850.216
18960,1708826850.246
18961,1708826850.266
18962,1708826850.286
18963,1708826850.306
18964,1708826850.326
18965,1708826850.346
18966,1708826850.366
18967,1708826850.396
18968,1708826850.416
18969,1708826850.436
18970,1708826850.456
18971,1708826850.476
18972,1708826850.496
18973,1708826850.516
18974,1708826850.536
18975,1708826850.566
18976,1708826850.586
18977,1708826850.606
18978,1708826850.626
18979,1708826850.646
18980,1708826850.666
18981,1708826850.686
18982,1708826850.716
18983,1708826850.736
18984,1708826850.756
18985,1708826850.776
18986,1708826850.796
18987,1708826850.816
18988,1708826850.836
18989,1708826850.856
18990,1708826850.886
18991,1708826850.906
18992,1708826850.926
18993,1708826850.946
18994,1708826850.966
18995,1708826850.986
18996,1708826851.006
18997,1708826851.036
18998,1708826851.056
18999,1708826851.076
19000,1708826851.096
19001,1708826851.116
19002,1708826851.136
19003,1708826851.156
19004,1708826851.176
19005,1708826851.206
19006,1708826851.226
19007,1708826851.246
19008,1708826851.266
19009,1708826851.286
19010,1708826851.306
19011,1708826851.326
19012,1708826851.356
19013,1708826851.376
19014,1708826851.396
19015,1708826851.416
19016,1708826851.436
19017,1708826851.456
19018,1708826851.476
19019,1708826851.496
19020,1708826851.526
19021,1708826851.546
19022,1708826851.566
19023,1708826851.586
19024,1708826851.606
19025,1708826851.626
19026,1708826851.646
19027,1708826851.676
19028,1708826851.696
19029,1708826851.716
19030,1708826851.736
19031,1708826851.756
19032,1708826851.776
19033,1708826851.796
19034,1708826851.816
19035,1708826851.846
19036,1708826851.866
19037,1708826851.886
19038,1708826851.906
19039,1708826851.926
19040,1708826851.946
19041,1708826851.966
19042,1708826851.996
19043,1708826852.016
19044,1708826852.036
19045,1708826852.056
19046,1708826852.076
19047,1708826852.096
19048,1708826852.116
19049,1708826852.136
19050,1708826852.166
19051,1708826852.186
19052,1708826852.206
19053,1708826852.226
19054,1708826852.246
19055,1708826852.266
19056,1708826852.286
19057,1708826852.316
19058,1708826852.336
19059,1708826852.356
19060,1708826852.376
19061,1708826852.396
19062,1708826852.416
19063,1708826852.436
19064,1708826852.456
19065,1708826852.486
19066,1708826852.506
19067,1708826852.526
19068,1708826852.546
19069,1708826852.566
19070,1708826852.586
19071,1708826852.606
19072,1708826852.636
19073,1708826852.656
19074,1708826852.676
19075,1708826852.696
19076,1708826852.716
19077,1708826852.736
19078,1708826852.756
19079,1708826852.776
19080,1708826852.806
19081,1708826852.826
19082,1708826852.846
19083,1708826852.866
19084,1708826852.886
19085,1708826852.906
19086,1708826852.926
19087,1708826852.956
19088,1708826852.976
19089,1708826852.996
19090,1708826853.016
19091,1708826853.036
19092,1708826853.056
19093,1708826853.076
19094,1708826853.096
19095,1708826853.126
19096,1708826853.146
19097,1708826853.166
19098,1708826853.186
19099,1708826853.206
19100,1708826853.226
19101,1708826853.246
19102,1708826853.276
19103,1708826853.296
19104,1708826853.316
19105,1708826853.336
19106,1708826853.356
19107,1708826853.376
19108,1708826853.396
19109,1708826853.416
19110,1708826853.446
19111,1708826853.466
19112,1708826853.486
19113,1708826853.506
19114,1708826853.526
19115,1708826853.546
19116,1708826853.566
19117,1708826853.596
19118,1708826853.616
19119,1708826853.636
19120,1708826853.656
19121,1708826853.676
19122,1708826853.696
19123,1708826853.716
19124,1708826853.736
19125,1708826853.766
19126,1708826853.786
19127,1708826853.806
19128,1708826853.826
19129,1708826853.846
19130,1708826853.866
19131,1708826853.886
19132,1708826853.916
19133,1708826853.936
19134,1708826853.956
19135,1708826853.976
19136,1708826853.996
19137,1708826854.016
19138,1708826854.036
19139,1708826854.056
19140,1708826854.086
19141,1708826854.106
19142,1708826854.126
19143,1708826854.146
19144,1708826854.166
19145,1708826854.186
19146,1708826854.206
19147,1708826854.236
19148,1708826854.256
19149,1708826854.276
19150,1708826854.296
19151,1708826854.316
19152,1708826854.336
19153,1708826854.356
19154,1708826854.376
19155,1708826854.406
19156,1708826854.426
19157,1708826854.446
19158,1708826854.466
19159,1708826854.486
19160,1708826854.506
19161,1708826854.526
19162,1708826854.556
19163,1708826854.576
19164,1708826854.596
19165,1708826854.616
19166,1708826854.636
19167,1708826854.656
19168,1708826854.676
19169,1708826854.696
19170,1708826854.726
19171,1708826854.746
19172,1708826854.766
19173,1708826854.786
19174,1708826854.806
19175,1708826854.826
19176,1708826854.846
19177,1708826854.876
19178,1708826854.896
19179,1708826854.916
19180,1708826854.936
19181,1708826854.956
19182,1708826854.976
19183,1708826854.996
19184,1708826855.016
19185,1708826855.046
19186,1708826855.066
19187,1708826855.086
19188,1708826855.106
19189,1708826855.126
19190,1708826855.146
19191,1708826855.166
19192,1708826855.196
19193,1708826855.216
19194,1708826855.236
19195,1708826855.256
19196,1708826855.276
19197,1708826855.296
19198,1708826855.316
19199,1708826855.336
19200,1708826855.366
19201,1708826855.386
19202,1708826855.406
19203,1708826855.426
19204,1708826855.446
19205,1708826855.466
19206,1708826855.486
19207,1708826855.516
19208,1708826855.536
19209,1708826855.556
19210,1708826855.576
19211,1708826855.596
19212,1708826855.616
19213,1708826855.636
19214,1708826855.656
19215,1708826855.686
19216,1708826855.706
19217,1708826855.726
19218,1708826855.746
19219,1708826855.766
19220,1708826855.786
19221,1708826855.806
19222,1708826855.836
19223,1708826855.856
19224,1708826855.876
19225,1708826855.896
19226,1708826855.916
19227,1708826855.936
19228,1708826855.956
19229,1708826855.976
19230,1708826856.006
19231,1708826856.026
19232,1708826856.046
19233,1708826856.066
19234,1708826856.086
19235,1708826856.106
19236,1708826856.126
19237,1708826856.156
19238,1708826856.176
19239,1708826856.196
19240,1708826856.216
19241,1708826856.236
19242,1708826856.256
19243,1708826856.276
19244,1708826856.296
19245,1708826856.326
19246,1708826856.346
19247,1708826856.366
19248,1708826856.386
19249,1708826856.406
19250,1708826856.426
19251,1708826856.446
19252,1708826856.476
19253,1708826856.496
19254,1708826856.516
19255,1708826856.536
19256,1708826856.556
19257,1708826856.576
19258,1708826856.596
19259,1708826856.616
19260,1708826856.646
19261,1708826856.666
19262,1708826856.686
19263,1708826856.706
19264,1708826856.726
19265,1708826856.746
19266,1708826856.766
19267,1708826856.796
19268,1708826856.816
19269,1708826856.836
19270,1708826856.856
19271,1708826856.876
19272,1708826856.896
19273,1708826856.916
19274,1708826856.936
19275,1708826856.966
19276,1708826856.986
19277,1708826857.006
19278,1708826857.026
19279,1708826857.046
19280,1708826857.066
19281,1708826857.086
19282,1708826857.116
19283,1708826857.136
19284,1708826857.156
19285,1708826857.176
19286,1708826857.196
19287,1708826857.216
19288,1708826857.236
19289,1708826857.256
19290,1708826857.286
19291,1708826857.306
19292,1708826857.326
19293,1708826857.346
19294,1708826857.366
19295,1708826857.386
19296,1708826857.406
19297,1708826857.436
19298,1708826857.456
19299,1708826857.476
19300,1708826857.496
19301,1708826857.516
19302,1708826857.536
19303,1708826857.556
19304,1708826857.576
19305,1708826857.606
19306,1708826857.626
19307,1708826857.646
19308,1708826857.666
19309,1708826857.686
19310,1708826857.706
19311,1708826857.726
19312,1708826857.756
19313,1708826857.776
19314,1708826857.796
19315,1708826857.816
19316,1708826857.836
19317,1708826857.856
19318,1708826857.876
19319,1708826857.896
19320,1708826857.926
19321,1708826857.946
19322,1708826857.966
19323,1708826857.986
19324,1708826858.006
19325,1708826858.026
19326,1708826858.046
19327,1708826858.076
19328,1708826858.096
19329,1708826858.116
19330,1708826858.136
19331,1708826858.156
19332,1708826858.176
19333,1708826858.196
19334,1708826858.216
19335,1708826858.246
19336,1708826858.266
19337,1708826858.286
19338,1708826858.306
19339,1708826858.326
19340,1708826858.346
19341,1708826858.366
19342,1708826858.396
19343,1708826858.416
19344,1708826858.436
19345,1708826858.456
19346,1708826858.476
19347,1708826858.496
19348,1708826858.516
19349,1708826858.536
19350,1708826858.566
19351,1708826858.586
19352,1708826858.606
19353,1708826858.626
19354,1708826858.646
19355,1708826858.666
19356,1708826858.686
19357,1708826858.716
19358,1708826858.736
19359,1708826858.756
19360,1708826858.776
19361,1708826858.796
19362,1708826858.816
19363,1708826858.836
19364,1708826858.856
19365,1708826858.886
19366,1708826858.906
19367,1708826858.926
19368,1708826858.946
19369,1708826858.966
19370,1708826858.986
19371,1708826859.006
19372,1708826859.036
19373,1708826859.056
19374,1708826859.076
19375,1708826859.096
19376,1708826859.116
19377,1708826859.136
19378,1708826859.156
19379,1708826859.176
19380,1708826859.206
19381,1708826859.226
19382,1708826859.246
19383,1708826859.266
19384,1708826859.286
19385,1708826859.306
19386,1708826859.326
19387,1708826859.356
19388,1708826859.376
19389,1708826859.396
19390,1708826859.416
19391,1708826859.436
19392,1708826859.456
19393,1708826859.476
19394,1708826859.496
19395,1708826859.526
19396,1708826859.546
19397,1708826859.566
19398,1708826859.586
19399,1708826859.606
19400,1708826859.626
19401,1708826859.646
19402,1708826859.676
19403,1708826859.696
19404,1708826859.716
19405,1708826859.736
19406,1708826859.756
19407,1708826859.776
19408,1708826859.796
19409,1708826859.816
19410,1708826859.846
19411,1708826859.866
19412,1708826859.886
19413,1708826859.906
19414,1708826859.926
19415,1708826859.946
19416,1708826859.966
19417,1708826859.996
19418,1708826860.016
19419,1708826860.036
19420,1708826860.056
19421,1708826860.076
19422,1708826860.096
19423,1708826860.116
19424,1708826860.136
19425,1708826860.166
19426,1708826860.186
19427,1708826860.206
19428,1708826860.226
19429,1708826860.246
19430,1708826860.266
19431,1708826860.286
19432,1708826860.316
19433,1708826860.336
19434,1708826860.356
19435,1708826860.376
19436,1708826860.396
19437,1708826860.416
19438,1708826860.436
19439,1708826860.456
19440,1708826860.486
19441,1708826860.506
19442,1708826860.526
19443,1708826860.546
19444,1708826860.566
19445,1708826860.586
19446,1708826860.606
19447,1708826860.636
19448,1708826860.656
19449,1708826860.676
19450,1708826860.696
19451,1708826860.716
19452,1708826860.736
19453,1708826860.756
19454,1708826860.776
19455,1708826860.806
19456,1708826860.826
19457,1708826860.846
19458,1708826860.866
19459,1708826860.886
19460,1708826860.906
19461,1708826860.926
19462,1708826860.956
19463,1708826860.976
19464,1708826860.996
19465,1708826861.016
19466,1708826861.036
19467,1708826861.056
19468,1708826861.076
19469,1708826861.096
19470,1708826861.126
19471,1708826861.146
19472,1708826861.166
19473,1708826861.186
19474,1708826861.206
19475,1708826861.226
19476,1708826861.246
19477,1708826861.276
19478,1708826861.296
19479,1708826861.316
19480,1708826861.336
19481,1708826861.356
19482,1708826861.376
19483,1708826861.396
19484,1708826861.416
19485,1708826861.446
19486,1708826861.466
19487,1708826861.486
19488,1708826861.506
19489,1708826861.526
19490,1708826861.546
19491,1708826861.566
19492,1708826861.596
19493,1708826861.616
19494,1708826861.636
19495,1708826861.656
19496,1708826861.676
19497,1708826861.696
19498,1708826861.716
19499,1708826861.736
19500,1708826861.766
19501,1708826861.786
19502,1708826861.806
19503,1708826861.826
19504,1708826861.846
19505,1708826861.866
19506,1708826861.886
19507,1708826861.916
19508,1708826861.936
19509,1708826861.956
19510,1708826861.976
19511,1708826861.996
19512,1708826862.016
19513,1708826862.036
19514,1708826862.056
19515,1708826862.086
19516,1708826862.106
19517,1708826862.126
19518,1708826862.146
19519,1708826862.166
19520,1708826862.186
19521,1708826862.206
19522,1708826862.236
19523,1708826862.256
19524,1708826862.276
19525,1708826862.296
19526,1708826862.316
19527,1708826862.336
19528,1708826862.356
19529,1708826862.376
19530,1708826862.406
19531,1708826862.426
19532,1708826862.446
19533,1708826862.466
19534,1708826862.486
19535,1708826862.506
19536,1708826862.526
19537,1708826862.556
19538,1708826862.576
19539,1708826862.596
19540,1708826862.616
19541,1708826862.636
19542,1708826862.656
19543,1708826862.676
19544,1708826862.696
19545,1708826862.726
19546,1708826862.746
19547,1708826862.766
19548,1708826862.786
19549,1708826862.806
19550,1708826862.826
19551,1708826862.846
19552,1708826862.876
19553,1708826862.896
19554,1708826862.916
19555,1708826862.936
19556,1708826862.956
19557,1708826862.976
19558,1708826862.996
19559,1708826863.016
19560,1708826863.046
19561,1708826863.066
19562,1708826863.086
19563,1708826863.106
19564,1708826863.126
19565,1708826863.146
19566,1708826863.166
19567,1708826863.196
19568,1708826863.216
19569,1708826863.236
19570,1708826863.256
19571,1708826863.276
19572,1708826863.296
19573,1708826863.316
19574,1708826863.336
19575,1708826863.366
19576,1708826863.386
19577,1708826863.406
19578,1708826863.426
19579,1708826863.446
19580,1708826863.466
19581,1708826863.486
19582,1708826863.516
19583,1708826863.536
19584,1708826863.556
19585,1708826863.576
19586,1708826863.596
19587,1708826863.616
19588,1708826863.636
19589,1708826863.656
19590,1708826863.686
19591,1708826863.706
19592,1708826863.726
19593,1708826863.746
19594,1708826863.766
19595,1708826863.786
19596,1708826863.806
19597,1708826863.836
19598,1708826863.856
19599,1708826863.876
19600,1708826863.896
19601,1708826863.916
19602,1708826863.936
19603,1708826863.956
19604,1708826863.976
19605,1708826864.006
19606,1708826864.026
19607,1708826864.046
19608,1708826864.066
19609,1708826864.086
19610,1708826864.106
19611,1708826864.126
19612,1708826864.156
19613,1708826864.176
19614,1708826864.196
19615,1708826864.216
19616,1708826864.236
19617,1708826864.256
19618,1708826864.276
19619,1708826864.296
19620,1708826864.326
19621,1708826864.346
19622,1708826864.366
19623,1708826864.386
19624,1708826864.406
19625,1708826864.426
19626,1708826864.446
19627,1708826864.476
19628,1708826864.496
19629,1708826864.516
19630,1708826864.536
19631,1708826864.556
19632,1708826864.576
19633,1708826864.596
19634,1708826864.616
19635,1708826864.646
19636,1708826864.666
19637,1708826864.686
19638,1708826864.706
19639,1708826864.726
19640,1708826864.746
19641,1708826864.766
19642,1708826864.796
19643,1708826864.816
19644,1708826864.836
19645,1708826864.856
19646,1708826864.876
19647,1708826864.896
19648,1708826864.916
19649,1708826864.936
19650,1708826864.966
19651,1708826864.986
19652,1708826865.006
19653,1708826865.026
19654,1708826865.046
19655,1708826865.066
19656,1708826865.086
19657,1708826865.116
19658,1708826865.136
19659,1708826865.156
19660,1708826865.176
19661,1708826865.196
19662,1708826865.216
19663,1708826865.236
19664,1708826865.256
19665,1708826865.286
19666,1708826865.306
19667,1708826865.326
19668,1708826865.346
19669,1708826865.366
19670,1708826865.386
19671,1708826865.406
19672,1708826865.436
19673,1708826865.456
19674,1708826865.476
19675,1708826865.496
19676,1708826865.516
19677,1708826865.536
19678,1708826865.556
19679,1708826865.576
19680,1708826865.606
19681,1708826865.626
19682,1708826865.646
19683,1708826865.666
19684,1708826865.686
19685,1708826865.706
19686,1708826865.726
19687,1708826865.756
19688,1708826865.776
19689,1708826865.796
19690,1708826865.816
19691,1708826865.836
19692,1708826865.856
19693,1708826865.876
19694,1708826865.896
19695,1708826865.926
19696,1708826865.946
19697,1708826865.966
19698,1708826865.986
19699,1708826866.006
19700,1708826866.026
19701,1708826866.046
19702,1708826866.076
19703,1708826866.096
19704,1708826866.116
19705,1708826866.136
19706,1708826866.156
19707,1708826866.176
19708,1708826866.196
19709,1708826866.216
19710,1708826866.246
19711,1708826866.266
19712,1708826866.286
19713,1708826866.306
19714,1708826866.326
19715,1708826866.346
19716,1708826866.366
19717,1708826866.396
19718,1708826866.416
19719,1708826866.436
19720,1708826866.456
19721,1708826866.476
19722,1708826866.496
19723,1708826866.516
19724,1708826866.536
19725,1708826866.566
19726,1708826866.586
19727,1708826866.606
19728,1708826866.626
19729,1708826866.646
19730,1708826866.666
19731,1708826866.686
19732,1708826866.716
19733,1708826866.736
19734,1708826866.756
19735,1708826866.776
19736,1708826866.796
19737,1708826866.816
19738,1708826866.836
19739,1708826866.856
19740,1708826866.886
19741,1708826866.906
19742,1708826866.926
19743,1708826866.946
19744,1708826866.966
19745,1708826866.986
19746,1708826867.006
19747,1708826867.036
19748,1708826867.056
19749,1708826867.076
19750,1708826867.096
19751,1708826867.116
19752,1708826867.136
19753,1708826867.156
19754,1708826867.176
19755,1708826867.206
19756,1708826867.226
19757,1708826867.246
19758,1708826867.266
19759,1708826867.286
19760,1708826867.306
19761,1708826867.326
19762,1708826867.356
19763,1708826867.376
19764,1708826867.396
19765,1708826867.416
19766,1708826867.436
19767,1708826867.456
19768,1708826867.476
19769,1708826867.496
19770,1708826867.526
19771,1708826867.546
19772,1708826867.566
19773,1708826867.586
19774,1708826867.606
19775,1708826867.626
19776,1708826867.646
19777,1708826867.676
19778,1708826867.696
19779,1708826867.716
19780,1708826867.736
19781,1708826867.756
19782,1708826867.776
19783,1708826867.796
19784,1708826867.816
19785,1708826867.846
19786,1708826867.866
19787,1708826867.886
19788,1708826867.906
19789,1708826867.926
19790,1708826867.946
19791,1708826867.966
19792,1708826867.996
19793,1708826868.016
19794,1708826868.036
19795,1708826868.056
19796,1708826868.076
19797,1708826868.096
19798,1708826868.116
19799,1708826868.136
19800,1708826868.166
19801,1708826868.186
19802,1708826868.206
19803,1708826868.226
19804,1708826868.246
19805,1708826868.266
19806,1708826868.286
19807,1708826868.316
19808,1708826868.336
19809,1708826868.356
19810,1708826868.376
19811,1708826868.396
19812,1708826868.416
19813,1708826868.436
19814,1708826868.456
19815,1708826868.486
19816,1708826868.506
19817,1708826868.526
19818,1708826868.546
19819,1708826868.566
19820,1708826868.586
19821,1708826868.606
19822,1708826868.636
19823,1708826868.656
19824,1708826868.676
19825,1708826868.696
19826,1708826868.716
19827,1708826868.736
19828,1708826868.756
19829,1708826868.776
19830,1708826868.806
19831,1708826868.826
19832,1708826868.846
19833,1708826868.866
19834,1708826868.886
19835,1708826868.906
19836,1708826868.926
19837,1708826868.956
19838,1708826868.976
19839,1708826868.996
19840,1708826869.016
19841,1708826869.036
19842,1708826869.056
19843,1708826869.076
19844,1708826869.096
19845,1708826869.126
19846,1708826869.146
19847,1708826869.166
19848,1708826869.186
19849,1708826869.206
19850,1708826869.226
19851,1708826869.246
19852,1708826869.276
19853,1708826869.296
19854,1708826869.316
19855,1708826869.336
19856,1708826869.356
19857,1708826869.376
19858,1708826869.396
19859,1708826869.416
19860,1708826869.446
19861,1708826869.466
19862,1708826869.486
19863,1708826869.506
19864,1708826869.526
19865,1708826869.546
19866,1708826869.566
19867,1708826869.596
19868,1708826869.616
19869,1708826869.636
19870,1708826869.656
19871,1708826869.676
19872,1708826869.696
19873,1708826869.716
19874,1708826869.736
19875,1708826869.766
19876,1708826869.786
19877,1708826869.806
19878,1708826869.826
19879,1708826869.846
19880,1708826869.866
19881,1708826869.886
19882,1708826869.916
19883,1708826869.936
19884,1708826869.956
19885,1708826869.976
19886,1708826869.996
19887,1708826870.016
19888,1708826870.036
19889,1708826870.056
19890,1708826870.086
19891,1708826870.106
19892,1708826870.126
19893,1708826870.146
19894,1708826870.166
19895,1708826870.186
19896,1708826870.206
19897,1708826870.236
19898,1708826870.256
19899,1708826870.276
19900,1708826870.296
19901,1708826870.316
19902,1708826870.336
19903,1708826870.356
19904,1708826870.376
19905,1708826870.406
19906,1708826870.426
19907,1708826870.446
19908,1708826870.466
19909,1708826870.486
19910,1708826870.506
19911,1708826870.526
19912,1708826870.556
19913,1708826870.576
19914,1708826870.596
19915,1708826870.616
19916,1708826870.636
19917,1708826870.656
19918,1708826870.676
19919,1708826870.696
19920,1708826870.726
19921,1708826870.746
19922,1708826870.766
19923,1708826870.786
19924,1708826870.806
19925,1708826870.826
19926,1708826870.846
19927,1708826870.876
19928,1708826870.896
19929,1708826870.916
19930,1708826870.936
19931,1708826870.956
19932,1708826870.976
19933,1708826870.996
19934,1708826871.016
19935,1708826871.046
19936,1708826871.066
19937,1708826871.086
19938,1708826871.106
19939,1708826871.126
19940,1708826871.146
19941,1708826871.166
19942,1708826871.196
19943,1708826871.216
19944,1708826871.236
19945,1708826871.256
19946,1708826871.276
19947,1708826871.296
19948,1708826871.316
19949,1708826871.336
19950,1708826871.366
19951,1708826871.386
19952,1708826871.406
19953,1708826871.426
19954,1708826871.446
19955,1708826871.466
19956,1708826871.486
19957,1708826871.516
19958,1708826871.536
19959,1708826871.556
19960,1708826871.576
19961,1708826871.596
19962,1708826871.616
19963,1708826871.636
19964,1708826871.656
19965,1708826871.686
19966,1708826871.706
19967,1708826871.726
19968,1708826871.746
19969,1708826871.766
19970,1708826871.786
19971,1708826871.806
19972,1708826871.836
19973,1708826871.856
19974,1708826871.876
19975,1708826871.896
19976,1708826871.916
19977,1708826871.936
19978,1708826871.956
19979,1708826871.976
19980,1708826872.006
19981,1708826872.026
19982,1708826872.046
19983,1708826872.066
19984,1708826872.086
19985,1708826872.106
19986,1708826872.126
19987,1708826872.156
19988,1708826872.176
19989,1708826872.196
19990,1708826872.216
19991,1708826872.236
19992,1708826872.256
19993,1708826872.276
19994,1708826872.296
19995,1708826872.326
19996,1708826872.346
19997,1708826872.366
19998,1708826872.386
19999,1708826872.406
20000,1708826872.426
20001,1708826872.446
20002,1708826872.476
20003,1708826872.496
20004,1708826872.516
20005,1708826872.536
20006,1708826872.556
20007,1708826872.576
20008,1708826872.596
20009,1708826872.616
20010,1708826872.646
20011,1708826872.666
20012,1708826872.686
20013,1708826872.706
20014,1708826872.726
20015,1708826872.746
20016,1708826872.766
20017,1708826872.796
20018,1708826872.816
20019,1708826872.836
20020,1708826872.856
20021,1708826872.876
20022,1708826872.896
20023,1708826872.916
20024,1708826872.936
20025,1708826872.966
20026,1708826872.986
20027,1708826873.006
20028,1708826873.026
20029,1708826873.046
20030,1708826873.066
20031,1708826873.086
20032,1708826873.116
20033,1708826873.136
20034,1708826873.156
20035,1708826873.176
20036,1708826873.196
20037,1708826873.216
20038,1708826873.236
20039,1708826873.256
20040,1708826873.286
20041,1708826873.306
20042,1708826873.326
20043,1708826873.346
20044,1708826873.366
20045,1708826873.386
20046,1708826873.406
20047,1708826873.436
20048,1708826873.456
20049,1708826873.476
20050,1708826873.496
20051,1708826873.516
20052,1708826873.536
20053,1708826873.556
20054,1708826873.576
20055,1708826873.606
20056,1708826873.626
20057,1708826873.646
20058,1708826873.666
20059,1708826873.686
20060,1708826873.706
20061,1708826873.726
20062,1708826873.756
20063,1708826873.776
20064,1708826873.796
20065,1708826873.816
20066,1708826873.836
20067,1708826873.856
20068,1708826873.876
20069,1708826873.896
20070,1708826873.926
20071,1708826873.946
20072,1708826873.966
20073,1708826873.986
20074,1708826874.006
20075,1708826874.026
20076,1708826874.046
20077,1708826874.076
20078,1708826874.096
20079,1708826874.116
20080,1708826874.136
20081,1708826874.156
20082,1708826874.176
20083,1708826874.196
20084,1708826874.216
20085,1708826874.246
20086,1708826874.266
20087,1708826874.286
20088,1708826874.306
20089,1708826874.326
20090,1708826874.346
20091,1708826874.366
20092,1708826874.396
20093,1708826874.416
20094,1708826874.436
20095,1708826874.456
20096,1708826874.476
20097,1708826874.496
20098,1708826874.516
20099,1708826874.536
20100,1708826874.566
20101,1708826874.586
20102,1708826874.606
20103,1708826874.626
20104,1708826874.646
20105,1708826874.666
20106,1708826874.686
20107,1708826874.716
20108,1708826874.736
20109,1708826874.756
20110,1708826874.776
20111,1708826874.796
20112,1708826874.816
20113,1708826874.836
20114,1708826874.856
20115,1708826874.886
20116,1708826874.906
20117,1708826874.926
20118,1708826874.946
20119,1708826874.966
20120,1708826874.986
20121,1708826875.006
20122,1708826875.036
20123,1708826875.056
20124,1708826875.076
20125,1708826875.096
20126,1708826875.116
20127,1708826875.136
20128,1708826875.156
20129,1708826875.176
20130,1708826875.206
20131,1708826875.226
20132,1708826875.246
20133,1708826875.266
20134,1708826875.286
20135,1708826875.306
20136,1708826875.326
20137,1708826875.356
20138,1708826875.376
20139,1708826875.396
20140,1708826875.416
20141,1708826875.436
20142,1708826875.456
20143,1708826875.476
20144,1708826875.496
20145,1708826875.526
20146,1708826875.546
20147,1708826875.566
20148,1708826875.586
20149,1708826875.606
20150,1708826875.626
20151,1708826875.646
20152,1708826875.676
20153,1708826875.696
20154,1708826875.716
20155,1708826875.736
20156,1708826875.756
20157,1708826875.776
20158,1708826875.796
20159,1708826875.816
20160,1708826875.846
20161,1708826875.866
20162,1708826875.886
20163,1708826875.906
20164,1708826875.926
20165,1708826875.946
20166,1708826875.966
20167,1708826875.996
20168,1708826876.016
20169,1708826876.036
20170,1708826876.056
20171,1708826876.076
20172,1708826876.096
20173,1708826876.116
20174,1708826876.136
20175,1708826876.166
20176,1708826876.186
20177,1708826876.206
20178,1708826876.226
20179,1708826876.246
20180,1708826876.266
20181,1708826876.286
20182,1708826876.316
20183,1708826876.336
20184,1708826876.356
20185,1708826876.376
20186,1708826876.396
20187,1708826876.416
20188,1708826876.436
20189,1708826876.456
20190,1708826876.486
20191,1708826876.506
20192,1708826876.526
20193,1708826876.546
20194,1708826876.566
20195,1708826876.586
20196,1708826876.606
20197,1708826876.636
20198,1708826876.656
20199,1708826876.676
20200,1708826876.696
20201,1708826876.716
20202,1708826876.736
20203,1708826876.756
20204,1708826876.776
20205,1708826876.806
20206,1708826876.826
20207,1708826876.846
20208,1708826876.866
20209,1708826876.886
20210,1708826876.906
20211,1708826876.926
20212,1708826876.956
20213,1708826876.976
20214,1708826876.996
20215,1708826877.016
20216,1708826877.036
20217,1708826877.056
20218,1708826877.076
20219,1708826877.096
20220,1708826877.126
20221,1708826877.146
20222,1708826877.166
20223,1708826877.186
20224,1708826877.206
20225,1708826877.226
20226,1708826877.246
20227,1708826877.276
20228,1708826877.296
20229,1708826877.316
20230,1708826877.336
20231,1708826877.356
20232,1708826877.376
20233,1708826877.396
20234,1708826877.416
20235,1708826877.446
20236,1708826877.466
20237,1708826877.486
20238,1708826877.506
20239,1708826877.526
20240,1708826877.546
20241,1708826877.566
20242,1708826877.596
20243,1708826877.616
20244,1708826877.636
20245,1708826877.656
20246,1708826877.676
20247,1708826877.696
20248,1708826877.716
20249,1708826877.736
20250,1708826877.766
20251,1708826877.786
20252,1708826877.806
20253,1708826877.826
20254,1708826877.846
20255,1708826877.866
20256,1708826877.886
20257,1708826877.916
20258,1708826877.936
20259,1708826877.956
20260,1708826877.976
20261,1708826877.996
20262,1708826878.016
20263,1708826878.036
20264,1708826878.056
20265,1708826878.086
20266,1708826878.106
20267,1708826878.126
20268,1708826878.146
20269,1708826878.166
20270,1708826878.186
20271,1708826878.206
20272,1708826878.236
20273,1708826878.256
20274,1708826878.276
20275,1708826878.296
20276,1708826878.316
20277,1708826878.336
20278,1708826878.356
20279,1708826878.376
20280,1708826878.406
20281,1708826878.426
20282,1708826878.446
20283,1708826878.466
20284,1708826878.486
20285,1708826878.506
20286,1708826878.526
20287,1708826878.556
20288,1708826878.576
20289,1708826878.596
20290,1708826878.616
20291,1708826878.636
20292,1708826878.656
20293,1708826878.676
20294,1708826878.696
20295,1708826878.726
20296,1708826878.746
20297,1708826878.766
20298,1708826878.786
20299,1708826878.806
20300,1708826878.826
20301,1708826878.846
20302,1708826878.876
20303,1708826878.896
20304,1708826878.916
20305,1708826878.936
20306,1708826878.956
20307,1708826878.976
20308,1708826878.996
20309,1708826879.016
20310,1708826879.046
20311,1708826879.066
20312,1708826879.086
20313,1708826879.106
20314,1708826879.126
20315,1708826879.146
20316,1708826879.166
20317,1708826879.196
20318,1708826879.216
20319,1708826879.236
20320,1708826879.256
20321,1708826879.276
20322,1708826879.296
20323,1708826879.316
20324,1708826879.336
20325,1708826879.366
20326,1708826879.386
20327,1708826879.406
20328,1708826879.426
20329,1708826879.446
20330,1708826879.466
20331,1708826879.486
20332,1708826879.516
20333,1708826879.536
20334,1708826879.556
20335,1708826879.576
20336,1708826879.596
20337,1708826879.616
20338,1708826879.636
20339,1708826879.656
20340,1708826879.686
20341,1708826879.706
20342,1708826879.726
20343,1708826879.746
20344,1708826879.766
20345,1708826879.786
20346,1708826879.806
20347,1708826879.836
20348,1708826879.856
20349,1708826879.876
20350,1708826879.896
20351,1708826879.916
20352,1708826879.936
20353,1708826879.956
20354,1708826879.976
20355,1708826880.006
20356,1708826880.026
20357,1708826880.046
20358,1708826880.066
20359,1708826880.086
20360,1708826880.106
20361,1708826880.126
20362,1708826880.156
20363,1708826880.176
20364,1708826880.196
20365,1708826880.216
20366,1708826880.236
20367,1708826880.256
20368,1708826880.276
20369,1708826880.296
20370,1708826880.326
20371,1708826880.346
20372,1708826880.366
20373,1708826880.386
20374,1708826880.406
20375,1708826880.426
20376,1708826880.446
20377,1708826880.476
20378,1708826880.496
20379,1708826880.516
20380,1708826880.536
20381,1708826880.556
20382,1708826880.576
20383,1708826880.596
20384,1708826880.616
20385,1708826880.646
20386,1708826880.666
20387,1708826880.686
20388,1708826880.706
20389,1708826880.726
20390,1708826880.746
20391,1708826880.766
20392,1708826880.796
20393,1708826880.816
20394,1708826880.836
20395,1708826880.856
20396,1708826880.876
20397,1708826880.896
20398,1708826880.916
20399,1708826880.936
20400,1708826880.966
20401,1708826880.986
20402,1708826881.006
20403,1708826881.026
20404,1708826881.046
20405,1708826881.066
20406,1708826881.086
20407,1708826881.116
20408,1708826881.136
20409,1708826881.156
20410,1708826881.176
20411,1708826881.196
20412,1708826881.216
20413,1708826881.236
20414,1708826881.256
20415,1708826881.286
20416,1708826881.306
20417,1708826881.326
20418,1708826881.346
20419,1708826881.366
20420,1708826881.386
20421,1708826881.406
20422,1708826881.436
20423,1708826881.456
20424,1708826881.476
20425,1708826881.496
20426,1708826881.516
20427,1708826881.536
20428,1708826881.556
20429,1708826881.576
20430,1708826881.606
20431,1708826881.626
20432,1708826881.646
20433,1708826881.666
20434,1708826881.686
20435,1708826881.706
20436,1708826881.726
20437,1708826881.756
20438,1708826881.776
20439,1708826881.796
20440,1708826881.816
20441,1708826881.836
20442,1708826881.856
20443,1708826881.876
20444,1708826881.896
20445,1708826881.926
20446,1708826881.946
20447,1708826881.966
20448,1708826881.986
20449,1708826882.006
20450,1708826882.026
20451,1708826882.046
20452,1708826882.076
20453,1708826882.096
20454,1708826882.116
20455,1708826882.136
20456,1708826882.156
20457,1708826882.176
20458,1708826882.196
20459,1708826882.216
20460,1708826882.246
20461,1708826882.266
20462,1708826882.286
20463,1708826882.306
20464,1708826882.326
20465,1708826882.346
20466,1708826882.366
20467,1708826882.396
20468,1708826882.416
20469,1708826882.436
20470,1708826882.456
20471,1708826882.476
20472,1708826882.496
20473,1708826882.516
20474,1708826882.536
20475,1708826882.566
20476,1708826882.586
20477,1708826882.606
20478,1708826882.626
20479,1708826882.646
20480,1708826882.666
20481,1708826882.686
20482,1708826882.716
20483,1708826882.736
20484,1708826882.756
20485,1708826882.776
20486,1708826882.796
20487,1708826882.816
20488,1708826882.836
20489,1708826882.856
20490,1708826882.886
20491,1708826882.906
20492,1708826882.926
20493,1708826882.946
20494,1708826882.966
20495,1708826882.986
20496,1708826883.006
20497,1708826883.036
20498,1708826883.056
20499,1708826883.076
20500,1708826883.096
20501,1708826883.116
20502,1708826883.136
20503,1708826883.156
20504,1708826883.176
20505,1708826883.206
20506,1708826883.226
20507,1708826883.246
20508,1708826883.266
20509,1708826883.286
20510,1708826883.306
20511,1708826883.326
20512,1708826883.356
20513,1708826883.376
20514,1708826883.396
20515,1708826883.416
20516,1708826883.436
20517,1708826883.456
20518,1708826883.476
20519,1708826883.496
20520,1708826883.526
20521,1708826883.546
20522,1708826883.566
20523,1708826883.586
20524,1708826883.606
20525,1708826883.626
20526,1708826883.646
20527,1708826883.676
20528,1708826883.696
20529,1708826883.716
20530,1708826883.736
20531,1708826883.756
20532,1708826883.776
20533,1708826883.796
20534,1708826883.816
20535,1708826883.846
20536,1708826883.866
20537,1708826883.886
20538,1708826883.906
20539,1708826883.926
20540,1708826883.946
20541,1708826883.966
20542,1708826883.996
20543,1708826884.016
20544,1708826884.036
20545,1708826884.056
20546,1708826884.076
20547,1708826884.096
20548,1708826884.116
20549,1708826884.136
20550,1708826884.166
20551,1708826884.186
20552,1708826884.206
20553,1708826884.226
20554,1708826884.246
20555,1708826884.266
20556,1708826884.286
20557,1708826884.316
20558,1708826884.336
20559,1708826884.356
20560,1708826884.376
20561,1708826884.396
20562,1708826884.416
20563,1708826884.436
20564,1708826884.456
20565,1708826884.486
20566,1708826884.506
20567,1708826884.526
20568,1708826884.546
20569,1708826884.566
20570,1708826884.586
20571,1708826884.606
20572,1708826884.636
20573,1708826884.656
20574,1708826884.676
20575,1708826884.696
20576,1708826884.716
20577,1708826884.736
20578,1708826884.756
20579,1708826884.776
20580,1708826884.806
20581,1708826884.826
20582,1708826884.846
20583,1708826884.866
20584,1708826884.886
20585,1708826884.906
20586,1708826884.926
20587,1708826884.956
20588,1708826884.976
20589,1708826884.996
20590,1708826885.016
20591,1708826885.036
20592,1708826885.056
20593,1708826885.076
20594,1708826885.096
20595,1708826885.126
20596,1708826885.146
20597,1708826885.166
20598,1708826885.186
20599,1708826885.206
20600,1708826885.226
20601,1708826885.246
20602,1708826885.276
20603,1708826885.296
20604,1708826885.316
20605,1708826885.336
20606,1708826885.356
20607,1708826885.376
20608,1708826885.396
20609,1708826885.416
20610,1708826885.446
20611,1708826885.466
20612,1708826885.486
20613,1708826885.506
20614,1708826885.526
20615,1708826885.546
20616,1708826885.566
20617,1708826885.596
20618,1708826885.616
20619,1708826885.636
20620,1708826885.656
20621,1708826885.676
20622,1708826885.696
20623,1708826885.716
20624,1708826885.736
20625,1708826885.766
20626,1708826885.786
20627,1708826885.806
20628,1708826885.826
20629,1708826885.846
20630,1708826885.866
20631,1708826885.886
20632,1708826885.916
20633,1708826885.936
20634,1708826885.956
20635,1708826885.976
20636,1708826885.996
20637,1708826886.016
20638,1708826886.036
20639,1708826886.056
20640,1708826886.086
20641,1708826886.106
20642,1708826886.126
20643,1708826886.146
20644,1708826886.166
20645,1708826886.186
20646,1708826886.206
20647,1708826886.236
20648,1708826886.256
20649,1708826886.276
20650,1708826886.296
20651,1708826886.316
20652,1708826886.336
20653,1708826886.356
20654,1708826886.376
20655,1708826886.406
20656,1708826886.426
20657,1708826886.446
20658,1708826886.466
20659,1708826886.486
20660,1708826886.506
20661,1708826886.526
20662,1708826886.556
20663,1708826886.576
20664,1708826886.596
20665,1708826886.616
20666,1708826886.636
20667,1708826886.656
20668,1708826886.676
20669,1708826886.696
20670,1708826886.726
20671,1708826886.746
20672,1708826886.766
20673,1708826886.786
20674,1708826886.806
20675,1708826886.826
20676,1708826886.846
20677,1708826886.876
20678,1708826886.896
20679,1708826886.916
20680,1708826886.936
20681,1708826886.956
20682,1708826886.976
20683,1708826886.996
20684,1708826887.016
20685,1708826887.046
20686,1708826887.066
20687,1708826887.086
20688,1708826887.106
20689,1708826887.126
20690,1708826887.146
20691,1708826887.166
20692,1708826887.196
20693,1708826887.216
20694,1708826887.236
20695,1708826887.256
20696,1708826887.276
20697,1708826887.296
20698,1708826887.316
20699,1708826887.336
20700,1708826887.366
20701,1708826887.386
20702,1708826887.406
20703,1708826887.426
20704,1708826887.446
20705,1708826887.466
20706,1708826887.486
20707,1708826887.516
20708,1708826887.536
20709,1708826887.556
20710,1708826887.576
20711,1708826887.596
20712,1708826887.616
20713,1708826887.636
20714,1708826887.656
20715,1708826887.686
20716,1708826887.706
20717,1708826887.726
20718,1708826887.746
20719,1708826887.766
20720,1708826887.786
20721,1708826887.806
20722,1708826887.836
20723,1708826887.856
20724,1708826887.876
20725,1708826887.896
20726,1708826887.916
20727,1708826887.936
20728,1708826887.956
20729,1708826887.976
20730,1708826888.006
20731,1708826888.026
20732,1708826888.046
20733,1708826888.066
20734,1708826888.086
20735,1708826888.106
20736,1708826888.126
20737,1708826888.156
20738,1708826888.176
20739,1708826888.196
20740,1708826888.216
20741,1708826888.236
20742,1708826888.256
20743,1708826888.276
20744,1708826888.296
20745,1708826888.326
20746,1708826888.346
20747,1708826888.366
20748,1708826888.386
20749,1708826888.406
20750,1708826888.426
20751,1708826888.446
20752,1708826888.476
20753,1708826888.496
20754,1708826888.516
20755,1708826888.536
20756,1708826888.556
20757,1708826888.576
20758,1708826888.596
20759,1708826888.616
20760,1708826888.646
20761,1708826888.666
20762,1708826888.686
20763,1708826888.706
20764,1708826888.726
20765,1708826888.746
20766,1708826888.766
20767,1708826888.796
20768,1708826888.816
20769,1708826888.836
20770,1708826888.856
20771,1708826888.876
20772,1708826888.896
20773,1708826888.916
20774,1708826888.936
20775,1708826888.966
20776,1708826888.986
20777,1708826889.006
20778,1708826889.026
20779,1708826889.046
20780,1708826889.066
20781,1708826889.086
20782,1708826889.116
20783,1708826889.136
20784,1708826889.156
20785,1708826889.176
20786,1708826889.196
20787,1708826889.216
20788,1708826889.236
20789,1708826889.256
20790,1708826889.286
20791,1708826889.306
20792,1708826889.326
20793,1708826889.346
20794,1708826889.366
20795,1708826889.386
20796,1708826889.406
20797,1708826889.436
20798,1708826889.456
20799,1708826889.476
20800,1708826889.496
20801,1708826889.516
20802,1708826889.536
20803,1708826889.556
20804,1708826889.576
20805,1708826889.606
20806,1708826889.626
20807,1708826889.646
20808,1708826889.666
20809,1708826889.686
20810,1708826889.706
20811,1708826889.726
20812,1708826889.756
20813,1708826889.776
20814,1708826889.796
20815,1708826889.816
20816,1708826889.836
20817,1708826889.856
20818,1708826889.876
20819,1708826889.896
20820,1708826889.926
20821,1708826889.946
20822,1708826889.966
20823,1708826889.986
20824,1708826890.006
20825,1708826890.026
20826,1708826890.046
20827,1708826890.076
20828,1708826890.096
20829,1708826890.116
20830,1708826890.136
20831,1708826890.156
20832,1708826890.176
20833,1708826890.196
20834,1708826890.216
20835,1708826890.246
20836,1708826890.266
20837,1708826890.286
20838,1708826890.306
20839,1708826890.326
20840,1708826890.346
20841,1708826890.366
20842,1708826890.396
20843,1708826890.416
20844,1708826890.436
20845,1708826890.456
20846,1708826890.476
20847,1708826890.496
20848,1708826890.516
20849,1708826890.536
20850,1708826890.566
20851,1708826890.586
20852,1708826890.606
20853,1708826890.626
20854,1708826890.646
20855,1708826890.666
20856,1708826890.686
20857,1708826890.716
20858,1708826890.736
20859,1708826890.756
20860,1708826890.776
20861,1708826890.796
20862,1708826890.816
20863,1708826890.836
20864,1708826890.856
20865,1708826890.886
20866,1708826890.906
20867,1708826890.926
20868,1708826890.946
20869,1708826890.966
20870,1708826890.986
20871,1708826891.006
20872,1708826891.036
20873,1708826891.056
20874,1708826891.076
20875,1708826891.096
20876,1708826891.116
20877,1708826891.136
20878,1708826891.156
20879,1708826891.176
20880,1708826891.206
20881,1708826891.226
20882,1708826891.246
20883,1708826891.266
20884,1708826891.286
20885,1708826891.306
20886,1708826891.326
20887,1708826891.356
20888,1708826891.376
20889,1708826891.396
20890,1708826891.416
20891,1708826891.436
20892,1708826891.456
20893,1708826891.476
20894,1708826891.496
20895,1708826891.526
20896,1708826891.546
20897,1708826891.566
20898,1708826891.586
20899,1708826891.606
20900,1708826891.626
20901,1708826891.646
20902,1708826891.676
20903,1708826891.696
20904,1708826891.716
20905,1708826891.736
20906,1708826891.756
20907,1708826891.776
20908,1708826891.796
20909,1708826891.816
20910,1708826891.846
20911,1708826891.866
20912,1708826891.886
20913,1708826891.906
20914,1708826891.926
20915,1708826891.946
20916,1708826891.966
20917,1708826891.996
20918,1708826892.016
20919,1708826892.036
20920,1708826892.056
20921,1708826892.076
20922,1708826892.096
20923,1708826892.116
20924,1708826892.136
20925,1708826892.166
20926,1708826892.186
20927,1708826892.206
20928,1708826892.226
20929,1708826892.246
20930,1708826892.266
20931,1708826892.286
20932,1708826892.316
20933,1708826892.336
20934,1708826892.356
20935,1708826892.376
20936,1708826892.396
20937,1708826892.416
20938,1708826892.436
20939,1708826892.456
20940,1708826892.486
20941,1708826892.506
20942,1708826892.526
20943,1708826892.546
20944,1708826892.566
20945,1708826892.586
20946,1708826892.606
20947,1708826892.636
20948,1708826892.656
20949,1708826892.676
20950,1708826892.696
20951,1708826892.716
20952,1708826892.736
20953,1708826892.756
20954,1708826892.776
20955,1708826892.806
20956,1708826892.826
20957,1708826892.846
20958,1708826892.866
20959,1708826892.886
20960,1708826892.906
20961,1708826892.926
20962,1708826892.956
20963,1708826892.976
20964,1708826892.996
20965,1708826893.016
20966,1708826893.036
20967,1708826893.056
20968,1708826893.076
20969,1708826893.096
20970,1708826893.126
20971,1708826893.146
20972,1708826893.166
20973,1708826893.186
20974,1708826893.206
20975,1708826893.226
20976,1708826893.246
20977,1708826893.276
20978,1708826893.296
20979,1708826893.316
20980,1708826893.336
20981,1708826893.356
20982,1708826893.376
20983,1708826893.396
20984,1708826893.416
20985,1708826893.446
20986,1708826893.466
20987,1708826893.486
20988,1708826893.506
20989,1708826893.526
20990,1708826893.546
20991,1708826893.566
20992,1708826893.596
20993,1708826893.616
20994,1708826893.636
20995,1708826893.656
20996,1708826893.676
20997,1708826893.696
20998,1708826893.716
20999,1708826893.736
21000,1708826893.766
21001,1708826893.786
21002,1708826893.806
21003,1708826893.826
21004,1708826893.846
21005,1708826893.866
21006,1708826893.886
21007,1708826893.916
21008,1708826893.936
21009,1708826893.956
21010,1708826893.976
21011,1708826893.996
21012,1708826894.016
21013,1708826894.036
21014,1708826894.056
21015,1708826894.086
21016,1708826894.106
21017,1708826894.126
21018,1708826894.146
21019,1708826894.166
21020,1708826894.186
21021,1708826894.206
21022,1708826894.236
21023,1708826894.256
21024,1708826894.276
21025,1708826894.296
21026,1708826894.316
21027,1708826894.336
21028,1708826894.356
21029,1708826894.376
21030,1708826894.406
21031,1708826894.426
21032,1708826894.446
21033,1708826894.466
21034,1708826894.486
21035,1708826894.506
21036,1708826894.526
21037,1708826894.556
21038,1708826894.576
21039,1708826894.596
21040,1708826894.616
21041,1708826894.636
21042,1708826894.656
21043,1708826894.676
21044,1708826894.696
21045,1708826894.726
21046,1708826894.746
21047,1708826894.766
21048,1708826894.786
21049,1708826894.806
21050,1708826894.826
21051,1708826894.846
21052,1708826894.876
21053,1708826894.896
21054,1708826894.916
21055,1708826894.936
21056,1708826894.956
21057,1708826894.976
21058,1708826894.996
21059,1708826895.016
21060,1708826895.046
21061,1708826895.066
21062,1708826895.086
21063,1708826895.106
21064,1708826895.126
21065,1708826895.146
21066,1708826895.166
21067,1708826895.196
21068,1708826895.216
21069,1708826895.236
21070,1708826895.256
21071,1708826895.276
21072,1708826895.296
21073,1708826895.316
21074,1708826895.336
21075,1708826895.366
21076,1708826895.386
21077,1708826895.406
21078,1708826895.426
21079,1708826895.446
21080,1708826895.466
21081,1708826895.486
21082,1708826895.516
21083,1708826895.536
21084,1708826895.556
21085,1708826895.576
21086,1708826895.596
21087,1708826895.616
21088,1708826895.636
21089,1708826895.656
21090,1708826895.686
21091,1708826895.706
21092,1708826895.726
21093,1708826895.746
21094,1708826895.766
21095,1708826895.786
21096,1708826895.806
21097,1708826895.836
21098,1708826895.856
21099,1708826895.876
21100,1708826895.896
21101,1708826895.916
21102,1708826895.936
21103,1708826895.956
21104,1708826895.976
21105,1708826896.006
21106,1708826896.026
21107,1708826896.046
21108,1708826896.066
21109,1708826896.086
21110,1708826896.106
21111,1708826896.126
21112,1708826896.156
21113,1708826896.176
21114,1708826896.196
21115,1708826896.216
21116,1708826896.236
21117,1708826896.256
21118,1708826896.276
21119,1708826896.296
21120,1708826896.326
21121,1708826896.346
21122,1708826896.366
21123,1708826896.386
21124,1708826896.406
21125,1708826896.426
21126,1708826896.446
21127,1708826896.476
21128,1708826896.496
21129,1708826896.516
21130,1708826896.536
21131,1708826896.556
21132,1708826896.576
21133,1708826896.596
21134,1708826896.616
21135,1708826896.646
21136,1708826896.666
21137,1708826896.686
21138,1708826896.706
21139,1708826896.726
21140,1708826896.746
21141,1708826896.766
21142,1708826896.796
21143,1708826896.816
21144,1708826896.836
21145,1708826896.856
21146,1708826896.876
21147,1708826896.896
21148,1708826896.916
21149,1708826896.936
21150,1708826896.966
21151,1708826896.986
21152,1708826897.006
21153,1708826897.026
21154,1708826897.046
21155,1708826897.066
21156,1708826897.086
21157,1708826897.116
21158,1708826897.136
21159,1708826897.156
21160,1708826897.176
21161,1708826897.196
21162,1708826897.216
21163,1708826897.236
21164,1708826897.256
21165,1708826897.286
21166,1708826897.306
21167,1708826897.326
21168,1708826897.346
21169,1708826897.366
21170,1708826897.386
21171,1708826897.406
21172,1708826897.436
21173,1708826897.456
21174,1708826897.476
21175,1708826897.496
21176,1708826897.516
21177,1708826897.536
21178,1708826897.556
21179,1708826897.576
21180,1708826897.606
21181,1708826897.626
21182,1708826897.646
21183,1708826897.666
21184,1708826897.686
21185,1708826897.706
21186,1708826897.726
21187,1708826897.756
21188,1708826897.776
21189,1708826897.796
21190,1708826897.816
21191,1708826897.836
21192,1708826897.856
21193,1708826897.876
21194,1708826897.896
21195,1708826897.926
21196,1708826897.946
21197,1708826897.966
21198,1708826897.986
21199,1708826898.006
21200,1708826898.026
21201,1708826898.046
21202,1708826898.076
21203,1708826898.096
21204,1708826898.116
21205,1708826898.136
21206,1708826898.156
21207,1708826898.176
21208,1708826898.196
21209,1708826898.216
21210,1708826898.246
21211,1708826898.266
21212,1708826898.286
21213,1708826898.306
21214,1708826898.326
21215,1708826898.346
21216,1708826898.366
21217,1708826898.396
21218,1708826898.416
21219,1708826898.436
21220,1708826898.456
21221,1708826898.476
21222,1708826898.496
21223,1708826898.516
21224,1708826898.536
21225,1708826898.566
21226,1708826898.586
21227,1708826898.606
21228,1708826898.626
21229,1708826898.646
21230,1708826898.666
21231,1708826898.686
21232,1708826898.716
21233,1708826898.736
21234,1708826898.756
21235,1708826898.776
21236,1708826898.796
21237,1708826898.816
21238,1708826898.836
21239,1708826898.856
21240,1708826898.886
21241,1708826898.906
21242,1708826898.926
21243,1708826898.946
21244,1708826898.966
21245,1708826898.986
21246,1708826899.006
21247,1708826899.036
21248,1708826899.056
21249,1708826899.076
21250,1708826899.096
21251,1708826899.116
21252,1708826899.136
21253,1708826899.156
21254,1708826899.176
21255,1708826899.206
21256,1708826899.226
21257,1708826899.246
21258,1708826899.266
21259,1708826899.286
21260,1708826899.306
21261,1708826899.326
21262,1708826899.356
21263,1708826899.376
21264,1708826899.396
21265,1708826899.416
21266,1708826899.436
21267,1708826899.456
21268,1708826899.476
21269,1708826899.496
21270,1708826899.526
21271,1708826899.546
21272,1708826899.566
21273,1708826899.586
21274,1708826899.606
21275,1708826899.626
21276,1708826899.646
21277,1708826899.676
21278,1708826899.696
21279,1708826899.716
21280,1708826899.736
21281,1708826899.756
21282,1708826899.776
21283,1708826899.796
21284,1708826899.816
21285,1708826899.846
21286,1708826899.866
21287,1708826899.886
21288,1708826899.906
21289,1708826899.926
21290,1708826899.946
21291,1708826899.966
21292,1708826899.996
21293,1708826900.016
21294,1708826900.036
21295,1708826900.056
21296,1708826900.076
21297,1708826900.096
21298,1708826900.116
21299,1708826900.136
21300,1708826900.166
21301,1708826900.186
21302,1708826900.206
21303,1708826900.226
21304,1708826900.246
21305,1708826900.266
21306,1708826900.286
21307,1708826900.316
21308,1708826900.336
21309,1708826900.356
21310,1708826900.376
21311,1708826900.396
21312,1708826900.416
21313,1708826900.436
21314,1708826900.456
21315,1708826900.486
21316,1708826900.506
21317,1708826900.526
21318,1708826900.546
21319,1708826900.566
21320,1708826900.586
21321,1708826900.606
21322,1708826900.636
21323,1708826900.656
21324,1708826900.676
21325,1708826900.696
21326,1708826900.716
21327,1708826900.736
21328,1708826900.756
21329,1708826900.776
21330,1708826900.806
21331,1708826900.826
21332,1708826900.846
21333,1708826900.866
21334,1708826900.886
21335,1708826900.906
21336,1708826900.926
21337,1708826900.956
21338,1708826900.976
21339,1708826900.996
21340,1708826901.016
21341,1708826901.036
21342,1708826901.056
21343,1708826901.076
21344,1708826901.096
21345,1708826901.126
21346,1708826901.146
21347,1708826901.166
21348,1708826901.186
21349,1708826901.206
21350,1708826901.226
21351,1708826901.246
21352,1708826901.276
21353,1708826901.296
21354,1708826901.316
21355,1708826901.336
21356,1708826901.356
21357,1708826901.376
21358,1708826901.396
21359,1708826901.416
21360,1708826901.446
21361,1708826901.466
21362,1708826901.486
21363,1708826901.506
21364,1708826901.526
21365,1708826901.546
21366,1708826901.566
21367,1708826901.596
21368,1708826901.616
21369,1708826901.636
21370,1708826901.656
21371,1708826901.676
21372,1708826901.696
21373,1708826901.716
21374,1708826901.736
21375,1708826901.766
21376,1708826901.786
21377,1708826901.806
21378,1708826901.826
21379,1708826901.846
21380,1708826901.866
21381,1708826901.886
21382,1708826901.916
21383,1708826901.936
21384,1708826901.956
21385,1708826901.976
21386,1708826901.996
21387,1708826902.016
21388,1708826902.036
21389,1708826902.056
21390,1708826902.086
21391,1708826902.106
21392,1708826902.126
21393,1708826902.146
21394,1708826902.166
21395,1708826902.186
21396,1708826902.206
21397,1708826902.236
21398,1708826902.256
21399,1708826902.276
21400,1708826902.296
21401,1708826902.316
21402,1708826902.336
21403,1708826902.356
21404,1708826902.376
21405,1708826902.406
21406,1708826902.426
21407,1708826902.446
21408,1708826902.466
21409,1708826902.486
21410,1708826902.506
21411,1708826902.526
21412,1708826902.556
21413,1708826902.576
21414,1708826902.596
21415,1708826902.616
21416,1708826902.636
21417,1708826902.656
21418,1708826902.676
21419,1708826902.696
21420,1708826902.726
21421,1708826902.746
21422,1708826902.766
21423,1708826902.786
21424,1708826902.806
21425,1708826902.826
21426,1708826902.846
21427,1708826902.876
21428,1708826902.896
21429,1708826902.916
21430,1708826902.936
21431,1708826902.956
21432,1708826902.976
21433,1708826902.996
21434,1708826903.016
21435,1708826903.046
21436,1708826903.066
21437,1708826903.086
21438,1708826903.106
21439,1708826903.126
21440,1708826903.146
21441,1708826903.166
21442,1708826903.196
21443,1708826903.216
21444,1708826903.236
21445,1708826903.256
21446,1708826903.276
21447,1708826903.296
21448,1708826903.316
21449,1708826903.336
21450,1708826903.366
21451,1708826903.386
21452,1708826903.406
21453,1708826903.426
21454,1708826903.446
21455,1708826903.466
21456,1708826903.486
21457,1708826903.516
21458,1708826903.536
21459,1708826903.556
21460,1708826903.576
21461,1708826903.596
21462,1708826903.616
21463,1708826903.636
21464,1708826903.656
21465,1708826903.686
21466,1708826903.706
21467,1708826903.726
21468,1708826903.746
21469,1708826903.766
21470,1708826903.786
21471,1708826903.806
21472,1708826903.836
21473,1708826903.856
21474,1708826903.876
21475,1708826903.896
21476,1708826903.916
21477,1708826903.936
21478,1708826903.956
21479,1708826903.976
21480,1708826904.006
21481,1708826904.026
21482,1708826904.046
21483,1708826904.066
21484,1708826904.086
21485,1708826904.106
21486,1708826904.126
21487,1708826904.156
21488,1708826904.176
21489,1708826904.196
21490,1708826904.216
21491,1708826904.236
21492,1708826904.256
21493,1708826904.276
21494,1708826904.296
21495,1708826904.326
21496,1708826904.346
21497,1708826904.366
21498,1708826904.386
21499,1708826904.406
21500,1708826904.426
21501,1708826904.446
21502,1708826904.476
21503,1708826904.496
21504,1708826904.516
21505,1708826904.536
21506,1708826904.556
21507,1708826904.576
21508,1708826904.596
21509,1708826904.616
21510,1708826904.646
21511,1708826904.666
21512,1708826904.686
21513,1708826904.706
21514,1708826904.726
21515,1708826904.746
21516,1708826904.766
21517,1708826904.796
21518,1708826904.816
21519,1708826904.836
21520,1708826904.856
21521,1708826904.876
21522,1708826904.896
21523,1708826904.916
21524,1708826904.936
21525,1708826904.966
21526,1708826904.986
21527,1708826905.006
21528,1708826905.026
21529,1708826905.046
21530,1708826905.066
21531,1708826905.086
21532,1708826905.116
21533,1708826905.136
21534,1708826905.156
21535,1708826905.176
21536,1708826905.196
21537,1708826905.216
21538,1708826905.236
21539,1708826905.256
21540,1708826905.286
21541,1708826905.306
21542,1708826905.326
21543,1708826905.346
21544,1708826905.366
21545,1708826905.386
21546,1708826905.406
21547,1708826905.436
21548,1708826905.456
21549,1708826905.476
21550,1708826905.496
21551,1708826905.516
21552,1708826905.536
21553,1708826905.556
21554,1708826905.576
21555,1708826905.606
21556,1708826905.626
21557,1708826905.646
21558,1708826905.666
21559,1708826905.686
21560,1708826905.706
21561,1708826905.726
21562,1708826905.756
21563,1708826905.776
21564,1708826905.796
21565,1708826905.816
21566,1708826905.836
21567,1708826905.856
21568,1708826905.876
21569,1708826905.896
21570,1708826905.926
21571,1708826905.946
21572,1708826905.966
21573,1708826905.986
21574,1708826906.006
21575,1708826906.026
21576,1708826906.046
21577,1708826906.076
21578,1708826906.096
21579,1708826906.116
21580,1708826906.136
21581,1708826906.156
21582,1708826906.176
21583,1708826906.196
21584,1708826906.216
21585,1708826906.246
21586,1708826906.266
21587,1708826906.286
21588,1708826906.306
21589,1708826906.326
21590,1708826906.346
21591,1708826906.366
21592,1708826906.396
21593,1708826906.416
21594,1708826906.436
21595,1708826906.456
21596,1708826906.476
21597,1708826906.496
21598,1708826906.516
21599,1708826906.536
21600,1708826906.566
21601,1708826906.586
21602,1708826906.606
21603,1708826906.626
21604,1708826906.646
21605,1708826906.666
21606,1708826906.686
21607,1708826906.716
21608,1708826906.736
21609,1708826906.756
21610,1708826906.776
21611,1708826906.796
21612,1708826906.816
21613,1708826906.836
21614,1708826906.856
21615,1708826906.886
21616,1708826906.906
21617,1708826906.926
21618,1708826906.946
21619,1708826906.966
21620,1708826906.986
21621,1708826907.006
21622,1708826907.036
21623,1708826907.056
21624,1708826907.076
21625,1708826907.096
21626,1708826907.116
21627,1708826907.136
21628,1708826907.156
21629,1708826907.176
21630,1708826907.206
21631,1708826907.226
21632,1708826907.246
21633,1708826907.266
21634,1708826907.286
21635,1708826907.306
21636,1708826907.326
21637,1708826907.356
21638,1708826907.376
21639,1708826907.396
21640,1708826907.416
21641,1708826907.436
21642,1708826907.456
21643,1708826907.476
21644,1708826907.496
21645,1708826907.526
21646,1708826907.546
21647,1708826907.566
21648,1708826907.586
21649,1708826907.606
21650,1708826907.626
21651,1708826907.646
21652,1708826907.676
21653,1708826907.696
21654,1708826907.716
21655,1708826907.736
21656,1708826907.756
21657,1708826907.776
21658,1708826907.796
21659,1708826907.816
21660,1708826907.846
21661,1708826907.866
21662,1708826907.886
21663,1708826907.906
21664,1708826907.926
21665,1708826907.946
21666,1708826907.966
21667,1708826907.996
21668,1708826908.016
21669,1708826908.036
21670,1708826908.056
21671,1708826908.076
21672,1708826908.096
21673,1708826908.116
21674,1708826908.136
21675,1708826908.166
21676,1708826908.186
21677,1708826908.206
21678,1708826908.226
21679,1708826908.246
21680,1708826908.266
21681,1708826908.286
21682,1708826908.316
21683,1708826908.336
21684,1708826908.356
21685,1708826908.376
21686,1708826908.396
21687,1708826908.416
21688,1708826908.436
21689,1708826908.456
21690,1708826908.486
21691,1708826908.506
21692,1708826908.526
21693,1708826908.546
21694,1708826908.566
21695,1708826908.586
21696,1708826908.606
21697,1708826908.636
21698,1708826908.656
21699,1708826908.676
21700,1708826908.696
21701,1708826908.716
21702,1708826908.736
21703,1708826908.756
21704,1708826908.776
21705,1708826908.806
21706,1708826908.826
21707,1708826908.846
21708,1708826908.866
21709,1708826908.886
21710,1708826908.906
21711,1708826908.926
21712,1708826908.956
21713,1708826908.976
21714,1708826908.996
21715,1708826909.016
21716,1708826909.036
21717,1708826909.056
21718,1708826909.076
21719,1708826909.096
21720,1708826909.126
21721,1708826909.146
21722,1708826909.166
21723,1708826909.186
21724,1708826909.206
21725,1708826909.226
21726,1708826909.246
21727,1708826909.276
21728,1708826909.296
21729,1708826909.316
21730,1708826909.336
21731,1708826909.356
21732,1708826909.376
21733,1708826909.396
21734,1708826909.416
21735,1708826909.446
21736,1708826909.466
21737,1708826909.486
21738,1708826909.506
21739,1708826909.526
21740,1708826909.546
21741,1708826909.566
21742,1708826909.596
21743,1708826909.616
21744,1708826909.636
21745,1708826909.656
21746,1708826909.676
21747,1708826909.696
21748,1708826909.716
21749,1708826909.736
21750,1708826909.766
21751,1708826909.786
21752,1708826909.806
21753,1708826909.826
21754,1708826909.846
21755,1708826909.866
21756,1708826909.886
21757,1708826909.916
21758,1708826909.936
21759,1708826909.956
21760,1708826909.976
21761,1708826909.996
21762,1708826910.016
21763,1708826910.036
21764,1708826910.056
21765,1708826910.086
21766,1708826910.106
21767,1708826910.126
21768,1708826910.146
21769,1708826910.166
21770,1708826910.186
21771,1708826910.206
21772,1708826910.236
21773,1708826910.256
21774,1708826910.276
21775,1708826910.296
21776,1708826910.316
21777,1708826910.336
21778,1708826910.356
21779,1708826910.376
21780,1708826910.406
21781,1708826910.426
21782,1708826910.446
21783,1708826910.466
21784,1708826910.486
21785,1708826910.506
21786,1708826910.526
21787,1708826910.556
21788,1708826910.576
21789,1708826910.596
21790,1708826910.616
21791,1708826910.636
21792,1708826910.656
21793,1708826910.676
21794,1708826910.696
21795,1708826910.726
21796,1708826910.746
21797,1708826910.766
21798,1708826910.786
21799,1708826910.806
21800,1708826910.826
21801,1708826910.846
21802,1708826910.876
21803,1708826910.896
21804,1708826910.916
21805,1708826910.936
21806,1708826910.956
21807,1708826910.976
21808,1708826910.996
21809,1708826911.016
21810,1708826911.046
21811,1708826911.066
21812,1708826911.086
21813,1708826911.106
21814,1708826911.126
21815,1708826911.146
21816,1708826911.166
21817,1708826911.196
21818,1708826911.216
21819,1708826911.236
21820,1708826911.256
21821,1708826911.276
21822,1708826911.296
21823,1708826911.316
21824,1708826911.336
21825,1708826911.366
21826,1708826911.386
21827,1708826911.406
21828,1708826911.426
21829,1708826911.446
21830,1708826911.466
21831,1708826911.486
21832,1708826911.516
21833,1708826911.536
21834,1708826911.556
21835,1708826911.576
21836,1708826911.596
21837,1708826911.616
21838,1708826911.636
21839,1708826911.656
21840,1708826911.686
21841,1708826911.706
21842,1708826911.726
21843,1708826911.746
21844,1708826911.766
21845,1708826911.786
21846,1708826911.806
21847,1708826911.836
21848,1708826911.856
21849,1708826911.876
21850,1708826911.896
21851,1708826911.916
21852,1708826911.936
21853,1708826911.956
21854,1708826911.976
21855,1708826912.006
21856,1708826912.026
21857,1708826912.046
21858,1708826912.066
21859,1708826912.086
21860,1708826912.106
21861,1708826912.126
21862,1708826912.156
21863,1708826912.176
21864,1708826912.196
21865,1708826912.216
21866,1708826912.236
21867,1708826912.256
21868,1708826912.276
21869,1708826912.296
21870,1708826912.326
21871,1708826912.346
21872,1708826912.366
21873,1708826912.386
21874,1708826912.406
21875,1708826912.426
21876,1708826912.446
21877,1708826912.476
21878,1708826912.496
21879,1708826912.516
21880,1708826912.536
21881,1708826912.556
21882,1708826912.576
21883,1708826912.596
21884,1708826912.616
21885,1708826912.646
21886,1708826912.666
21887,1708826912.686
21888,1708826912.706
21889,1708826912.726
21890,1708826912.746
21891,1708826912.766
21892,1708826912.796
21893,1708826912.816
21894,1708826912.836
21895,1708826912.856
21896,1708826912.876
21897,1708826912.896
21898,1708826912.916
21899,1708826912.936
21900,1708826912.966
21901,1708826912.986
21902,1708826913.006
21903,1708826913.026
21904,1708826913.046
21905,1708826913.066
21906,1708826913.086
21907,1708826913.116
21908,1708826913.136
21909,1708826913.156
21910,1708826913.176
21911,1708826913.196
21912,1708826913.216
21913,1708826913.236
21914,1708826913.256
21915,1708826913.286
21916,1708826913.306
21917,1708826913.326
21918,1708826913.346
21919,1708826913.366
21920,1708826913.386
21921,1708826913.406
21922,1708826913.436
21923,1708826913.456
21924,1708826913.476
21925,1708826913.496
21926,1708826913.516
21927,1708826913.536
21928,1708826913.556
21929,1708826913.576
21930,1708826913.606
21931,1708826913.626
21932,1708826913.646
21933,1708826913.666
21934,1708826913.686
21935,1708826913.706
21936,1708826913.726
21937,1708826913.756
21938,1708826913.776
21939,1708826913.796
21940,1708826913.816
21941,1708826913.836
21942,1708826913.856
21943,1708826913.876
21944,1708826913.896
21945,1708826913.926
21946,1708826913.946
21947,1708826913.966
21948,1708826913.986
21949,1708826914.006
21950,1708826914.026
21951,1708826914.046
21952,1708826914.076
21953,1708826914.096
21954,1708826914.116
21955,1708826914.136
21956,1708826914.156
21957,1708826914.176
21958,1708826914.196
21959,1708826914.216
21960,1708826914.246
21961,1708826914.266
21962,1708826914.286
21963,1708826914.306
21964,1708826914.326
21965,1708826914.346
21966,1708826914.366
21967,1708826914.396
21968,1708826914.416
21969,1708826914.436
21970,1708826914.456
21971,1708826914.476
21972,1708826914.496
21973,1708826914.516
21974,1708826914.536
21975,1708826914.566
21976,1708826914.586
21977,1708826914.606
21978,1708826914.626
21979,1708826914.646
21980,1708826914.666
21981,1708826914.686
21982,1708826914.716
21983,1708826914.736
21984,1708826914.756
21985,1708826914.776
21986,1708826914.796
21987,1708826914.816
21988,1708826914.836
21989,1708826914.856
21990,1708826914.886
21991,1708826914.906
21992,1708826914.926
21993,1708826914.946
21994,1708826914.966
21995,1708826914.986
21996,1708826915.006
21997,1708826915.036
21998,1708826915.056
21999,1708826915.076
22000,1708826915.096
22001,1708826915.116
22002,1708826915.136
22003,1708826915.156
22004,1708826915.176
22005,1708826915.206
22006,1708826915.226
22007,1708826915.246
22008,1708826915.266
22009,1708826915.286
22010,1708826915.306
22011,1708826915.326
22012,1708826915.356
22013,1708826915.376
22014,1708826915.396
22015,1708826915.416
22016,1708826915.436
22017,1708826915.456
22018,1708826915.476
22019,1708826915.496
22020,1708826915.526
22021,1708826915.546
22022,1708826915.566
22023,1708826915.586
22024,1708826915.606
22025,1708826915.626
22026,1708826915.646
22027,1708826915.676
22028,1708826915.696
22029,1708826915.716
22030,1708826915.736
22031,1708826915.756
22032,1708826915.776
22033,1708826915.796
22034,1708826915.816
22035,1708826915.846
22036,1708826915.866
22037,1708826915.886
22038,1708826915.906
22039,1708826915.926
22040,1708826915.946
22041,1708826915.966
22042,1708826915.996
22043,1708826916.016
22044,1708826916.036
22045,1708826916.056
22046,1708826916.076
22047,1708826916.096
22048,1708826916.116
22049,1708826916.136
22050,1708826916.166
22051,1708826916.186
22052,1708826916.206
22053,1708826916.226
22054,1708826916.246
22055,1708826916.266
22056,1708826916.286
22057,1708826916.316
22058,1708826916.336
22059,1708826916.356
22060,1708826916.376
22061,1708826916.396
22062,1708826916.416
22063,1708826916.436
22064,1708826916.456
22065,1708826916.486
22066,1708826916.506
22067,1708826916.526
22068,1708826916.546
22069,1708826916.566
22070,1708826916.586
22071,1708826916.606
22072,1708826916.636
22073,1708826916.656
22074,1708826916.676
22075,1708826916.696
22076,1708826916.716
22077,1708826916.736
22078,1708826916.756
22079,1708826916.776
22080,1708826916.806
22081,1708826916.826
22082,1708826916.846
22083,1708826916.866
22084,1708826916.886
22085,1708826916.906
22086,1708826916.926
22087,1708826916.956
22088,1708826916.976
22089,1708826916.996
22090,1708826917.016
22091,1708826917.036
22092,1708826917.056
22093,1708826917.076
22094,1708826917.096
22095,1708826917.126
22096,1708826917.146
22097,1708826917.166
22098,1708826917.186
22099,1708826917.206
22100,1708826917.226
22101,1708826917.246
22102,1708826917.276
22103,1708826917.296
22104,1708826917.316
22105,1708826917.336
22106,1708826917.356
22107,1708826917.376
22108,1708826917.396
22109,1708826917.416
22110,1708826917.446
22111,1708826917.466
22112,1708826917.486
22113,1708826917.506
22114,1708826917.526
22115,1708826917.546
22116,1708826917.566
22117,1708826917.596
22118,1708826917.616
22119,1708826917.636
22120,1708826917.656
22121,1708826917.676
22122,1708826917.696
22123,1708826917.716
22124,1708826917.736
22125,1708826917.766
22126,1708826917.786
22127,1708826917.806
22128,1708826917.826
22129,1708826917.846
22130,1708826917.866
22131,1708826917.886
22132,1708826917.916
22133,1708826917.936
22134,1708826917.956
22135,1708826917.976
22136,1708826917.996
22137,1708826918.016
22138,1708826918.036
22139,1708826918.056
22140,1708826918.086
22141,1708826918.106
22142,1708826918.126
22143,1708826918.146
22144,1708826918.166
22145,1708826918.186
22146,1708826918.206
22147,1708826918.236
22148,1708826918.256
22149,1708826918.276
22150,1708826918.296
22151,1708826918.316
22152,1708826918.336
22153,1708826918.356
22154,1708826918.376
22155,1708826918.406
22156,1708826918.426
22157,1708826918.446
22158,1708826918.466
22159,1708826918.486
22160,1708826918.506
22161,1708826918.526
22162,1708826918.556
22163,1708826918.576
22164,1708826918.596
22165,1708826918.616
22166,1708826918.636
22167,1708826918.656
22168,1708826918.676
22169,1708826918.696
22170,1708826918.726
22171,1708826918.746
22172,1708826918.766
22173,1708826918.786
22174,1708826918.806
22175,1708826918.826
22176,1708826918.846
22177,1708826918.876
22178,1708826918.896
22179,1708826918.916
22180,1708826918.936
22181,1708826918.956
22182,1708826918.976
22183,1708826918.996
22184,1708826919.016
22185,1708826919.046
22186,1708826919.066
22187,1708826919.086
22188,1708826919.106
22189,1708826919.126
22190,1708826919.146
22191,1708826919.166
22192,1708826919.196
22193,1708826919.216
22194,1708826919.236
22195,1708826919.256
22196,1708826919.276
22197,1708826919.296
22198,1708826919.316
22199,1708826919.336
22200,1708826919.366
22201,1708826919.386
22202,1708826919.406
22203,1708826919.426
22204,1708826919.446
22205,1708826919.466
22206,1708826919.486
22207,1708826919.516
22208,1708826919.536
22209,1708826919.556
22210,1708826919.576
22211,1708826919.596
22212,1708826919.616
22213,1708826919.636
22214,1708826919.656
22215,1708826919.686
22216,1708826919.706
22217,1708826919.726
22218,1708826919.746
22219,1708826919.766
22220,1708826919.786
22221,1708826919.806
22222,1708826919.836
22223,1708826919.856
22224,1708826919.876
22225,1708826919.896
22226,1708826919.916
22227,1708826919.936
22228,1708826919.956
22229,1708826919.976
22230,1708826920.006
22231,1708826920.026
22232,1708826920.046
22233,1708826920.066
22234,1708826920.086
22235,1708826920.106
22236,1708826920.126
22237,1708826920.156
22238,1708826920.176
22239,1708826920.196
22240,1708826920.216
22241,1708826920.236
22242,1708826920.256
22243,1708826920.276
22244,1708826920.296
22245,1708826920.326
22246,1708826920.346
22247,1708826920.366
22248,1708826920.386
22249,1708826920.406
22250,1708826920.426
22251,1708826920.446
22252,1708826920.476
22253,1708826920.496
22254,1708826920.516
22255,1708826920.536
22256,1708826920.556
22257,1708826920.576
22258,1708826920.596
22259,1708826920.616
22260,1708826920.646
22261,1708826920.666
22262,1708826920.686
22263,1708826920.706
22264,1708826920.726
22265,1708826920.746
22266,1708826920.766
22267,1708826920.796
22268,1708826920.816
22269,1708826920.836
22270,1708826920.856
22271,1708826920.876
22272,1708826920.896
22273,1708826920.916
22274,1708826920.936
22275,1708826920.966
22276,1708826920.986
22277,1708826921.006
22278,1708826921.026
22279,1708826921.046
22280,1708826921.066
22281,1708826921.086
22282,1708826921.116
22283,1708826921.136
22284,1708826921.156
22285,1708826921.176
22286,1708826921.196
22287,1708826921.216
22288,1708826921.236
22289,1708826921.256
22290,1708826921.286
22291,1708826921.306
22292,1708826921.326
22293,1708826921.346
22294,1708826921.366
22295,1708826921.386
22296,1708826921.406
22297,1708826921.436
22298,1708826921.456
22299,1708826921.476
22300,1708826921.496
22301,1708826921.516
22302,1708826921.536
22303,1708826921.556
22304,1708826921.576
22305,1708826921.606
22306,1708826921.626
22307,1708826921.646
22308,1708826921.666
22309,1708826921.686
22310,1708826921.706
22311,1708826921.726
22312,1708826921.756
22313,1708826921.776
22314,1708826921.796
22315,1708826921.816
22316,1708826921.836
22317,1708826921.856
22318,1708826921.876
22319,1708826921.896
22320,1708826921.926
22321,1708826921.946
22322,1708826921.966
22323,1708826921.986
22324,1708826922.006
22325,1708826922.026
22326,1708826922.046
22327,1708826922.076
22328,1708826922.096
22329,1708826922.116
22330,1708826922.136
22331,1708826922.156
22332,1708826922.176
22333,1708826922.196
22334,1708826922.216
22335,1708826922.246
22336,1708826922.266
22337,1708826922.286
22338,1708826922.306
22339,1708826922.326
22340,1708826922.346
22341,1708826922.366
22342,1708826922.396
22343,1708826922.416
22344,1708826922.436
22345,1708826922.456
22346,1708826922.476
22347,1708826922.496
22348,1708826922.516
22349,1708826922.536
22350,1708826922.566
22351,1708826922.586
22352,1708826922.606
22353,1708826922.626
22354,1708826922.646
22355,1708826922.666
22356,1708826922.686
22357,1708826922.716
22358,1708826922.736
22359,1708826922.756
22360,1708826922.776
22361,1708826922.796
22362,1708826922.816
22363,1708826922.836
22364,1708826922.856
22365,1708826922.886
22366,1708826922.906
22367,1708826922.926
22368,1708826922.946
22369,1708826922.966
22370,1708826922.986
22371,1708826923.006
22372,1708826923.036
22373,1708826923.056
22374,1708826923.076
22375,1708826923.096
22376,1708826923.116
22377,1708826923.136
22378,1708826923.156
22379,1708826923.176
22380,1708826923.206
22381,1708826923.226
22382,1708826923.246
22383,1708826923.266
22384,1708826923.286
22385,1708826923.306
22386,1708826923.326
22387,1708826923.356
22388,1708826923.376
22389,1708826923.396
22390,1708826923.416
22391,1708826923.436
22392,1708826923.456
22393,1708826923.476
22394,1708826923.496
22395,1708826923.526
22396,1708826923.546
22397,1708826923.566
22398,1708826923.586
22399,1708826923.606
22400,1708826923.626
22401,1708826923.646
22402,1708826923.676
22403,1708826923.696
22404,1708826923.716
22405,1708826923.736
22406,1708826923.756
22407,1708826923.776
22408,1708826923.796
22409,1708826923.816
22410,1708826923.846
22411,1708826923.866
22412,1708826923.886
22413,1708826923.906
22414,1708826923.926
22415,1708826923.946
22416,1708826923.966
22417,1708826923.996
22418,1708826924.016
22419,1708826924.036
22420,1708826924.056
22421,1708826924.076
22422,1708826924.096
22423,1708826924.116
22424,1708826924.136
22425,1708826924.166
22426,1708826924.186
22427,1708826924.206
22428,1708826924.226
22429,1708826924.246
22430,1708826924.266
22431,1708826924.286
22432,1708826924.316
22433,1708826924.336
22434,1708826924.356
22435,1708826924.376
22436,1708826924.396
22437,1708826924.416
22438,1708826924.436
22439,1708826924.456
22440,1708826924.486
22441,1708826924.506
22442,1708826924.526
22443,1708826924.546
22444,1708826924.566
22445,1708826924.586
22446,1708826924.606
22447,1708826924.636
22448,1708826924.656
22449,1708826924.676
22450,1708826924.696
22451,1708826924.716
22452,1708826924.736
22453,1708826924.756
22454,1708826924.776
22455,1708826924.806
22456,1708826924.826
22457,1708826924.846
22458,1708826924.866
22459,1708826924.886
22460,1708826924.906
22461,1708826924.926
22462,1708826924.956
22463,1708826924.976
22464,1708826924.996
22465,1708826925.016
22466,1708826925.036
22467,1708826925.056
22468,1708826925.076
22469,1708826925.096
22470,1708826925.126
22471,1708826925.146
22472,1708826925.166
22473,1708826925.186
22474,1708826925.206
22475,1708826925.226
22476,1708826925.246
22477,1708826925.276
22478,1708826925.296
22479,1708826925.316
22480,1708826925.336
22481,1708826925.356
22482,1708826925.376
22483,1708826925.396
22484,1708826925.416
22485,1708826925.446
22486,1708826925.466
22487,1708826925.486
22488,1708826925.506
22489,1708826925.526
22490,1708826925.546
22491,1708826925.566
22492,1708826925.596
22493,1708826925.616
22494,1708826925.636
22495,1708826925.656
22496,1708826925.676
22497,1708826925.696
22498,1708826925.716
22499,1708826925.736
22500,1708826925.766
22501,1708826925.786
22502,1708826925.806
22503,1708826925.826
22504,1708826925.846
22505,1708826925.866
22506,1708826925.886
22507,1708826925.916
22508,1708826925.936
22509,1708826925.956
22510,1708826925.976
22511,1708826925.996
22512,1708826926.016
22513,1708826926.036
22514,1708826926.056
22515,1708826926.086
22516,1708826926.106
22517,1708826926.126
22518,1708826926.146
22519,1708826926.166
22520,1708826926.186
22521,1708826926.206
22522,1708826926.236
22523,1708826926.256
22524,1708826926.276
22525,1708826926.296
22526,1708826926.316
22527,1708826926.336
22528,1708826926.356
22529,1708826926.376
22530,1708826926.406
22531,1708826926.426
22532,1708826926.446
22533,1708826926.466
22534,1708826926.486
22535,1708826926.506
22536,1708826926.526
22537,1708826926.556
22538,1708826926.576
22539,1708826926.596
22540,1708826926.616
22541,1708826926.636
22542,1708826926.656
22543,1708826926.676
22544,1708826926.696
22545,1708826926.726
22546,1708826926.746
22547,1708826926.766
22548,1708826926.786
22549,1708826926.806
22550,1708826926.826
22551,1708826926.846
22552,1708826926.876
22553,1708826926.896
22554,1708826926.916
22555,1708826926.936
22556,1708826926.956
22557,1708826926.976
22558,1708826926.996
22559,1708826927.016
22560,1708826927.046
22561,1708826927.066
22562,1708826927.086
22563,1708826927.106
22564,1708826927.126
22565,1708826927.146
22566,1708826927.166
22567,1708826927.196
22568,1708826927.216
22569,1708826927.236
22570,1708826927.256
22571,1708826927.276
22572,1708826927.296
22573,1708826927.316
22574,1708826927.336
22575,1708826927.366
22576,1708826927.386
22577,1708826927.406
22578,1708826927.426
22579,1708826927.446
22580,1708826927.466
22581,1708826927.486
22582,1708826927.516
22583,1708826927.536
22584,1708826927.556
22585,1708826927.576
22586,1708826927.596
22587,1708826927.616
22588,1708826927.636
22589,1708826927.656
22590,1708826927.686
22591,1708826927.706
22592,1708826927.726
22593,1708826927.746
22594,1708826927.766
22595,1708826927.786
22596,1708826927.806
22597,1708826927.836
22598,1708826927.856
22599,1708826927.876
22600,1708826927.896
22601,1708826927.916
22602,1708826927.936
22603,1708826927.956
22604,1708826927.976
22605,1708826928.006
22606,1708826928.026
22607,1708826928.046
22608,1708826928.066
22609,1708826928.086
22610,1708826928.106
22611,1708826928.126
22612,1708826928.156
22613,1708826928.176
22614,1708826928.196
22615,1708826928.216
22616,1708826928.236
22617,1708826928.256
22618,1708826928.276
22619,1708826928.296
22620,1708826928.326
22621,1708826928.346
22622,1708826928.366
22623,1708826928.386
22624,1708826928.406
22625,1708826928.426
22626,1708826928.446
22627,1708826928.476
22628,1708826928.496
22629,1708826928.516
22630,1708826928.536
22631,1708826928.556
22632,1708826928.576
22633,1708826928.596
22634,1708826928.616
22635,1708826928.646
22636,1708826928.666
22637,1708826928.686
22638,1708826928.706
22639,1708826928.726
22640,1708826928.746
22641,1708826928.766
22642,1708826928.796
22643,1708826928.816
22644,1708826928.836
22645,1708826928.856
22646,1708826928.876
22647,1708826928.896
22648,1708826928.916
22649,1708826928.936
22650,1708826928.966
22651,1708826928.986
22652,1708826929.006
22653,1708826929.026
22654,1708826929.046
22655,1708826929.066
22656,1708826929.086
22657,1708826929.116
22658,1708826929.136
22659,1708826929.156
22660,1708826929.176
22661,1708826929.196
22662,1708826929.216
22663,1708826929.236
22664,1708826929.256
22665,1708826929.286
22666,1708826929.306
22667,1708826929.326
22668,1708826929.346
22669,1708826929.366
22670,1708826929.386
22671,1708826929.406
22672,1708826929.436
22673,1708826929.456
22674,1708826929.476
22675,1708826929.496
22676,1708826929.516
22677,1708826929.536
22678,1708826929.556
22679,1708826929.576
22680,1708826929.606
22681,1708826929.626
22682,1708826929.646
22683,1708826929.666
22684,1708826929.686
22685,1708826929.706
22686,1708826929.726
22687,1708826929.756
22688,1708826929.776
22689,1708826929.796
22690,1708826929.816
22691,1708826929.836
22692,1708826929.856
22693,1708826929.876
22694,1708826929.896
22695,1708826929.926
22696,1708826929.946
22697,1708826929.966
22698,1708826929.986
22699,1708826930.006
22700,1708826930.026
22701,1708826930.046
22702,1708826930.076
22703,1708826930.096
22704,1708826930.116
22705,1708826930.136
22706,1708826930.156
22707,1708826930.176
22708,1708826930.196
22709,1708826930.216
22710,1708826930.246
22711,1708826930.266
22712,1708826930.286
22713,1708826930.306
22714,1708826930.326
22715,1708826930.346
22716,1708826930.366
22717,1708826930.396
22718,1708826930.416
22719,1708826930.436
22720,1708826930.456
22721,1708826930.476
22722,1708826930.496
22723,1708826930.516
22724,1708826930.536
22725,1708826930.566
22726,1708826930.586
22727,1708826930.606
22728,1708826930.626
22729,1708826930.646
22730,1708826930.666
22731,1708826930.686
22732,1708826930.716
22733,1708826930.736
22734,1708826930.756
22735,1708826930.776
22736,1708826930.796
22737,1708826930.816
22738,1708826930.836
22739,1708826930.856
22740,1708826930.886
22741,1708826930.906
22742,1708826930.926
22743,1708826930.946
22744,1708826930.966
22745,1708826930.986
22746,1708826931.006
22747,1708826931.036
22748,1708826931.056
22749,1708826931.076
22750,1708826931.096
22751,1708826931.116
22752,1708826931.136
22753,1708826931.156
22754,1708826931.176
22755,1708826931.206
22756,1708826931.226
22757,1708826931.246
22758,1708826931.266
22759,1708826931.286
22760,1708826931.306
22761,1708826931.326
22762,1708826931.356
22763,1708826931.376
22764,1708826931.396
22765,1708826931.416
22766,1708826931.436
22767,1708826931.456
22768,1708826931.476
22769,1708826931.496
22770,1708826931.526
22771,1708826931.546
22772,1708826931.566
22773,1708826931.586
22774,1708826931.606
22775,1708826931.626
22776,1708826931.646
22777,1708826931.676
22778,1708826931.696
22779,1708826931.716
22780,1708826931.736
22781,1708826931.756
22782,1708826931.776
22783,1708826931.796
22784,1708826931.816
22785,1708826931.846
22786,1708826931.866
22787,1708826931.886
22788,1708826931.906
22789,1708826931.926
22790,1708826931.946
22791,1708826931.966
22792,1708826931.996
22793,1708826932.016
22794,1708826932.036
22795,1708826932.056
22796,1708826932.076
22797,1708826932.096
22798,1708826932.116
22799,1708826932.136
22800,1708826932.166
22801,1708826932.186
22802,1708826932.206
22803,1708826932.226
22804,1708826932.246
22805,1708826932.266
22806,1708826932.286
22807,1708826932.316
22808,1708826932.336
22809,1708826932.356
22810,1708826932.376
22811,1708826932.396
22812,1708826932.416
22813,1708826932.436
22814,1708826932.456
22815,1708826932.486
22816,1708826932.506
22817,1708826932.526
22818,1708826932.546
22819,1708826932.566
22820,1708826932.586
22821,1708826932.606
22822,1708826932.636
22823,1708826932.656
22824,1708826932.676
22825,1708826932.696
22826,1708826932.716
22827,1708826932.736
22828,1708826932.756
22829,1708826932.776
22830,1708826932.806
22831,1708826932.826
22832,1708826932.846
22833,1708826932.866
22834,1708826932.886
22835,1708826932.906
22836,1708826932.926
22837,1708826932.956
22838,1708826932.976
22839,1708826932.996
22840,1708826933.016
22841,1708826933.036
22842,1708826933.056
22843,1708826933.076
22844,1708826933.096
22845,1708826933.126
22846,1708826933.146
22847,1708826933.166
22848,1708826933.186
22849,1708826933.206
22850,1708826933.226
22851,1708826933.246
22852,1708826933.276
22853,1708826933.296
22854,1708826933.316
22855,1708826933.336
22856,1708826933.356
22857,1708826933.376
22858,1708826933.396
22859,1708826933.416
22860,1708826933.446
22861,1708826933.466
22862,1708826933.486
22863,1708826933.506
22864,1708826933.526
22865,1708826933.546
22866,1708826933.566
22867,1708826933.596
22868,1708826933.616
22869,1708826933.636
22870,1708826933.656
22871,1708826933.676
22872,1708826933.696
22873,1708826933.716
22874,1708826933.736
22875,1708826933.766
22876,1708826933.786
22877,1708826933.806
22878,1708826933.826
22879,1708826933.846
22880,1708826933.866
22881,1708826933.886
22882,1708826933.916
22883,1708826933.936
22884,1708826933.956
22885,1708826933.976
22886,1708826933.996
22887,1708826934.016
22888,1708826934.036
22889,1708826934.056
22890,1708826934.086
22891,1708826934.106
22892,1708826934.126
22893,1708826934.146
22894,1708826934.166
22895,1708826934.186
22896,1708826934.206
22897,1708826934.236
22898,1708826934.256
22899,1708826934.276
22900,1708826934.296
22901,1708826934.316
22902,1708826934.336
22903,1708826934.356
22904,1708826934.376
22905,1708826934.406
22906,1708826934.426
22907,1708826934.446
22908,1708826934.466
22909,1708826934.486
22910,1708826934.506
22911,1708826934.526
22912,1708826934.556
22913,1708826934.576
22914,1708826934.596
22915,1708826934.616
22916,1708826934.636
22917,1708826934.656
22918,1708826934.676
22919,1708826934.696
22920,1708826934.726
22921,1708826934.746
22922,1708826934.766
22923,1708826934.786
22924,1708826934.806
22925,1708826934.826
22926,1708826934.846
22927,1708826934.876
22928,1708826934.896
22929,1708826934.916
22930,1708826934.936
22931,1708826934.956
22932,1708826934.976
22933,1708826934.996
22934,1708826935.016
22935,1708826935.046
22936,1708826935.066
22937,1708826935.086
22938,1708826935.106
22939,1708826935.126
22940,1708826935.146
22941,1708826935.166
22942,1708826935.196
22943,1708826935.216
22944,1708826935.236
22945,1708826935.256
22946,1708826935.276
22947,1708826935.296
22948,1708826935.316
22949,1708826935.336
22950,1708826935.366
22951,1708826935.386
22952,1708826935.406
22953,1708826935.426
22954,1708826935.446
22955,1708826935.466
22956,1708826935.486
22957,1708826935.516
22958,1708826935.536
22959,1708826935.556
22960,1708826935.576
22961,1708826935.596
22962,1708826935.616
22963,1708826935.636
22964,1708826935.656
22965,1708826935.686
22966,1708826935.706
22967,1708826935.726
22968,1708826935.746
22969,1708826935.766
22970,1708826935.786
22971,1708826935.806
22972,1708826935.836
22973,1708826935.856
22974,1708826935.876
22975,1708826935.896
22976,1708826935.916
22977,1708826935.936
22978,1708826935.956
22979,1708826935.976
22980,1708826936.006
22981,1708826936.026
22982,1708826936.046
22983,1708826936.066
22984,1708826936.086
22985,1708826936.106
22986,1708826936.126
22987,1708826936.156
22988,1708826936.176
22989,1708826936.196
22990,1708826936.216
22991,1708826936.236
22992,1708826936.256
22993,1708826936.276
22994,1708826936.296
22995,1708826936.326
22996,1708826936.346
22997,1708826936.366
22998,1708826936.386
22999,1708826936.406
23000,1708826936.426
23001,1708826936.446
23002,1708826936.476
23003,1708826936.496
23004,1708826936.516
23005,1708826936.536
23006,1708826936.556
23007,1708826936.576
23008,1708826936.596
23009,1708826936.616
23010,1708826936.646
23011,1708826936.666
23012,1708826936.686
23013,1708826936.706
23014,1708826936.726
23015,1708826936.746
23016,1708826936.766
23017,1708826936.796
23018,1708826936.816
23019,1708826936.836
23020,1708826936.856
23021,1708826936.876
23022,1708826936.896
23023,1708826936.916
23024,1708826936.936
23025,1708826936.966
23026,1708826936.986
23027,1708826937.006
23028,1708826937.026
23029,1708826937.046
23030,1708826937.066
23031,1708826937.086
23032,1708826937.116
23033,1708826937.136
23034,1708826937.156
23035,1708826937.176
23036,1708826937.196
23037,1708826937.216
23038,1708826937.236
23039,1708826937.256
23040,1708826937.286
23041,1708826937.306
23042,1708826937.326
23043,1708826937.346
23044,1708826937.366
23045,1708826937.386
23046,1708826937.406
23047,1708826937.436
23048,1708826937.456
23049,1708826937.476
23050,1708826937.496
23051,1708826937.516
23052,1708826937.536
23053,1708826937.556
23054,1708826937.576
23055,1708826937.606
23056,1708826937.626
23057,1708826937.646
23058,1708826937.666
23059,1708826937.686
23060,1708826937.706
23061,1708826937.726
23062,1708826937.756
23063,1708826937.776
23064,1708826937.796
23065,1708826937.816
23066,1708826937.836
23067,1708826937.856
23068,1708826937.876
23069,1708826937.896
23070,1708826937.926
23071,1708826937.946
23072,1708826937.966
23073,1708826937.986
23074,1708826938.006
23075,1708826938.026
23076,1708826938.046
23077,1708826938.076
23078,1708826938.096
23079,1708826938.116
23080,1708826938.136
23081,1708826938.156
23082,1708826938.176
23083,1708826938.196
23084,1708826938.216
23085,1708826938.246
23086,1708826938.266
23087,1708826938.286
23088,1708826938.306
23089,1708826938.326
23090,1708826938.346
23091,1708826938.366
23092,1708826938.396
23093,1708826938.416
23094,1708826938.436
23095,1708826938.456
23096,1708826938.476
23097,1708826938.496
23098,1708826938.516
23099,1708826938.536
23100,1708826938.566
23101,1708826938.586
23102,1708826938.606
23103,1708826938.626
23104,1708826938.646
23105,1708826938.666
23106,1708826938.686
23107,1708826938.716
23108,1708826938.736
23109,1708826938.756
23110,1708826938.776
23111,1708826938.796
23112,1708826938.816
23113,1708826938.836
23114,1708826938.856
23115,1708826938.886
23116,1708826938.906
23117,1708826938.926
23118,1708826938.946
23119,1708826938.966
23120,1708826938.986
23121,1708826939.006
23122,1708826939.036
23123,1708826939.056
23124,1708826939.076
23125,1708826939.096
23126,1708826939.116
23127,1708826939.136
23128,1708826939.156
23129,1708826939.176
23130,1708826939.206
23131,1708826939.226
23132,1708826939.246
23133,1708826939.266
23134,1708826939.286
23135,1708826939.306
23136,1708826939.326
23137,1708826939.356
23138,1708826939.376
23139,1708826939.396
23140,1708826939.416
23141,1708826939.436
23142,1708826939.456
23143,1708826939.476
23144,1708826939.496
23145,1708826939.526
23146,1708826939.546
23147,1708826939.566
23148,1708826939.586
23149,1708826939.606
23150,1708826939.626
23151,1708826939.646
23152,1708826939.676
23153,1708826939.696
23154,1708826939.716
23155,1708826939.736
23156,1708826939.756
23157,1708826939.776
23158,1708826939.796
23159,1708826939.816
23160,1708826939.846
23161,1708826939.866
23162,1708826939.886
23163,1708826939.906
23164,1708826939.926
23165,1708826939.946
23166,1708826939.966
23167,1708826939.996
23168,1708826940.016
23169,1708826940.036
23170,1708826940.056
23171,1708826940.076
23172,1708826940.096
23173,1708826940.116
23174,1708826940.136
23175,1708826940.166
23176,1708826940.186
23177,1708826940.206
23178,1708826940.226
23179,1708826940.246
23180,1708826940.266
23181,1708826940.286
23182,1708826940.316
23183,1708826940.336
23184,1708826940.356
23185,1708826940.376
23186,1708826940.396
23187,1708826940.416
23188,1708826940.436
23189,1708826940.456
23190,1708826940.486
23191,1708826940.506
23192,1708826940.526
23193,1708826940.546
23194,1708826940.566
23195,1708826940.586
23196,1708826940.606
23197,1708826940.636
23198,1708826940.656
23199,1708826940.676
23200,1708826940.696
23201,1708826940.716
23202,1708826940.736
23203,1708826940.756
23204,1708826940.776
23205,1708826940.806
23206,1708826940.826
23207,1708826940.846
23208,1708826940.866
23209,1708826940.886
23210,1708826940.906
23211,1708826940.926
23212,1708826940.956
23213,1708826940.976
23214,1708826940.996
23215,1708826941.016
23216,1708826941.036
23217,1708826941.056
23218,1708826941.076
23219,1708826941.096
23220,1708826941.126
23221,1708826941.146
23222,1708826941.166
23223,1708826941.186
23224,1708826941.206
23225,1708826941.226
23226,1708826941.246
23227,1708826941.276
23228,1708826941.296
23229,1708826941.316
23230,1708826941.336
23231,1708826941.356
23232,1708826941.376
23233,1708826941.396
23234,1708826941.416
23235,1708826941.446
23236,1708826941.466
23237,1708826941.486
23238,1708826941.506
23239,1708826941.526
23240,1708826941.546
23241,1708826941.566
23242,1708826941.596
23243,1708826941.616
23244,1708826941.636
23245,1708826941.656
23246,1708826941.676
23247,1708826941.696
23248,1708826941.716
23249,1708826941.736
23250,1708826941.766
23251,1708826941.786
23252,1708826941.806
23253,1708826941.826
23254,1708826941.846
23255,1708826941.866
23256,1708826941.886
23257,1708826941.916
23258,1708826941.936
23259,1708826941.956
23260,1708826941.976
23261,1708826941.996
23262,1708826942.016
23263,1708826942.036
23264,1708826942.056
23265,1708826942.086
23266,1708826942.106
23267,1708826942.126
23268,1708826942.146
23269,1708826942.166
23270,1708826942.186
23271,1708826942.206
23272,1708826942.236
23273,1708826942.256
23274,1708826942.276
23275,1708826942.296
23276,1708826942.316
23277,1708826942.336
23278,1708826942.356
23279,1708826942.376
23280,1708826942.406
23281,1708826942.426
23282,1708826942.446
23283,1708826942.466
23284,1708826942.486
23285,1708826942.506
23286,1708826942.526
23287,1708826942.556
23288,1708826942.576
23289,1708826942.596
23290,1708826942.616
23291,1708826942.636
23292,1708826942.656
23293,1708826942.676
23294,1708826942.696
23295,1708826942.726
23296,1708826942.746
23297,1708826942.766
23298,1708826942.786
23299,1708826942.806
23300,1708826942.826
23301,1708826942.846
23302,1708826942.876
23303,1708826942.896
23304,1708826942.916
23305,1708826942.936
23306,1708826942.956
23307,1708826942.976
23308,1708826942.996
23309,1708826943.016
23310,1708826943.046
23311,1708826943.066
23312,1708826943.086
23313,1708826943.106
23314,1708826943.126
23315,1708826943.146
23316,1708826943.166
23317,1708826943.196
23318,1708826943.216
23319,1708826943.236
23320,1708826943.256
23321,1708826943.276
23322,1708826943.296
23323,1708826943.316
23324,1708826943.336
23325,1708826943.366
23326,1708826943.386
23327,1708826943.406
23328,1708826943.426
23329,1708826943.446
23330,1708826943.466
23331,1708826943.486
23332,1708826943.516
23333,1708826943.536
23334,1708826943.556
23335,1708826943.576
23336,1708826943.596
23337,1708826943.616
23338,1708826943.636
23339,1708826943.656
23340,1708826943.686
23341,1708826943.706
23342,1708826943.726
23343,1708826943.746
23344,1708826943.766
23345,1708826943.786
23346,1708826943.806
23347,1708826943.836
23348,1708826943.856
23349,1708826943.876
23350,1708826943.896
23351,1708826943.916
23352,1708826943.936
23353,1708826943.956
23354,1708826943.976
23355,1708826944.006
23356,1708826944.026
23357,1708826944.046
23358,1708826944.066
23359,1708826944.086
23360,1708826944.106
23361,1708826944.126
23362,1708826944.156
23363,1708826944.176
23364,1708826944.196
23365,1708826944.216
23366,1708826944.236
23367,1708826944.256
23368,1708826944.276
23369,1708826944.296
23370,1708826944.326
23371,1708826944.346
23372,1708826944.366
23373,1708826944.386
23374,1708826944.406
23375,1708826944.426
23376,1708826944.446
23377,1708826944.476
23378,1708826944.496
23379,1708826944.516
23380,1708826944.536
23381,1708826944.556
23382,1708826944.576
23383,1708826944.596
23384,1708826944.616
23385,1708826944.646
23386,1708826944.666
23387,1708826944.686
23388,1708826944.706
23389,1708826944.726
23390,1708826944.746
23391,1708826944.766
23392,1708826944.796
23393,1708826944.816
23394,1708826944.836
23395,1708826944.856
23396,1708826944.876
23397,1708826944.896
23398,1708826944.916
23399,1708826944.936
23400,1708826944.966
23401,1708826944.986
23402,1708826945.006
23403,1708826945.026
23404,1708826945.046
23405,1708826945.066
23406,1708826945.086
23407,1708826945.116
23408,1708826945.136
23409,1708826945.156
23410,1708826945.176
23411,1708826945.196
23412,1708826945.216
23413,1708826945.236
23414,1708826945.256
23415,1708826945.286
23416,1708826945.306
23417,1708826945.326
23418,1708826945.346
23419,1708826945.366
23420,1708826945.386
23421,1708826945.406
23422,1708826945.436
23423,1708826945.456
23424,1708826945.476
23425,1708826945.496
23426,1708826945.516
23427,1708826945.536
23428,1708826945.556
23429,1708826945.576
23430,1708826945.606
23431,1708826945.626
23432,1708826945.646
23433,1708826945.666
23434,1708826945.686
23435,1708826945.706
23436,1708826945.726
23437,1708826945.756
23438,1708826945.776
23439,1708826945.796
23440,1708826945.816
23441,1708826945.836
23442,1708826945.856
23443,1708826945.876
23444,1708826945.896
23445,1708826945.926
23446,1708826945.946
23447,1708826945.966
23448,1708826945.986
23449,1708826946.006
23450,1708826946.026
23451,1708826946.046
23452,1708826946.076
23453,1708826946.096
23454,1708826946.116
23455,1708826946.136
23456,1708826946.156
23457,1708826946.176
23458,1708826946.196
23459,1708826946.216
23460,1708826946.246
23461,1708826946.266
23462,1708826946.286
23463,1708826946.306
23464,1708826946.326
23465,1708826946.346
23466,1708826946.366
23467,1708826946.396
23468,1708826946.416
23469,1708826946.436
23470,1708826946.456
23471,1708826946.476
23472,1708826946.496
23473,1708826946.516
23474,1708826946.536
23475,1708826946.566
23476,1708826946.586
23477,1708826946.606
23478,1708826946.626
23479,1708826946.646
23480,1708826946.666
23481,1708826946.686
23482,1708826946.716
23483,1708826946.736
23484,1708826946.756
23485,1708826946.776
23486,1708826946.796
23487,1708826946.816
23488,1708826946.836
23489,1708826946.856
23490,1708826946.886
23491,1708826946.906
23492,1708826946.926
23493,1708826946.946
23494,1708826946.966
23495,1708826946.986
23496,1708826947.006
23497,1708826947.036
23498,1708826947.056
23499,1708826947.076
23500,1708826947.096
23501,1708826947.116
23502,1708826947.136
23503,1708826947.156
23504,1708826947.176
23505,1708826947.206
23506,1708826947.226
23507,1708826947.246
23508,1708826947.266
23509,1708826947.286
23510,1708826947.306
23511,1708826947.326
23512,1708826947.356
23513,1708826947.376
23514,1708826947.396
23515,1708826947.416
23516,1708826947.436
23517,1708826947.456
23518,1708826947.476
23519,1708826947.496
23520,1708826947.526
23521,1708826947.546
23522,1708826947.566
23523,1708826947.586
23524,1708826947.606
23525,1708826947.626
23526,1708826947.646
23527,1708826947.676
23528,1708826947.696
23529,1708826947.716
23530,1708826947.736
23531,1708826947.756
23532,1708826947.776
23533,1708826947.796
23534,1708826947.816
23535,1708826947.846
23536,1708826947.866
23537,1708826947.886
23538,1708826947.906
23539,1708826947.926
23540,1708826947.946
23541,1708826947.966
23542,1708826947.996
23543,1708826948.016
23544,1708826948.036
23545,1708826948.056
23546,1708826948.076
23547,1708826948.096
23548,1708826948.116
23549,1708826948.136
23550,1708826948.166
23551,1708826948.186
23552,1708826948.206
23553,1708826948.226
23554,1708826948.246
23555,1708826948.266
23556,1708826948.286
23557,1708826948.316
23558,1708826948.336
23559,1708826948.356
23560,1708826948.376
23561,1708826948.396
23562,1708826948.416
23563,1708826948.436
23564,1708826948.456
23565,1708826948.486
23566,1708826948.506
23567,1708826948.526
23568,1708826948.546
23569,1708826948.566
23570,1708826948.586
23571,1708826948.606
23572,1708826948.636
23573,1708826948.656
23574,1708826948.676
23575,1708826948.696
23576,1708826948.716
23577,1708826948.736
23578,1708826948.756
23579,1708826948.776
23580,1708826948.806
23581,1708826948.826
23582,1708826948.846
23583,1708826948.866
23584,1708826948.886
23585,1708826948.906
23586,1708826948.926
23587,1708826948.956
23588,1708826948.976
23589,1708826948.996
23590,1708826949.016
23591,1708826949.036
23592,1708826949.056
23593,1708826949.076
23594,1708826949.096
23595,1708826949.126
23596,1708826949.146
23597,1708826949.166
23598,1708826949.186
23599,1708826949.206
23600,1708826949.226
23601,1708826949.246
23602,1708826949.276
23603,1708826949.296
23604,1708826949.316
23605,1708826949.336
23606,1708826949.356
23607,1708826949.376
23608,1708826949.396
23609,1708826949.416
23610,1708826949.446
23611,1708826949.466
23612,1708826949.486
23613,1708826949.506
23614,1708826949.526
23615,1708826949.546
23616,1708826949.566
23617,1708826949.596
23618,1708826949.616
23619,1708826949.636
23620,1708826949.656
23621,1708826949.676
23622,1708826949.696
23623,1708826949.716
23624,1708826949.736
23625,1708826949.766
23626,1708826949.786
23627,1708826949.806
23628,1708826949.826
23629,1708826949.846
23630,1708826949.866
23631,1708826949.886
23632,1708826949.916
23633,1708826949.936
23634,1708826949.956
23635,1708826949.976
23636,1708826949.996
23637,1708826950.016
23638,1708826950.036
23639,1708826950.056
23640,1708826950.086
23641,1708826950.106
23642,1708826950.126
23643,1708826950.146
23644,1708826950.166
23645,1708826950.186
23646,1708826950.206
23647,1708826950.236
23648,1708826950.256
23649,1708826950.276
23650,1708826950.296
23651,1708826950.316
